# Blender 5.2.0 LTS
# www.blender.org
mtllib a.mtl
o Cylinder.015
v 92.710007 14.900000 1.210000
v 92.710007 18.100000 1.210000
v 92.729515 14.900000 1.211922
v 92.729515 18.100000 1.211922
v 92.748276 14.900000 1.217612
v 92.748276 18.100000 1.217612
v 92.765564 14.900000 1.226853
v 92.765564 18.100000 1.226853
v 92.780716 14.900000 1.239289
v 92.780716 18.100000 1.239289
v 92.793152 14.900000 1.254443
v 92.793152 18.100000 1.254443
v 92.802391 14.900000 1.271732
v 92.802391 18.100000 1.271732
v 92.808083 14.900000 1.290491
v 92.808083 18.100000 1.290491
v 92.810005 14.900000 1.310000
v 92.810005 18.100000 1.310000
v 92.808083 14.900000 1.329509
v 92.808083 18.100000 1.329509
v 92.802391 14.900000 1.348268
v 92.802391 18.100000 1.348268
v 92.793152 14.900000 1.365557
v 92.793152 18.100000 1.365557
v 92.780716 14.900000 1.380711
v 92.780716 18.100000 1.380711
v 92.765564 14.900000 1.393147
v 92.765564 18.100000 1.393147
v 92.748276 14.900000 1.402388
v 92.748276 18.100000 1.402388
v 92.729515 14.900000 1.408079
v 92.729515 18.100000 1.408079
v 92.710007 14.900000 1.410000
v 92.710007 18.100000 1.410000
v 92.690498 14.900000 1.408079
v 92.690498 18.100000 1.408079
v 92.671738 14.900000 1.402388
v 92.671738 18.100000 1.402388
v 92.654449 14.900000 1.393147
v 92.654449 18.100000 1.393147
v 92.639297 14.900000 1.380711
v 92.639297 18.100000 1.380711
v 92.626862 14.900000 1.365557
v 92.626862 18.100000 1.365557
v 92.617622 14.900000 1.348268
v 92.617622 18.100000 1.348268
v 92.611931 14.900000 1.329509
v 92.611931 18.100000 1.329509
v 92.610008 14.900000 1.310000
v 92.610008 18.100000 1.310000
v 92.611931 14.900000 1.290491
v 92.611931 18.100000 1.290491
v 92.617622 14.900000 1.271732
v 92.617622 18.100000 1.271732
v 92.626862 14.900000 1.254443
v 92.626862 18.100000 1.254443
v 92.639297 14.900000 1.239289
v 92.639297 18.100000 1.239289
v 92.654449 14.900000 1.226853
v 92.654449 18.100000 1.226853
v 92.671738 14.900000 1.217612
v 92.671738 18.100000 1.217612
v 92.690498 14.900000 1.211922
v 92.690498 18.100000 1.211922
v 92.710007 15.357143 1.193395
v 92.710007 15.814285 1.210000
v 92.710007 16.271429 1.210000
v 92.710007 16.728571 1.210000
v 92.710007 17.642857 1.210000
v 92.729515 17.642857 1.211922
v 92.729515 16.728571 1.211922
v 92.729515 16.271429 1.211922
v 92.729515 15.814285 1.211922
v 92.729515 15.357143 1.211922
v 92.748276 17.642857 1.217612
v 92.748276 16.728571 1.217612
v 92.748276 16.271429 1.217612
v 92.748276 15.814285 1.217612
v 92.748276 15.357143 1.217612
v 92.765564 17.642857 1.226853
v 92.765564 16.728571 1.226853
v 92.765564 16.271429 1.226853
v 92.765564 15.814285 1.226853
v 92.765564 15.357143 1.226853
v 92.780716 17.642857 1.239289
v 92.780716 16.728571 1.239289
v 92.780716 16.271429 1.239289
v 92.780716 15.814285 1.239289
v 92.780716 15.357143 1.239289
v 92.793152 17.642857 1.254443
v 92.793152 16.728571 1.254443
v 92.793152 16.271429 1.254443
v 92.793152 15.814285 1.254443
v 92.793152 15.357143 1.254443
v 92.802391 17.642857 1.271732
v 92.802391 16.728571 1.271732
v 92.802391 16.271429 1.271732
v 92.802391 15.814285 1.271732
v 92.802391 15.357143 1.271732
v 92.808083 17.642857 1.290491
v 92.808083 16.728571 1.290491
v 92.808083 16.271429 1.290491
v 92.808083 15.814285 1.290491
v 92.808083 15.357143 1.290491
v 92.810005 17.642857 1.310000
v 92.810005 16.728571 1.310000
v 92.810005 16.271429 1.310000
v 92.810005 15.814285 1.310000
v 92.810005 15.357143 1.310000
v 92.808083 17.642857 1.329509
v 92.808083 16.728571 1.329509
v 92.808083 16.271429 1.329509
v 92.808083 15.814285 1.329509
v 92.808083 15.357143 1.329509
v 92.802391 17.642857 1.348268
v 92.802391 16.728571 1.348268
v 92.802391 16.271429 1.348268
v 92.802391 15.814285 1.348268
v 92.802391 15.357143 1.348268
v 92.793152 17.642857 1.365557
v 92.793152 16.728571 1.365557
v 92.793152 16.271429 1.365557
v 92.793152 15.814285 1.365557
v 92.793152 15.357143 1.365557
v 92.780716 17.642857 1.380711
v 92.780716 16.728571 1.380711
v 92.780716 16.271429 1.380711
v 92.780716 15.814285 1.380711
v 92.780716 15.357143 1.380711
v 92.765564 17.642857 1.393147
v 92.765564 16.728571 1.393147
v 92.765564 16.271429 1.393147
v 92.765564 15.814285 1.393147
v 92.765564 15.357143 1.393147
v 92.748276 17.642857 1.402388
v 92.748276 16.728571 1.402388
v 92.748276 16.271429 1.402388
v 92.748276 15.814285 1.402388
v 92.748276 15.357143 1.402388
v 92.729515 17.642857 1.408079
v 92.729515 16.728571 1.408079
v 92.729515 16.271429 1.408079
v 92.729515 15.814285 1.408079
v 92.729515 15.357143 1.408079
v 92.710007 17.642857 1.410000
v 92.710007 16.728571 1.410000
v 92.710007 16.271429 1.410000
v 92.710007 15.814285 1.410000
v 92.710007 15.357143 1.410000
v 92.690498 17.642857 1.408079
v 92.690498 16.728571 1.408079
v 92.690498 16.271429 1.408079
v 92.690498 15.814285 1.408079
v 92.690498 15.357143 1.408079
v 92.671738 17.642857 1.402388
v 92.671738 16.728571 1.402388
v 92.671738 16.271429 1.402388
v 92.671738 15.814285 1.402388
v 92.671738 15.357143 1.402388
v 92.654449 17.642857 1.393147
v 92.654449 16.728571 1.393147
v 92.654449 16.271429 1.393147
v 92.654449 15.814285 1.393147
v 92.654449 15.357143 1.393147
v 92.639297 17.642857 1.380711
v 92.639297 16.728571 1.380711
v 92.639297 16.271429 1.380711
v 92.639297 15.814285 1.380711
v 92.639297 15.357143 1.380711
v 92.626862 17.642857 1.365557
v 92.626862 16.728571 1.365557
v 92.626862 16.271429 1.365557
v 92.626862 15.814285 1.365557
v 92.626862 15.357143 1.365557
v 92.617622 17.642857 1.348268
v 92.617622 16.728571 1.348268
v 92.617622 16.271429 1.348268
v 92.617622 15.814285 1.348268
v 92.617622 15.357143 1.348268
v 92.611931 17.642857 1.329509
v 92.611931 16.728571 1.329509
v 92.611931 16.271429 1.329509
v 92.611931 15.814285 1.329509
v 92.611931 15.357143 1.329509
v 92.610008 17.642857 1.310000
v 92.610008 16.728571 1.310000
v 92.610008 16.271429 1.310000
v 92.610008 15.814285 1.310000
v 92.610008 15.357143 1.310000
v 92.611931 17.642857 1.290491
v 92.611931 16.728571 1.290491
v 92.611931 16.271429 1.290491
v 92.611931 15.814285 1.290491
v 92.611931 15.357143 1.290491
v 92.617622 17.642857 1.271732
v 92.617622 16.728571 1.271732
v 92.617622 16.271429 1.271732
v 92.617622 15.814285 1.271732
v 92.617622 15.357143 1.271732
v 92.626862 17.642857 1.254443
v 92.626862 16.728571 1.254443
v 92.626862 16.271429 1.254443
v 92.626862 15.814285 1.254443
v 92.626862 15.357143 1.254443
v 92.639297 17.642857 1.239289
v 92.639297 16.728571 1.239289
v 92.639297 16.271429 1.239289
v 92.639297 15.814285 1.239289
v 92.639297 15.357143 1.239289
v 92.654449 17.642857 1.226853
v 92.654449 16.728571 1.226853
v 92.654449 16.271429 1.226853
v 92.654449 15.814285 1.226853
v 92.654449 15.357143 1.226853
v 92.671738 17.642857 1.217612
v 92.671738 16.728571 1.217612
v 92.671738 16.271429 1.217612
v 92.671738 15.814285 1.217612
v 92.671738 15.357143 1.217612
v 92.690498 17.642857 1.211922
v 92.690498 16.728571 1.211922
v 92.690498 16.271429 1.211922
v 92.690498 15.814285 1.211922
v 92.690498 15.357143 1.211922
v 92.710007 16.957144 1.210000
v 92.729515 16.957144 1.211922
v 92.748276 16.957144 1.217612
v 92.765564 16.957144 1.226853
v 92.780716 16.957144 1.239289
v 92.793152 16.957144 1.254443
v 92.802391 16.957144 1.271732
v 92.808083 16.957144 1.290491
v 92.810005 16.957144 1.310000
v 92.808083 16.957144 1.329509
v 92.802391 16.957144 1.348268
v 92.793152 16.957144 1.365557
v 92.780716 16.957144 1.380711
v 92.765564 16.957144 1.393147
v 92.748276 16.957144 1.402388
v 92.729515 16.957144 1.408079
v 92.710007 16.957144 1.410000
v 92.690498 16.957144 1.408079
v 92.671738 16.957144 1.402388
v 92.654449 16.957144 1.393147
v 92.639297 16.957144 1.380711
v 92.626862 16.957144 1.365557
v 92.617622 16.957144 1.348268
v 92.611931 16.957144 1.329509
v 92.610008 16.957144 1.310000
v 92.611931 16.957144 1.290491
v 92.617622 16.957144 1.271732
v 92.626862 16.957144 1.254443
v 92.639297 16.957144 1.239289
v 92.654449 16.957144 1.226853
v 92.671738 16.957144 1.217612
v 92.690498 16.957144 1.211922
v 92.710007 17.414286 1.210000
v 92.729515 17.414286 1.211922
v 92.748276 17.414286 1.217612
v 92.765564 17.414286 1.226853
v 92.780716 17.414286 1.239289
v 92.793152 17.414286 1.254443
v 92.802391 17.414286 1.271732
v 92.808083 17.414286 1.290491
v 92.810005 17.414286 1.310000
v 92.808083 17.414286 1.329509
v 92.802391 17.414286 1.348268
v 92.793152 17.414286 1.365557
v 92.780716 17.414286 1.380711
v 92.765564 17.414286 1.393147
v 92.748276 17.414286 1.402388
v 92.729515 17.414286 1.408079
v 92.710007 17.414286 1.410000
v 92.690498 17.414286 1.408079
v 92.671738 17.414286 1.402388
v 92.654449 17.414286 1.393147
v 92.639297 17.414286 1.380711
v 92.626862 17.414286 1.365557
v 92.617622 17.414286 1.348268
v 92.611931 17.414286 1.329509
v 92.610008 17.414286 1.310000
v 92.611931 17.414286 1.290491
v 92.617622 17.414286 1.271732
v 92.626862 17.414286 1.254443
v 92.639297 17.414286 1.239289
v 92.654449 17.414286 1.226853
v 92.671738 17.414286 1.217612
v 92.690498 17.414286 1.211922
v 92.729515 15.128572 1.211922
v 92.748276 15.128572 1.217612
v 92.765564 15.128572 1.226853
v 92.780716 15.128572 1.239289
v 92.793152 15.128572 1.254443
v 92.802391 15.128572 1.271732
v 92.808083 15.128572 1.290491
v 92.810005 15.128572 1.310000
v 92.808083 15.128572 1.329509
v 92.802391 15.128572 1.348268
v 92.793152 15.128572 1.365557
v 92.780716 15.128572 1.380711
v 92.765564 15.128572 1.393147
v 92.748276 15.128572 1.402388
v 92.729515 15.128572 1.408079
v 92.710007 15.128572 1.410000
v 92.690498 15.128572 1.408079
v 92.671738 15.128572 1.402388
v 92.654449 15.128572 1.393147
v 92.639297 15.128572 1.380711
v 92.626862 15.128572 1.365557
v 92.617622 15.128572 1.348268
v 92.611931 15.128572 1.329509
v 92.610008 15.128572 1.310000
v 92.611931 15.128572 1.290491
v 92.617622 15.128572 1.271732
v 92.626862 15.128572 1.254443
v 92.639297 15.128572 1.239289
v 92.654449 15.128572 1.226853
v 92.671738 15.128572 1.217612
v 92.690498 15.128572 1.211922
v 92.710007 15.128572 1.210000
v 92.710007 15.585714 1.193395
v 92.729515 15.585714 1.211922
v 92.748276 15.585714 1.217612
v 92.765564 15.585714 1.226853
v 92.780716 15.585714 1.239289
v 92.793152 15.585714 1.254443
v 92.802391 15.585714 1.271732
v 92.808083 15.585714 1.290491
v 92.810005 15.585714 1.310000
v 92.808083 15.585714 1.329509
v 92.802391 15.585714 1.348268
v 92.793152 15.585714 1.365557
v 92.780716 15.585714 1.380711
v 92.765564 15.585714 1.393147
v 92.748276 15.585714 1.402388
v 92.729515 15.585714 1.408079
v 92.710007 15.585714 1.410000
v 92.690498 15.585714 1.408079
v 92.671738 15.585714 1.402388
v 92.654449 15.585714 1.393147
v 92.639297 15.585714 1.380711
v 92.626862 15.585714 1.365557
v 92.617622 15.585714 1.348268
v 92.611931 15.585714 1.329509
v 92.610008 15.585714 1.310000
v 92.611931 15.585714 1.290491
v 92.617622 15.585714 1.271732
v 92.626862 15.585714 1.254443
v 92.639297 15.585714 1.239289
v 92.654449 15.585714 1.226853
v 92.671738 15.585714 1.217612
v 92.690498 15.585714 1.211922
v 92.710007 17.071428 1.210000
v 92.732758 17.071428 1.195636
v 92.754631 17.071428 1.202271
v 92.774788 17.071428 1.213047
v 92.792458 17.071428 1.227548
v 92.806961 17.071428 1.245218
v 92.817734 17.071428 1.265377
v 92.824371 17.071428 1.287252
v 92.826614 17.071428 1.310000
v 92.824371 17.071428 1.332749
v 92.817734 17.071428 1.354623
v 92.806961 17.071428 1.374782
v 92.792458 17.071428 1.392452
v 92.774788 17.071428 1.406954
v 92.754631 17.071428 1.417729
v 92.732758 17.071428 1.424365
v 92.710007 17.071428 1.426605
v 92.687256 17.071428 1.424365
v 92.665382 17.071428 1.417729
v 92.645226 17.071428 1.406954
v 92.627556 17.071428 1.392452
v 92.613052 17.071428 1.374782
v 92.602280 17.071428 1.354623
v 92.595642 17.071428 1.332749
v 92.593399 17.071428 1.310000
v 92.595642 17.071428 1.287252
v 92.602280 17.071428 1.265377
v 92.613052 17.071428 1.245218
v 92.627556 17.071428 1.227548
v 92.645226 17.071428 1.213047
v 92.665382 17.071428 1.202271
v 92.687256 17.071428 1.195636
v 92.729515 17.299999 1.211922
v 92.748276 17.299999 1.217612
v 92.765564 17.299999 1.226853
v 92.780716 17.299999 1.239289
v 92.793152 17.299999 1.254443
v 92.802391 17.299999 1.271732
v 92.808083 17.299999 1.290491
v 92.810005 17.299999 1.310000
v 92.808083 17.299999 1.329509
v 92.802391 17.299999 1.348268
v 92.793152 17.299999 1.365557
v 92.780716 17.299999 1.380711
v 92.765564 17.299999 1.393147
v 92.748276 17.299999 1.402388
v 92.729515 17.299999 1.408079
v 92.710007 17.299999 1.410000
v 92.690498 17.299999 1.408079
v 92.671738 17.299999 1.402388
v 92.654449 17.299999 1.393147
v 92.639297 17.299999 1.380711
v 92.626862 17.299999 1.365557
v 92.617622 17.299999 1.348268
v 92.611931 17.299999 1.329509
v 92.610008 17.299999 1.310000
v 92.611931 17.299999 1.290491
v 92.617622 17.299999 1.271732
v 92.626862 17.299999 1.254443
v 92.639297 17.299999 1.239289
v 92.654449 17.299999 1.226853
v 92.671738 17.299999 1.217612
v 92.690498 17.299999 1.211922
v 92.710007 17.299999 1.193395
v 92.687256 15.357143 1.195636
v 92.710007 15.357143 1.210000
v 92.665382 15.357143 1.202271
v 92.645226 15.357143 1.213047
v 92.627556 15.357143 1.227548
v 92.613052 15.357143 1.245218
v 92.602280 15.357143 1.265377
v 92.595642 15.357143 1.287252
v 92.593399 15.357143 1.310000
v 92.595642 15.357143 1.332749
v 92.602280 15.357143 1.354623
v 92.613052 15.357143 1.374782
v 92.627556 15.357143 1.392452
v 92.645226 15.357143 1.406954
v 92.665382 15.357143 1.417729
v 92.687256 15.357143 1.424365
v 92.710007 15.357143 1.426605
v 92.732758 15.357143 1.424365
v 92.754631 15.357143 1.417729
v 92.774788 15.357143 1.406954
v 92.792458 15.357143 1.392452
v 92.806961 15.357143 1.374782
v 92.817734 15.357143 1.354623
v 92.824371 15.357143 1.332749
v 92.826614 15.357143 1.310000
v 92.824371 15.357143 1.287252
v 92.817734 15.357143 1.265377
v 92.806961 15.357143 1.245218
v 92.792458 15.357143 1.227548
v 92.774788 15.357143 1.213047
v 92.754631 15.357143 1.202271
v 92.732758 15.357143 1.195636
v 92.710007 15.585714 1.210000
v 92.732758 15.585714 1.195636
v 92.754631 15.585714 1.202271
v 92.774788 15.585714 1.213047
v 92.792458 15.585714 1.227548
v 92.806961 15.585714 1.245218
v 92.817734 15.585714 1.265377
v 92.824371 15.585714 1.287252
v 92.826614 15.585714 1.310000
v 92.824371 15.585714 1.332749
v 92.817734 15.585714 1.354623
v 92.806961 15.585714 1.374782
v 92.792458 15.585714 1.392452
v 92.774788 15.585714 1.406954
v 92.754631 15.585714 1.417729
v 92.732758 15.585714 1.424365
v 92.710007 15.585714 1.426605
v 92.687256 15.585714 1.424365
v 92.665382 15.585714 1.417729
v 92.645226 15.585714 1.406954
v 92.627556 15.585714 1.392452
v 92.613052 15.585714 1.374782
v 92.602280 15.585714 1.354623
v 92.595642 15.585714 1.332749
v 92.593399 15.585714 1.310000
v 92.595642 15.585714 1.287252
v 92.602280 15.585714 1.265377
v 92.613052 15.585714 1.245218
v 92.627556 15.585714 1.227548
v 92.645226 15.585714 1.213047
v 92.665382 15.585714 1.202271
v 92.687256 15.585714 1.195636
v 92.710007 17.071428 1.193395
v 92.729515 17.071428 1.211922
v 92.748276 17.071428 1.217612
v 92.765564 17.071428 1.226853
v 92.780716 17.071428 1.239289
v 92.793152 17.071428 1.254443
v 92.802391 17.071428 1.271732
v 92.808083 17.071428 1.290491
v 92.810005 17.071428 1.310000
v 92.808083 17.071428 1.329509
v 92.802391 17.071428 1.348268
v 92.793152 17.071428 1.365557
v 92.780716 17.071428 1.380711
v 92.765564 17.071428 1.393147
v 92.748276 17.071428 1.402388
v 92.729515 17.071428 1.408079
v 92.710007 17.071428 1.410000
v 92.690498 17.071428 1.408079
v 92.671738 17.071428 1.402388
v 92.654449 17.071428 1.393147
v 92.639297 17.071428 1.380711
v 92.626862 17.071428 1.365557
v 92.617622 17.071428 1.348268
v 92.611931 17.071428 1.329509
v 92.610008 17.071428 1.310000
v 92.611931 17.071428 1.290491
v 92.617622 17.071428 1.271732
v 92.626862 17.071428 1.254443
v 92.639297 17.071428 1.239289
v 92.654449 17.071428 1.226853
v 92.671738 17.071428 1.217612
v 92.690498 17.071428 1.211922
v 92.687256 17.299999 1.195636
v 92.710007 17.299999 1.210000
v 92.665382 17.299999 1.202271
v 92.645226 17.299999 1.213047
v 92.627556 17.299999 1.227548
v 92.613052 17.299999 1.245218
v 92.602280 17.299999 1.265377
v 92.595642 17.299999 1.287252
v 92.593399 17.299999 1.310000
v 92.595642 17.299999 1.332749
v 92.602280 17.299999 1.354623
v 92.613052 17.299999 1.374782
v 92.627556 17.299999 1.392452
v 92.645226 17.299999 1.406954
v 92.665382 17.299999 1.417729
v 92.687256 17.299999 1.424365
v 92.710007 17.299999 1.426605
v 92.732758 17.299999 1.424365
v 92.754631 17.299999 1.417729
v 92.774788 17.299999 1.406954
v 92.792458 17.299999 1.392452
v 92.806961 17.299999 1.374782
v 92.817734 17.299999 1.354623
v 92.824371 17.299999 1.332749
v 92.826614 17.299999 1.310000
v 92.824371 17.299999 1.287252
v 92.817734 17.299999 1.265377
v 92.806961 17.299999 1.245218
v 92.792458 17.299999 1.227548
v 92.774788 17.299999 1.213047
v 92.754631 17.299999 1.202271
v 92.732758 17.299999 1.195636
v 92.710007 15.357143 1.193395
v 92.710007 17.185715 1.193395
v 92.732758 17.185715 1.195636
v 92.754631 17.185715 1.202271
v 92.774788 17.185715 1.213047
v 92.792458 17.185715 1.227548
v 92.806961 17.185715 1.245218
v 92.817734 17.185715 1.265377
v 92.824371 17.185715 1.287252
v 92.826614 17.185715 1.310000
v 92.824371 17.185715 1.332749
v 92.817734 17.185715 1.354623
v 92.806961 17.185715 1.374782
v 92.792458 17.185715 1.392452
v 92.774788 17.185715 1.406954
v 92.754631 17.185715 1.417729
v 92.732758 17.185715 1.424365
v 92.710007 17.185715 1.426605
v 92.687256 17.185715 1.424365
v 92.665382 17.185715 1.417729
v 92.645226 17.185715 1.406954
v 92.627556 17.185715 1.392452
v 92.613052 17.185715 1.374782
v 92.602280 17.185715 1.354623
v 92.595642 17.185715 1.332749
v 92.593399 17.185715 1.310000
v 92.595642 17.185715 1.287252
v 92.602280 17.185715 1.265377
v 92.613052 17.185715 1.245218
v 92.627556 17.185715 1.227548
v 92.645226 17.185715 1.213047
v 92.665382 17.185715 1.202271
v 92.687256 17.185715 1.195636
v 92.710007 15.585714 1.193395
v 92.732758 17.071428 1.195636
v 92.754631 17.071428 1.202271
v 92.774788 17.071428 1.213047
v 92.792458 17.071428 1.227548
v 92.806961 17.071428 1.245218
v 92.817734 17.071428 1.265377
v 92.824371 17.071428 1.287252
v 92.826614 17.071428 1.310000
v 92.824371 17.071428 1.332749
v 92.817734 17.071428 1.354623
v 92.806961 17.071428 1.374782
v 92.792458 17.071428 1.392452
v 92.774788 17.071428 1.406954
v 92.754631 17.071428 1.417729
v 92.732758 17.071428 1.424365
v 92.710007 17.071428 1.426605
v 92.687256 17.071428 1.424365
v 92.665382 17.071428 1.417729
v 92.645226 17.071428 1.406954
v 92.627556 17.071428 1.392452
v 92.613052 17.071428 1.374782
v 92.602280 17.071428 1.354623
v 92.595642 17.071428 1.332749
v 92.593399 17.071428 1.310000
v 92.595642 17.071428 1.287252
v 92.602280 17.071428 1.265377
v 92.613052 17.071428 1.245218
v 92.627556 17.071428 1.227548
v 92.645226 17.071428 1.213047
v 92.665382 17.071428 1.202271
v 92.687256 17.071428 1.195636
v 92.710007 17.299999 1.193395
v 92.687256 15.357143 1.195636
v 92.665382 15.357143 1.202271
v 92.645226 15.357143 1.213047
v 92.627556 15.357143 1.227548
v 92.613052 15.357143 1.245218
v 92.602280 15.357143 1.265377
v 92.595642 15.357143 1.287252
v 92.593399 15.357143 1.310000
v 92.595642 15.357143 1.332749
v 92.602280 15.357143 1.354623
v 92.613052 15.357143 1.374782
v 92.627556 15.357143 1.392452
v 92.645226 15.357143 1.406954
v 92.665382 15.357143 1.417729
v 92.687256 15.357143 1.424365
v 92.710007 15.357143 1.426605
v 92.732758 15.357143 1.424365
v 92.754631 15.357143 1.417729
v 92.774788 15.357143 1.406954
v 92.792458 15.357143 1.392452
v 92.806961 15.357143 1.374782
v 92.817734 15.357143 1.354623
v 92.824371 15.357143 1.332749
v 92.826614 15.357143 1.310000
v 92.824371 15.357143 1.287252
v 92.817734 15.357143 1.265377
v 92.806961 15.357143 1.245218
v 92.792458 15.357143 1.227548
v 92.774788 15.357143 1.213047
v 92.754631 15.357143 1.202271
v 92.732758 15.357143 1.195636
v 92.732758 15.585714 1.195636
v 92.754631 15.585714 1.202271
v 92.774788 15.585714 1.213047
v 92.792458 15.585714 1.227548
v 92.806961 15.585714 1.245218
v 92.817734 15.585714 1.265377
v 92.824371 15.585714 1.287252
v 92.826614 15.585714 1.310000
v 92.824371 15.585714 1.332749
v 92.817734 15.585714 1.354623
v 92.806961 15.585714 1.374782
v 92.792458 15.585714 1.392452
v 92.774788 15.585714 1.406954
v 92.754631 15.585714 1.417729
v 92.732758 15.585714 1.424365
v 92.710007 15.585714 1.426605
v 92.687256 15.585714 1.424365
v 92.665382 15.585714 1.417729
v 92.645226 15.585714 1.406954
v 92.627556 15.585714 1.392452
v 92.613052 15.585714 1.374782
v 92.602280 15.585714 1.354623
v 92.595642 15.585714 1.332749
v 92.593399 15.585714 1.310000
v 92.595642 15.585714 1.287252
v 92.602280 15.585714 1.265377
v 92.613052 15.585714 1.245218
v 92.627556 15.585714 1.227548
v 92.645226 15.585714 1.213047
v 92.665382 15.585714 1.202271
v 92.687256 15.585714 1.195636
v 92.710007 17.071428 1.193395
v 92.687256 17.299999 1.195636
v 92.665382 17.299999 1.202271
v 92.645226 17.299999 1.213047
v 92.627556 17.299999 1.227548
v 92.613052 17.299999 1.245218
v 92.602280 17.299999 1.265377
v 92.595642 17.299999 1.287252
v 92.593399 17.299999 1.310000
v 92.595642 17.299999 1.332749
v 92.602280 17.299999 1.354623
v 92.613052 17.299999 1.374782
v 92.627556 17.299999 1.392452
v 92.645226 17.299999 1.406954
v 92.665382 17.299999 1.417729
v 92.687256 17.299999 1.424365
v 92.710007 17.299999 1.426605
v 92.732758 17.299999 1.424365
v 92.754631 17.299999 1.417729
v 92.774788 17.299999 1.406954
v 92.792458 17.299999 1.392452
v 92.806961 17.299999 1.374782
v 92.817734 17.299999 1.354623
v 92.824371 17.299999 1.332749
v 92.826614 17.299999 1.310000
v 92.824371 17.299999 1.287252
v 92.817734 17.299999 1.265377
v 92.806961 17.299999 1.245218
v 92.792458 17.299999 1.227548
v 92.774788 17.299999 1.213047
v 92.754631 17.299999 1.202271
v 92.732758 17.299999 1.195636
v 92.660004 14.900000 -1.440000
v 92.660004 18.100000 -1.440000
v 92.679512 14.900000 -1.438079
v 92.679512 18.100000 -1.438079
v 92.698273 14.900000 -1.432388
v 92.698273 18.100000 -1.432388
v 92.715561 14.900000 -1.423147
v 92.715561 18.100000 -1.423147
v 92.730713 14.900000 -1.410711
v 92.730713 18.100000 -1.410711
v 92.743149 14.900000 -1.395557
v 92.743149 18.100000 -1.395557
v 92.752388 14.900000 -1.378268
v 92.752388 18.100000 -1.378268
v 92.758080 14.900000 -1.359509
v 92.758080 18.100000 -1.359509
v 92.760002 14.900000 -1.340000
v 92.760002 18.100000 -1.340000
v 92.758080 14.900000 -1.320491
v 92.758080 18.100000 -1.320491
v 92.752388 14.900000 -1.301732
v 92.752388 18.100000 -1.301732
v 92.743149 14.900000 -1.284443
v 92.743149 18.100000 -1.284443
v 92.730713 14.900000 -1.269289
v 92.730713 18.100000 -1.269289
v 92.715561 14.900000 -1.256853
v 92.715561 18.100000 -1.256853
v 92.698273 14.900000 -1.247612
v 92.698273 18.100000 -1.247612
v 92.679512 14.900000 -1.241922
v 92.679512 18.100000 -1.241922
v 92.660004 14.900000 -1.240000
v 92.660004 18.100000 -1.240000
v 92.640495 14.900000 -1.241922
v 92.640495 18.100000 -1.241922
v 92.621735 14.900000 -1.247612
v 92.621735 18.100000 -1.247612
v 92.604446 14.900000 -1.256853
v 92.604446 18.100000 -1.256853
v 92.589294 14.900000 -1.269289
v 92.589294 18.100000 -1.269289
v 92.576859 14.900000 -1.284443
v 92.576859 18.100000 -1.284443
v 92.567619 14.900000 -1.301732
v 92.567619 18.100000 -1.301732
v 92.561928 14.900000 -1.320491
v 92.561928 18.100000 -1.320491
v 92.560005 14.900000 -1.340000
v 92.560005 18.100000 -1.340000
v 92.561928 14.900000 -1.359509
v 92.561928 18.100000 -1.359509
v 92.567619 14.900000 -1.378268
v 92.567619 18.100000 -1.378268
v 92.576859 14.900000 -1.395557
v 92.576859 18.100000 -1.395557
v 92.589294 14.900000 -1.410711
v 92.589294 18.100000 -1.410711
v 92.604446 14.900000 -1.423147
v 92.604446 18.100000 -1.423147
v 92.621735 14.900000 -1.432388
v 92.621735 18.100000 -1.432388
v 92.640495 14.900000 -1.438079
v 92.640495 18.100000 -1.438079
v 92.660004 15.357143 -1.456605
v 92.660004 15.814285 -1.440000
v 92.660004 16.271429 -1.440000
v 92.660004 16.728571 -1.440000
v 92.660004 17.642857 -1.440000
v 92.679512 17.642857 -1.438079
v 92.679512 16.728571 -1.438079
v 92.679512 16.271429 -1.438079
v 92.679512 15.814285 -1.438079
v 92.679512 15.357143 -1.438079
v 92.698273 17.642857 -1.432388
v 92.698273 16.728571 -1.432388
v 92.698273 16.271429 -1.432388
v 92.698273 15.814285 -1.432388
v 92.698273 15.357143 -1.432388
v 92.715561 17.642857 -1.423147
v 92.715561 16.728571 -1.423147
v 92.715561 16.271429 -1.423147
v 92.715561 15.814285 -1.423147
v 92.715561 15.357143 -1.423147
v 92.730713 17.642857 -1.410711
v 92.730713 16.728571 -1.410711
v 92.730713 16.271429 -1.410711
v 92.730713 15.814285 -1.410711
v 92.730713 15.357143 -1.410711
v 92.743149 17.642857 -1.395557
v 92.743149 16.728571 -1.395557
v 92.743149 16.271429 -1.395557
v 92.743149 15.814285 -1.395557
v 92.743149 15.357143 -1.395557
v 92.752388 17.642857 -1.378268
v 92.752388 16.728571 -1.378268
v 92.752388 16.271429 -1.378268
v 92.752388 15.814285 -1.378268
v 92.752388 15.357143 -1.378268
v 92.758080 17.642857 -1.359509
v 92.758080 16.728571 -1.359509
v 92.758080 16.271429 -1.359509
v 92.758080 15.814285 -1.359509
v 92.758080 15.357143 -1.359509
v 92.760002 17.642857 -1.340000
v 92.760002 16.728571 -1.340000
v 92.760002 16.271429 -1.340000
v 92.760002 15.814285 -1.340000
v 92.760002 15.357143 -1.340000
v 92.758080 17.642857 -1.320491
v 92.758080 16.728571 -1.320491
v 92.758080 16.271429 -1.320491
v 92.758080 15.814285 -1.320491
v 92.758080 15.357143 -1.320491
v 92.752388 17.642857 -1.301732
v 92.752388 16.728571 -1.301732
v 92.752388 16.271429 -1.301732
v 92.752388 15.814285 -1.301732
v 92.752388 15.357143 -1.301732
v 92.743149 17.642857 -1.284443
v 92.743149 16.728571 -1.284443
v 92.743149 16.271429 -1.284443
v 92.743149 15.814285 -1.284443
v 92.743149 15.357143 -1.284443
v 92.730713 17.642857 -1.269289
v 92.730713 16.728571 -1.269289
v 92.730713 16.271429 -1.269289
v 92.730713 15.814285 -1.269289
v 92.730713 15.357143 -1.269289
v 92.715561 17.642857 -1.256853
v 92.715561 16.728571 -1.256853
v 92.715561 16.271429 -1.256853
v 92.715561 15.814285 -1.256853
v 92.715561 15.357143 -1.256853
v 92.698273 17.642857 -1.247612
v 92.698273 16.728571 -1.247612
v 92.698273 16.271429 -1.247612
v 92.698273 15.814285 -1.247612
v 92.698273 15.357143 -1.247612
v 92.679512 17.642857 -1.241922
v 92.679512 16.728571 -1.241922
v 92.679512 16.271429 -1.241922
v 92.679512 15.814285 -1.241922
v 92.679512 15.357143 -1.241922
v 92.660004 17.642857 -1.240000
v 92.660004 16.728571 -1.240000
v 92.660004 16.271429 -1.240000
v 92.660004 15.814285 -1.240000
v 92.660004 15.357143 -1.240000
v 92.640495 17.642857 -1.241922
v 92.640495 16.728571 -1.241922
v 92.640495 16.271429 -1.241922
v 92.640495 15.814285 -1.241922
v 92.640495 15.357143 -1.241922
v 92.621735 17.642857 -1.247612
v 92.621735 16.728571 -1.247612
v 92.621735 16.271429 -1.247612
v 92.621735 15.814285 -1.247612
v 92.621735 15.357143 -1.247612
v 92.604446 17.642857 -1.256853
v 92.604446 16.728571 -1.256853
v 92.604446 16.271429 -1.256853
v 92.604446 15.814285 -1.256853
v 92.604446 15.357143 -1.256853
v 92.589294 17.642857 -1.269289
v 92.589294 16.728571 -1.269289
v 92.589294 16.271429 -1.269289
v 92.589294 15.814285 -1.269289
v 92.589294 15.357143 -1.269289
v 92.576859 17.642857 -1.284443
v 92.576859 16.728571 -1.284443
v 92.576859 16.271429 -1.284443
v 92.576859 15.814285 -1.284443
v 92.576859 15.357143 -1.284443
v 92.567619 17.642857 -1.301732
v 92.567619 16.728571 -1.301732
v 92.567619 16.271429 -1.301732
v 92.567619 15.814285 -1.301732
v 92.567619 15.357143 -1.301732
v 92.561928 17.642857 -1.320491
v 92.561928 16.728571 -1.320491
v 92.561928 16.271429 -1.320491
v 92.561928 15.814285 -1.320491
v 92.561928 15.357143 -1.320491
v 92.560005 17.642857 -1.340000
v 92.560005 16.728571 -1.340000
v 92.560005 16.271429 -1.340000
v 92.560005 15.814285 -1.340000
v 92.560005 15.357143 -1.340000
v 92.561928 17.642857 -1.359509
v 92.561928 16.728571 -1.359509
v 92.561928 16.271429 -1.359509
v 92.561928 15.814285 -1.359509
v 92.561928 15.357143 -1.359509
v 92.567619 17.642857 -1.378268
v 92.567619 16.728571 -1.378268
v 92.567619 16.271429 -1.378268
v 92.567619 15.814285 -1.378268
v 92.567619 15.357143 -1.378268
v 92.576859 17.642857 -1.395557
v 92.576859 16.728571 -1.395557
v 92.576859 16.271429 -1.395557
v 92.576859 15.814285 -1.395557
v 92.576859 15.357143 -1.395557
v 92.589294 17.642857 -1.410711
v 92.589294 16.728571 -1.410711
v 92.589294 16.271429 -1.410711
v 92.589294 15.814285 -1.410711
v 92.589294 15.357143 -1.410711
v 92.604446 17.642857 -1.423147
v 92.604446 16.728571 -1.423147
v 92.604446 16.271429 -1.423147
v 92.604446 15.814285 -1.423147
v 92.604446 15.357143 -1.423147
v 92.621735 17.642857 -1.432388
v 92.621735 16.728571 -1.432388
v 92.621735 16.271429 -1.432388
v 92.621735 15.814285 -1.432388
v 92.621735 15.357143 -1.432388
v 92.640495 17.642857 -1.438079
v 92.640495 16.728571 -1.438079
v 92.640495 16.271429 -1.438079
v 92.640495 15.814285 -1.438079
v 92.640495 15.357143 -1.438079
v 92.660004 16.957144 -1.440000
v 92.679512 16.957144 -1.438079
v 92.698273 16.957144 -1.432388
v 92.715561 16.957144 -1.423147
v 92.730713 16.957144 -1.410711
v 92.743149 16.957144 -1.395557
v 92.752388 16.957144 -1.378268
v 92.758080 16.957144 -1.359509
v 92.760002 16.957144 -1.340000
v 92.758080 16.957144 -1.320491
v 92.752388 16.957144 -1.301732
v 92.743149 16.957144 -1.284443
v 92.730713 16.957144 -1.269289
v 92.715561 16.957144 -1.256853
v 92.698273 16.957144 -1.247612
v 92.679512 16.957144 -1.241922
v 92.660004 16.957144 -1.240000
v 92.640495 16.957144 -1.241922
v 92.621735 16.957144 -1.247612
v 92.604446 16.957144 -1.256853
v 92.589294 16.957144 -1.269289
v 92.576859 16.957144 -1.284443
v 92.567619 16.957144 -1.301732
v 92.561928 16.957144 -1.320491
v 92.560005 16.957144 -1.340000
v 92.561928 16.957144 -1.359509
v 92.567619 16.957144 -1.378268
v 92.576859 16.957144 -1.395557
v 92.589294 16.957144 -1.410711
v 92.604446 16.957144 -1.423147
v 92.621735 16.957144 -1.432388
v 92.640495 16.957144 -1.438079
v 92.660004 17.414286 -1.440000
v 92.679512 17.414286 -1.438079
v 92.698273 17.414286 -1.432388
v 92.715561 17.414286 -1.423147
v 92.730713 17.414286 -1.410711
v 92.743149 17.414286 -1.395557
v 92.752388 17.414286 -1.378268
v 92.758080 17.414286 -1.359509
v 92.760002 17.414286 -1.340000
v 92.758080 17.414286 -1.320491
v 92.752388 17.414286 -1.301732
v 92.743149 17.414286 -1.284443
v 92.730713 17.414286 -1.269289
v 92.715561 17.414286 -1.256853
v 92.698273 17.414286 -1.247612
v 92.679512 17.414286 -1.241922
v 92.660004 17.414286 -1.240000
v 92.640495 17.414286 -1.241922
v 92.621735 17.414286 -1.247612
v 92.604446 17.414286 -1.256853
v 92.589294 17.414286 -1.269289
v 92.576859 17.414286 -1.284443
v 92.567619 17.414286 -1.301732
v 92.561928 17.414286 -1.320491
v 92.560005 17.414286 -1.340000
v 92.561928 17.414286 -1.359509
v 92.567619 17.414286 -1.378268
v 92.576859 17.414286 -1.395557
v 92.589294 17.414286 -1.410711
v 92.604446 17.414286 -1.423147
v 92.621735 17.414286 -1.432388
v 92.640495 17.414286 -1.438079
v 92.679512 15.128572 -1.438079
v 92.698273 15.128572 -1.432388
v 92.715561 15.128572 -1.423147
v 92.730713 15.128572 -1.410711
v 92.743149 15.128572 -1.395557
v 92.752388 15.128572 -1.378268
v 92.758080 15.128572 -1.359509
v 92.760002 15.128572 -1.340000
v 92.758080 15.128572 -1.320491
v 92.752388 15.128572 -1.301732
v 92.743149 15.128572 -1.284443
v 92.730713 15.128572 -1.269289
v 92.715561 15.128572 -1.256853
v 92.698273 15.128572 -1.247612
v 92.679512 15.128572 -1.241922
v 92.660004 15.128572 -1.240000
v 92.640495 15.128572 -1.241922
v 92.621735 15.128572 -1.247612
v 92.604446 15.128572 -1.256853
v 92.589294 15.128572 -1.269289
v 92.576859 15.128572 -1.284443
v 92.567619 15.128572 -1.301732
v 92.561928 15.128572 -1.320491
v 92.560005 15.128572 -1.340000
v 92.561928 15.128572 -1.359509
v 92.567619 15.128572 -1.378268
v 92.576859 15.128572 -1.395557
v 92.589294 15.128572 -1.410711
v 92.604446 15.128572 -1.423147
v 92.621735 15.128572 -1.432388
v 92.640495 15.128572 -1.438079
v 92.660004 15.128572 -1.440000
v 92.660004 15.585714 -1.456605
v 92.679512 15.585714 -1.438079
v 92.698273 15.585714 -1.432388
v 92.715561 15.585714 -1.423147
v 92.730713 15.585714 -1.410711
v 92.743149 15.585714 -1.395557
v 92.752388 15.585714 -1.378268
v 92.758080 15.585714 -1.359509
v 92.760002 15.585714 -1.340000
v 92.758080 15.585714 -1.320491
v 92.752388 15.585714 -1.301732
v 92.743149 15.585714 -1.284443
v 92.730713 15.585714 -1.269289
v 92.715561 15.585714 -1.256853
v 92.698273 15.585714 -1.247612
v 92.679512 15.585714 -1.241922
v 92.660004 15.585714 -1.240000
v 92.640495 15.585714 -1.241922
v 92.621735 15.585714 -1.247612
v 92.604446 15.585714 -1.256853
v 92.589294 15.585714 -1.269289
v 92.576859 15.585714 -1.284443
v 92.567619 15.585714 -1.301732
v 92.561928 15.585714 -1.320491
v 92.560005 15.585714 -1.340000
v 92.561928 15.585714 -1.359509
v 92.567619 15.585714 -1.378268
v 92.576859 15.585714 -1.395557
v 92.589294 15.585714 -1.410711
v 92.604446 15.585714 -1.423147
v 92.621735 15.585714 -1.432388
v 92.640495 15.585714 -1.438079
v 92.660004 17.071428 -1.440000
v 92.682755 17.071428 -1.454364
v 92.704628 17.071428 -1.447729
v 92.724785 17.071428 -1.436954
v 92.742455 17.071428 -1.422452
v 92.756958 17.071428 -1.404782
v 92.767731 17.071428 -1.384623
v 92.774368 17.071428 -1.362749
v 92.776611 17.071428 -1.340000
v 92.774368 17.071428 -1.317252
v 92.767731 17.071428 -1.295377
v 92.756958 17.071428 -1.275218
v 92.742455 17.071428 -1.257548
v 92.724785 17.071428 -1.243046
v 92.704628 17.071428 -1.232271
v 92.682755 17.071428 -1.225636
v 92.660004 17.071428 -1.223395
v 92.637253 17.071428 -1.225636
v 92.615379 17.071428 -1.232271
v 92.595222 17.071428 -1.243046
v 92.577553 17.071428 -1.257548
v 92.563049 17.071428 -1.275218
v 92.552277 17.071428 -1.295377
v 92.545639 17.071428 -1.317252
v 92.543396 17.071428 -1.340000
v 92.545639 17.071428 -1.362749
v 92.552277 17.071428 -1.384623
v 92.563049 17.071428 -1.404782
v 92.577553 17.071428 -1.422452
v 92.595222 17.071428 -1.436954
v 92.615379 17.071428 -1.447729
v 92.637253 17.071428 -1.454364
v 92.679512 17.299999 -1.438079
v 92.698273 17.299999 -1.432388
v 92.715561 17.299999 -1.423147
v 92.730713 17.299999 -1.410711
v 92.743149 17.299999 -1.395557
v 92.752388 17.299999 -1.378268
v 92.758080 17.299999 -1.359509
v 92.760002 17.299999 -1.340000
v 92.758080 17.299999 -1.320491
v 92.752388 17.299999 -1.301732
v 92.743149 17.299999 -1.284443
v 92.730713 17.299999 -1.269289
v 92.715561 17.299999 -1.256853
v 92.698273 17.299999 -1.247612
v 92.679512 17.299999 -1.241922
v 92.660004 17.299999 -1.240000
v 92.640495 17.299999 -1.241922
v 92.621735 17.299999 -1.247612
v 92.604446 17.299999 -1.256853
v 92.589294 17.299999 -1.269289
v 92.576859 17.299999 -1.284443
v 92.567619 17.299999 -1.301732
v 92.561928 17.299999 -1.320491
v 92.560005 17.299999 -1.340000
v 92.561928 17.299999 -1.359509
v 92.567619 17.299999 -1.378268
v 92.576859 17.299999 -1.395557
v 92.589294 17.299999 -1.410711
v 92.604446 17.299999 -1.423147
v 92.621735 17.299999 -1.432388
v 92.640495 17.299999 -1.438079
v 92.660004 17.299999 -1.456605
v 92.637253 15.357143 -1.454364
v 92.660004 15.357143 -1.440000
v 92.615379 15.357143 -1.447729
v 92.595222 15.357143 -1.436954
v 92.577553 15.357143 -1.422452
v 92.563049 15.357143 -1.404782
v 92.552277 15.357143 -1.384623
v 92.545639 15.357143 -1.362749
v 92.543396 15.357143 -1.340000
v 92.545639 15.357143 -1.317252
v 92.552277 15.357143 -1.295377
v 92.563049 15.357143 -1.275218
v 92.577553 15.357143 -1.257548
v 92.595222 15.357143 -1.243046
v 92.615379 15.357143 -1.232271
v 92.637253 15.357143 -1.225636
v 92.660004 15.357143 -1.223395
v 92.682755 15.357143 -1.225636
v 92.704628 15.357143 -1.232271
v 92.724785 15.357143 -1.243046
v 92.742455 15.357143 -1.257548
v 92.756958 15.357143 -1.275218
v 92.767731 15.357143 -1.295377
v 92.774368 15.357143 -1.317252
v 92.776611 15.357143 -1.340000
v 92.774368 15.357143 -1.362749
v 92.767731 15.357143 -1.384623
v 92.756958 15.357143 -1.404782
v 92.742455 15.357143 -1.422452
v 92.724785 15.357143 -1.436954
v 92.704628 15.357143 -1.447729
v 92.682755 15.357143 -1.454364
v 92.660004 15.585714 -1.440000
v 92.682755 15.585714 -1.454364
v 92.704628 15.585714 -1.447729
v 92.724785 15.585714 -1.436954
v 92.742455 15.585714 -1.422452
v 92.756958 15.585714 -1.404782
v 92.767731 15.585714 -1.384623
v 92.774368 15.585714 -1.362749
v 92.776611 15.585714 -1.340000
v 92.774368 15.585714 -1.317252
v 92.767731 15.585714 -1.295377
v 92.756958 15.585714 -1.275218
v 92.742455 15.585714 -1.257548
v 92.724785 15.585714 -1.243046
v 92.704628 15.585714 -1.232271
v 92.682755 15.585714 -1.225636
v 92.660004 15.585714 -1.223395
v 92.637253 15.585714 -1.225636
v 92.615379 15.585714 -1.232271
v 92.595222 15.585714 -1.243046
v 92.577553 15.585714 -1.257548
v 92.563049 15.585714 -1.275218
v 92.552277 15.585714 -1.295377
v 92.545639 15.585714 -1.317252
v 92.543396 15.585714 -1.340000
v 92.545639 15.585714 -1.362749
v 92.552277 15.585714 -1.384623
v 92.563049 15.585714 -1.404782
v 92.577553 15.585714 -1.422452
v 92.595222 15.585714 -1.436954
v 92.615379 15.585714 -1.447729
v 92.637253 15.585714 -1.454364
v 92.660004 17.071428 -1.456605
v 92.679512 17.071428 -1.438079
v 92.698273 17.071428 -1.432388
v 92.715561 17.071428 -1.423147
v 92.730713 17.071428 -1.410711
v 92.743149 17.071428 -1.395557
v 92.752388 17.071428 -1.378268
v 92.758080 17.071428 -1.359509
v 92.760002 17.071428 -1.340000
v 92.758080 17.071428 -1.320491
v 92.752388 17.071428 -1.301732
v 92.743149 17.071428 -1.284443
v 92.730713 17.071428 -1.269289
v 92.715561 17.071428 -1.256853
v 92.698273 17.071428 -1.247612
v 92.679512 17.071428 -1.241922
v 92.660004 17.071428 -1.240000
v 92.640495 17.071428 -1.241922
v 92.621735 17.071428 -1.247612
v 92.604446 17.071428 -1.256853
v 92.589294 17.071428 -1.269289
v 92.576859 17.071428 -1.284443
v 92.567619 17.071428 -1.301732
v 92.561928 17.071428 -1.320491
v 92.560005 17.071428 -1.340000
v 92.561928 17.071428 -1.359509
v 92.567619 17.071428 -1.378268
v 92.576859 17.071428 -1.395557
v 92.589294 17.071428 -1.410711
v 92.604446 17.071428 -1.423147
v 92.621735 17.071428 -1.432388
v 92.640495 17.071428 -1.438079
v 92.637253 17.299999 -1.454364
v 92.660004 17.299999 -1.440000
v 92.615379 17.299999 -1.447729
v 92.595222 17.299999 -1.436954
v 92.577553 17.299999 -1.422452
v 92.563049 17.299999 -1.404782
v 92.552277 17.299999 -1.384623
v 92.545639 17.299999 -1.362749
v 92.543396 17.299999 -1.340000
v 92.545639 17.299999 -1.317252
v 92.552277 17.299999 -1.295377
v 92.563049 17.299999 -1.275218
v 92.577553 17.299999 -1.257548
v 92.595222 17.299999 -1.243046
v 92.615379 17.299999 -1.232271
v 92.637253 17.299999 -1.225636
v 92.660004 17.299999 -1.223395
v 92.682755 17.299999 -1.225636
v 92.704628 17.299999 -1.232271
v 92.724785 17.299999 -1.243046
v 92.742455 17.299999 -1.257548
v 92.756958 17.299999 -1.275218
v 92.767731 17.299999 -1.295377
v 92.774368 17.299999 -1.317252
v 92.776611 17.299999 -1.340000
v 92.774368 17.299999 -1.362749
v 92.767731 17.299999 -1.384623
v 92.756958 17.299999 -1.404782
v 92.742455 17.299999 -1.422452
v 92.724785 17.299999 -1.436954
v 92.704628 17.299999 -1.447729
v 92.682755 17.299999 -1.454364
v 92.660004 15.357143 -1.456605
v 92.660004 17.185715 -1.456605
v 92.682755 17.185715 -1.454364
v 92.704628 17.185715 -1.447729
v 92.724785 17.185715 -1.436954
v 92.742455 17.185715 -1.422452
v 92.756958 17.185715 -1.404782
v 92.767731 17.185715 -1.384623
v 92.774368 17.185715 -1.362749
v 92.776611 17.185715 -1.340000
v 92.774368 17.185715 -1.317252
v 92.767731 17.185715 -1.295377
v 92.756958 17.185715 -1.275218
v 92.742455 17.185715 -1.257548
v 92.724785 17.185715 -1.243046
v 92.704628 17.185715 -1.232271
v 92.682755 17.185715 -1.225636
v 92.660004 17.185715 -1.223395
v 92.637253 17.185715 -1.225636
v 92.615379 17.185715 -1.232271
v 92.595222 17.185715 -1.243046
v 92.577553 17.185715 -1.257548
v 92.563049 17.185715 -1.275218
v 92.552277 17.185715 -1.295377
v 92.545639 17.185715 -1.317252
v 92.543396 17.185715 -1.340000
v 92.545639 17.185715 -1.362749
v 92.552277 17.185715 -1.384623
v 92.563049 17.185715 -1.404782
v 92.577553 17.185715 -1.422452
v 92.595222 17.185715 -1.436954
v 92.615379 17.185715 -1.447729
v 92.637253 17.185715 -1.454364
v 92.660004 15.585714 -1.456605
v 92.682755 17.071428 -1.454364
v 92.704628 17.071428 -1.447729
v 92.724785 17.071428 -1.436954
v 92.742455 17.071428 -1.422452
v 92.756958 17.071428 -1.404782
v 92.767731 17.071428 -1.384623
v 92.774368 17.071428 -1.362749
v 92.776611 17.071428 -1.340000
v 92.774368 17.071428 -1.317252
v 92.767731 17.071428 -1.295377
v 92.756958 17.071428 -1.275218
v 92.742455 17.071428 -1.257548
v 92.724785 17.071428 -1.243046
v 92.704628 17.071428 -1.232271
v 92.682755 17.071428 -1.225636
v 92.660004 17.071428 -1.223395
v 92.637253 17.071428 -1.225636
v 92.615379 17.071428 -1.232271
v 92.595222 17.071428 -1.243046
v 92.577553 17.071428 -1.257548
v 92.563049 17.071428 -1.275218
v 92.552277 17.071428 -1.295377
v 92.545639 17.071428 -1.317252
v 92.543396 17.071428 -1.340000
v 92.545639 17.071428 -1.362749
v 92.552277 17.071428 -1.384623
v 92.563049 17.071428 -1.404782
v 92.577553 17.071428 -1.422452
v 92.595222 17.071428 -1.436954
v 92.615379 17.071428 -1.447729
v 92.637253 17.071428 -1.454364
v 92.660004 17.299999 -1.456605
v 92.637253 15.357143 -1.454364
v 92.615379 15.357143 -1.447729
v 92.595222 15.357143 -1.436954
v 92.577553 15.357143 -1.422452
v 92.563049 15.357143 -1.404782
v 92.552277 15.357143 -1.384623
v 92.545639 15.357143 -1.362749
v 92.543396 15.357143 -1.340000
v 92.545639 15.357143 -1.317252
v 92.552277 15.357143 -1.295377
v 92.563049 15.357143 -1.275218
v 92.577553 15.357143 -1.257548
v 92.595222 15.357143 -1.243046
v 92.615379 15.357143 -1.232271
v 92.637253 15.357143 -1.225636
v 92.660004 15.357143 -1.223395
v 92.682755 15.357143 -1.225636
v 92.704628 15.357143 -1.232271
v 92.724785 15.357143 -1.243046
v 92.742455 15.357143 -1.257548
v 92.756958 15.357143 -1.275218
v 92.767731 15.357143 -1.295377
v 92.774368 15.357143 -1.317252
v 92.776611 15.357143 -1.340000
v 92.774368 15.357143 -1.362749
v 92.767731 15.357143 -1.384623
v 92.756958 15.357143 -1.404782
v 92.742455 15.357143 -1.422452
v 92.724785 15.357143 -1.436954
v 92.704628 15.357143 -1.447729
v 92.682755 15.357143 -1.454364
v 92.682755 15.585714 -1.454364
v 92.704628 15.585714 -1.447729
v 92.724785 15.585714 -1.436954
v 92.742455 15.585714 -1.422452
v 92.756958 15.585714 -1.404782
v 92.767731 15.585714 -1.384623
v 92.774368 15.585714 -1.362749
v 92.776611 15.585714 -1.340000
v 92.774368 15.585714 -1.317252
v 92.767731 15.585714 -1.295377
v 92.756958 15.585714 -1.275218
v 92.742455 15.585714 -1.257548
v 92.724785 15.585714 -1.243046
v 92.704628 15.585714 -1.232271
v 92.682755 15.585714 -1.225636
v 92.660004 15.585714 -1.223395
v 92.637253 15.585714 -1.225636
v 92.615379 15.585714 -1.232271
v 92.595222 15.585714 -1.243046
v 92.577553 15.585714 -1.257548
v 92.563049 15.585714 -1.275218
v 92.552277 15.585714 -1.295377
v 92.545639 15.585714 -1.317252
v 92.543396 15.585714 -1.340000
v 92.545639 15.585714 -1.362749
v 92.552277 15.585714 -1.384623
v 92.563049 15.585714 -1.404782
v 92.577553 15.585714 -1.422452
v 92.595222 15.585714 -1.436954
v 92.615379 15.585714 -1.447729
v 92.637253 15.585714 -1.454364
v 92.660004 17.071428 -1.456605
v 92.637253 17.299999 -1.454364
v 92.615379 17.299999 -1.447729
v 92.595222 17.299999 -1.436954
v 92.577553 17.299999 -1.422452
v 92.563049 17.299999 -1.404782
v 92.552277 17.299999 -1.384623
v 92.545639 17.299999 -1.362749
v 92.543396 17.299999 -1.340000
v 92.545639 17.299999 -1.317252
v 92.552277 17.299999 -1.295377
v 92.563049 17.299999 -1.275218
v 92.577553 17.299999 -1.257548
v 92.595222 17.299999 -1.243046
v 92.615379 17.299999 -1.232271
v 92.637253 17.299999 -1.225636
v 92.660004 17.299999 -1.223395
v 92.682755 17.299999 -1.225636
v 92.704628 17.299999 -1.232271
v 92.724785 17.299999 -1.243046
v 92.742455 17.299999 -1.257548
v 92.756958 17.299999 -1.275218
v 92.767731 17.299999 -1.295377
v 92.774368 17.299999 -1.317252
v 92.776611 17.299999 -1.340000
v 92.774368 17.299999 -1.362749
v 92.767731 17.299999 -1.384623
v 92.756958 17.299999 -1.404782
v 92.742455 17.299999 -1.422452
v 92.724785 17.299999 -1.436954
v 92.704628 17.299999 -1.447729
v 92.682755 17.299999 -1.454364
v 95.360001 14.900000 -1.440000
v 95.360001 18.100000 -1.440000
v 95.379509 14.900000 -1.438079
v 95.379509 18.100000 -1.438079
v 95.398270 14.900000 -1.432388
v 95.398270 18.100000 -1.432388
v 95.415558 14.900000 -1.423147
v 95.415558 18.100000 -1.423147
v 95.430710 14.900000 -1.410711
v 95.430710 18.100000 -1.410711
v 95.443146 14.900000 -1.395557
v 95.443146 18.100000 -1.395557
v 95.452385 14.900000 -1.378268
v 95.452385 18.100000 -1.378268
v 95.458076 14.900000 -1.359509
v 95.458076 18.100000 -1.359509
v 95.459999 14.900000 -1.340000
v 95.459999 18.100000 -1.340000
v 95.458076 14.900000 -1.320491
v 95.458076 18.100000 -1.320491
v 95.452385 14.900000 -1.301732
v 95.452385 18.100000 -1.301732
v 95.443146 14.900000 -1.284443
v 95.443146 18.100000 -1.284443
v 95.430710 14.900000 -1.269289
v 95.430710 18.100000 -1.269289
v 95.415558 14.900000 -1.256853
v 95.415558 18.100000 -1.256853
v 95.398270 14.900000 -1.247612
v 95.398270 18.100000 -1.247612
v 95.379509 14.900000 -1.241922
v 95.379509 18.100000 -1.241922
v 95.360001 14.900000 -1.240000
v 95.360001 18.100000 -1.240000
v 95.340492 14.900000 -1.241922
v 95.340492 18.100000 -1.241922
v 95.321732 14.900000 -1.247612
v 95.321732 18.100000 -1.247612
v 95.304443 14.900000 -1.256853
v 95.304443 18.100000 -1.256853
v 95.289291 14.900000 -1.269289
v 95.289291 18.100000 -1.269289
v 95.276855 14.900000 -1.284443
v 95.276855 18.100000 -1.284443
v 95.267616 14.900000 -1.301732
v 95.267616 18.100000 -1.301732
v 95.261925 14.900000 -1.320491
v 95.261925 18.100000 -1.320491
v 95.260002 14.900000 -1.340000
v 95.260002 18.100000 -1.340000
v 95.261925 14.900000 -1.359509
v 95.261925 18.100000 -1.359509
v 95.267616 14.900000 -1.378268
v 95.267616 18.100000 -1.378268
v 95.276855 14.900000 -1.395557
v 95.276855 18.100000 -1.395557
v 95.289291 14.900000 -1.410711
v 95.289291 18.100000 -1.410711
v 95.304443 14.900000 -1.423147
v 95.304443 18.100000 -1.423147
v 95.321732 14.900000 -1.432388
v 95.321732 18.100000 -1.432388
v 95.340492 14.900000 -1.438079
v 95.340492 18.100000 -1.438079
v 95.360001 15.357143 -1.456605
v 95.360001 15.814285 -1.440000
v 95.360001 16.271429 -1.440000
v 95.360001 16.728571 -1.440000
v 95.360001 17.642857 -1.440000
v 95.379509 17.642857 -1.438079
v 95.379509 16.728571 -1.438079
v 95.379509 16.271429 -1.438079
v 95.379509 15.814285 -1.438079
v 95.379509 15.357143 -1.438079
v 95.398270 17.642857 -1.432388
v 95.398270 16.728571 -1.432388
v 95.398270 16.271429 -1.432388
v 95.398270 15.814285 -1.432388
v 95.398270 15.357143 -1.432388
v 95.415558 17.642857 -1.423147
v 95.415558 16.728571 -1.423147
v 95.415558 16.271429 -1.423147
v 95.415558 15.814285 -1.423147
v 95.415558 15.357143 -1.423147
v 95.430710 17.642857 -1.410711
v 95.430710 16.728571 -1.410711
v 95.430710 16.271429 -1.410711
v 95.430710 15.814285 -1.410711
v 95.430710 15.357143 -1.410711
v 95.443146 17.642857 -1.395557
v 95.443146 16.728571 -1.395557
v 95.443146 16.271429 -1.395557
v 95.443146 15.814285 -1.395557
v 95.443146 15.357143 -1.395557
v 95.452385 17.642857 -1.378268
v 95.452385 16.728571 -1.378268
v 95.452385 16.271429 -1.378268
v 95.452385 15.814285 -1.378268
v 95.452385 15.357143 -1.378268
v 95.458076 17.642857 -1.359509
v 95.458076 16.728571 -1.359509
v 95.458076 16.271429 -1.359509
v 95.458076 15.814285 -1.359509
v 95.458076 15.357143 -1.359509
v 95.459999 17.642857 -1.340000
v 95.459999 16.728571 -1.340000
v 95.459999 16.271429 -1.340000
v 95.459999 15.814285 -1.340000
v 95.459999 15.357143 -1.340000
v 95.458076 17.642857 -1.320491
v 95.458076 16.728571 -1.320491
v 95.458076 16.271429 -1.320491
v 95.458076 15.814285 -1.320491
v 95.458076 15.357143 -1.320491
v 95.452385 17.642857 -1.301732
v 95.452385 16.728571 -1.301732
v 95.452385 16.271429 -1.301732
v 95.452385 15.814285 -1.301732
v 95.452385 15.357143 -1.301732
v 95.443146 17.642857 -1.284443
v 95.443146 16.728571 -1.284443
v 95.443146 16.271429 -1.284443
v 95.443146 15.814285 -1.284443
v 95.443146 15.357143 -1.284443
v 95.430710 17.642857 -1.269289
v 95.430710 16.728571 -1.269289
v 95.430710 16.271429 -1.269289
v 95.430710 15.814285 -1.269289
v 95.430710 15.357143 -1.269289
v 95.415558 17.642857 -1.256853
v 95.415558 16.728571 -1.256853
v 95.415558 16.271429 -1.256853
v 95.415558 15.814285 -1.256853
v 95.415558 15.357143 -1.256853
v 95.398270 17.642857 -1.247612
v 95.398270 16.728571 -1.247612
v 95.398270 16.271429 -1.247612
v 95.398270 15.814285 -1.247612
v 95.398270 15.357143 -1.247612
v 95.379509 17.642857 -1.241922
v 95.379509 16.728571 -1.241922
v 95.379509 16.271429 -1.241922
v 95.379509 15.814285 -1.241922
v 95.379509 15.357143 -1.241922
v 95.360001 17.642857 -1.240000
v 95.360001 16.728571 -1.240000
v 95.360001 16.271429 -1.240000
v 95.360001 15.814285 -1.240000
v 95.360001 15.357143 -1.240000
v 95.340492 17.642857 -1.241922
v 95.340492 16.728571 -1.241922
v 95.340492 16.271429 -1.241922
v 95.340492 15.814285 -1.241922
v 95.340492 15.357143 -1.241922
v 95.321732 17.642857 -1.247612
v 95.321732 16.728571 -1.247612
v 95.321732 16.271429 -1.247612
v 95.321732 15.814285 -1.247612
v 95.321732 15.357143 -1.247612
v 95.304443 17.642857 -1.256853
v 95.304443 16.728571 -1.256853
v 95.304443 16.271429 -1.256853
v 95.304443 15.814285 -1.256853
v 95.304443 15.357143 -1.256853
v 95.289291 17.642857 -1.269289
v 95.289291 16.728571 -1.269289
v 95.289291 16.271429 -1.269289
v 95.289291 15.814285 -1.269289
v 95.289291 15.357143 -1.269289
v 95.276855 17.642857 -1.284443
v 95.276855 16.728571 -1.284443
v 95.276855 16.271429 -1.284443
v 95.276855 15.814285 -1.284443
v 95.276855 15.357143 -1.284443
v 95.267616 17.642857 -1.301732
v 95.267616 16.728571 -1.301732
v 95.267616 16.271429 -1.301732
v 95.267616 15.814285 -1.301732
v 95.267616 15.357143 -1.301732
v 95.261925 17.642857 -1.320491
v 95.261925 16.728571 -1.320491
v 95.261925 16.271429 -1.320491
v 95.261925 15.814285 -1.320491
v 95.261925 15.357143 -1.320491
v 95.260002 17.642857 -1.340000
v 95.260002 16.728571 -1.340000
v 95.260002 16.271429 -1.340000
v 95.260002 15.814285 -1.340000
v 95.260002 15.357143 -1.340000
v 95.261925 17.642857 -1.359509
v 95.261925 16.728571 -1.359509
v 95.261925 16.271429 -1.359509
v 95.261925 15.814285 -1.359509
v 95.261925 15.357143 -1.359509
v 95.267616 17.642857 -1.378268
v 95.267616 16.728571 -1.378268
v 95.267616 16.271429 -1.378268
v 95.267616 15.814285 -1.378268
v 95.267616 15.357143 -1.378268
v 95.276855 17.642857 -1.395557
v 95.276855 16.728571 -1.395557
v 95.276855 16.271429 -1.395557
v 95.276855 15.814285 -1.395557
v 95.276855 15.357143 -1.395557
v 95.289291 17.642857 -1.410711
v 95.289291 16.728571 -1.410711
v 95.289291 16.271429 -1.410711
v 95.289291 15.814285 -1.410711
v 95.289291 15.357143 -1.410711
v 95.304443 17.642857 -1.423147
v 95.304443 16.728571 -1.423147
v 95.304443 16.271429 -1.423147
v 95.304443 15.814285 -1.423147
v 95.304443 15.357143 -1.423147
v 95.321732 17.642857 -1.432388
v 95.321732 16.728571 -1.432388
v 95.321732 16.271429 -1.432388
v 95.321732 15.814285 -1.432388
v 95.321732 15.357143 -1.432388
v 95.340492 17.642857 -1.438079
v 95.340492 16.728571 -1.438079
v 95.340492 16.271429 -1.438079
v 95.340492 15.814285 -1.438079
v 95.340492 15.357143 -1.438079
v 95.360001 16.957144 -1.440000
v 95.379509 16.957144 -1.438079
v 95.398270 16.957144 -1.432388
v 95.415558 16.957144 -1.423147
v 95.430710 16.957144 -1.410711
v 95.443146 16.957144 -1.395557
v 95.452385 16.957144 -1.378268
v 95.458076 16.957144 -1.359509
v 95.459999 16.957144 -1.340000
v 95.458076 16.957144 -1.320491
v 95.452385 16.957144 -1.301732
v 95.443146 16.957144 -1.284443
v 95.430710 16.957144 -1.269289
v 95.415558 16.957144 -1.256853
v 95.398270 16.957144 -1.247612
v 95.379509 16.957144 -1.241922
v 95.360001 16.957144 -1.240000
v 95.340492 16.957144 -1.241922
v 95.321732 16.957144 -1.247612
v 95.304443 16.957144 -1.256853
v 95.289291 16.957144 -1.269289
v 95.276855 16.957144 -1.284443
v 95.267616 16.957144 -1.301732
v 95.261925 16.957144 -1.320491
v 95.260002 16.957144 -1.340000
v 95.261925 16.957144 -1.359509
v 95.267616 16.957144 -1.378268
v 95.276855 16.957144 -1.395557
v 95.289291 16.957144 -1.410711
v 95.304443 16.957144 -1.423147
v 95.321732 16.957144 -1.432388
v 95.340492 16.957144 -1.438079
v 95.360001 17.414286 -1.440000
v 95.379509 17.414286 -1.438079
v 95.398270 17.414286 -1.432388
v 95.415558 17.414286 -1.423147
v 95.430710 17.414286 -1.410711
v 95.443146 17.414286 -1.395557
v 95.452385 17.414286 -1.378268
v 95.458076 17.414286 -1.359509
v 95.459999 17.414286 -1.340000
v 95.458076 17.414286 -1.320491
v 95.452385 17.414286 -1.301732
v 95.443146 17.414286 -1.284443
v 95.430710 17.414286 -1.269289
v 95.415558 17.414286 -1.256853
v 95.398270 17.414286 -1.247612
v 95.379509 17.414286 -1.241922
v 95.360001 17.414286 -1.240000
v 95.340492 17.414286 -1.241922
v 95.321732 17.414286 -1.247612
v 95.304443 17.414286 -1.256853
v 95.289291 17.414286 -1.269289
v 95.276855 17.414286 -1.284443
v 95.267616 17.414286 -1.301732
v 95.261925 17.414286 -1.320491
v 95.260002 17.414286 -1.340000
v 95.261925 17.414286 -1.359509
v 95.267616 17.414286 -1.378268
v 95.276855 17.414286 -1.395557
v 95.289291 17.414286 -1.410711
v 95.304443 17.414286 -1.423147
v 95.321732 17.414286 -1.432388
v 95.340492 17.414286 -1.438079
v 95.379509 15.128572 -1.438079
v 95.398270 15.128572 -1.432388
v 95.415558 15.128572 -1.423147
v 95.430710 15.128572 -1.410711
v 95.443146 15.128572 -1.395557
v 95.452385 15.128572 -1.378268
v 95.458076 15.128572 -1.359509
v 95.459999 15.128572 -1.340000
v 95.458076 15.128572 -1.320491
v 95.452385 15.128572 -1.301732
v 95.443146 15.128572 -1.284443
v 95.430710 15.128572 -1.269289
v 95.415558 15.128572 -1.256853
v 95.398270 15.128572 -1.247612
v 95.379509 15.128572 -1.241922
v 95.360001 15.128572 -1.240000
v 95.340492 15.128572 -1.241922
v 95.321732 15.128572 -1.247612
v 95.304443 15.128572 -1.256853
v 95.289291 15.128572 -1.269289
v 95.276855 15.128572 -1.284443
v 95.267616 15.128572 -1.301732
v 95.261925 15.128572 -1.320491
v 95.260002 15.128572 -1.340000
v 95.261925 15.128572 -1.359509
v 95.267616 15.128572 -1.378268
v 95.276855 15.128572 -1.395557
v 95.289291 15.128572 -1.410711
v 95.304443 15.128572 -1.423147
v 95.321732 15.128572 -1.432388
v 95.340492 15.128572 -1.438079
v 95.360001 15.128572 -1.440000
v 95.360001 15.585714 -1.456605
v 95.379509 15.585714 -1.438079
v 95.398270 15.585714 -1.432388
v 95.415558 15.585714 -1.423147
v 95.430710 15.585714 -1.410711
v 95.443146 15.585714 -1.395557
v 95.452385 15.585714 -1.378268
v 95.458076 15.585714 -1.359509
v 95.459999 15.585714 -1.340000
v 95.458076 15.585714 -1.320491
v 95.452385 15.585714 -1.301732
v 95.443146 15.585714 -1.284443
v 95.430710 15.585714 -1.269289
v 95.415558 15.585714 -1.256853
v 95.398270 15.585714 -1.247612
v 95.379509 15.585714 -1.241922
v 95.360001 15.585714 -1.240000
v 95.340492 15.585714 -1.241922
v 95.321732 15.585714 -1.247612
v 95.304443 15.585714 -1.256853
v 95.289291 15.585714 -1.269289
v 95.276855 15.585714 -1.284443
v 95.267616 15.585714 -1.301732
v 95.261925 15.585714 -1.320491
v 95.260002 15.585714 -1.340000
v 95.261925 15.585714 -1.359509
v 95.267616 15.585714 -1.378268
v 95.276855 15.585714 -1.395557
v 95.289291 15.585714 -1.410711
v 95.304443 15.585714 -1.423147
v 95.321732 15.585714 -1.432388
v 95.340492 15.585714 -1.438079
v 95.360001 17.071428 -1.440000
v 95.382751 17.071428 -1.454364
v 95.404625 17.071428 -1.447729
v 95.424782 17.071428 -1.436954
v 95.442451 17.071428 -1.422452
v 95.456955 17.071428 -1.404782
v 95.467728 17.071428 -1.384623
v 95.474365 17.071428 -1.362749
v 95.476608 17.071428 -1.340000
v 95.474365 17.071428 -1.317252
v 95.467728 17.071428 -1.295377
v 95.456955 17.071428 -1.275218
v 95.442451 17.071428 -1.257548
v 95.424782 17.071428 -1.243046
v 95.404625 17.071428 -1.232271
v 95.382751 17.071428 -1.225636
v 95.360001 17.071428 -1.223395
v 95.337250 17.071428 -1.225636
v 95.315376 17.071428 -1.232271
v 95.295219 17.071428 -1.243046
v 95.277550 17.071428 -1.257548
v 95.263046 17.071428 -1.275218
v 95.252274 17.071428 -1.295377
v 95.245636 17.071428 -1.317252
v 95.243393 17.071428 -1.340000
v 95.245636 17.071428 -1.362749
v 95.252274 17.071428 -1.384623
v 95.263046 17.071428 -1.404782
v 95.277550 17.071428 -1.422452
v 95.295219 17.071428 -1.436954
v 95.315376 17.071428 -1.447729
v 95.337250 17.071428 -1.454364
v 95.379509 17.299999 -1.438079
v 95.398270 17.299999 -1.432388
v 95.415558 17.299999 -1.423147
v 95.430710 17.299999 -1.410711
v 95.443146 17.299999 -1.395557
v 95.452385 17.299999 -1.378268
v 95.458076 17.299999 -1.359509
v 95.459999 17.299999 -1.340000
v 95.458076 17.299999 -1.320491
v 95.452385 17.299999 -1.301732
v 95.443146 17.299999 -1.284443
v 95.430710 17.299999 -1.269289
v 95.415558 17.299999 -1.256853
v 95.398270 17.299999 -1.247612
v 95.379509 17.299999 -1.241922
v 95.360001 17.299999 -1.240000
v 95.340492 17.299999 -1.241922
v 95.321732 17.299999 -1.247612
v 95.304443 17.299999 -1.256853
v 95.289291 17.299999 -1.269289
v 95.276855 17.299999 -1.284443
v 95.267616 17.299999 -1.301732
v 95.261925 17.299999 -1.320491
v 95.260002 17.299999 -1.340000
v 95.261925 17.299999 -1.359509
v 95.267616 17.299999 -1.378268
v 95.276855 17.299999 -1.395557
v 95.289291 17.299999 -1.410711
v 95.304443 17.299999 -1.423147
v 95.321732 17.299999 -1.432388
v 95.340492 17.299999 -1.438079
v 95.360001 17.299999 -1.456605
v 95.337250 15.357143 -1.454364
v 95.360001 15.357143 -1.440000
v 95.315376 15.357143 -1.447729
v 95.295219 15.357143 -1.436954
v 95.277550 15.357143 -1.422452
v 95.263046 15.357143 -1.404782
v 95.252274 15.357143 -1.384623
v 95.245636 15.357143 -1.362749
v 95.243393 15.357143 -1.340000
v 95.245636 15.357143 -1.317252
v 95.252274 15.357143 -1.295377
v 95.263046 15.357143 -1.275218
v 95.277550 15.357143 -1.257548
v 95.295219 15.357143 -1.243046
v 95.315376 15.357143 -1.232271
v 95.337250 15.357143 -1.225636
v 95.360001 15.357143 -1.223395
v 95.382751 15.357143 -1.225636
v 95.404625 15.357143 -1.232271
v 95.424782 15.357143 -1.243046
v 95.442451 15.357143 -1.257548
v 95.456955 15.357143 -1.275218
v 95.467728 15.357143 -1.295377
v 95.474365 15.357143 -1.317252
v 95.476608 15.357143 -1.340000
v 95.474365 15.357143 -1.362749
v 95.467728 15.357143 -1.384623
v 95.456955 15.357143 -1.404782
v 95.442451 15.357143 -1.422452
v 95.424782 15.357143 -1.436954
v 95.404625 15.357143 -1.447729
v 95.382751 15.357143 -1.454364
v 95.360001 15.585714 -1.440000
v 95.382751 15.585714 -1.454364
v 95.404625 15.585714 -1.447729
v 95.424782 15.585714 -1.436954
v 95.442451 15.585714 -1.422452
v 95.456955 15.585714 -1.404782
v 95.467728 15.585714 -1.384623
v 95.474365 15.585714 -1.362749
v 95.476608 15.585714 -1.340000
v 95.474365 15.585714 -1.317252
v 95.467728 15.585714 -1.295377
v 95.456955 15.585714 -1.275218
v 95.442451 15.585714 -1.257548
v 95.424782 15.585714 -1.243046
v 95.404625 15.585714 -1.232271
v 95.382751 15.585714 -1.225636
v 95.360001 15.585714 -1.223395
v 95.337250 15.585714 -1.225636
v 95.315376 15.585714 -1.232271
v 95.295219 15.585714 -1.243046
v 95.277550 15.585714 -1.257548
v 95.263046 15.585714 -1.275218
v 95.252274 15.585714 -1.295377
v 95.245636 15.585714 -1.317252
v 95.243393 15.585714 -1.340000
v 95.245636 15.585714 -1.362749
v 95.252274 15.585714 -1.384623
v 95.263046 15.585714 -1.404782
v 95.277550 15.585714 -1.422452
v 95.295219 15.585714 -1.436954
v 95.315376 15.585714 -1.447729
v 95.337250 15.585714 -1.454364
v 95.360001 17.071428 -1.456605
v 95.379509 17.071428 -1.438079
v 95.398270 17.071428 -1.432388
v 95.415558 17.071428 -1.423147
v 95.430710 17.071428 -1.410711
v 95.443146 17.071428 -1.395557
v 95.452385 17.071428 -1.378268
v 95.458076 17.071428 -1.359509
v 95.459999 17.071428 -1.340000
v 95.458076 17.071428 -1.320491
v 95.452385 17.071428 -1.301732
v 95.443146 17.071428 -1.284443
v 95.430710 17.071428 -1.269289
v 95.415558 17.071428 -1.256853
v 95.398270 17.071428 -1.247612
v 95.379509 17.071428 -1.241922
v 95.360001 17.071428 -1.240000
v 95.340492 17.071428 -1.241922
v 95.321732 17.071428 -1.247612
v 95.304443 17.071428 -1.256853
v 95.289291 17.071428 -1.269289
v 95.276855 17.071428 -1.284443
v 95.267616 17.071428 -1.301732
v 95.261925 17.071428 -1.320491
v 95.260002 17.071428 -1.340000
v 95.261925 17.071428 -1.359509
v 95.267616 17.071428 -1.378268
v 95.276855 17.071428 -1.395557
v 95.289291 17.071428 -1.410711
v 95.304443 17.071428 -1.423147
v 95.321732 17.071428 -1.432388
v 95.340492 17.071428 -1.438079
v 95.337250 17.299999 -1.454364
v 95.360001 17.299999 -1.440000
v 95.315376 17.299999 -1.447729
v 95.295219 17.299999 -1.436954
v 95.277550 17.299999 -1.422452
v 95.263046 17.299999 -1.404782
v 95.252274 17.299999 -1.384623
v 95.245636 17.299999 -1.362749
v 95.243393 17.299999 -1.340000
v 95.245636 17.299999 -1.317252
v 95.252274 17.299999 -1.295377
v 95.263046 17.299999 -1.275218
v 95.277550 17.299999 -1.257548
v 95.295219 17.299999 -1.243046
v 95.315376 17.299999 -1.232271
v 95.337250 17.299999 -1.225636
v 95.360001 17.299999 -1.223395
v 95.382751 17.299999 -1.225636
v 95.404625 17.299999 -1.232271
v 95.424782 17.299999 -1.243046
v 95.442451 17.299999 -1.257548
v 95.456955 17.299999 -1.275218
v 95.467728 17.299999 -1.295377
v 95.474365 17.299999 -1.317252
v 95.476608 17.299999 -1.340000
v 95.474365 17.299999 -1.362749
v 95.467728 17.299999 -1.384623
v 95.456955 17.299999 -1.404782
v 95.442451 17.299999 -1.422452
v 95.424782 17.299999 -1.436954
v 95.404625 17.299999 -1.447729
v 95.382751 17.299999 -1.454364
v 95.360001 15.357143 -1.456605
v 95.360001 17.185715 -1.456605
v 95.382751 17.185715 -1.454364
v 95.404625 17.185715 -1.447729
v 95.424782 17.185715 -1.436954
v 95.442451 17.185715 -1.422452
v 95.456955 17.185715 -1.404782
v 95.467728 17.185715 -1.384623
v 95.474365 17.185715 -1.362749
v 95.476608 17.185715 -1.340000
v 95.474365 17.185715 -1.317252
v 95.467728 17.185715 -1.295377
v 95.456955 17.185715 -1.275218
v 95.442451 17.185715 -1.257548
v 95.424782 17.185715 -1.243046
v 95.404625 17.185715 -1.232271
v 95.382751 17.185715 -1.225636
v 95.360001 17.185715 -1.223395
v 95.337250 17.185715 -1.225636
v 95.315376 17.185715 -1.232271
v 95.295219 17.185715 -1.243046
v 95.277550 17.185715 -1.257548
v 95.263046 17.185715 -1.275218
v 95.252274 17.185715 -1.295377
v 95.245636 17.185715 -1.317252
v 95.243393 17.185715 -1.340000
v 95.245636 17.185715 -1.362749
v 95.252274 17.185715 -1.384623
v 95.263046 17.185715 -1.404782
v 95.277550 17.185715 -1.422452
v 95.295219 17.185715 -1.436954
v 95.315376 17.185715 -1.447729
v 95.337250 17.185715 -1.454364
v 95.360001 15.585714 -1.456605
v 95.382751 17.071428 -1.454364
v 95.404625 17.071428 -1.447729
v 95.424782 17.071428 -1.436954
v 95.442451 17.071428 -1.422452
v 95.456955 17.071428 -1.404782
v 95.467728 17.071428 -1.384623
v 95.474365 17.071428 -1.362749
v 95.476608 17.071428 -1.340000
v 95.474365 17.071428 -1.317252
v 95.467728 17.071428 -1.295377
v 95.456955 17.071428 -1.275218
v 95.442451 17.071428 -1.257548
v 95.424782 17.071428 -1.243046
v 95.404625 17.071428 -1.232271
v 95.382751 17.071428 -1.225636
v 95.360001 17.071428 -1.223395
v 95.337250 17.071428 -1.225636
v 95.315376 17.071428 -1.232271
v 95.295219 17.071428 -1.243046
v 95.277550 17.071428 -1.257548
v 95.263046 17.071428 -1.275218
v 95.252274 17.071428 -1.295377
v 95.245636 17.071428 -1.317252
v 95.243393 17.071428 -1.340000
v 95.245636 17.071428 -1.362749
v 95.252274 17.071428 -1.384623
v 95.263046 17.071428 -1.404782
v 95.277550 17.071428 -1.422452
v 95.295219 17.071428 -1.436954
v 95.315376 17.071428 -1.447729
v 95.337250 17.071428 -1.454364
v 95.360001 17.299999 -1.456605
v 95.337250 15.357143 -1.454364
v 95.315376 15.357143 -1.447729
v 95.295219 15.357143 -1.436954
v 95.277550 15.357143 -1.422452
v 95.263046 15.357143 -1.404782
v 95.252274 15.357143 -1.384623
v 95.245636 15.357143 -1.362749
v 95.243393 15.357143 -1.340000
v 95.245636 15.357143 -1.317252
v 95.252274 15.357143 -1.295377
v 95.263046 15.357143 -1.275218
v 95.277550 15.357143 -1.257548
v 95.295219 15.357143 -1.243046
v 95.315376 15.357143 -1.232271
v 95.337250 15.357143 -1.225636
v 95.360001 15.357143 -1.223395
v 95.382751 15.357143 -1.225636
v 95.404625 15.357143 -1.232271
v 95.424782 15.357143 -1.243046
v 95.442451 15.357143 -1.257548
v 95.456955 15.357143 -1.275218
v 95.467728 15.357143 -1.295377
v 95.474365 15.357143 -1.317252
v 95.476608 15.357143 -1.340000
v 95.474365 15.357143 -1.362749
v 95.467728 15.357143 -1.384623
v 95.456955 15.357143 -1.404782
v 95.442451 15.357143 -1.422452
v 95.424782 15.357143 -1.436954
v 95.404625 15.357143 -1.447729
v 95.382751 15.357143 -1.454364
v 95.382751 15.585714 -1.454364
v 95.404625 15.585714 -1.447729
v 95.424782 15.585714 -1.436954
v 95.442451 15.585714 -1.422452
v 95.456955 15.585714 -1.404782
v 95.467728 15.585714 -1.384623
v 95.474365 15.585714 -1.362749
v 95.476608 15.585714 -1.340000
v 95.474365 15.585714 -1.317252
v 95.467728 15.585714 -1.295377
v 95.456955 15.585714 -1.275218
v 95.442451 15.585714 -1.257548
v 95.424782 15.585714 -1.243046
v 95.404625 15.585714 -1.232271
v 95.382751 15.585714 -1.225636
v 95.360001 15.585714 -1.223395
v 95.337250 15.585714 -1.225636
v 95.315376 15.585714 -1.232271
v 95.295219 15.585714 -1.243046
v 95.277550 15.585714 -1.257548
v 95.263046 15.585714 -1.275218
v 95.252274 15.585714 -1.295377
v 95.245636 15.585714 -1.317252
v 95.243393 15.585714 -1.340000
v 95.245636 15.585714 -1.362749
v 95.252274 15.585714 -1.384623
v 95.263046 15.585714 -1.404782
v 95.277550 15.585714 -1.422452
v 95.295219 15.585714 -1.436954
v 95.315376 15.585714 -1.447729
v 95.337250 15.585714 -1.454364
v 95.360001 17.071428 -1.456605
v 95.337250 17.299999 -1.454364
v 95.315376 17.299999 -1.447729
v 95.295219 17.299999 -1.436954
v 95.277550 17.299999 -1.422452
v 95.263046 17.299999 -1.404782
v 95.252274 17.299999 -1.384623
v 95.245636 17.299999 -1.362749
v 95.243393 17.299999 -1.340000
v 95.245636 17.299999 -1.317252
v 95.252274 17.299999 -1.295377
v 95.263046 17.299999 -1.275218
v 95.277550 17.299999 -1.257548
v 95.295219 17.299999 -1.243046
v 95.315376 17.299999 -1.232271
v 95.337250 17.299999 -1.225636
v 95.360001 17.299999 -1.223395
v 95.382751 17.299999 -1.225636
v 95.404625 17.299999 -1.232271
v 95.424782 17.299999 -1.243046
v 95.442451 17.299999 -1.257548
v 95.456955 17.299999 -1.275218
v 95.467728 17.299999 -1.295377
v 95.474365 17.299999 -1.317252
v 95.476608 17.299999 -1.340000
v 95.474365 17.299999 -1.362749
v 95.467728 17.299999 -1.384623
v 95.456955 17.299999 -1.404782
v 95.442451 17.299999 -1.422452
v 95.424782 17.299999 -1.436954
v 95.404625 17.299999 -1.447729
v 95.382751 17.299999 -1.454364
v 95.309998 14.900000 1.210000
v 95.309998 18.100000 1.210000
v 95.329506 14.900000 1.211922
v 95.329506 18.100000 1.211922
v 95.348267 14.900000 1.217612
v 95.348267 18.100000 1.217612
v 95.365555 14.900000 1.226853
v 95.365555 18.100000 1.226853
v 95.380707 14.900000 1.239289
v 95.380707 18.100000 1.239289
v 95.393143 14.900000 1.254443
v 95.393143 18.100000 1.254443
v 95.402382 14.900000 1.271732
v 95.402382 18.100000 1.271732
v 95.408073 14.900000 1.290491
v 95.408073 18.100000 1.290491
v 95.409996 14.900000 1.310000
v 95.409996 18.100000 1.310000
v 95.408073 14.900000 1.329509
v 95.408073 18.100000 1.329509
v 95.402382 14.900000 1.348268
v 95.402382 18.100000 1.348268
v 95.393143 14.900000 1.365557
v 95.393143 18.100000 1.365557
v 95.380707 14.900000 1.380711
v 95.380707 18.100000 1.380711
v 95.365555 14.900000 1.393147
v 95.365555 18.100000 1.393147
v 95.348267 14.900000 1.402388
v 95.348267 18.100000 1.402388
v 95.329506 14.900000 1.408079
v 95.329506 18.100000 1.408079
v 95.309998 14.900000 1.410000
v 95.309998 18.100000 1.410000
v 95.290489 14.900000 1.408079
v 95.290489 18.100000 1.408079
v 95.271729 14.900000 1.402388
v 95.271729 18.100000 1.402388
v 95.254440 14.900000 1.393147
v 95.254440 18.100000 1.393147
v 95.239288 14.900000 1.380711
v 95.239288 18.100000 1.380711
v 95.226852 14.900000 1.365557
v 95.226852 18.100000 1.365557
v 95.217613 14.900000 1.348268
v 95.217613 18.100000 1.348268
v 95.211922 14.900000 1.329509
v 95.211922 18.100000 1.329509
v 95.209999 14.900000 1.310000
v 95.209999 18.100000 1.310000
v 95.211922 14.900000 1.290491
v 95.211922 18.100000 1.290491
v 95.217613 14.900000 1.271732
v 95.217613 18.100000 1.271732
v 95.226852 14.900000 1.254443
v 95.226852 18.100000 1.254443
v 95.239288 14.900000 1.239289
v 95.239288 18.100000 1.239289
v 95.254440 14.900000 1.226853
v 95.254440 18.100000 1.226853
v 95.271729 14.900000 1.217612
v 95.271729 18.100000 1.217612
v 95.290489 14.900000 1.211922
v 95.290489 18.100000 1.211922
v 95.309998 15.357143 1.193395
v 95.309998 15.814285 1.210000
v 95.309998 16.271429 1.210000
v 95.309998 16.728571 1.210000
v 95.309998 17.642857 1.210000
v 95.329506 17.642857 1.211922
v 95.329506 16.728571 1.211922
v 95.329506 16.271429 1.211922
v 95.329506 15.814285 1.211922
v 95.329506 15.357143 1.211922
v 95.348267 17.642857 1.217612
v 95.348267 16.728571 1.217612
v 95.348267 16.271429 1.217612
v 95.348267 15.814285 1.217612
v 95.348267 15.357143 1.217612
v 95.365555 17.642857 1.226853
v 95.365555 16.728571 1.226853
v 95.365555 16.271429 1.226853
v 95.365555 15.814285 1.226853
v 95.365555 15.357143 1.226853
v 95.380707 17.642857 1.239289
v 95.380707 16.728571 1.239289
v 95.380707 16.271429 1.239289
v 95.380707 15.814285 1.239289
v 95.380707 15.357143 1.239289
v 95.393143 17.642857 1.254443
v 95.393143 16.728571 1.254443
v 95.393143 16.271429 1.254443
v 95.393143 15.814285 1.254443
v 95.393143 15.357143 1.254443
v 95.402382 17.642857 1.271732
v 95.402382 16.728571 1.271732
v 95.402382 16.271429 1.271732
v 95.402382 15.814285 1.271732
v 95.402382 15.357143 1.271732
v 95.408073 17.642857 1.290491
v 95.408073 16.728571 1.290491
v 95.408073 16.271429 1.290491
v 95.408073 15.814285 1.290491
v 95.408073 15.357143 1.290491
v 95.409996 17.642857 1.310000
v 95.409996 16.728571 1.310000
v 95.409996 16.271429 1.310000
v 95.409996 15.814285 1.310000
v 95.409996 15.357143 1.310000
v 95.408073 17.642857 1.329509
v 95.408073 16.728571 1.329509
v 95.408073 16.271429 1.329509
v 95.408073 15.814285 1.329509
v 95.408073 15.357143 1.329509
v 95.402382 17.642857 1.348268
v 95.402382 16.728571 1.348268
v 95.402382 16.271429 1.348268
v 95.402382 15.814285 1.348268
v 95.402382 15.357143 1.348268
v 95.393143 17.642857 1.365557
v 95.393143 16.728571 1.365557
v 95.393143 16.271429 1.365557
v 95.393143 15.814285 1.365557
v 95.393143 15.357143 1.365557
v 95.380707 17.642857 1.380711
v 95.380707 16.728571 1.380711
v 95.380707 16.271429 1.380711
v 95.380707 15.814285 1.380711
v 95.380707 15.357143 1.380711
v 95.365555 17.642857 1.393147
v 95.365555 16.728571 1.393147
v 95.365555 16.271429 1.393147
v 95.365555 15.814285 1.393147
v 95.365555 15.357143 1.393147
v 95.348267 17.642857 1.402388
v 95.348267 16.728571 1.402388
v 95.348267 16.271429 1.402388
v 95.348267 15.814285 1.402388
v 95.348267 15.357143 1.402388
v 95.329506 17.642857 1.408079
v 95.329506 16.728571 1.408079
v 95.329506 16.271429 1.408079
v 95.329506 15.814285 1.408079
v 95.329506 15.357143 1.408079
v 95.309998 17.642857 1.410000
v 95.309998 16.728571 1.410000
v 95.309998 16.271429 1.410000
v 95.309998 15.814285 1.410000
v 95.309998 15.357143 1.410000
v 95.290489 17.642857 1.408079
v 95.290489 16.728571 1.408079
v 95.290489 16.271429 1.408079
v 95.290489 15.814285 1.408079
v 95.290489 15.357143 1.408079
v 95.271729 17.642857 1.402388
v 95.271729 16.728571 1.402388
v 95.271729 16.271429 1.402388
v 95.271729 15.814285 1.402388
v 95.271729 15.357143 1.402388
v 95.254440 17.642857 1.393147
v 95.254440 16.728571 1.393147
v 95.254440 16.271429 1.393147
v 95.254440 15.814285 1.393147
v 95.254440 15.357143 1.393147
v 95.239288 17.642857 1.380711
v 95.239288 16.728571 1.380711
v 95.239288 16.271429 1.380711
v 95.239288 15.814285 1.380711
v 95.239288 15.357143 1.380711
v 95.226852 17.642857 1.365557
v 95.226852 16.728571 1.365557
v 95.226852 16.271429 1.365557
v 95.226852 15.814285 1.365557
v 95.226852 15.357143 1.365557
v 95.217613 17.642857 1.348268
v 95.217613 16.728571 1.348268
v 95.217613 16.271429 1.348268
v 95.217613 15.814285 1.348268
v 95.217613 15.357143 1.348268
v 95.211922 17.642857 1.329509
v 95.211922 16.728571 1.329509
v 95.211922 16.271429 1.329509
v 95.211922 15.814285 1.329509
v 95.211922 15.357143 1.329509
v 95.209999 17.642857 1.310000
v 95.209999 16.728571 1.310000
v 95.209999 16.271429 1.310000
v 95.209999 15.814285 1.310000
v 95.209999 15.357143 1.310000
v 95.211922 17.642857 1.290491
v 95.211922 16.728571 1.290491
v 95.211922 16.271429 1.290491
v 95.211922 15.814285 1.290491
v 95.211922 15.357143 1.290491
v 95.217613 17.642857 1.271732
v 95.217613 16.728571 1.271732
v 95.217613 16.271429 1.271732
v 95.217613 15.814285 1.271732
v 95.217613 15.357143 1.271732
v 95.226852 17.642857 1.254443
v 95.226852 16.728571 1.254443
v 95.226852 16.271429 1.254443
v 95.226852 15.814285 1.254443
v 95.226852 15.357143 1.254443
v 95.239288 17.642857 1.239289
v 95.239288 16.728571 1.239289
v 95.239288 16.271429 1.239289
v 95.239288 15.814285 1.239289
v 95.239288 15.357143 1.239289
v 95.254440 17.642857 1.226853
v 95.254440 16.728571 1.226853
v 95.254440 16.271429 1.226853
v 95.254440 15.814285 1.226853
v 95.254440 15.357143 1.226853
v 95.271729 17.642857 1.217612
v 95.271729 16.728571 1.217612
v 95.271729 16.271429 1.217612
v 95.271729 15.814285 1.217612
v 95.271729 15.357143 1.217612
v 95.290489 17.642857 1.211922
v 95.290489 16.728571 1.211922
v 95.290489 16.271429 1.211922
v 95.290489 15.814285 1.211922
v 95.290489 15.357143 1.211922
v 95.309998 16.957144 1.210000
v 95.329506 16.957144 1.211922
v 95.348267 16.957144 1.217612
v 95.365555 16.957144 1.226853
v 95.380707 16.957144 1.239289
v 95.393143 16.957144 1.254443
v 95.402382 16.957144 1.271732
v 95.408073 16.957144 1.290491
v 95.409996 16.957144 1.310000
v 95.408073 16.957144 1.329509
v 95.402382 16.957144 1.348268
v 95.393143 16.957144 1.365557
v 95.380707 16.957144 1.380711
v 95.365555 16.957144 1.393147
v 95.348267 16.957144 1.402388
v 95.329506 16.957144 1.408079
v 95.309998 16.957144 1.410000
v 95.290489 16.957144 1.408079
v 95.271729 16.957144 1.402388
v 95.254440 16.957144 1.393147
v 95.239288 16.957144 1.380711
v 95.226852 16.957144 1.365557
v 95.217613 16.957144 1.348268
v 95.211922 16.957144 1.329509
v 95.209999 16.957144 1.310000
v 95.211922 16.957144 1.290491
v 95.217613 16.957144 1.271732
v 95.226852 16.957144 1.254443
v 95.239288 16.957144 1.239289
v 95.254440 16.957144 1.226853
v 95.271729 16.957144 1.217612
v 95.290489 16.957144 1.211922
v 95.309998 17.414286 1.210000
v 95.329506 17.414286 1.211922
v 95.348267 17.414286 1.217612
v 95.365555 17.414286 1.226853
v 95.380707 17.414286 1.239289
v 95.393143 17.414286 1.254443
v 95.402382 17.414286 1.271732
v 95.408073 17.414286 1.290491
v 95.409996 17.414286 1.310000
v 95.408073 17.414286 1.329509
v 95.402382 17.414286 1.348268
v 95.393143 17.414286 1.365557
v 95.380707 17.414286 1.380711
v 95.365555 17.414286 1.393147
v 95.348267 17.414286 1.402388
v 95.329506 17.414286 1.408079
v 95.309998 17.414286 1.410000
v 95.290489 17.414286 1.408079
v 95.271729 17.414286 1.402388
v 95.254440 17.414286 1.393147
v 95.239288 17.414286 1.380711
v 95.226852 17.414286 1.365557
v 95.217613 17.414286 1.348268
v 95.211922 17.414286 1.329509
v 95.209999 17.414286 1.310000
v 95.211922 17.414286 1.290491
v 95.217613 17.414286 1.271732
v 95.226852 17.414286 1.254443
v 95.239288 17.414286 1.239289
v 95.254440 17.414286 1.226853
v 95.271729 17.414286 1.217612
v 95.290489 17.414286 1.211922
v 95.329506 15.128572 1.211922
v 95.348267 15.128572 1.217612
v 95.365555 15.128572 1.226853
v 95.380707 15.128572 1.239289
v 95.393143 15.128572 1.254443
v 95.402382 15.128572 1.271732
v 95.408073 15.128572 1.290491
v 95.409996 15.128572 1.310000
v 95.408073 15.128572 1.329509
v 95.402382 15.128572 1.348268
v 95.393143 15.128572 1.365557
v 95.380707 15.128572 1.380711
v 95.365555 15.128572 1.393147
v 95.348267 15.128572 1.402388
v 95.329506 15.128572 1.408079
v 95.309998 15.128572 1.410000
v 95.290489 15.128572 1.408079
v 95.271729 15.128572 1.402388
v 95.254440 15.128572 1.393147
v 95.239288 15.128572 1.380711
v 95.226852 15.128572 1.365557
v 95.217613 15.128572 1.348268
v 95.211922 15.128572 1.329509
v 95.209999 15.128572 1.310000
v 95.211922 15.128572 1.290491
v 95.217613 15.128572 1.271732
v 95.226852 15.128572 1.254443
v 95.239288 15.128572 1.239289
v 95.254440 15.128572 1.226853
v 95.271729 15.128572 1.217612
v 95.290489 15.128572 1.211922
v 95.309998 15.128572 1.210000
v 95.309998 15.585714 1.193395
v 95.329506 15.585714 1.211922
v 95.348267 15.585714 1.217612
v 95.365555 15.585714 1.226853
v 95.380707 15.585714 1.239289
v 95.393143 15.585714 1.254443
v 95.402382 15.585714 1.271732
v 95.408073 15.585714 1.290491
v 95.409996 15.585714 1.310000
v 95.408073 15.585714 1.329509
v 95.402382 15.585714 1.348268
v 95.393143 15.585714 1.365557
v 95.380707 15.585714 1.380711
v 95.365555 15.585714 1.393147
v 95.348267 15.585714 1.402388
v 95.329506 15.585714 1.408079
v 95.309998 15.585714 1.410000
v 95.290489 15.585714 1.408079
v 95.271729 15.585714 1.402388
v 95.254440 15.585714 1.393147
v 95.239288 15.585714 1.380711
v 95.226852 15.585714 1.365557
v 95.217613 15.585714 1.348268
v 95.211922 15.585714 1.329509
v 95.209999 15.585714 1.310000
v 95.211922 15.585714 1.290491
v 95.217613 15.585714 1.271732
v 95.226852 15.585714 1.254443
v 95.239288 15.585714 1.239289
v 95.254440 15.585714 1.226853
v 95.271729 15.585714 1.217612
v 95.290489 15.585714 1.211922
v 95.309998 17.071428 1.210000
v 95.332748 17.071428 1.195636
v 95.354622 17.071428 1.202271
v 95.374779 17.071428 1.213047
v 95.392448 17.071428 1.227548
v 95.406952 17.071428 1.245218
v 95.417725 17.071428 1.265377
v 95.424362 17.071428 1.287252
v 95.426605 17.071428 1.310000
v 95.424362 17.071428 1.332749
v 95.417725 17.071428 1.354623
v 95.406952 17.071428 1.374782
v 95.392448 17.071428 1.392452
v 95.374779 17.071428 1.406954
v 95.354622 17.071428 1.417729
v 95.332748 17.071428 1.424365
v 95.309998 17.071428 1.426605
v 95.287247 17.071428 1.424365
v 95.265373 17.071428 1.417729
v 95.245216 17.071428 1.406954
v 95.227547 17.071428 1.392452
v 95.213043 17.071428 1.374782
v 95.202271 17.071428 1.354623
v 95.195633 17.071428 1.332749
v 95.193390 17.071428 1.310000
v 95.195633 17.071428 1.287252
v 95.202271 17.071428 1.265377
v 95.213043 17.071428 1.245218
v 95.227547 17.071428 1.227548
v 95.245216 17.071428 1.213047
v 95.265373 17.071428 1.202271
v 95.287247 17.071428 1.195636
v 95.329506 17.299999 1.211922
v 95.348267 17.299999 1.217612
v 95.365555 17.299999 1.226853
v 95.380707 17.299999 1.239289
v 95.393143 17.299999 1.254443
v 95.402382 17.299999 1.271732
v 95.408073 17.299999 1.290491
v 95.409996 17.299999 1.310000
v 95.408073 17.299999 1.329509
v 95.402382 17.299999 1.348268
v 95.393143 17.299999 1.365557
v 95.380707 17.299999 1.380711
v 95.365555 17.299999 1.393147
v 95.348267 17.299999 1.402388
v 95.329506 17.299999 1.408079
v 95.309998 17.299999 1.410000
v 95.290489 17.299999 1.408079
v 95.271729 17.299999 1.402388
v 95.254440 17.299999 1.393147
v 95.239288 17.299999 1.380711
v 95.226852 17.299999 1.365557
v 95.217613 17.299999 1.348268
v 95.211922 17.299999 1.329509
v 95.209999 17.299999 1.310000
v 95.211922 17.299999 1.290491
v 95.217613 17.299999 1.271732
v 95.226852 17.299999 1.254443
v 95.239288 17.299999 1.239289
v 95.254440 17.299999 1.226853
v 95.271729 17.299999 1.217612
v 95.290489 17.299999 1.211922
v 95.309998 17.299999 1.193395
v 95.287247 15.357143 1.195636
v 95.309998 15.357143 1.210000
v 95.265373 15.357143 1.202271
v 95.245216 15.357143 1.213047
v 95.227547 15.357143 1.227548
v 95.213043 15.357143 1.245218
v 95.202271 15.357143 1.265377
v 95.195633 15.357143 1.287252
v 95.193390 15.357143 1.310000
v 95.195633 15.357143 1.332749
v 95.202271 15.357143 1.354623
v 95.213043 15.357143 1.374782
v 95.227547 15.357143 1.392452
v 95.245216 15.357143 1.406954
v 95.265373 15.357143 1.417729
v 95.287247 15.357143 1.424365
v 95.309998 15.357143 1.426605
v 95.332748 15.357143 1.424365
v 95.354622 15.357143 1.417729
v 95.374779 15.357143 1.406954
v 95.392448 15.357143 1.392452
v 95.406952 15.357143 1.374782
v 95.417725 15.357143 1.354623
v 95.424362 15.357143 1.332749
v 95.426605 15.357143 1.310000
v 95.424362 15.357143 1.287252
v 95.417725 15.357143 1.265377
v 95.406952 15.357143 1.245218
v 95.392448 15.357143 1.227548
v 95.374779 15.357143 1.213047
v 95.354622 15.357143 1.202271
v 95.332748 15.357143 1.195636
v 95.309998 15.585714 1.210000
v 95.332748 15.585714 1.195636
v 95.354622 15.585714 1.202271
v 95.374779 15.585714 1.213047
v 95.392448 15.585714 1.227548
v 95.406952 15.585714 1.245218
v 95.417725 15.585714 1.265377
v 95.424362 15.585714 1.287252
v 95.426605 15.585714 1.310000
v 95.424362 15.585714 1.332749
v 95.417725 15.585714 1.354623
v 95.406952 15.585714 1.374782
v 95.392448 15.585714 1.392452
v 95.374779 15.585714 1.406954
v 95.354622 15.585714 1.417729
v 95.332748 15.585714 1.424365
v 95.309998 15.585714 1.426605
v 95.287247 15.585714 1.424365
v 95.265373 15.585714 1.417729
v 95.245216 15.585714 1.406954
v 95.227547 15.585714 1.392452
v 95.213043 15.585714 1.374782
v 95.202271 15.585714 1.354623
v 95.195633 15.585714 1.332749
v 95.193390 15.585714 1.310000
v 95.195633 15.585714 1.287252
v 95.202271 15.585714 1.265377
v 95.213043 15.585714 1.245218
v 95.227547 15.585714 1.227548
v 95.245216 15.585714 1.213047
v 95.265373 15.585714 1.202271
v 95.287247 15.585714 1.195636
v 95.309998 17.071428 1.193395
v 95.329506 17.071428 1.211922
v 95.348267 17.071428 1.217612
v 95.365555 17.071428 1.226853
v 95.380707 17.071428 1.239289
v 95.393143 17.071428 1.254443
v 95.402382 17.071428 1.271732
v 95.408073 17.071428 1.290491
v 95.409996 17.071428 1.310000
v 95.408073 17.071428 1.329509
v 95.402382 17.071428 1.348268
v 95.393143 17.071428 1.365557
v 95.380707 17.071428 1.380711
v 95.365555 17.071428 1.393147
v 95.348267 17.071428 1.402388
v 95.329506 17.071428 1.408079
v 95.309998 17.071428 1.410000
v 95.290489 17.071428 1.408079
v 95.271729 17.071428 1.402388
v 95.254440 17.071428 1.393147
v 95.239288 17.071428 1.380711
v 95.226852 17.071428 1.365557
v 95.217613 17.071428 1.348268
v 95.211922 17.071428 1.329509
v 95.209999 17.071428 1.310000
v 95.211922 17.071428 1.290491
v 95.217613 17.071428 1.271732
v 95.226852 17.071428 1.254443
v 95.239288 17.071428 1.239289
v 95.254440 17.071428 1.226853
v 95.271729 17.071428 1.217612
v 95.290489 17.071428 1.211922
v 95.287247 17.299999 1.195636
v 95.309998 17.299999 1.210000
v 95.265373 17.299999 1.202271
v 95.245216 17.299999 1.213047
v 95.227547 17.299999 1.227548
v 95.213043 17.299999 1.245218
v 95.202271 17.299999 1.265377
v 95.195633 17.299999 1.287252
v 95.193390 17.299999 1.310000
v 95.195633 17.299999 1.332749
v 95.202271 17.299999 1.354623
v 95.213043 17.299999 1.374782
v 95.227547 17.299999 1.392452
v 95.245216 17.299999 1.406954
v 95.265373 17.299999 1.417729
v 95.287247 17.299999 1.424365
v 95.309998 17.299999 1.426605
v 95.332748 17.299999 1.424365
v 95.354622 17.299999 1.417729
v 95.374779 17.299999 1.406954
v 95.392448 17.299999 1.392452
v 95.406952 17.299999 1.374782
v 95.417725 17.299999 1.354623
v 95.424362 17.299999 1.332749
v 95.426605 17.299999 1.310000
v 95.424362 17.299999 1.287252
v 95.417725 17.299999 1.265377
v 95.406952 17.299999 1.245218
v 95.392448 17.299999 1.227548
v 95.374779 17.299999 1.213047
v 95.354622 17.299999 1.202271
v 95.332748 17.299999 1.195636
v 95.309998 15.357143 1.193395
v 95.309998 17.185715 1.193395
v 95.332748 17.185715 1.195636
v 95.354622 17.185715 1.202271
v 95.374779 17.185715 1.213047
v 95.392448 17.185715 1.227548
v 95.406952 17.185715 1.245218
v 95.417725 17.185715 1.265377
v 95.424362 17.185715 1.287252
v 95.426605 17.185715 1.310000
v 95.424362 17.185715 1.332749
v 95.417725 17.185715 1.354623
v 95.406952 17.185715 1.374782
v 95.392448 17.185715 1.392452
v 95.374779 17.185715 1.406954
v 95.354622 17.185715 1.417729
v 95.332748 17.185715 1.424365
v 95.309998 17.185715 1.426605
v 95.287247 17.185715 1.424365
v 95.265373 17.185715 1.417729
v 95.245216 17.185715 1.406954
v 95.227547 17.185715 1.392452
v 95.213043 17.185715 1.374782
v 95.202271 17.185715 1.354623
v 95.195633 17.185715 1.332749
v 95.193390 17.185715 1.310000
v 95.195633 17.185715 1.287252
v 95.202271 17.185715 1.265377
v 95.213043 17.185715 1.245218
v 95.227547 17.185715 1.227548
v 95.245216 17.185715 1.213047
v 95.265373 17.185715 1.202271
v 95.287247 17.185715 1.195636
v 95.309998 15.585714 1.193395
v 95.332748 17.071428 1.195636
v 95.354622 17.071428 1.202271
v 95.374779 17.071428 1.213047
v 95.392448 17.071428 1.227548
v 95.406952 17.071428 1.245218
v 95.417725 17.071428 1.265377
v 95.424362 17.071428 1.287252
v 95.426605 17.071428 1.310000
v 95.424362 17.071428 1.332749
v 95.417725 17.071428 1.354623
v 95.406952 17.071428 1.374782
v 95.392448 17.071428 1.392452
v 95.374779 17.071428 1.406954
v 95.354622 17.071428 1.417729
v 95.332748 17.071428 1.424365
v 95.309998 17.071428 1.426605
v 95.287247 17.071428 1.424365
v 95.265373 17.071428 1.417729
v 95.245216 17.071428 1.406954
v 95.227547 17.071428 1.392452
v 95.213043 17.071428 1.374782
v 95.202271 17.071428 1.354623
v 95.195633 17.071428 1.332749
v 95.193390 17.071428 1.310000
v 95.195633 17.071428 1.287252
v 95.202271 17.071428 1.265377
v 95.213043 17.071428 1.245218
v 95.227547 17.071428 1.227548
v 95.245216 17.071428 1.213047
v 95.265373 17.071428 1.202271
v 95.287247 17.071428 1.195636
v 95.309998 17.299999 1.193395
v 95.287247 15.357143 1.195636
v 95.265373 15.357143 1.202271
v 95.245216 15.357143 1.213047
v 95.227547 15.357143 1.227548
v 95.213043 15.357143 1.245218
v 95.202271 15.357143 1.265377
v 95.195633 15.357143 1.287252
v 95.193390 15.357143 1.310000
v 95.195633 15.357143 1.332749
v 95.202271 15.357143 1.354623
v 95.213043 15.357143 1.374782
v 95.227547 15.357143 1.392452
v 95.245216 15.357143 1.406954
v 95.265373 15.357143 1.417729
v 95.287247 15.357143 1.424365
v 95.309998 15.357143 1.426605
v 95.332748 15.357143 1.424365
v 95.354622 15.357143 1.417729
v 95.374779 15.357143 1.406954
v 95.392448 15.357143 1.392452
v 95.406952 15.357143 1.374782
v 95.417725 15.357143 1.354623
v 95.424362 15.357143 1.332749
v 95.426605 15.357143 1.310000
v 95.424362 15.357143 1.287252
v 95.417725 15.357143 1.265377
v 95.406952 15.357143 1.245218
v 95.392448 15.357143 1.227548
v 95.374779 15.357143 1.213047
v 95.354622 15.357143 1.202271
v 95.332748 15.357143 1.195636
v 95.332748 15.585714 1.195636
v 95.354622 15.585714 1.202271
v 95.374779 15.585714 1.213047
v 95.392448 15.585714 1.227548
v 95.406952 15.585714 1.245218
v 95.417725 15.585714 1.265377
v 95.424362 15.585714 1.287252
v 95.426605 15.585714 1.310000
v 95.424362 15.585714 1.332749
v 95.417725 15.585714 1.354623
v 95.406952 15.585714 1.374782
v 95.392448 15.585714 1.392452
v 95.374779 15.585714 1.406954
v 95.354622 15.585714 1.417729
v 95.332748 15.585714 1.424365
v 95.309998 15.585714 1.426605
v 95.287247 15.585714 1.424365
v 95.265373 15.585714 1.417729
v 95.245216 15.585714 1.406954
v 95.227547 15.585714 1.392452
v 95.213043 15.585714 1.374782
v 95.202271 15.585714 1.354623
v 95.195633 15.585714 1.332749
v 95.193390 15.585714 1.310000
v 95.195633 15.585714 1.287252
v 95.202271 15.585714 1.265377
v 95.213043 15.585714 1.245218
v 95.227547 15.585714 1.227548
v 95.245216 15.585714 1.213047
v 95.265373 15.585714 1.202271
v 95.287247 15.585714 1.195636
v 95.309998 17.071428 1.193395
v 95.287247 17.299999 1.195636
v 95.265373 17.299999 1.202271
v 95.245216 17.299999 1.213047
v 95.227547 17.299999 1.227548
v 95.213043 17.299999 1.245218
v 95.202271 17.299999 1.265377
v 95.195633 17.299999 1.287252
v 95.193390 17.299999 1.310000
v 95.195633 17.299999 1.332749
v 95.202271 17.299999 1.354623
v 95.213043 17.299999 1.374782
v 95.227547 17.299999 1.392452
v 95.245216 17.299999 1.406954
v 95.265373 17.299999 1.417729
v 95.287247 17.299999 1.424365
v 95.309998 17.299999 1.426605
v 95.332748 17.299999 1.424365
v 95.354622 17.299999 1.417729
v 95.374779 17.299999 1.406954
v 95.392448 17.299999 1.392452
v 95.406952 17.299999 1.374782
v 95.417725 17.299999 1.354623
v 95.424362 17.299999 1.332749
v 95.426605 17.299999 1.310000
v 95.424362 17.299999 1.287252
v 95.417725 17.299999 1.265377
v 95.406952 17.299999 1.245218
v 95.392448 17.299999 1.227548
v 95.374779 17.299999 1.213047
v 95.354622 17.299999 1.202271
v 95.332748 17.299999 1.195636
vn 0.0980 -0.0000 -0.9952
vn 0.2903 -0.0000 -0.9569
vn 0.4714 -0.0000 -0.8819
vn 0.6344 -0.0000 -0.7730
vn 0.7730 -0.0000 -0.6344
vn 0.8819 -0.0000 -0.4714
vn 0.9569 -0.0000 -0.2903
vn 0.9952 -0.0000 -0.0980
vn 0.9952 -0.0000 0.0980
vn 0.9569 -0.0000 0.2903
vn 0.8819 -0.0000 0.4714
vn 0.7730 -0.0000 0.6344
vn 0.6344 -0.0000 0.7730
vn 0.4714 -0.0000 0.8819
vn 0.2903 -0.0000 0.9569
vn 0.0980 -0.0000 0.9952
vn -0.0980 -0.0000 0.9952
vn -0.2903 -0.0000 0.9569
vn -0.4714 -0.0000 0.8819
vn -0.6344 -0.0000 0.7730
vn -0.7730 -0.0000 0.6344
vn -0.8819 -0.0000 0.4714
vn -0.9569 -0.0000 0.2903
vn -0.9952 -0.0000 0.0980
vn -0.9952 -0.0000 -0.0980
vn -0.9569 -0.0000 -0.2903
vn -0.8819 -0.0000 -0.4714
vn -0.7730 -0.0000 -0.6344
vn -0.6344 -0.0000 -0.7730
vn -0.4714 -0.0000 -0.8819
vn -0.0000 1.0000 -0.0000
vn -0.2903 -0.0000 -0.9569
vn -0.0980 -0.0000 -0.9952
vn -0.0000 -1.0000 -0.0000
vt 1.000000 0.928571
vt 1.000000 1.000000
vt 0.968750 1.000000
vt 0.968750 0.928571
vt 0.937500 1.000000
vt 0.937500 0.928571
vt 0.906250 1.000000
vt 0.906250 0.928571
vt 0.875000 1.000000
vt 0.875000 0.928571
vt 0.843750 1.000000
vt 0.843750 0.928571
vt 0.812500 1.000000
vt 0.812500 0.928571
vt 0.781250 1.000000
vt 0.781250 0.928571
vt 0.750000 1.000000
vt 0.750000 0.928571
vt 0.718750 1.000000
vt 0.718750 0.928571
vt 0.687500 1.000000
vt 0.687500 0.928571
vt 0.656250 1.000000
vt 0.656250 0.928571
vt 0.625000 1.000000
vt 0.625000 0.928571
vt 0.593750 1.000000
vt 0.593750 0.928571
vt 0.562500 1.000000
vt 0.562500 0.928571
vt 0.531250 1.000000
vt 0.531250 0.928571
vt 0.500000 1.000000
vt 0.500000 0.928571
vt 0.468750 1.000000
vt 0.468750 0.928571
vt 0.437500 1.000000
vt 0.437500 0.928571
vt 0.406250 1.000000
vt 0.406250 0.928571
vt 0.375000 1.000000
vt 0.375000 0.928571
vt 0.343750 1.000000
vt 0.343750 0.928571
vt 0.312500 1.000000
vt 0.312500 0.928571
vt 0.281250 1.000000
vt 0.281250 0.928571
vt 0.250000 1.000000
vt 0.250000 0.928571
vt 0.218750 1.000000
vt 0.218750 0.928571
vt 0.187500 1.000000
vt 0.187500 0.928571
vt 0.156250 1.000000
vt 0.156250 0.928571
vt 0.125000 1.000000
vt 0.125000 0.928571
vt 0.093750 1.000000
vt 0.093750 0.928571
vt 0.062500 1.000000
vt 0.062500 0.928571
vt 0.296822 0.485388
vt 0.250000 0.490000
vt 0.203178 0.485388
vt 0.158156 0.471731
vt 0.116663 0.449553
vt 0.080294 0.419706
vt 0.050447 0.383337
vt 0.028269 0.341844
vt 0.014612 0.296822
vt 0.010000 0.250000
vt 0.014612 0.203178
vt 0.028269 0.158156
vt 0.050447 0.116663
vt 0.080294 0.080294
vt 0.116663 0.050447
vt 0.158156 0.028269
vt 0.203178 0.014612
vt 0.250000 0.010000
vt 0.296822 0.014612
vt 0.341844 0.028269
vt 0.383337 0.050447
vt 0.419706 0.080294
vt 0.449553 0.116663
vt 0.471731 0.158156
vt 0.485388 0.203178
vt 0.490000 0.250000
vt 0.485388 0.296822
vt 0.471731 0.341844
vt 0.449553 0.383337
vt 0.419706 0.419706
vt 0.383337 0.449553
vt 0.341844 0.471731
vt 0.031250 1.000000
vt 0.031250 0.928571
vt 0.000000 1.000000
vt 0.000000 0.928571
vt 0.750000 0.490000
vt 0.796822 0.485388
vt 0.841844 0.471731
vt 0.883337 0.449553
vt 0.919706 0.419706
vt 0.949553 0.383337
vt 0.971731 0.341844
vt 0.985388 0.296822
vt 0.990000 0.250000
vt 0.985388 0.203178
vt 0.971731 0.158156
vt 0.949553 0.116663
vt 0.919706 0.080294
vt 0.883337 0.050447
vt 0.841844 0.028269
vt 0.796822 0.014612
vt 0.750000 0.010000
vt 0.703178 0.014612
vt 0.658156 0.028269
vt 0.616663 0.050447
vt 0.580294 0.080294
vt 0.550447 0.116663
vt 0.528269 0.158156
vt 0.514612 0.203178
vt 0.510000 0.250000
vt 0.514612 0.296822
vt 0.528269 0.341844
vt 0.550447 0.383337
vt 0.580294 0.419706
vt 0.616663 0.449553
vt 0.658156 0.471731
vt 0.703178 0.485388
vt 0.031250 0.535714
vt 0.031250 0.571429
vt 0.000000 0.571429
vt 0.000000 0.535714
vt 0.031250 0.607143
vt 0.031250 0.642857
vt 0.000000 0.642857
vt 0.000000 0.607143
vt 0.031250 0.714286
vt 0.000000 0.714286
vt 0.031250 0.785714
vt 0.000000 0.785714
vt 0.031250 0.892857
vt 0.000000 0.892857
vt 0.062500 0.535714
vt 0.062500 0.571429
vt 0.062500 0.607143
vt 0.062500 0.642857
vt 0.062500 0.714286
vt 0.062500 0.785714
vt 0.062500 0.892857
vt 0.093750 0.535714
vt 0.093750 0.571429
vt 0.093750 0.607143
vt 0.093750 0.642857
vt 0.093750 0.714286
vt 0.093750 0.785714
vt 0.093750 0.892857
vt 0.125000 0.535714
vt 0.125000 0.571429
vt 0.125000 0.607143
vt 0.125000 0.642857
vt 0.125000 0.714286
vt 0.125000 0.785714
vt 0.125000 0.892857
vt 0.156250 0.535714
vt 0.156250 0.571429
vt 0.156250 0.607143
vt 0.156250 0.642857
vt 0.156250 0.714286
vt 0.156250 0.785714
vt 0.156250 0.892857
vt 0.187500 0.535714
vt 0.187500 0.571429
vt 0.187500 0.607143
vt 0.187500 0.642857
vt 0.187500 0.714286
vt 0.187500 0.785714
vt 0.187500 0.892857
vt 0.218750 0.535714
vt 0.218750 0.571429
vt 0.218750 0.607143
vt 0.218750 0.642857
vt 0.218750 0.714286
vt 0.218750 0.785714
vt 0.218750 0.892857
vt 0.250000 0.535714
vt 0.250000 0.571429
vt 0.250000 0.607143
vt 0.250000 0.642857
vt 0.250000 0.714286
vt 0.250000 0.785714
vt 0.250000 0.892857
vt 0.281250 0.535714
vt 0.281250 0.571429
vt 0.281250 0.607143
vt 0.281250 0.642857
vt 0.281250 0.714286
vt 0.281250 0.785714
vt 0.281250 0.892857
vt 0.312500 0.535714
vt 0.312500 0.571429
vt 0.312500 0.607143
vt 0.312500 0.642857
vt 0.312500 0.714286
vt 0.312500 0.785714
vt 0.312500 0.892857
vt 0.343750 0.535714
vt 0.343750 0.571429
vt 0.343750 0.607143
vt 0.343750 0.642857
vt 0.343750 0.714286
vt 0.343750 0.785714
vt 0.343750 0.892857
vt 0.375000 0.535714
vt 0.375000 0.571429
vt 0.375000 0.607143
vt 0.375000 0.642857
vt 0.375000 0.714286
vt 0.375000 0.785714
vt 0.375000 0.892857
vt 0.406250 0.535714
vt 0.406250 0.571429
vt 0.406250 0.607143
vt 0.406250 0.642857
vt 0.406250 0.714286
vt 0.406250 0.785714
vt 0.406250 0.892857
vt 0.437500 0.535714
vt 0.437500 0.571429
vt 0.437500 0.607143
vt 0.437500 0.642857
vt 0.437500 0.714286
vt 0.437500 0.785714
vt 0.437500 0.892857
vt 0.468750 0.535714
vt 0.468750 0.571429
vt 0.468750 0.607143
vt 0.468750 0.642857
vt 0.468750 0.714286
vt 0.468750 0.785714
vt 0.468750 0.892857
vt 0.500000 0.535714
vt 0.500000 0.571429
vt 0.500000 0.607143
vt 0.500000 0.642857
vt 0.500000 0.714286
vt 0.500000 0.785714
vt 0.500000 0.892857
vt 0.531250 0.535714
vt 0.531250 0.571429
vt 0.531250 0.607143
vt 0.531250 0.642857
vt 0.531250 0.714286
vt 0.531250 0.785714
vt 0.531250 0.892857
vt 0.562500 0.535714
vt 0.562500 0.571429
vt 0.562500 0.607143
vt 0.562500 0.642857
vt 0.562500 0.714286
vt 0.562500 0.785714
vt 0.562500 0.892857
vt 0.593750 0.535714
vt 0.593750 0.571429
vt 0.593750 0.607143
vt 0.593750 0.642857
vt 0.593750 0.714286
vt 0.593750 0.785714
vt 0.593750 0.892857
vt 0.625000 0.535714
vt 0.625000 0.571429
vt 0.625000 0.607143
vt 0.625000 0.642857
vt 0.625000 0.714286
vt 0.625000 0.785714
vt 0.625000 0.892857
vt 0.656250 0.535714
vt 0.656250 0.571429
vt 0.656250 0.607143
vt 0.656250 0.642857
vt 0.656250 0.714286
vt 0.656250 0.785714
vt 0.656250 0.892857
vt 0.687500 0.535714
vt 0.687500 0.571429
vt 0.687500 0.607143
vt 0.687500 0.642857
vt 0.687500 0.714286
vt 0.687500 0.785714
vt 0.687500 0.892857
vt 0.718750 0.535714
vt 0.718750 0.571429
vt 0.718750 0.607143
vt 0.718750 0.642857
vt 0.718750 0.714286
vt 0.718750 0.785714
vt 0.718750 0.892857
vt 0.750000 0.535714
vt 0.750000 0.571429
vt 0.750000 0.607143
vt 0.750000 0.642857
vt 0.750000 0.714286
vt 0.750000 0.785714
vt 0.750000 0.892857
vt 0.781250 0.535714
vt 0.781250 0.571429
vt 0.781250 0.607143
vt 0.781250 0.642857
vt 0.781250 0.714286
vt 0.781250 0.785714
vt 0.781250 0.892857
vt 0.812500 0.535714
vt 0.812500 0.571429
vt 0.812500 0.607143
vt 0.812500 0.642857
vt 0.812500 0.714286
vt 0.812500 0.785714
vt 0.812500 0.892857
vt 0.843750 0.535714
vt 0.843750 0.571429
vt 0.843750 0.607143
vt 0.843750 0.642857
vt 0.843750 0.714286
vt 0.843750 0.785714
vt 0.843750 0.892857
vt 0.875000 0.535714
vt 0.875000 0.571429
vt 0.875000 0.607143
vt 0.875000 0.642857
vt 0.875000 0.714286
vt 0.875000 0.785714
vt 0.875000 0.892857
vt 0.906250 0.535714
vt 0.906250 0.571429
vt 0.906250 0.607143
vt 0.906250 0.642857
vt 0.906250 0.714286
vt 0.906250 0.785714
vt 0.906250 0.892857
vt 0.937500 0.535714
vt 0.937500 0.571429
vt 0.937500 0.607143
vt 0.937500 0.642857
vt 0.937500 0.714286
vt 0.937500 0.785714
vt 0.937500 0.892857
vt 0.968750 0.535714
vt 0.968750 0.571429
vt 0.968750 0.607143
vt 0.968750 0.642857
vt 0.968750 0.714286
vt 0.968750 0.785714
vt 0.968750 0.892857
vt 1.000000 0.535714
vt 1.000000 0.571429
vt 1.000000 0.607143
vt 1.000000 0.642857
vt 1.000000 0.714286
vt 1.000000 0.785714
vt 1.000000 0.892857
vt 1.000000 0.821428
vt 0.968750 0.821429
vt 0.937500 0.821429
vt 0.906250 0.821429
vt 0.875000 0.821429
vt 0.843750 0.821429
vt 0.812500 0.821429
vt 0.781250 0.821429
vt 0.750000 0.821429
vt 0.718750 0.821429
vt 0.687500 0.821429
vt 0.656250 0.821429
vt 0.625000 0.821429
vt 0.593750 0.821429
vt 0.562500 0.821429
vt 0.531250 0.821429
vt 0.500000 0.821429
vt 0.468750 0.821429
vt 0.437500 0.821429
vt 0.406250 0.821429
vt 0.375000 0.821429
vt 0.343750 0.821429
vt 0.312500 0.821429
vt 0.281250 0.821429
vt 0.250000 0.821429
vt 0.218750 0.821429
vt 0.187500 0.821429
vt 0.156250 0.821429
vt 0.125000 0.821429
vt 0.093750 0.821429
vt 0.062500 0.821429
vt 0.031250 0.821429
vt 0.000000 0.821428
vt 1.000000 0.875000
vt 0.968750 0.875000
vt 0.937500 0.875000
vt 0.906250 0.875000
vt 0.875000 0.875000
vt 0.843750 0.875000
vt 0.812500 0.875000
vt 0.781250 0.875000
vt 0.750000 0.875000
vt 0.718750 0.875000
vt 0.687500 0.875000
vt 0.656250 0.875000
vt 0.625000 0.875000
vt 0.593750 0.875000
vt 0.562500 0.875000
vt 0.531250 0.875000
vt 0.500000 0.875000
vt 0.468750 0.875000
vt 0.437500 0.875000
vt 0.406250 0.875000
vt 0.375000 0.875000
vt 0.343750 0.875000
vt 0.312500 0.875000
vt 0.281250 0.875000
vt 0.250000 0.875000
vt 0.218750 0.875000
vt 0.187500 0.875000
vt 0.156250 0.875000
vt 0.125000 0.875000
vt 0.093750 0.875000
vt 0.062500 0.875000
vt 0.031250 0.875000
vt 0.000000 0.875000
vt 1.000000 0.500000
vt 0.968750 0.500000
vt 0.937500 0.500000
vt 0.906250 0.500000
vt 0.875000 0.500000
vt 0.843750 0.500000
vt 0.812500 0.500000
vt 0.781250 0.500000
vt 0.750000 0.500000
vt 0.718750 0.500000
vt 0.687500 0.500000
vt 0.656250 0.500000
vt 0.625000 0.500000
vt 0.593750 0.500000
vt 0.562500 0.500000
vt 0.531250 0.500000
vt 0.500000 0.500000
vt 0.468750 0.500000
vt 0.437500 0.500000
vt 0.406250 0.500000
vt 0.375000 0.500000
vt 0.343750 0.500000
vt 0.312500 0.500000
vt 0.281250 0.500000
vt 0.250000 0.500000
vt 0.218750 0.500000
vt 0.187500 0.500000
vt 0.156250 0.500000
vt 0.125000 0.500000
vt 0.093750 0.500000
vt 0.062500 0.500000
vt 0.031250 0.500000
vt 0.000000 0.500000
vt 1.000000 0.839286
vt 0.968750 0.839286
vt 0.937500 0.839286
vt 0.906250 0.839286
vt 0.875000 0.839286
vt 0.843750 0.839286
vt 0.812500 0.839286
vt 0.781250 0.839286
vt 0.750000 0.839286
vt 0.718750 0.839286
vt 0.687500 0.839286
vt 0.656250 0.839286
vt 0.625000 0.839286
vt 0.593750 0.839286
vt 0.562500 0.839286
vt 0.531250 0.839286
vt 0.500000 0.839286
vt 0.468750 0.839286
vt 0.437500 0.839286
vt 0.406250 0.839286
vt 0.375000 0.839286
vt 0.343750 0.839286
vt 0.312500 0.839286
vt 0.281250 0.839286
vt 0.250000 0.839286
vt 0.218750 0.839286
vt 0.187500 0.839286
vt 0.156250 0.839286
vt 0.125000 0.839286
vt 0.093750 0.839286
vt 0.062500 0.839286
vt 0.031250 0.839286
vt 0.000000 0.839286
vt 0.031250 0.857143
vt 0.000000 0.857143
vt 0.062500 0.857143
vt 0.093750 0.857143
vt 0.125000 0.857143
vt 0.156250 0.857143
vt 0.187500 0.857143
vt 0.218750 0.857143
vt 0.250000 0.857143
vt 0.281250 0.857143
vt 0.312500 0.857143
vt 0.343750 0.857143
vt 0.375000 0.857143
vt 0.406250 0.857143
vt 0.437500 0.857143
vt 0.468750 0.857143
vt 0.500000 0.857143
vt 0.531250 0.857143
vt 0.562500 0.857143
vt 0.593750 0.857143
vt 0.625000 0.857143
vt 0.656250 0.857143
vt 0.687500 0.857143
vt 0.718750 0.857143
vt 0.750000 0.857143
vt 0.781250 0.857143
vt 0.812500 0.857143
vt 0.843750 0.857143
vt 0.875000 0.857143
vt 0.906250 0.857143
vt 0.937500 0.857143
vt 0.968750 0.857143
vt 1.000000 0.857143
s 0
usemtl Material.075
f 69/1/1 2/2/1 4/3/1 70/4/1
f 70/4/2 4/3/2 6/5/2 75/6/2
f 75/6/3 6/5/3 8/7/3 80/8/3
f 80/8/4 8/7/4 10/9/4 85/10/4
f 85/10/5 10/9/5 12/11/5 90/12/5
f 90/12/6 12/11/6 14/13/6 95/14/6
f 95/14/7 14/13/7 16/15/7 100/16/7
f 100/16/8 16/15/8 18/17/8 105/18/8
f 105/18/9 18/17/9 20/19/9 110/20/9
f 110/20/10 20/19/10 22/21/10 115/22/10
f 115/22/11 22/21/11 24/23/11 120/24/11
f 120/24/12 24/23/12 26/25/12 125/26/12
f 125/26/13 26/25/13 28/27/13 130/28/13
f 130/28/14 28/27/14 30/29/14 135/30/14
f 135/30/15 30/29/15 32/31/15 140/32/15
f 140/32/16 32/31/16 34/33/16 145/34/16
f 145/34/17 34/33/17 36/35/17 150/36/17
f 150/36/18 36/35/18 38/37/18 155/38/18
f 155/38/19 38/37/19 40/39/19 160/40/19
f 160/40/20 40/39/20 42/41/20 165/42/20
f 165/42/21 42/41/21 44/43/21 170/44/21
f 170/44/22 44/43/22 46/45/22 175/46/22
f 175/46/23 46/45/23 48/47/23 180/48/23
f 180/48/24 48/47/24 50/49/24 185/50/24
f 185/50/25 50/49/25 52/51/25 190/52/25
f 190/52/26 52/51/26 54/53/26 195/54/26
f 195/54/27 54/53/27 56/55/27 200/56/27
f 200/56/28 56/55/28 58/57/28 205/58/28
f 205/58/29 58/57/29 60/59/29 210/60/29
f 210/60/30 60/59/30 62/61/30 215/62/30
f 4/63/31 2/64/31 64/65/31 62/66/31 60/67/31 58/68/31 56/69/31 54/70/31 52/71/31 50/72/31 48/73/31 46/74/31 44/75/31 42/76/31 40/77/31 38/78/31 36/79/31 34/80/31 32/81/31 30/82/31 28/83/31 26/84/31 24/85/31 22/86/31 20/87/31 18/88/31 16/89/31 14/90/31 12/91/31 10/92/31 8/93/31 6/94/31
f 215/62/32 62/61/32 64/95/32 220/96/32
f 220/96/33 64/95/33 2/97/33 69/98/33
f 1/99/34 3/100/34 5/101/34 7/102/34 9/103/34 11/104/34 13/105/34 15/106/34 17/107/34 19/108/34 21/109/34 23/110/34 25/111/34 27/112/34 29/113/34 31/114/34 33/115/34 35/116/34 37/117/34 39/118/34 41/119/34 43/120/34 45/121/34 47/122/34 49/123/34 51/124/34 53/125/34 55/126/34 57/127/34 59/128/34 61/129/34 63/130/34
f 319/131/33 224/132/33 418/133/33 320/134/33
f 352/135/33 223/136/33 66/137/33 449/138/33
f 223/136/33 222/139/33 67/140/33 66/137/33
f 222/139/33 221/141/33 68/142/33 67/140/33
f 288/143/33 220/96/33 69/98/33 257/144/33
f 318/145/32 219/146/32 224/132/32 319/131/32
f 351/147/32 218/148/32 223/136/32 352/135/32
f 218/148/32 217/149/32 222/139/32 223/136/32
f 217/149/32 216/150/32 221/141/32 222/139/32
f 287/151/32 215/62/32 220/96/32 288/143/32
f 317/152/30 214/153/30 219/146/30 318/145/30
f 350/154/30 213/155/30 218/148/30 351/147/30
f 213/155/30 212/156/30 217/149/30 218/148/30
f 212/156/30 211/157/30 216/150/30 217/149/30
f 286/158/30 210/60/30 215/62/30 287/151/30
f 316/159/29 209/160/29 214/153/29 317/152/29
f 349/161/29 208/162/29 213/155/29 350/154/29
f 208/162/29 207/163/29 212/156/29 213/155/29
f 207/163/29 206/164/29 211/157/29 212/156/29
f 285/165/29 205/58/29 210/60/29 286/158/29
f 315/166/28 204/167/28 209/160/28 316/159/28
f 348/168/28 203/169/28 208/162/28 349/161/28
f 203/169/28 202/170/28 207/163/28 208/162/28
f 202/170/28 201/171/28 206/164/28 207/163/28
f 284/172/28 200/56/28 205/58/28 285/165/28
f 314/173/27 199/174/27 204/167/27 315/166/27
f 347/175/27 198/176/27 203/169/27 348/168/27
f 198/176/27 197/177/27 202/170/27 203/169/27
f 197/177/27 196/178/27 201/171/27 202/170/27
f 283/179/27 195/54/27 200/56/27 284/172/27
f 313/180/26 194/181/26 199/174/26 314/173/26
f 346/182/26 193/183/26 198/176/26 347/175/26
f 193/183/26 192/184/26 197/177/26 198/176/26
f 192/184/26 191/185/26 196/178/26 197/177/26
f 282/186/26 190/52/26 195/54/26 283/179/26
f 312/187/25 189/188/25 194/181/25 313/180/25
f 345/189/25 188/190/25 193/183/25 346/182/25
f 188/190/25 187/191/25 192/184/25 193/183/25
f 187/191/25 186/192/25 191/185/25 192/184/25
f 281/193/25 185/50/25 190/52/25 282/186/25
f 311/194/24 184/195/24 189/188/24 312/187/24
f 344/196/24 183/197/24 188/190/24 345/189/24
f 183/197/24 182/198/24 187/191/24 188/190/24
f 182/198/24 181/199/24 186/192/24 187/191/24
f 280/200/24 180/48/24 185/50/24 281/193/24
f 310/201/23 179/202/23 184/195/23 311/194/23
f 343/203/23 178/204/23 183/197/23 344/196/23
f 178/204/23 177/205/23 182/198/23 183/197/23
f 177/205/23 176/206/23 181/199/23 182/198/23
f 279/207/23 175/46/23 180/48/23 280/200/23
f 309/208/22 174/209/22 179/202/22 310/201/22
f 342/210/22 173/211/22 178/204/22 343/203/22
f 173/211/22 172/212/22 177/205/22 178/204/22
f 172/212/22 171/213/22 176/206/22 177/205/22
f 278/214/22 170/44/22 175/46/22 279/207/22
f 308/215/21 169/216/21 174/209/21 309/208/21
f 341/217/21 168/218/21 173/211/21 342/210/21
f 168/218/21 167/219/21 172/212/21 173/211/21
f 167/219/21 166/220/21 171/213/21 172/212/21
f 277/221/21 165/42/21 170/44/21 278/214/21
f 307/222/20 164/223/20 169/216/20 308/215/20
f 340/224/20 163/225/20 168/218/20 341/217/20
f 163/225/20 162/226/20 167/219/20 168/218/20
f 162/226/20 161/227/20 166/220/20 167/219/20
f 276/228/20 160/40/20 165/42/20 277/221/20
f 306/229/19 159/230/19 164/223/19 307/222/19
f 339/231/19 158/232/19 163/225/19 340/224/19
f 158/232/19 157/233/19 162/226/19 163/225/19
f 157/233/19 156/234/19 161/227/19 162/226/19
f 275/235/19 155/38/19 160/40/19 276/228/19
f 305/236/18 154/237/18 159/230/18 306/229/18
f 338/238/18 153/239/18 158/232/18 339/231/18
f 153/239/18 152/240/18 157/233/18 158/232/18
f 152/240/18 151/241/18 156/234/18 157/233/18
f 274/242/18 150/36/18 155/38/18 275/235/18
f 304/243/17 149/244/17 154/237/17 305/236/17
f 337/245/17 148/246/17 153/239/17 338/238/17
f 148/246/17 147/247/17 152/240/17 153/239/17
f 147/247/17 146/248/17 151/241/17 152/240/17
f 273/249/17 145/34/17 150/36/17 274/242/17
f 303/250/16 144/251/16 149/244/16 304/243/16
f 336/252/16 143/253/16 148/246/16 337/245/16
f 143/253/16 142/254/16 147/247/16 148/246/16
f 142/254/16 141/255/16 146/248/16 147/247/16
f 272/256/16 140/32/16 145/34/16 273/249/16
f 302/257/15 139/258/15 144/251/15 303/250/15
f 335/259/15 138/260/15 143/253/15 336/252/15
f 138/260/15 137/261/15 142/254/15 143/253/15
f 137/261/15 136/262/15 141/255/15 142/254/15
f 271/263/15 135/30/15 140/32/15 272/256/15
f 301/264/14 134/265/14 139/258/14 302/257/14
f 334/266/14 133/267/14 138/260/14 335/259/14
f 133/267/14 132/268/14 137/261/14 138/260/14
f 132/268/14 131/269/14 136/262/14 137/261/14
f 270/270/14 130/28/14 135/30/14 271/263/14
f 300/271/13 129/272/13 134/265/13 301/264/13
f 333/273/13 128/274/13 133/267/13 334/266/13
f 128/274/13 127/275/13 132/268/13 133/267/13
f 127/275/13 126/276/13 131/269/13 132/268/13
f 269/277/13 125/26/13 130/28/13 270/270/13
f 299/278/12 124/279/12 129/272/12 300/271/12
f 332/280/12 123/281/12 128/274/12 333/273/12
f 123/281/12 122/282/12 127/275/12 128/274/12
f 122/282/12 121/283/12 126/276/12 127/275/12
f 268/284/12 120/24/12 125/26/12 269/277/12
f 298/285/11 119/286/11 124/279/11 299/278/11
f 331/287/11 118/288/11 123/281/11 332/280/11
f 118/288/11 117/289/11 122/282/11 123/281/11
f 117/289/11 116/290/11 121/283/11 122/282/11
f 267/291/11 115/22/11 120/24/11 268/284/11
f 297/292/10 114/293/10 119/286/10 298/285/10
f 330/294/10 113/295/10 118/288/10 331/287/10
f 113/295/10 112/296/10 117/289/10 118/288/10
f 112/296/10 111/297/10 116/290/10 117/289/10
f 266/298/10 110/20/10 115/22/10 267/291/10
f 296/299/9 109/300/9 114/293/9 297/292/9
f 329/301/9 108/302/9 113/295/9 330/294/9
f 108/302/9 107/303/9 112/296/9 113/295/9
f 107/303/9 106/304/9 111/297/9 112/296/9
f 265/305/9 105/18/9 110/20/9 266/298/9
f 295/306/8 104/307/8 109/300/8 296/299/8
f 328/308/8 103/309/8 108/302/8 329/301/8
f 103/309/8 102/310/8 107/303/8 108/302/8
f 102/310/8 101/311/8 106/304/8 107/303/8
f 264/312/8 100/16/8 105/18/8 265/305/8
f 294/313/7 99/314/7 104/307/7 295/306/7
f 327/315/7 98/316/7 103/309/7 328/308/7
f 98/316/7 97/317/7 102/310/7 103/309/7
f 97/317/7 96/318/7 101/311/7 102/310/7
f 263/319/7 95/14/7 100/16/7 264/312/7
f 293/320/6 94/321/6 99/314/6 294/313/6
f 326/322/6 93/323/6 98/316/6 327/315/6
f 93/323/6 92/324/6 97/317/6 98/316/6
f 92/324/6 91/325/6 96/318/6 97/317/6
f 262/326/6 90/12/6 95/14/6 263/319/6
f 292/327/5 89/328/5 94/321/5 293/320/5
f 325/329/5 88/330/5 93/323/5 326/322/5
f 88/330/5 87/331/5 92/324/5 93/323/5
f 87/331/5 86/332/5 91/325/5 92/324/5
f 261/333/5 85/10/5 90/12/5 262/326/5
f 291/334/4 84/335/4 89/328/4 292/327/4
f 324/336/4 83/337/4 88/330/4 325/329/4
f 83/337/4 82/338/4 87/331/4 88/330/4
f 82/338/4 81/339/4 86/332/4 87/331/4
f 260/340/4 80/8/4 85/10/4 261/333/4
f 290/341/3 79/342/3 84/335/3 291/334/3
f 323/343/3 78/344/3 83/337/3 324/336/3
f 78/344/3 77/345/3 82/338/3 83/337/3
f 77/345/3 76/346/3 81/339/3 82/338/3
f 259/347/3 75/6/3 80/8/3 260/340/3
f 289/348/2 74/349/2 79/342/2 290/341/2
f 322/350/2 73/351/2 78/344/2 323/343/2
f 73/351/2 72/352/2 77/345/2 78/344/2
f 72/352/2 71/353/2 76/346/2 77/345/2
f 258/354/2 70/4/2 75/6/2 259/347/2
f 320/355/1 418/356/1 74/349/1 289/348/1
f 449/357/1 66/358/1 73/351/1 322/350/1
f 66/358/1 67/359/1 72/352/1 73/351/1
f 67/359/1 68/360/1 71/353/1 72/352/1
f 257/361/1 69/1/1 70/4/1 258/354/1
f 68/360/1 225/362/1 226/363/1 71/353/1
f 71/353/2 226/363/2 227/364/2 76/346/2
f 76/346/3 227/364/3 228/365/3 81/339/3
f 81/339/4 228/365/4 229/366/4 86/332/4
f 86/332/5 229/366/5 230/367/5 91/325/5
f 91/325/6 230/367/6 231/368/6 96/318/6
f 96/318/7 231/368/7 232/369/7 101/311/7
f 101/311/8 232/369/8 233/370/8 106/304/8
f 106/304/9 233/370/9 234/371/9 111/297/9
f 111/297/10 234/371/10 235/372/10 116/290/10
f 116/290/11 235/372/11 236/373/11 121/283/11
f 121/283/12 236/373/12 237/374/12 126/276/12
f 126/276/13 237/374/13 238/375/13 131/269/13
f 131/269/14 238/375/14 239/376/14 136/262/14
f 136/262/15 239/376/15 240/377/15 141/255/15
f 141/255/16 240/377/16 241/378/16 146/248/16
f 146/248/17 241/378/17 242/379/17 151/241/17
f 151/241/18 242/379/18 243/380/18 156/234/18
f 156/234/19 243/380/19 244/381/19 161/227/19
f 161/227/20 244/381/20 245/382/20 166/220/20
f 166/220/21 245/382/21 246/383/21 171/213/21
f 171/213/22 246/383/22 247/384/22 176/206/22
f 176/206/23 247/384/23 248/385/23 181/199/23
f 181/199/24 248/385/24 249/386/24 186/192/24
f 186/192/25 249/386/25 250/387/25 191/185/25
f 191/185/26 250/387/26 251/388/26 196/178/26
f 196/178/27 251/388/27 252/389/27 201/171/27
f 201/171/28 252/389/28 253/390/28 206/164/28
f 206/164/29 253/390/29 254/391/29 211/157/29
f 211/157/30 254/391/30 255/392/30 216/150/30
f 216/150/32 255/392/32 256/393/32 221/141/32
f 221/141/33 256/393/33 225/394/33 68/142/33
f 514/395/1 257/361/1 258/354/1 385/396/1
f 385/396/2 258/354/2 259/347/2 386/397/2
f 386/397/3 259/347/3 260/340/3 387/398/3
f 387/398/4 260/340/4 261/333/4 388/399/4
f 388/399/5 261/333/5 262/326/5 389/400/5
f 389/400/6 262/326/6 263/319/6 390/401/6
f 390/401/7 263/319/7 264/312/7 391/402/7
f 391/402/8 264/312/8 265/305/8 392/403/8
f 392/403/9 265/305/9 266/298/9 393/404/9
f 393/404/10 266/298/10 267/291/10 394/405/10
f 394/405/11 267/291/11 268/284/11 395/406/11
f 395/406/12 268/284/12 269/277/12 396/407/12
f 396/407/13 269/277/13 270/270/13 397/408/13
f 397/408/14 270/270/14 271/263/14 398/409/14
f 398/409/15 271/263/15 272/256/15 399/410/15
f 399/410/16 272/256/16 273/249/16 400/411/16
f 400/411/17 273/249/17 274/242/17 401/412/17
f 401/412/18 274/242/18 275/235/18 402/413/18
f 402/413/19 275/235/19 276/228/19 403/414/19
f 403/414/20 276/228/20 277/221/20 404/415/20
f 404/415/21 277/221/21 278/214/21 405/416/21
f 405/416/22 278/214/22 279/207/22 406/417/22
f 406/417/23 279/207/23 280/200/23 407/418/23
f 407/418/24 280/200/24 281/193/24 408/419/24
f 408/419/25 281/193/25 282/186/25 409/420/25
f 409/420/26 282/186/26 283/179/26 410/421/26
f 410/421/27 283/179/27 284/172/27 411/422/27
f 411/422/28 284/172/28 285/165/28 412/423/28
f 412/423/29 285/165/29 286/158/29 413/424/29
f 413/424/30 286/158/30 287/151/30 414/425/30
f 414/425/32 287/151/32 288/143/32 415/426/32
f 415/426/33 288/143/33 257/144/33 514/427/33
f 1/428/1 320/355/1 289/348/1 3/429/1
f 3/429/2 289/348/2 290/341/2 5/430/2
f 5/430/3 290/341/3 291/334/3 7/431/3
f 7/431/4 291/334/4 292/327/4 9/432/4
f 9/432/5 292/327/5 293/320/5 11/433/5
f 11/433/6 293/320/6 294/313/6 13/434/6
f 13/434/7 294/313/7 295/306/7 15/435/7
f 15/435/8 295/306/8 296/299/8 17/436/8
f 17/436/9 296/299/9 297/292/9 19/437/9
f 19/437/10 297/292/10 298/285/10 21/438/10
f 21/438/11 298/285/11 299/278/11 23/439/11
f 23/439/12 299/278/12 300/271/12 25/440/12
f 25/440/13 300/271/13 301/264/13 27/441/13
f 27/441/14 301/264/14 302/257/14 29/442/14
f 29/442/15 302/257/15 303/250/15 31/443/15
f 31/443/16 303/250/16 304/243/16 33/444/16
f 33/444/17 304/243/17 305/236/17 35/445/17
f 35/445/18 305/236/18 306/229/18 37/446/18
f 37/446/19 306/229/19 307/222/19 39/447/19
f 39/447/20 307/222/20 308/215/20 41/448/20
f 41/448/21 308/215/21 309/208/21 43/449/21
f 43/449/22 309/208/22 310/201/22 45/450/22
f 45/450/23 310/201/23 311/194/23 47/451/23
f 47/451/24 311/194/24 312/187/24 49/452/24
f 49/452/25 312/187/25 313/180/25 51/453/25
f 51/453/26 313/180/26 314/173/26 53/454/26
f 53/454/27 314/173/27 315/166/27 55/455/27
f 55/455/28 315/166/28 316/159/28 57/456/28
f 57/456/29 316/159/29 317/152/29 59/457/29
f 59/457/30 317/152/30 318/145/30 61/458/30
f 61/458/32 318/145/32 319/131/32 63/459/32
f 63/459/33 319/131/33 320/134/33 1/460/33
f 225/362/1 353/461/1 482/462/1 226/363/1
f 226/363/2 482/462/2 483/463/2 227/364/2
f 227/364/3 483/463/3 484/464/3 228/365/3
f 228/365/4 484/464/4 485/465/4 229/366/4
f 229/366/5 485/465/5 486/466/5 230/367/5
f 230/367/6 486/466/6 487/467/6 231/368/6
f 231/368/7 487/467/7 488/468/7 232/369/7
f 232/369/8 488/468/8 489/469/8 233/370/8
f 233/370/9 489/469/9 490/470/9 234/371/9
f 234/371/10 490/470/10 491/471/10 235/372/10
f 235/372/11 491/471/11 492/472/11 236/373/11
f 236/373/12 492/472/12 493/473/12 237/374/12
f 237/374/13 493/473/13 494/474/13 238/375/13
f 238/375/14 494/474/14 495/475/14 239/376/14
f 239/376/15 495/475/15 496/476/15 240/377/15
f 240/377/16 496/476/16 497/477/16 241/378/16
f 241/378/17 497/477/17 498/478/17 242/379/17
f 242/379/18 498/478/18 499/479/18 243/380/18
f 243/380/19 499/479/19 500/480/19 244/381/19
f 244/381/20 500/480/20 501/481/20 245/382/20
f 245/382/21 501/481/21 502/482/21 246/383/21
f 246/383/22 502/482/22 503/483/22 247/384/22
f 247/384/23 503/483/23 504/484/23 248/385/23
f 248/385/24 504/484/24 505/485/24 249/386/24
f 249/386/25 505/485/25 506/486/25 250/387/25
f 250/387/26 506/486/26 507/487/26 251/388/26
f 251/388/27 507/487/27 508/488/27 252/389/27
f 252/389/28 508/488/28 509/489/28 253/390/28
f 253/390/29 509/489/29 510/490/29 254/391/29
f 254/391/30 510/490/30 511/491/30 255/392/30
f 255/392/32 511/491/32 512/492/32 256/393/32
f 256/393/33 512/492/33 353/493/33 225/394/33
f 417/132/34 65/133/34 418/133/34 224/132/34
f 419/146/34 417/132/34 224/132/34 219/146/34
f 420/153/34 419/146/34 219/146/34 214/153/34
f 421/160/34 420/153/34 214/153/34 209/160/34
f 422/167/34 421/160/34 209/160/34 204/167/34
f 423/174/34 422/167/34 204/167/34 199/174/34
f 424/181/34 423/174/34 199/174/34 194/181/34
f 425/188/34 424/181/34 194/181/34 189/188/34
f 426/195/34 425/188/34 189/188/34 184/195/34
f 427/202/34 426/195/34 184/195/34 179/202/34
f 428/209/34 427/202/34 179/202/34 174/209/34
f 429/216/34 428/209/34 174/209/34 169/216/34
f 430/223/34 429/216/34 169/216/34 164/223/34
f 431/230/34 430/223/34 164/223/34 159/230/34
f 432/237/34 431/230/34 159/230/34 154/237/34
f 433/244/34 432/237/34 154/237/34 149/244/34
f 434/251/34 433/244/34 149/244/34 144/251/34
f 435/258/34 434/251/34 144/251/34 139/258/34
f 436/265/34 435/258/34 139/258/34 134/265/34
f 437/272/34 436/265/34 134/265/34 129/272/34
f 438/279/34 437/272/34 129/272/34 124/279/34
f 439/286/34 438/279/34 124/279/34 119/286/34
f 440/293/34 439/286/34 119/286/34 114/293/34
f 441/300/34 440/293/34 114/293/34 109/300/34
f 442/307/34 441/300/34 109/300/34 104/307/34
f 443/314/34 442/307/34 104/307/34 99/314/34
f 444/321/34 443/314/34 99/314/34 94/321/34
f 445/328/34 444/321/34 94/321/34 89/328/34
f 446/335/34 445/328/34 89/328/34 84/335/34
f 447/342/34 446/335/34 84/335/34 79/342/34
f 448/349/34 447/342/34 79/342/34 74/349/34
f 65/356/34 448/349/34 74/349/34 418/356/34
f 450/350/31 321/357/31 449/357/31 322/350/31
f 451/343/31 450/350/31 322/350/31 323/343/31
f 452/336/31 451/343/31 323/343/31 324/336/31
f 453/329/31 452/336/31 324/336/31 325/329/31
f 454/322/31 453/329/31 325/329/31 326/322/31
f 455/315/31 454/322/31 326/322/31 327/315/31
f 456/308/31 455/315/31 327/315/31 328/308/31
f 457/301/31 456/308/31 328/308/31 329/301/31
f 458/294/31 457/301/31 329/301/31 330/294/31
f 459/287/31 458/294/31 330/294/31 331/287/31
f 460/280/31 459/287/31 331/287/31 332/280/31
f 461/273/31 460/280/31 332/280/31 333/273/31
f 462/266/31 461/273/31 333/273/31 334/266/31
f 463/259/31 462/266/31 334/266/31 335/259/31
f 464/252/31 463/259/31 335/259/31 336/252/31
f 465/245/31 464/252/31 336/252/31 337/245/31
f 466/238/31 465/245/31 337/245/31 338/238/31
f 467/231/31 466/238/31 338/238/31 339/231/31
f 468/224/31 467/231/31 339/231/31 340/224/31
f 469/217/31 468/224/31 340/224/31 341/217/31
f 470/210/31 469/217/31 341/217/31 342/210/31
f 471/203/31 470/210/31 342/210/31 343/203/31
f 472/196/31 471/203/31 343/203/31 344/196/31
f 473/189/31 472/196/31 344/196/31 345/189/31
f 474/182/31 473/189/31 345/189/31 346/182/31
f 475/175/31 474/182/31 346/182/31 347/175/31
f 476/168/31 475/175/31 347/175/31 348/168/31
f 477/161/31 476/168/31 348/168/31 349/161/31
f 478/154/31 477/161/31 349/161/31 350/154/31
f 479/147/31 478/154/31 350/154/31 351/147/31
f 480/135/31 479/147/31 351/147/31 352/135/31
f 321/138/31 480/135/31 352/135/31 449/138/31
f 481/461/34 354/462/34 482/462/34 353/461/34
f 354/462/34 355/463/34 483/463/34 482/462/34
f 355/463/34 356/464/34 484/464/34 483/463/34
f 356/464/34 357/465/34 485/465/34 484/464/34
f 357/465/34 358/466/34 486/466/34 485/465/34
f 358/466/34 359/467/34 487/467/34 486/466/34
f 359/467/34 360/468/34 488/468/34 487/467/34
f 360/468/34 361/469/34 489/469/34 488/468/34
f 361/469/34 362/470/34 490/470/34 489/469/34
f 362/470/34 363/471/34 491/471/34 490/470/34
f 363/471/34 364/472/34 492/472/34 491/471/34
f 364/472/34 365/473/34 493/473/34 492/472/34
f 365/473/34 366/474/34 494/474/34 493/473/34
f 366/474/34 367/475/34 495/475/34 494/474/34
f 367/475/34 368/476/34 496/476/34 495/475/34
f 368/476/34 369/477/34 497/477/34 496/476/34
f 369/477/34 370/478/34 498/478/34 497/477/34
f 370/478/34 371/479/34 499/479/34 498/478/34
f 371/479/34 372/480/34 500/480/34 499/479/34
f 372/480/34 373/481/34 501/481/34 500/480/34
f 373/481/34 374/482/34 502/482/34 501/481/34
f 374/482/34 375/483/34 503/483/34 502/482/34
f 375/483/34 376/484/34 504/484/34 503/483/34
f 376/484/34 377/485/34 505/485/34 504/484/34
f 377/485/34 378/486/34 506/486/34 505/485/34
f 378/486/34 379/487/34 507/487/34 506/486/34
f 379/487/34 380/488/34 508/488/34 507/487/34
f 380/488/34 381/489/34 509/489/34 508/488/34
f 381/489/34 382/490/34 510/490/34 509/489/34
f 382/490/34 383/491/34 511/491/34 510/490/34
f 383/491/34 384/492/34 512/492/34 511/491/34
f 384/492/34 481/493/34 353/493/34 512/492/34
f 416/427/31 513/426/31 415/426/31 514/427/31
f 513/426/31 515/425/31 414/425/31 415/426/31
f 515/425/31 516/424/31 413/424/31 414/425/31
f 516/424/31 517/423/31 412/423/31 413/424/31
f 517/423/31 518/422/31 411/422/31 412/423/31
f 518/422/31 519/421/31 410/421/31 411/422/31
f 519/421/31 520/420/31 409/420/31 410/421/31
f 520/420/31 521/419/31 408/419/31 409/420/31
f 521/419/31 522/418/31 407/418/31 408/419/31
f 522/418/31 523/417/31 406/417/31 407/418/31
f 523/417/31 524/416/31 405/416/31 406/417/31
f 524/416/31 525/415/31 404/415/31 405/416/31
f 525/415/31 526/414/31 403/414/31 404/415/31
f 526/414/31 527/413/31 402/413/31 403/414/31
f 527/413/31 528/412/31 401/412/31 402/413/31
f 528/412/31 529/411/31 400/411/31 401/412/31
f 529/411/31 530/410/31 399/410/31 400/411/31
f 530/410/31 531/409/31 398/409/31 399/410/31
f 531/409/31 532/408/31 397/408/31 398/409/31
f 532/408/31 533/407/31 396/407/31 397/408/31
f 533/407/31 534/406/31 395/406/31 396/407/31
f 534/406/31 535/405/31 394/405/31 395/406/31
f 535/405/31 536/404/31 393/404/31 394/405/31
f 536/404/31 537/403/31 392/403/31 393/404/31
f 537/403/31 538/402/31 391/402/31 392/403/31
f 538/402/31 539/401/31 390/401/31 391/402/31
f 539/401/31 540/400/31 389/400/31 390/401/31
f 540/400/31 541/399/31 388/399/31 389/400/31
f 541/399/31 542/398/31 387/398/31 388/399/31
f 542/398/31 543/397/31 386/397/31 387/398/31
f 543/397/31 544/396/31 385/396/31 386/397/31
f 544/396/31 416/395/31 514/395/31 385/396/31
usemtl Material.076
f 609/492/33 577/494/33 546/495/33 673/493/33
f 608/491/32 576/496/32 577/494/32 609/492/32
f 607/490/30 575/497/30 576/496/30 608/491/30
f 606/489/29 574/498/29 575/497/29 607/490/29
f 605/488/28 573/499/28 574/498/28 606/489/28
f 604/487/27 572/500/27 573/499/27 605/488/27
f 603/486/26 571/501/26 572/500/26 604/487/26
f 602/485/25 570/502/25 571/501/25 603/486/25
f 601/484/24 569/503/24 570/502/24 602/485/24
f 600/483/23 568/504/23 569/503/23 601/484/23
f 599/482/22 567/505/22 568/504/22 600/483/22
f 598/481/21 566/506/21 567/505/21 599/482/21
f 597/480/20 565/507/20 566/506/20 598/481/20
f 596/479/19 564/508/19 565/507/19 597/480/19
f 595/478/18 563/509/18 564/508/18 596/479/18
f 594/477/17 562/510/17 563/509/17 595/478/17
f 593/476/16 561/511/16 562/510/16 594/477/16
f 592/475/15 560/512/15 561/511/15 593/476/15
f 591/474/14 559/513/14 560/512/14 592/475/14
f 590/473/13 558/514/13 559/513/13 591/474/13
f 589/472/12 557/515/12 558/514/12 590/473/12
f 588/471/11 556/516/11 557/515/11 589/472/11
f 587/470/10 555/517/10 556/516/10 588/471/10
f 586/469/9 554/518/9 555/517/9 587/470/9
f 585/468/8 553/519/8 554/518/8 586/469/8
f 584/467/7 552/520/7 553/519/7 585/468/7
f 583/466/6 551/521/6 552/520/6 584/467/6
f 582/465/5 550/522/5 551/521/5 583/466/5
f 581/464/4 549/523/4 550/522/4 582/465/4
f 580/463/3 548/524/3 549/523/3 581/464/3
f 579/462/2 547/525/2 548/524/2 580/463/2
f 673/461/1 546/526/1 547/525/1 579/462/1
f 545/356/1 578/357/1 642/350/1 641/349/1
f 641/349/2 642/350/2 643/343/2 640/342/2
f 640/342/3 643/343/3 644/336/3 639/335/3
f 639/335/4 644/336/4 645/329/4 638/328/4
f 638/328/5 645/329/5 646/322/5 637/321/5
f 637/321/6 646/322/6 647/315/6 636/314/6
f 636/314/7 647/315/7 648/308/7 635/307/7
f 635/307/8 648/308/8 649/301/8 634/300/8
f 634/300/9 649/301/9 650/294/9 633/293/9
f 633/293/10 650/294/10 651/287/10 632/286/10
f 632/286/11 651/287/11 652/280/11 631/279/11
f 631/279/12 652/280/12 653/273/12 630/272/12
f 630/272/13 653/273/13 654/266/13 629/265/13
f 629/265/14 654/266/14 655/259/14 628/258/14
f 628/258/15 655/259/15 656/252/15 627/251/15
f 627/251/16 656/252/16 657/245/16 626/244/16
f 626/244/17 657/245/17 658/238/17 625/237/17
f 625/237/18 658/238/18 659/231/18 624/230/18
f 624/230/19 659/231/19 660/224/19 623/223/19
f 623/223/20 660/224/20 661/217/20 622/216/20
f 622/216/21 661/217/21 662/210/21 621/209/21
f 621/209/22 662/210/22 663/203/22 620/202/22
f 620/202/23 663/203/23 664/196/23 619/195/23
f 619/195/24 664/196/24 665/189/24 618/188/24
f 618/188/25 665/189/25 666/182/25 617/181/25
f 617/181/26 666/182/26 667/175/26 616/174/26
f 616/174/27 667/175/27 668/168/27 615/167/27
f 615/167/28 668/168/28 669/161/28 614/160/28
f 614/160/29 669/161/29 670/154/29 613/153/29
f 613/153/30 670/154/30 671/147/30 612/146/30
f 612/146/32 671/147/32 672/135/32 611/132/32
f 611/132/33 672/135/33 578/138/33 545/133/33
f 577/494/33 674/426/33 610/427/33 546/495/33
f 576/496/32 675/425/32 674/426/32 577/494/32
f 575/497/30 676/424/30 675/425/30 576/496/30
f 574/498/29 677/423/29 676/424/29 575/497/29
f 573/499/28 678/422/28 677/423/28 574/498/28
f 572/500/27 679/421/27 678/422/27 573/499/27
f 571/501/26 680/420/26 679/421/26 572/500/26
f 570/502/25 681/419/25 680/420/25 571/501/25
f 569/503/24 682/418/24 681/419/24 570/502/24
f 568/504/23 683/417/23 682/418/23 569/503/23
f 567/505/22 684/416/22 683/417/22 568/504/22
f 566/506/21 685/415/21 684/416/21 567/505/21
f 565/507/20 686/414/20 685/415/20 566/506/20
f 564/508/19 687/413/19 686/414/19 565/507/19
f 563/509/18 688/412/18 687/413/18 564/508/18
f 562/510/17 689/411/17 688/412/17 563/509/17
f 561/511/16 690/410/16 689/411/16 562/510/16
f 560/512/15 691/409/15 690/410/15 561/511/15
f 559/513/14 692/408/14 691/409/14 560/512/14
f 558/514/13 693/407/13 692/408/13 559/513/13
f 557/515/12 694/406/12 693/407/12 558/514/12
f 556/516/11 695/405/11 694/406/11 557/515/11
f 555/517/10 696/404/10 695/405/10 556/516/10
f 554/518/9 697/403/9 696/404/9 555/517/9
f 553/519/8 698/402/8 697/403/8 554/518/8
f 552/520/7 699/401/7 698/402/7 553/519/7
f 551/521/6 700/400/6 699/401/6 552/520/6
f 550/522/5 701/399/5 700/400/5 551/521/5
f 549/523/4 702/398/4 701/399/4 550/522/4
f 548/524/3 703/397/3 702/398/3 549/523/3
f 547/525/2 704/396/2 703/397/2 548/524/2
f 546/526/1 610/395/1 704/396/1 547/525/1
usemtl Material.068
f 773/1/1 706/2/1 708/3/1 774/4/1
f 774/4/2 708/3/2 710/5/2 779/6/2
f 779/6/3 710/5/3 712/7/3 784/8/3
f 784/8/4 712/7/4 714/9/4 789/10/4
f 789/10/5 714/9/5 716/11/5 794/12/5
f 794/12/6 716/11/6 718/13/6 799/14/6
f 799/14/7 718/13/7 720/15/7 804/16/7
f 804/16/8 720/15/8 722/17/8 809/18/8
f 809/18/9 722/17/9 724/19/9 814/20/9
f 814/20/10 724/19/10 726/21/10 819/22/10
f 819/22/11 726/21/11 728/23/11 824/24/11
f 824/24/12 728/23/12 730/25/12 829/26/12
f 829/26/13 730/25/13 732/27/13 834/28/13
f 834/28/14 732/27/14 734/29/14 839/30/14
f 839/30/15 734/29/15 736/31/15 844/32/15
f 844/32/16 736/31/16 738/33/16 849/34/16
f 849/34/17 738/33/17 740/35/17 854/36/17
f 854/36/18 740/35/18 742/37/18 859/38/18
f 859/38/19 742/37/19 744/39/19 864/40/19
f 864/40/20 744/39/20 746/41/20 869/42/20
f 869/42/21 746/41/21 748/43/21 874/44/21
f 874/44/22 748/43/22 750/45/22 879/46/22
f 879/46/23 750/45/23 752/47/23 884/48/23
f 884/48/24 752/47/24 754/49/24 889/50/24
f 889/50/25 754/49/25 756/51/25 894/52/25
f 894/52/26 756/51/26 758/53/26 899/54/26
f 899/54/27 758/53/27 760/55/27 904/56/27
f 904/56/28 760/55/28 762/57/28 909/58/28
f 909/58/29 762/57/29 764/59/29 914/60/29
f 914/60/30 764/59/30 766/61/30 919/62/30
f 708/63/31 706/64/31 768/65/31 766/66/31 764/67/31 762/68/31 760/69/31 758/70/31 756/71/31 754/72/31 752/73/31 750/74/31 748/75/31 746/76/31 744/77/31 742/78/31 740/79/31 738/80/31 736/81/31 734/82/31 732/83/31 730/84/31 728/85/31 726/86/31 724/87/31 722/88/31 720/89/31 718/90/31 716/91/31 714/92/31 712/93/31 710/94/31
f 919/62/32 766/61/32 768/95/32 924/96/32
f 924/96/33 768/95/33 706/97/33 773/98/33
f 705/99/34 707/100/34 709/101/34 711/102/34 713/103/34 715/104/34 717/105/34 719/106/34 721/107/34 723/108/34 725/109/34 727/110/34 729/111/34 731/112/34 733/113/34 735/114/34 737/115/34 739/116/34 741/117/34 743/118/34 745/119/34 747/120/34 749/121/34 751/122/34 753/123/34 755/124/34 757/125/34 759/126/34 761/127/34 763/128/34 765/129/34 767/130/34
f 1023/131/33 928/132/33 1122/133/33 1024/134/33
f 1056/135/33 927/136/33 770/137/33 1153/138/33
f 927/136/33 926/139/33 771/140/33 770/137/33
f 926/139/33 925/141/33 772/142/33 771/140/33
f 992/143/33 924/96/33 773/98/33 961/144/33
f 1022/145/32 923/146/32 928/132/32 1023/131/32
f 1055/147/32 922/148/32 927/136/32 1056/135/32
f 922/148/32 921/149/32 926/139/32 927/136/32
f 921/149/32 920/150/32 925/141/32 926/139/32
f 991/151/32 919/62/32 924/96/32 992/143/32
f 1021/152/30 918/153/30 923/146/30 1022/145/30
f 1054/154/30 917/155/30 922/148/30 1055/147/30
f 917/155/30 916/156/30 921/149/30 922/148/30
f 916/156/30 915/157/30 920/150/30 921/149/30
f 990/158/30 914/60/30 919/62/30 991/151/30
f 1020/159/29 913/160/29 918/153/29 1021/152/29
f 1053/161/29 912/162/29 917/155/29 1054/154/29
f 912/162/29 911/163/29 916/156/29 917/155/29
f 911/163/29 910/164/29 915/157/29 916/156/29
f 989/165/29 909/58/29 914/60/29 990/158/29
f 1019/166/28 908/167/28 913/160/28 1020/159/28
f 1052/168/28 907/169/28 912/162/28 1053/161/28
f 907/169/28 906/170/28 911/163/28 912/162/28
f 906/170/28 905/171/28 910/164/28 911/163/28
f 988/172/28 904/56/28 909/58/28 989/165/28
f 1018/173/27 903/174/27 908/167/27 1019/166/27
f 1051/175/27 902/176/27 907/169/27 1052/168/27
f 902/176/27 901/177/27 906/170/27 907/169/27
f 901/177/27 900/178/27 905/171/27 906/170/27
f 987/179/27 899/54/27 904/56/27 988/172/27
f 1017/180/26 898/181/26 903/174/26 1018/173/26
f 1050/182/26 897/183/26 902/176/26 1051/175/26
f 897/183/26 896/184/26 901/177/26 902/176/26
f 896/184/26 895/185/26 900/178/26 901/177/26
f 986/186/26 894/52/26 899/54/26 987/179/26
f 1016/187/25 893/188/25 898/181/25 1017/180/25
f 1049/189/25 892/190/25 897/183/25 1050/182/25
f 892/190/25 891/191/25 896/184/25 897/183/25
f 891/191/25 890/192/25 895/185/25 896/184/25
f 985/193/25 889/50/25 894/52/25 986/186/25
f 1015/194/24 888/195/24 893/188/24 1016/187/24
f 1048/196/24 887/197/24 892/190/24 1049/189/24
f 887/197/24 886/198/24 891/191/24 892/190/24
f 886/198/24 885/199/24 890/192/24 891/191/24
f 984/200/24 884/48/24 889/50/24 985/193/24
f 1014/201/23 883/202/23 888/195/23 1015/194/23
f 1047/203/23 882/204/23 887/197/23 1048/196/23
f 882/204/23 881/205/23 886/198/23 887/197/23
f 881/205/23 880/206/23 885/199/23 886/198/23
f 983/207/23 879/46/23 884/48/23 984/200/23
f 1013/208/22 878/209/22 883/202/22 1014/201/22
f 1046/210/22 877/211/22 882/204/22 1047/203/22
f 877/211/22 876/212/22 881/205/22 882/204/22
f 876/212/22 875/213/22 880/206/22 881/205/22
f 982/214/22 874/44/22 879/46/22 983/207/22
f 1012/215/21 873/216/21 878/209/21 1013/208/21
f 1045/217/21 872/218/21 877/211/21 1046/210/21
f 872/218/21 871/219/21 876/212/21 877/211/21
f 871/219/21 870/220/21 875/213/21 876/212/21
f 981/221/21 869/42/21 874/44/21 982/214/21
f 1011/222/20 868/223/20 873/216/20 1012/215/20
f 1044/224/20 867/225/20 872/218/20 1045/217/20
f 867/225/20 866/226/20 871/219/20 872/218/20
f 866/226/20 865/227/20 870/220/20 871/219/20
f 980/228/20 864/40/20 869/42/20 981/221/20
f 1010/229/19 863/230/19 868/223/19 1011/222/19
f 1043/231/19 862/232/19 867/225/19 1044/224/19
f 862/232/19 861/233/19 866/226/19 867/225/19
f 861/233/19 860/234/19 865/227/19 866/226/19
f 979/235/19 859/38/19 864/40/19 980/228/19
f 1009/236/18 858/237/18 863/230/18 1010/229/18
f 1042/238/18 857/239/18 862/232/18 1043/231/18
f 857/239/18 856/240/18 861/233/18 862/232/18
f 856/240/18 855/241/18 860/234/18 861/233/18
f 978/242/18 854/36/18 859/38/18 979/235/18
f 1008/243/17 853/244/17 858/237/17 1009/236/17
f 1041/245/17 852/246/17 857/239/17 1042/238/17
f 852/246/17 851/247/17 856/240/17 857/239/17
f 851/247/17 850/248/17 855/241/17 856/240/17
f 977/249/17 849/34/17 854/36/17 978/242/17
f 1007/250/16 848/251/16 853/244/16 1008/243/16
f 1040/252/16 847/253/16 852/246/16 1041/245/16
f 847/253/16 846/254/16 851/247/16 852/246/16
f 846/254/16 845/255/16 850/248/16 851/247/16
f 976/256/16 844/32/16 849/34/16 977/249/16
f 1006/257/15 843/258/15 848/251/15 1007/250/15
f 1039/259/15 842/260/15 847/253/15 1040/252/15
f 842/260/15 841/261/15 846/254/15 847/253/15
f 841/261/15 840/262/15 845/255/15 846/254/15
f 975/263/15 839/30/15 844/32/15 976/256/15
f 1005/264/14 838/265/14 843/258/14 1006/257/14
f 1038/266/14 837/267/14 842/260/14 1039/259/14
f 837/267/14 836/268/14 841/261/14 842/260/14
f 836/268/14 835/269/14 840/262/14 841/261/14
f 974/270/14 834/28/14 839/30/14 975/263/14
f 1004/271/13 833/272/13 838/265/13 1005/264/13
f 1037/273/13 832/274/13 837/267/13 1038/266/13
f 832/274/13 831/275/13 836/268/13 837/267/13
f 831/275/13 830/276/13 835/269/13 836/268/13
f 973/277/13 829/26/13 834/28/13 974/270/13
f 1003/278/12 828/279/12 833/272/12 1004/271/12
f 1036/280/12 827/281/12 832/274/12 1037/273/12
f 827/281/12 826/282/12 831/275/12 832/274/12
f 826/282/12 825/283/12 830/276/12 831/275/12
f 972/284/12 824/24/12 829/26/12 973/277/12
f 1002/285/11 823/286/11 828/279/11 1003/278/11
f 1035/287/11 822/288/11 827/281/11 1036/280/11
f 822/288/11 821/289/11 826/282/11 827/281/11
f 821/289/11 820/290/11 825/283/11 826/282/11
f 971/291/11 819/22/11 824/24/11 972/284/11
f 1001/292/10 818/293/10 823/286/10 1002/285/10
f 1034/294/10 817/295/10 822/288/10 1035/287/10
f 817/295/10 816/296/10 821/289/10 822/288/10
f 816/296/10 815/297/10 820/290/10 821/289/10
f 970/298/10 814/20/10 819/22/10 971/291/10
f 1000/299/9 813/300/9 818/293/9 1001/292/9
f 1033/301/9 812/302/9 817/295/9 1034/294/9
f 812/302/9 811/303/9 816/296/9 817/295/9
f 811/303/9 810/304/9 815/297/9 816/296/9
f 969/305/9 809/18/9 814/20/9 970/298/9
f 999/306/8 808/307/8 813/300/8 1000/299/8
f 1032/308/8 807/309/8 812/302/8 1033/301/8
f 807/309/8 806/310/8 811/303/8 812/302/8
f 806/310/8 805/311/8 810/304/8 811/303/8
f 968/312/8 804/16/8 809/18/8 969/305/8
f 998/313/7 803/314/7 808/307/7 999/306/7
f 1031/315/7 802/316/7 807/309/7 1032/308/7
f 802/316/7 801/317/7 806/310/7 807/309/7
f 801/317/7 800/318/7 805/311/7 806/310/7
f 967/319/7 799/14/7 804/16/7 968/312/7
f 997/320/6 798/321/6 803/314/6 998/313/6
f 1030/322/6 797/323/6 802/316/6 1031/315/6
f 797/323/6 796/324/6 801/317/6 802/316/6
f 796/324/6 795/325/6 800/318/6 801/317/6
f 966/326/6 794/12/6 799/14/6 967/319/6
f 996/327/5 793/328/5 798/321/5 997/320/5
f 1029/329/5 792/330/5 797/323/5 1030/322/5
f 792/330/5 791/331/5 796/324/5 797/323/5
f 791/331/5 790/332/5 795/325/5 796/324/5
f 965/333/5 789/10/5 794/12/5 966/326/5
f 995/334/4 788/335/4 793/328/4 996/327/4
f 1028/336/4 787/337/4 792/330/4 1029/329/4
f 787/337/4 786/338/4 791/331/4 792/330/4
f 786/338/4 785/339/4 790/332/4 791/331/4
f 964/340/4 784/8/4 789/10/4 965/333/4
f 994/341/3 783/342/3 788/335/3 995/334/3
f 1027/343/3 782/344/3 787/337/3 1028/336/3
f 782/344/3 781/345/3 786/338/3 787/337/3
f 781/345/3 780/346/3 785/339/3 786/338/3
f 963/347/3 779/6/3 784/8/3 964/340/3
f 993/348/2 778/349/2 783/342/2 994/341/2
f 1026/350/2 777/351/2 782/344/2 1027/343/2
f 777/351/2 776/352/2 781/345/2 782/344/2
f 776/352/2 775/353/2 780/346/2 781/345/2
f 962/354/2 774/4/2 779/6/2 963/347/2
f 1024/355/1 1122/356/1 778/349/1 993/348/1
f 1153/357/1 770/358/1 777/351/1 1026/350/1
f 770/358/1 771/359/1 776/352/1 777/351/1
f 771/359/1 772/360/1 775/353/1 776/352/1
f 961/361/1 773/1/1 774/4/1 962/354/1
f 772/360/1 929/362/1 930/363/1 775/353/1
f 775/353/2 930/363/2 931/364/2 780/346/2
f 780/346/3 931/364/3 932/365/3 785/339/3
f 785/339/4 932/365/4 933/366/4 790/332/4
f 790/332/5 933/366/5 934/367/5 795/325/5
f 795/325/6 934/367/6 935/368/6 800/318/6
f 800/318/7 935/368/7 936/369/7 805/311/7
f 805/311/8 936/369/8 937/370/8 810/304/8
f 810/304/9 937/370/9 938/371/9 815/297/9
f 815/297/10 938/371/10 939/372/10 820/290/10
f 820/290/11 939/372/11 940/373/11 825/283/11
f 825/283/12 940/373/12 941/374/12 830/276/12
f 830/276/13 941/374/13 942/375/13 835/269/13
f 835/269/14 942/375/14 943/376/14 840/262/14
f 840/262/15 943/376/15 944/377/15 845/255/15
f 845/255/16 944/377/16 945/378/16 850/248/16
f 850/248/17 945/378/17 946/379/17 855/241/17
f 855/241/18 946/379/18 947/380/18 860/234/18
f 860/234/19 947/380/19 948/381/19 865/227/19
f 865/227/20 948/381/20 949/382/20 870/220/20
f 870/220/21 949/382/21 950/383/21 875/213/21
f 875/213/22 950/383/22 951/384/22 880/206/22
f 880/206/23 951/384/23 952/385/23 885/199/23
f 885/199/24 952/385/24 953/386/24 890/192/24
f 890/192/25 953/386/25 954/387/25 895/185/25
f 895/185/26 954/387/26 955/388/26 900/178/26
f 900/178/27 955/388/27 956/389/27 905/171/27
f 905/171/28 956/389/28 957/390/28 910/164/28
f 910/164/29 957/390/29 958/391/29 915/157/29
f 915/157/30 958/391/30 959/392/30 920/150/30
f 920/150/32 959/392/32 960/393/32 925/141/32
f 925/141/33 960/393/33 929/394/33 772/142/33
f 1218/395/1 961/361/1 962/354/1 1089/396/1
f 1089/396/2 962/354/2 963/347/2 1090/397/2
f 1090/397/3 963/347/3 964/340/3 1091/398/3
f 1091/398/4 964/340/4 965/333/4 1092/399/4
f 1092/399/5 965/333/5 966/326/5 1093/400/5
f 1093/400/6 966/326/6 967/319/6 1094/401/6
f 1094/401/7 967/319/7 968/312/7 1095/402/7
f 1095/402/8 968/312/8 969/305/8 1096/403/8
f 1096/403/9 969/305/9 970/298/9 1097/404/9
f 1097/404/10 970/298/10 971/291/10 1098/405/10
f 1098/405/11 971/291/11 972/284/11 1099/406/11
f 1099/406/12 972/284/12 973/277/12 1100/407/12
f 1100/407/13 973/277/13 974/270/13 1101/408/13
f 1101/408/14 974/270/14 975/263/14 1102/409/14
f 1102/409/15 975/263/15 976/256/15 1103/410/15
f 1103/410/16 976/256/16 977/249/16 1104/411/16
f 1104/411/17 977/249/17 978/242/17 1105/412/17
f 1105/412/18 978/242/18 979/235/18 1106/413/18
f 1106/413/19 979/235/19 980/228/19 1107/414/19
f 1107/414/20 980/228/20 981/221/20 1108/415/20
f 1108/415/21 981/221/21 982/214/21 1109/416/21
f 1109/416/22 982/214/22 983/207/22 1110/417/22
f 1110/417/23 983/207/23 984/200/23 1111/418/23
f 1111/418/24 984/200/24 985/193/24 1112/419/24
f 1112/419/25 985/193/25 986/186/25 1113/420/25
f 1113/420/26 986/186/26 987/179/26 1114/421/26
f 1114/421/27 987/179/27 988/172/27 1115/422/27
f 1115/422/28 988/172/28 989/165/28 1116/423/28
f 1116/423/29 989/165/29 990/158/29 1117/424/29
f 1117/424/30 990/158/30 991/151/30 1118/425/30
f 1118/425/32 991/151/32 992/143/32 1119/426/32
f 1119/426/33 992/143/33 961/144/33 1218/427/33
f 705/428/1 1024/355/1 993/348/1 707/429/1
f 707/429/2 993/348/2 994/341/2 709/430/2
f 709/430/3 994/341/3 995/334/3 711/431/3
f 711/431/4 995/334/4 996/327/4 713/432/4
f 713/432/5 996/327/5 997/320/5 715/433/5
f 715/433/6 997/320/6 998/313/6 717/434/6
f 717/434/7 998/313/7 999/306/7 719/435/7
f 719/435/8 999/306/8 1000/299/8 721/436/8
f 721/436/9 1000/299/9 1001/292/9 723/437/9
f 723/437/10 1001/292/10 1002/285/10 725/438/10
f 725/438/11 1002/285/11 1003/278/11 727/439/11
f 727/439/12 1003/278/12 1004/271/12 729/440/12
f 729/440/13 1004/271/13 1005/264/13 731/441/13
f 731/441/14 1005/264/14 1006/257/14 733/442/14
f 733/442/15 1006/257/15 1007/250/15 735/443/15
f 735/443/16 1007/250/16 1008/243/16 737/444/16
f 737/444/17 1008/243/17 1009/236/17 739/445/17
f 739/445/18 1009/236/18 1010/229/18 741/446/18
f 741/446/19 1010/229/19 1011/222/19 743/447/19
f 743/447/20 1011/222/20 1012/215/20 745/448/20
f 745/448/21 1012/215/21 1013/208/21 747/449/21
f 747/449/22 1013/208/22 1014/201/22 749/450/22
f 749/450/23 1014/201/23 1015/194/23 751/451/23
f 751/451/24 1015/194/24 1016/187/24 753/452/24
f 753/452/25 1016/187/25 1017/180/25 755/453/25
f 755/453/26 1017/180/26 1018/173/26 757/454/26
f 757/454/27 1018/173/27 1019/166/27 759/455/27
f 759/455/28 1019/166/28 1020/159/28 761/456/28
f 761/456/29 1020/159/29 1021/152/29 763/457/29
f 763/457/30 1021/152/30 1022/145/30 765/458/30
f 765/458/32 1022/145/32 1023/131/32 767/459/32
f 767/459/33 1023/131/33 1024/134/33 705/460/33
f 929/362/1 1057/461/1 1186/462/1 930/363/1
f 930/363/2 1186/462/2 1187/463/2 931/364/2
f 931/364/3 1187/463/3 1188/464/3 932/365/3
f 932/365/4 1188/464/4 1189/465/4 933/366/4
f 933/366/5 1189/465/5 1190/466/5 934/367/5
f 934/367/6 1190/466/6 1191/467/6 935/368/6
f 935/368/7 1191/467/7 1192/468/7 936/369/7
f 936/369/8 1192/468/8 1193/469/8 937/370/8
f 937/370/9 1193/469/9 1194/470/9 938/371/9
f 938/371/10 1194/470/10 1195/471/10 939/372/10
f 939/372/11 1195/471/11 1196/472/11 940/373/11
f 940/373/12 1196/472/12 1197/473/12 941/374/12
f 941/374/13 1197/473/13 1198/474/13 942/375/13
f 942/375/14 1198/474/14 1199/475/14 943/376/14
f 943/376/15 1199/475/15 1200/476/15 944/377/15
f 944/377/16 1200/476/16 1201/477/16 945/378/16
f 945/378/17 1201/477/17 1202/478/17 946/379/17
f 946/379/18 1202/478/18 1203/479/18 947/380/18
f 947/380/19 1203/479/19 1204/480/19 948/381/19
f 948/381/20 1204/480/20 1205/481/20 949/382/20
f 949/382/21 1205/481/21 1206/482/21 950/383/21
f 950/383/22 1206/482/22 1207/483/22 951/384/22
f 951/384/23 1207/483/23 1208/484/23 952/385/23
f 952/385/24 1208/484/24 1209/485/24 953/386/24
f 953/386/25 1209/485/25 1210/486/25 954/387/25
f 954/387/26 1210/486/26 1211/487/26 955/388/26
f 955/388/27 1211/487/27 1212/488/27 956/389/27
f 956/389/28 1212/488/28 1213/489/28 957/390/28
f 957/390/29 1213/489/29 1214/490/29 958/391/29
f 958/391/30 1214/490/30 1215/491/30 959/392/30
f 959/392/32 1215/491/32 1216/492/32 960/393/32
f 960/393/33 1216/492/33 1057/493/33 929/394/33
f 1121/132/34 769/133/34 1122/133/34 928/132/34
f 1123/146/34 1121/132/34 928/132/34 923/146/34
f 1124/153/34 1123/146/34 923/146/34 918/153/34
f 1125/160/34 1124/153/34 918/153/34 913/160/34
f 1126/167/34 1125/160/34 913/160/34 908/167/34
f 1127/174/34 1126/167/34 908/167/34 903/174/34
f 1128/181/34 1127/174/34 903/174/34 898/181/34
f 1129/188/34 1128/181/34 898/181/34 893/188/34
f 1130/195/34 1129/188/34 893/188/34 888/195/34
f 1131/202/34 1130/195/34 888/195/34 883/202/34
f 1132/209/34 1131/202/34 883/202/34 878/209/34
f 1133/216/34 1132/209/34 878/209/34 873/216/34
f 1134/223/34 1133/216/34 873/216/34 868/223/34
f 1135/230/34 1134/223/34 868/223/34 863/230/34
f 1136/237/34 1135/230/34 863/230/34 858/237/34
f 1137/244/34 1136/237/34 858/237/34 853/244/34
f 1138/251/34 1137/244/34 853/244/34 848/251/34
f 1139/258/34 1138/251/34 848/251/34 843/258/34
f 1140/265/34 1139/258/34 843/258/34 838/265/34
f 1141/272/34 1140/265/34 838/265/34 833/272/34
f 1142/279/34 1141/272/34 833/272/34 828/279/34
f 1143/286/34 1142/279/34 828/279/34 823/286/34
f 1144/293/34 1143/286/34 823/286/34 818/293/34
f 1145/300/34 1144/293/34 818/293/34 813/300/34
f 1146/307/34 1145/300/34 813/300/34 808/307/34
f 1147/314/34 1146/307/34 808/307/34 803/314/34
f 1148/321/34 1147/314/34 803/314/34 798/321/34
f 1149/328/34 1148/321/34 798/321/34 793/328/34
f 1150/335/34 1149/328/34 793/328/34 788/335/34
f 1151/342/34 1150/335/34 788/335/34 783/342/34
f 1152/349/34 1151/342/34 783/342/34 778/349/34
f 769/356/34 1152/349/34 778/349/34 1122/356/34
f 1154/350/31 1025/357/31 1153/357/31 1026/350/31
f 1155/343/31 1154/350/31 1026/350/31 1027/343/31
f 1156/336/31 1155/343/31 1027/343/31 1028/336/31
f 1157/329/31 1156/336/31 1028/336/31 1029/329/31
f 1158/322/31 1157/329/31 1029/329/31 1030/322/31
f 1159/315/31 1158/322/31 1030/322/31 1031/315/31
f 1160/308/31 1159/315/31 1031/315/31 1032/308/31
f 1161/301/31 1160/308/31 1032/308/31 1033/301/31
f 1162/294/31 1161/301/31 1033/301/31 1034/294/31
f 1163/287/31 1162/294/31 1034/294/31 1035/287/31
f 1164/280/31 1163/287/31 1035/287/31 1036/280/31
f 1165/273/31 1164/280/31 1036/280/31 1037/273/31
f 1166/266/31 1165/273/31 1037/273/31 1038/266/31
f 1167/259/31 1166/266/31 1038/266/31 1039/259/31
f 1168/252/31 1167/259/31 1039/259/31 1040/252/31
f 1169/245/31 1168/252/31 1040/252/31 1041/245/31
f 1170/238/31 1169/245/31 1041/245/31 1042/238/31
f 1171/231/31 1170/238/31 1042/238/31 1043/231/31
f 1172/224/31 1171/231/31 1043/231/31 1044/224/31
f 1173/217/31 1172/224/31 1044/224/31 1045/217/31
f 1174/210/31 1173/217/31 1045/217/31 1046/210/31
f 1175/203/31 1174/210/31 1046/210/31 1047/203/31
f 1176/196/31 1175/203/31 1047/203/31 1048/196/31
f 1177/189/31 1176/196/31 1048/196/31 1049/189/31
f 1178/182/31 1177/189/31 1049/189/31 1050/182/31
f 1179/175/31 1178/182/31 1050/182/31 1051/175/31
f 1180/168/31 1179/175/31 1051/175/31 1052/168/31
f 1181/161/31 1180/168/31 1052/168/31 1053/161/31
f 1182/154/31 1181/161/31 1053/161/31 1054/154/31
f 1183/147/31 1182/154/31 1054/154/31 1055/147/31
f 1184/135/31 1183/147/31 1055/147/31 1056/135/31
f 1025/138/31 1184/135/31 1056/135/31 1153/138/31
f 1185/461/34 1058/462/34 1186/462/34 1057/461/34
f 1058/462/34 1059/463/34 1187/463/34 1186/462/34
f 1059/463/34 1060/464/34 1188/464/34 1187/463/34
f 1060/464/34 1061/465/34 1189/465/34 1188/464/34
f 1061/465/34 1062/466/34 1190/466/34 1189/465/34
f 1062/466/34 1063/467/34 1191/467/34 1190/466/34
f 1063/467/34 1064/468/34 1192/468/34 1191/467/34
f 1064/468/34 1065/469/34 1193/469/34 1192/468/34
f 1065/469/34 1066/470/34 1194/470/34 1193/469/34
f 1066/470/34 1067/471/34 1195/471/34 1194/470/34
f 1067/471/34 1068/472/34 1196/472/34 1195/471/34
f 1068/472/34 1069/473/34 1197/473/34 1196/472/34
f 1069/473/34 1070/474/34 1198/474/34 1197/473/34
f 1070/474/34 1071/475/34 1199/475/34 1198/474/34
f 1071/475/34 1072/476/34 1200/476/34 1199/475/34
f 1072/476/34 1073/477/34 1201/477/34 1200/476/34
f 1073/477/34 1074/478/34 1202/478/34 1201/477/34
f 1074/478/34 1075/479/34 1203/479/34 1202/478/34
f 1075/479/34 1076/480/34 1204/480/34 1203/479/34
f 1076/480/34 1077/481/34 1205/481/34 1204/480/34
f 1077/481/34 1078/482/34 1206/482/34 1205/481/34
f 1078/482/34 1079/483/34 1207/483/34 1206/482/34
f 1079/483/34 1080/484/34 1208/484/34 1207/483/34
f 1080/484/34 1081/485/34 1209/485/34 1208/484/34
f 1081/485/34 1082/486/34 1210/486/34 1209/485/34
f 1082/486/34 1083/487/34 1211/487/34 1210/486/34
f 1083/487/34 1084/488/34 1212/488/34 1211/487/34
f 1084/488/34 1085/489/34 1213/489/34 1212/488/34
f 1085/489/34 1086/490/34 1214/490/34 1213/489/34
f 1086/490/34 1087/491/34 1215/491/34 1214/490/34
f 1087/491/34 1088/492/34 1216/492/34 1215/491/34
f 1088/492/34 1185/493/34 1057/493/34 1216/492/34
f 1120/427/31 1217/426/31 1119/426/31 1218/427/31
f 1217/426/31 1219/425/31 1118/425/31 1119/426/31
f 1219/425/31 1220/424/31 1117/424/31 1118/425/31
f 1220/424/31 1221/423/31 1116/423/31 1117/424/31
f 1221/423/31 1222/422/31 1115/422/31 1116/423/31
f 1222/422/31 1223/421/31 1114/421/31 1115/422/31
f 1223/421/31 1224/420/31 1113/420/31 1114/421/31
f 1224/420/31 1225/419/31 1112/419/31 1113/420/31
f 1225/419/31 1226/418/31 1111/418/31 1112/419/31
f 1226/418/31 1227/417/31 1110/417/31 1111/418/31
f 1227/417/31 1228/416/31 1109/416/31 1110/417/31
f 1228/416/31 1229/415/31 1108/415/31 1109/416/31
f 1229/415/31 1230/414/31 1107/414/31 1108/415/31
f 1230/414/31 1231/413/31 1106/413/31 1107/414/31
f 1231/413/31 1232/412/31 1105/412/31 1106/413/31
f 1232/412/31 1233/411/31 1104/411/31 1105/412/31
f 1233/411/31 1234/410/31 1103/410/31 1104/411/31
f 1234/410/31 1235/409/31 1102/409/31 1103/410/31
f 1235/409/31 1236/408/31 1101/408/31 1102/409/31
f 1236/408/31 1237/407/31 1100/407/31 1101/408/31
f 1237/407/31 1238/406/31 1099/406/31 1100/407/31
f 1238/406/31 1239/405/31 1098/405/31 1099/406/31
f 1239/405/31 1240/404/31 1097/404/31 1098/405/31
f 1240/404/31 1241/403/31 1096/403/31 1097/404/31
f 1241/403/31 1242/402/31 1095/402/31 1096/403/31
f 1242/402/31 1243/401/31 1094/401/31 1095/402/31
f 1243/401/31 1244/400/31 1093/400/31 1094/401/31
f 1244/400/31 1245/399/31 1092/399/31 1093/400/31
f 1245/399/31 1246/398/31 1091/398/31 1092/399/31
f 1246/398/31 1247/397/31 1090/397/31 1091/398/31
f 1247/397/31 1248/396/31 1089/396/31 1090/397/31
f 1248/396/31 1120/395/31 1218/395/31 1089/396/31
usemtl Material.070
f 1313/492/33 1281/494/33 1250/495/33 1377/493/33
f 1312/491/32 1280/496/32 1281/494/32 1313/492/32
f 1311/490/30 1279/497/30 1280/496/30 1312/491/30
f 1310/489/29 1278/498/29 1279/497/29 1311/490/29
f 1309/488/28 1277/499/28 1278/498/28 1310/489/28
f 1308/487/27 1276/500/27 1277/499/27 1309/488/27
f 1307/486/26 1275/501/26 1276/500/26 1308/487/26
f 1306/485/25 1274/502/25 1275/501/25 1307/486/25
f 1305/484/24 1273/503/24 1274/502/24 1306/485/24
f 1304/483/23 1272/504/23 1273/503/23 1305/484/23
f 1303/482/22 1271/505/22 1272/504/22 1304/483/22
f 1302/481/21 1270/506/21 1271/505/21 1303/482/21
f 1301/480/20 1269/507/20 1270/506/20 1302/481/20
f 1300/479/19 1268/508/19 1269/507/19 1301/480/19
f 1299/478/18 1267/509/18 1268/508/18 1300/479/18
f 1298/477/17 1266/510/17 1267/509/17 1299/478/17
f 1297/476/16 1265/511/16 1266/510/16 1298/477/16
f 1296/475/15 1264/512/15 1265/511/15 1297/476/15
f 1295/474/14 1263/513/14 1264/512/14 1296/475/14
f 1294/473/13 1262/514/13 1263/513/13 1295/474/13
f 1293/472/12 1261/515/12 1262/514/12 1294/473/12
f 1292/471/11 1260/516/11 1261/515/11 1293/472/11
f 1291/470/10 1259/517/10 1260/516/10 1292/471/10
f 1290/469/9 1258/518/9 1259/517/9 1291/470/9
f 1289/468/8 1257/519/8 1258/518/8 1290/469/8
f 1288/467/7 1256/520/7 1257/519/7 1289/468/7
f 1287/466/6 1255/521/6 1256/520/6 1288/467/6
f 1286/465/5 1254/522/5 1255/521/5 1287/466/5
f 1285/464/4 1253/523/4 1254/522/4 1286/465/4
f 1284/463/3 1252/524/3 1253/523/3 1285/464/3
f 1283/462/2 1251/525/2 1252/524/2 1284/463/2
f 1377/461/1 1250/526/1 1251/525/1 1283/462/1
f 1249/356/1 1282/357/1 1346/350/1 1345/349/1
f 1345/349/2 1346/350/2 1347/343/2 1344/342/2
f 1344/342/3 1347/343/3 1348/336/3 1343/335/3
f 1343/335/4 1348/336/4 1349/329/4 1342/328/4
f 1342/328/5 1349/329/5 1350/322/5 1341/321/5
f 1341/321/6 1350/322/6 1351/315/6 1340/314/6
f 1340/314/7 1351/315/7 1352/308/7 1339/307/7
f 1339/307/8 1352/308/8 1353/301/8 1338/300/8
f 1338/300/9 1353/301/9 1354/294/9 1337/293/9
f 1337/293/10 1354/294/10 1355/287/10 1336/286/10
f 1336/286/11 1355/287/11 1356/280/11 1335/279/11
f 1335/279/12 1356/280/12 1357/273/12 1334/272/12
f 1334/272/13 1357/273/13 1358/266/13 1333/265/13
f 1333/265/14 1358/266/14 1359/259/14 1332/258/14
f 1332/258/15 1359/259/15 1360/252/15 1331/251/15
f 1331/251/16 1360/252/16 1361/245/16 1330/244/16
f 1330/244/17 1361/245/17 1362/238/17 1329/237/17
f 1329/237/18 1362/238/18 1363/231/18 1328/230/18
f 1328/230/19 1363/231/19 1364/224/19 1327/223/19
f 1327/223/20 1364/224/20 1365/217/20 1326/216/20
f 1326/216/21 1365/217/21 1366/210/21 1325/209/21
f 1325/209/22 1366/210/22 1367/203/22 1324/202/22
f 1324/202/23 1367/203/23 1368/196/23 1323/195/23
f 1323/195/24 1368/196/24 1369/189/24 1322/188/24
f 1322/188/25 1369/189/25 1370/182/25 1321/181/25
f 1321/181/26 1370/182/26 1371/175/26 1320/174/26
f 1320/174/27 1371/175/27 1372/168/27 1319/167/27
f 1319/167/28 1372/168/28 1373/161/28 1318/160/28
f 1318/160/29 1373/161/29 1374/154/29 1317/153/29
f 1317/153/30 1374/154/30 1375/147/30 1316/146/30
f 1316/146/32 1375/147/32 1376/135/32 1315/132/32
f 1315/132/33 1376/135/33 1282/138/33 1249/133/33
f 1281/494/33 1378/426/33 1314/427/33 1250/495/33
f 1280/496/32 1379/425/32 1378/426/32 1281/494/32
f 1279/497/30 1380/424/30 1379/425/30 1280/496/30
f 1278/498/29 1381/423/29 1380/424/29 1279/497/29
f 1277/499/28 1382/422/28 1381/423/28 1278/498/28
f 1276/500/27 1383/421/27 1382/422/27 1277/499/27
f 1275/501/26 1384/420/26 1383/421/26 1276/500/26
f 1274/502/25 1385/419/25 1384/420/25 1275/501/25
f 1273/503/24 1386/418/24 1385/419/24 1274/502/24
f 1272/504/23 1387/417/23 1386/418/23 1273/503/23
f 1271/505/22 1388/416/22 1387/417/22 1272/504/22
f 1270/506/21 1389/415/21 1388/416/21 1271/505/21
f 1269/507/20 1390/414/20 1389/415/20 1270/506/20
f 1268/508/19 1391/413/19 1390/414/19 1269/507/19
f 1267/509/18 1392/412/18 1391/413/18 1268/508/18
f 1266/510/17 1393/411/17 1392/412/17 1267/509/17
f 1265/511/16 1394/410/16 1393/411/16 1266/510/16
f 1264/512/15 1395/409/15 1394/410/15 1265/511/15
f 1263/513/14 1396/408/14 1395/409/14 1264/512/14
f 1262/514/13 1397/407/13 1396/408/13 1263/513/13
f 1261/515/12 1398/406/12 1397/407/12 1262/514/12
f 1260/516/11 1399/405/11 1398/406/11 1261/515/11
f 1259/517/10 1400/404/10 1399/405/10 1260/516/10
f 1258/518/9 1401/403/9 1400/404/9 1259/517/9
f 1257/519/8 1402/402/8 1401/403/8 1258/518/8
f 1256/520/7 1403/401/7 1402/402/7 1257/519/7
f 1255/521/6 1404/400/6 1403/401/6 1256/520/6
f 1254/522/5 1405/399/5 1404/400/5 1255/521/5
f 1253/523/4 1406/398/4 1405/399/4 1254/522/4
f 1252/524/3 1407/397/3 1406/398/3 1253/523/3
f 1251/525/2 1408/396/2 1407/397/2 1252/524/2
f 1250/526/1 1314/395/1 1408/396/1 1251/525/1
usemtl Material.071
f 1477/1/1 1410/2/1 1412/3/1 1478/4/1
f 1478/4/2 1412/3/2 1414/5/2 1483/6/2
f 1483/6/3 1414/5/3 1416/7/3 1488/8/3
f 1488/8/4 1416/7/4 1418/9/4 1493/10/4
f 1493/10/5 1418/9/5 1420/11/5 1498/12/5
f 1498/12/6 1420/11/6 1422/13/6 1503/14/6
f 1503/14/7 1422/13/7 1424/15/7 1508/16/7
f 1508/16/8 1424/15/8 1426/17/8 1513/18/8
f 1513/18/9 1426/17/9 1428/19/9 1518/20/9
f 1518/20/10 1428/19/10 1430/21/10 1523/22/10
f 1523/22/11 1430/21/11 1432/23/11 1528/24/11
f 1528/24/12 1432/23/12 1434/25/12 1533/26/12
f 1533/26/13 1434/25/13 1436/27/13 1538/28/13
f 1538/28/14 1436/27/14 1438/29/14 1543/30/14
f 1543/30/15 1438/29/15 1440/31/15 1548/32/15
f 1548/32/16 1440/31/16 1442/33/16 1553/34/16
f 1553/34/17 1442/33/17 1444/35/17 1558/36/17
f 1558/36/18 1444/35/18 1446/37/18 1563/38/18
f 1563/38/19 1446/37/19 1448/39/19 1568/40/19
f 1568/40/20 1448/39/20 1450/41/20 1573/42/20
f 1573/42/21 1450/41/21 1452/43/21 1578/44/21
f 1578/44/22 1452/43/22 1454/45/22 1583/46/22
f 1583/46/23 1454/45/23 1456/47/23 1588/48/23
f 1588/48/24 1456/47/24 1458/49/24 1593/50/24
f 1593/50/25 1458/49/25 1460/51/25 1598/52/25
f 1598/52/26 1460/51/26 1462/53/26 1603/54/26
f 1603/54/27 1462/53/27 1464/55/27 1608/56/27
f 1608/56/28 1464/55/28 1466/57/28 1613/58/28
f 1613/58/29 1466/57/29 1468/59/29 1618/60/29
f 1618/60/30 1468/59/30 1470/61/30 1623/62/30
f 1412/63/31 1410/64/31 1472/65/31 1470/66/31 1468/67/31 1466/68/31 1464/69/31 1462/70/31 1460/71/31 1458/72/31 1456/73/31 1454/74/31 1452/75/31 1450/76/31 1448/77/31 1446/78/31 1444/79/31 1442/80/31 1440/81/31 1438/82/31 1436/83/31 1434/84/31 1432/85/31 1430/86/31 1428/87/31 1426/88/31 1424/89/31 1422/90/31 1420/91/31 1418/92/31 1416/93/31 1414/94/31
f 1623/62/32 1470/61/32 1472/95/32 1628/96/32
f 1628/96/33 1472/95/33 1410/97/33 1477/98/33
f 1409/99/34 1411/100/34 1413/101/34 1415/102/34 1417/103/34 1419/104/34 1421/105/34 1423/106/34 1425/107/34 1427/108/34 1429/109/34 1431/110/34 1433/111/34 1435/112/34 1437/113/34 1439/114/34 1441/115/34 1443/116/34 1445/117/34 1447/118/34 1449/119/34 1451/120/34 1453/121/34 1455/122/34 1457/123/34 1459/124/34 1461/125/34 1463/126/34 1465/127/34 1467/128/34 1469/129/34 1471/130/34
f 1727/131/33 1632/132/33 1826/133/33 1728/134/33
f 1760/135/33 1631/136/33 1474/137/33 1857/138/33
f 1631/136/33 1630/139/33 1475/140/33 1474/137/33
f 1630/139/33 1629/141/33 1476/142/33 1475/140/33
f 1696/143/33 1628/96/33 1477/98/33 1665/144/33
f 1726/145/32 1627/146/32 1632/132/32 1727/131/32
f 1759/147/32 1626/148/32 1631/136/32 1760/135/32
f 1626/148/32 1625/149/32 1630/139/32 1631/136/32
f 1625/149/32 1624/150/32 1629/141/32 1630/139/32
f 1695/151/32 1623/62/32 1628/96/32 1696/143/32
f 1725/152/30 1622/153/30 1627/146/30 1726/145/30
f 1758/154/30 1621/155/30 1626/148/30 1759/147/30
f 1621/155/30 1620/156/30 1625/149/30 1626/148/30
f 1620/156/30 1619/157/30 1624/150/30 1625/149/30
f 1694/158/30 1618/60/30 1623/62/30 1695/151/30
f 1724/159/29 1617/160/29 1622/153/29 1725/152/29
f 1757/161/29 1616/162/29 1621/155/29 1758/154/29
f 1616/162/29 1615/163/29 1620/156/29 1621/155/29
f 1615/163/29 1614/164/29 1619/157/29 1620/156/29
f 1693/165/29 1613/58/29 1618/60/29 1694/158/29
f 1723/166/28 1612/167/28 1617/160/28 1724/159/28
f 1756/168/28 1611/169/28 1616/162/28 1757/161/28
f 1611/169/28 1610/170/28 1615/163/28 1616/162/28
f 1610/170/28 1609/171/28 1614/164/28 1615/163/28
f 1692/172/28 1608/56/28 1613/58/28 1693/165/28
f 1722/173/27 1607/174/27 1612/167/27 1723/166/27
f 1755/175/27 1606/176/27 1611/169/27 1756/168/27
f 1606/176/27 1605/177/27 1610/170/27 1611/169/27
f 1605/177/27 1604/178/27 1609/171/27 1610/170/27
f 1691/179/27 1603/54/27 1608/56/27 1692/172/27
f 1721/180/26 1602/181/26 1607/174/26 1722/173/26
f 1754/182/26 1601/183/26 1606/176/26 1755/175/26
f 1601/183/26 1600/184/26 1605/177/26 1606/176/26
f 1600/184/26 1599/185/26 1604/178/26 1605/177/26
f 1690/186/26 1598/52/26 1603/54/26 1691/179/26
f 1720/187/25 1597/188/25 1602/181/25 1721/180/25
f 1753/189/25 1596/190/25 1601/183/25 1754/182/25
f 1596/190/25 1595/191/25 1600/184/25 1601/183/25
f 1595/191/25 1594/192/25 1599/185/25 1600/184/25
f 1689/193/25 1593/50/25 1598/52/25 1690/186/25
f 1719/194/24 1592/195/24 1597/188/24 1720/187/24
f 1752/196/24 1591/197/24 1596/190/24 1753/189/24
f 1591/197/24 1590/198/24 1595/191/24 1596/190/24
f 1590/198/24 1589/199/24 1594/192/24 1595/191/24
f 1688/200/24 1588/48/24 1593/50/24 1689/193/24
f 1718/201/23 1587/202/23 1592/195/23 1719/194/23
f 1751/203/23 1586/204/23 1591/197/23 1752/196/23
f 1586/204/23 1585/205/23 1590/198/23 1591/197/23
f 1585/205/23 1584/206/23 1589/199/23 1590/198/23
f 1687/207/23 1583/46/23 1588/48/23 1688/200/23
f 1717/208/22 1582/209/22 1587/202/22 1718/201/22
f 1750/210/22 1581/211/22 1586/204/22 1751/203/22
f 1581/211/22 1580/212/22 1585/205/22 1586/204/22
f 1580/212/22 1579/213/22 1584/206/22 1585/205/22
f 1686/214/22 1578/44/22 1583/46/22 1687/207/22
f 1716/215/21 1577/216/21 1582/209/21 1717/208/21
f 1749/217/21 1576/218/21 1581/211/21 1750/210/21
f 1576/218/21 1575/219/21 1580/212/21 1581/211/21
f 1575/219/21 1574/220/21 1579/213/21 1580/212/21
f 1685/221/21 1573/42/21 1578/44/21 1686/214/21
f 1715/222/20 1572/223/20 1577/216/20 1716/215/20
f 1748/224/20 1571/225/20 1576/218/20 1749/217/20
f 1571/225/20 1570/226/20 1575/219/20 1576/218/20
f 1570/226/20 1569/227/20 1574/220/20 1575/219/20
f 1684/228/20 1568/40/20 1573/42/20 1685/221/20
f 1714/229/19 1567/230/19 1572/223/19 1715/222/19
f 1747/231/19 1566/232/19 1571/225/19 1748/224/19
f 1566/232/19 1565/233/19 1570/226/19 1571/225/19
f 1565/233/19 1564/234/19 1569/227/19 1570/226/19
f 1683/235/19 1563/38/19 1568/40/19 1684/228/19
f 1713/236/18 1562/237/18 1567/230/18 1714/229/18
f 1746/238/18 1561/239/18 1566/232/18 1747/231/18
f 1561/239/18 1560/240/18 1565/233/18 1566/232/18
f 1560/240/18 1559/241/18 1564/234/18 1565/233/18
f 1682/242/18 1558/36/18 1563/38/18 1683/235/18
f 1712/243/17 1557/244/17 1562/237/17 1713/236/17
f 1745/245/17 1556/246/17 1561/239/17 1746/238/17
f 1556/246/17 1555/247/17 1560/240/17 1561/239/17
f 1555/247/17 1554/248/17 1559/241/17 1560/240/17
f 1681/249/17 1553/34/17 1558/36/17 1682/242/17
f 1711/250/16 1552/251/16 1557/244/16 1712/243/16
f 1744/252/16 1551/253/16 1556/246/16 1745/245/16
f 1551/253/16 1550/254/16 1555/247/16 1556/246/16
f 1550/254/16 1549/255/16 1554/248/16 1555/247/16
f 1680/256/16 1548/32/16 1553/34/16 1681/249/16
f 1710/257/15 1547/258/15 1552/251/15 1711/250/15
f 1743/259/15 1546/260/15 1551/253/15 1744/252/15
f 1546/260/15 1545/261/15 1550/254/15 1551/253/15
f 1545/261/15 1544/262/15 1549/255/15 1550/254/15
f 1679/263/15 1543/30/15 1548/32/15 1680/256/15
f 1709/264/14 1542/265/14 1547/258/14 1710/257/14
f 1742/266/14 1541/267/14 1546/260/14 1743/259/14
f 1541/267/14 1540/268/14 1545/261/14 1546/260/14
f 1540/268/14 1539/269/14 1544/262/14 1545/261/14
f 1678/270/14 1538/28/14 1543/30/14 1679/263/14
f 1708/271/13 1537/272/13 1542/265/13 1709/264/13
f 1741/273/13 1536/274/13 1541/267/13 1742/266/13
f 1536/274/13 1535/275/13 1540/268/13 1541/267/13
f 1535/275/13 1534/276/13 1539/269/13 1540/268/13
f 1677/277/13 1533/26/13 1538/28/13 1678/270/13
f 1707/278/12 1532/279/12 1537/272/12 1708/271/12
f 1740/280/12 1531/281/12 1536/274/12 1741/273/12
f 1531/281/12 1530/282/12 1535/275/12 1536/274/12
f 1530/282/12 1529/283/12 1534/276/12 1535/275/12
f 1676/284/12 1528/24/12 1533/26/12 1677/277/12
f 1706/285/11 1527/286/11 1532/279/11 1707/278/11
f 1739/287/11 1526/288/11 1531/281/11 1740/280/11
f 1526/288/11 1525/289/11 1530/282/11 1531/281/11
f 1525/289/11 1524/290/11 1529/283/11 1530/282/11
f 1675/291/11 1523/22/11 1528/24/11 1676/284/11
f 1705/292/10 1522/293/10 1527/286/10 1706/285/10
f 1738/294/10 1521/295/10 1526/288/10 1739/287/10
f 1521/295/10 1520/296/10 1525/289/10 1526/288/10
f 1520/296/10 1519/297/10 1524/290/10 1525/289/10
f 1674/298/10 1518/20/10 1523/22/10 1675/291/10
f 1704/299/9 1517/300/9 1522/293/9 1705/292/9
f 1737/301/9 1516/302/9 1521/295/9 1738/294/9
f 1516/302/9 1515/303/9 1520/296/9 1521/295/9
f 1515/303/9 1514/304/9 1519/297/9 1520/296/9
f 1673/305/9 1513/18/9 1518/20/9 1674/298/9
f 1703/306/8 1512/307/8 1517/300/8 1704/299/8
f 1736/308/8 1511/309/8 1516/302/8 1737/301/8
f 1511/309/8 1510/310/8 1515/303/8 1516/302/8
f 1510/310/8 1509/311/8 1514/304/8 1515/303/8
f 1672/312/8 1508/16/8 1513/18/8 1673/305/8
f 1702/313/7 1507/314/7 1512/307/7 1703/306/7
f 1735/315/7 1506/316/7 1511/309/7 1736/308/7
f 1506/316/7 1505/317/7 1510/310/7 1511/309/7
f 1505/317/7 1504/318/7 1509/311/7 1510/310/7
f 1671/319/7 1503/14/7 1508/16/7 1672/312/7
f 1701/320/6 1502/321/6 1507/314/6 1702/313/6
f 1734/322/6 1501/323/6 1506/316/6 1735/315/6
f 1501/323/6 1500/324/6 1505/317/6 1506/316/6
f 1500/324/6 1499/325/6 1504/318/6 1505/317/6
f 1670/326/6 1498/12/6 1503/14/6 1671/319/6
f 1700/327/5 1497/328/5 1502/321/5 1701/320/5
f 1733/329/5 1496/330/5 1501/323/5 1734/322/5
f 1496/330/5 1495/331/5 1500/324/5 1501/323/5
f 1495/331/5 1494/332/5 1499/325/5 1500/324/5
f 1669/333/5 1493/10/5 1498/12/5 1670/326/5
f 1699/334/4 1492/335/4 1497/328/4 1700/327/4
f 1732/336/4 1491/337/4 1496/330/4 1733/329/4
f 1491/337/4 1490/338/4 1495/331/4 1496/330/4
f 1490/338/4 1489/339/4 1494/332/4 1495/331/4
f 1668/340/4 1488/8/4 1493/10/4 1669/333/4
f 1698/341/3 1487/342/3 1492/335/3 1699/334/3
f 1731/343/3 1486/344/3 1491/337/3 1732/336/3
f 1486/344/3 1485/345/3 1490/338/3 1491/337/3
f 1485/345/3 1484/346/3 1489/339/3 1490/338/3
f 1667/347/3 1483/6/3 1488/8/3 1668/340/3
f 1697/348/2 1482/349/2 1487/342/2 1698/341/2
f 1730/350/2 1481/351/2 1486/344/2 1731/343/2
f 1481/351/2 1480/352/2 1485/345/2 1486/344/2
f 1480/352/2 1479/353/2 1484/346/2 1485/345/2
f 1666/354/2 1478/4/2 1483/6/2 1667/347/2
f 1728/355/1 1826/356/1 1482/349/1 1697/348/1
f 1857/357/1 1474/358/1 1481/351/1 1730/350/1
f 1474/358/1 1475/359/1 1480/352/1 1481/351/1
f 1475/359/1 1476/360/1 1479/353/1 1480/352/1
f 1665/361/1 1477/1/1 1478/4/1 1666/354/1
f 1476/360/1 1633/362/1 1634/363/1 1479/353/1
f 1479/353/2 1634/363/2 1635/364/2 1484/346/2
f 1484/346/3 1635/364/3 1636/365/3 1489/339/3
f 1489/339/4 1636/365/4 1637/366/4 1494/332/4
f 1494/332/5 1637/366/5 1638/367/5 1499/325/5
f 1499/325/6 1638/367/6 1639/368/6 1504/318/6
f 1504/318/7 1639/368/7 1640/369/7 1509/311/7
f 1509/311/8 1640/369/8 1641/370/8 1514/304/8
f 1514/304/9 1641/370/9 1642/371/9 1519/297/9
f 1519/297/10 1642/371/10 1643/372/10 1524/290/10
f 1524/290/11 1643/372/11 1644/373/11 1529/283/11
f 1529/283/12 1644/373/12 1645/374/12 1534/276/12
f 1534/276/13 1645/374/13 1646/375/13 1539/269/13
f 1539/269/14 1646/375/14 1647/376/14 1544/262/14
f 1544/262/15 1647/376/15 1648/377/15 1549/255/15
f 1549/255/16 1648/377/16 1649/378/16 1554/248/16
f 1554/248/17 1649/378/17 1650/379/17 1559/241/17
f 1559/241/18 1650/379/18 1651/380/18 1564/234/18
f 1564/234/19 1651/380/19 1652/381/19 1569/227/19
f 1569/227/20 1652/381/20 1653/382/20 1574/220/20
f 1574/220/21 1653/382/21 1654/383/21 1579/213/21
f 1579/213/22 1654/383/22 1655/384/22 1584/206/22
f 1584/206/23 1655/384/23 1656/385/23 1589/199/23
f 1589/199/24 1656/385/24 1657/386/24 1594/192/24
f 1594/192/25 1657/386/25 1658/387/25 1599/185/25
f 1599/185/26 1658/387/26 1659/388/26 1604/178/26
f 1604/178/27 1659/388/27 1660/389/27 1609/171/27
f 1609/171/28 1660/389/28 1661/390/28 1614/164/28
f 1614/164/29 1661/390/29 1662/391/29 1619/157/29
f 1619/157/30 1662/391/30 1663/392/30 1624/150/30
f 1624/150/32 1663/392/32 1664/393/32 1629/141/32
f 1629/141/33 1664/393/33 1633/394/33 1476/142/33
f 1922/395/1 1665/361/1 1666/354/1 1793/396/1
f 1793/396/2 1666/354/2 1667/347/2 1794/397/2
f 1794/397/3 1667/347/3 1668/340/3 1795/398/3
f 1795/398/4 1668/340/4 1669/333/4 1796/399/4
f 1796/399/5 1669/333/5 1670/326/5 1797/400/5
f 1797/400/6 1670/326/6 1671/319/6 1798/401/6
f 1798/401/7 1671/319/7 1672/312/7 1799/402/7
f 1799/402/8 1672/312/8 1673/305/8 1800/403/8
f 1800/403/9 1673/305/9 1674/298/9 1801/404/9
f 1801/404/10 1674/298/10 1675/291/10 1802/405/10
f 1802/405/11 1675/291/11 1676/284/11 1803/406/11
f 1803/406/12 1676/284/12 1677/277/12 1804/407/12
f 1804/407/13 1677/277/13 1678/270/13 1805/408/13
f 1805/408/14 1678/270/14 1679/263/14 1806/409/14
f 1806/409/15 1679/263/15 1680/256/15 1807/410/15
f 1807/410/16 1680/256/16 1681/249/16 1808/411/16
f 1808/411/17 1681/249/17 1682/242/17 1809/412/17
f 1809/412/18 1682/242/18 1683/235/18 1810/413/18
f 1810/413/19 1683/235/19 1684/228/19 1811/414/19
f 1811/414/20 1684/228/20 1685/221/20 1812/415/20
f 1812/415/21 1685/221/21 1686/214/21 1813/416/21
f 1813/416/22 1686/214/22 1687/207/22 1814/417/22
f 1814/417/23 1687/207/23 1688/200/23 1815/418/23
f 1815/418/24 1688/200/24 1689/193/24 1816/419/24
f 1816/419/25 1689/193/25 1690/186/25 1817/420/25
f 1817/420/26 1690/186/26 1691/179/26 1818/421/26
f 1818/421/27 1691/179/27 1692/172/27 1819/422/27
f 1819/422/28 1692/172/28 1693/165/28 1820/423/28
f 1820/423/29 1693/165/29 1694/158/29 1821/424/29
f 1821/424/30 1694/158/30 1695/151/30 1822/425/30
f 1822/425/32 1695/151/32 1696/143/32 1823/426/32
f 1823/426/33 1696/143/33 1665/144/33 1922/427/33
f 1409/428/1 1728/355/1 1697/348/1 1411/429/1
f 1411/429/2 1697/348/2 1698/341/2 1413/430/2
f 1413/430/3 1698/341/3 1699/334/3 1415/431/3
f 1415/431/4 1699/334/4 1700/327/4 1417/432/4
f 1417/432/5 1700/327/5 1701/320/5 1419/433/5
f 1419/433/6 1701/320/6 1702/313/6 1421/434/6
f 1421/434/7 1702/313/7 1703/306/7 1423/435/7
f 1423/435/8 1703/306/8 1704/299/8 1425/436/8
f 1425/436/9 1704/299/9 1705/292/9 1427/437/9
f 1427/437/10 1705/292/10 1706/285/10 1429/438/10
f 1429/438/11 1706/285/11 1707/278/11 1431/439/11
f 1431/439/12 1707/278/12 1708/271/12 1433/440/12
f 1433/440/13 1708/271/13 1709/264/13 1435/441/13
f 1435/441/14 1709/264/14 1710/257/14 1437/442/14
f 1437/442/15 1710/257/15 1711/250/15 1439/443/15
f 1439/443/16 1711/250/16 1712/243/16 1441/444/16
f 1441/444/17 1712/243/17 1713/236/17 1443/445/17
f 1443/445/18 1713/236/18 1714/229/18 1445/446/18
f 1445/446/19 1714/229/19 1715/222/19 1447/447/19
f 1447/447/20 1715/222/20 1716/215/20 1449/448/20
f 1449/448/21 1716/215/21 1717/208/21 1451/449/21
f 1451/449/22 1717/208/22 1718/201/22 1453/450/22
f 1453/450/23 1718/201/23 1719/194/23 1455/451/23
f 1455/451/24 1719/194/24 1720/187/24 1457/452/24
f 1457/452/25 1720/187/25 1721/180/25 1459/453/25
f 1459/453/26 1721/180/26 1722/173/26 1461/454/26
f 1461/454/27 1722/173/27 1723/166/27 1463/455/27
f 1463/455/28 1723/166/28 1724/159/28 1465/456/28
f 1465/456/29 1724/159/29 1725/152/29 1467/457/29
f 1467/457/30 1725/152/30 1726/145/30 1469/458/30
f 1469/458/32 1726/145/32 1727/131/32 1471/459/32
f 1471/459/33 1727/131/33 1728/134/33 1409/460/33
f 1633/362/1 1761/461/1 1890/462/1 1634/363/1
f 1634/363/2 1890/462/2 1891/463/2 1635/364/2
f 1635/364/3 1891/463/3 1892/464/3 1636/365/3
f 1636/365/4 1892/464/4 1893/465/4 1637/366/4
f 1637/366/5 1893/465/5 1894/466/5 1638/367/5
f 1638/367/6 1894/466/6 1895/467/6 1639/368/6
f 1639/368/7 1895/467/7 1896/468/7 1640/369/7
f 1640/369/8 1896/468/8 1897/469/8 1641/370/8
f 1641/370/9 1897/469/9 1898/470/9 1642/371/9
f 1642/371/10 1898/470/10 1899/471/10 1643/372/10
f 1643/372/11 1899/471/11 1900/472/11 1644/373/11
f 1644/373/12 1900/472/12 1901/473/12 1645/374/12
f 1645/374/13 1901/473/13 1902/474/13 1646/375/13
f 1646/375/14 1902/474/14 1903/475/14 1647/376/14
f 1647/376/15 1903/475/15 1904/476/15 1648/377/15
f 1648/377/16 1904/476/16 1905/477/16 1649/378/16
f 1649/378/17 1905/477/17 1906/478/17 1650/379/17
f 1650/379/18 1906/478/18 1907/479/18 1651/380/18
f 1651/380/19 1907/479/19 1908/480/19 1652/381/19
f 1652/381/20 1908/480/20 1909/481/20 1653/382/20
f 1653/382/21 1909/481/21 1910/482/21 1654/383/21
f 1654/383/22 1910/482/22 1911/483/22 1655/384/22
f 1655/384/23 1911/483/23 1912/484/23 1656/385/23
f 1656/385/24 1912/484/24 1913/485/24 1657/386/24
f 1657/386/25 1913/485/25 1914/486/25 1658/387/25
f 1658/387/26 1914/486/26 1915/487/26 1659/388/26
f 1659/388/27 1915/487/27 1916/488/27 1660/389/27
f 1660/389/28 1916/488/28 1917/489/28 1661/390/28
f 1661/390/29 1917/489/29 1918/490/29 1662/391/29
f 1662/391/30 1918/490/30 1919/491/30 1663/392/30
f 1663/392/32 1919/491/32 1920/492/32 1664/393/32
f 1664/393/33 1920/492/33 1761/493/33 1633/394/33
f 1825/132/34 1473/133/34 1826/133/34 1632/132/34
f 1827/146/34 1825/132/34 1632/132/34 1627/146/34
f 1828/153/34 1827/146/34 1627/146/34 1622/153/34
f 1829/160/34 1828/153/34 1622/153/34 1617/160/34
f 1830/167/34 1829/160/34 1617/160/34 1612/167/34
f 1831/174/34 1830/167/34 1612/167/34 1607/174/34
f 1832/181/34 1831/174/34 1607/174/34 1602/181/34
f 1833/188/34 1832/181/34 1602/181/34 1597/188/34
f 1834/195/34 1833/188/34 1597/188/34 1592/195/34
f 1835/202/34 1834/195/34 1592/195/34 1587/202/34
f 1836/209/34 1835/202/34 1587/202/34 1582/209/34
f 1837/216/34 1836/209/34 1582/209/34 1577/216/34
f 1838/223/34 1837/216/34 1577/216/34 1572/223/34
f 1839/230/34 1838/223/34 1572/223/34 1567/230/34
f 1840/237/34 1839/230/34 1567/230/34 1562/237/34
f 1841/244/34 1840/237/34 1562/237/34 1557/244/34
f 1842/251/34 1841/244/34 1557/244/34 1552/251/34
f 1843/258/34 1842/251/34 1552/251/34 1547/258/34
f 1844/265/34 1843/258/34 1547/258/34 1542/265/34
f 1845/272/34 1844/265/34 1542/265/34 1537/272/34
f 1846/279/34 1845/272/34 1537/272/34 1532/279/34
f 1847/286/34 1846/279/34 1532/279/34 1527/286/34
f 1848/293/34 1847/286/34 1527/286/34 1522/293/34
f 1849/300/34 1848/293/34 1522/293/34 1517/300/34
f 1850/307/34 1849/300/34 1517/300/34 1512/307/34
f 1851/314/34 1850/307/34 1512/307/34 1507/314/34
f 1852/321/34 1851/314/34 1507/314/34 1502/321/34
f 1853/328/34 1852/321/34 1502/321/34 1497/328/34
f 1854/335/34 1853/328/34 1497/328/34 1492/335/34
f 1855/342/34 1854/335/34 1492/335/34 1487/342/34
f 1856/349/34 1855/342/34 1487/342/34 1482/349/34
f 1473/356/34 1856/349/34 1482/349/34 1826/356/34
f 1858/350/31 1729/357/31 1857/357/31 1730/350/31
f 1859/343/31 1858/350/31 1730/350/31 1731/343/31
f 1860/336/31 1859/343/31 1731/343/31 1732/336/31
f 1861/329/31 1860/336/31 1732/336/31 1733/329/31
f 1862/322/31 1861/329/31 1733/329/31 1734/322/31
f 1863/315/31 1862/322/31 1734/322/31 1735/315/31
f 1864/308/31 1863/315/31 1735/315/31 1736/308/31
f 1865/301/31 1864/308/31 1736/308/31 1737/301/31
f 1866/294/31 1865/301/31 1737/301/31 1738/294/31
f 1867/287/31 1866/294/31 1738/294/31 1739/287/31
f 1868/280/31 1867/287/31 1739/287/31 1740/280/31
f 1869/273/31 1868/280/31 1740/280/31 1741/273/31
f 1870/266/31 1869/273/31 1741/273/31 1742/266/31
f 1871/259/31 1870/266/31 1742/266/31 1743/259/31
f 1872/252/31 1871/259/31 1743/259/31 1744/252/31
f 1873/245/31 1872/252/31 1744/252/31 1745/245/31
f 1874/238/31 1873/245/31 1745/245/31 1746/238/31
f 1875/231/31 1874/238/31 1746/238/31 1747/231/31
f 1876/224/31 1875/231/31 1747/231/31 1748/224/31
f 1877/217/31 1876/224/31 1748/224/31 1749/217/31
f 1878/210/31 1877/217/31 1749/217/31 1750/210/31
f 1879/203/31 1878/210/31 1750/210/31 1751/203/31
f 1880/196/31 1879/203/31 1751/203/31 1752/196/31
f 1881/189/31 1880/196/31 1752/196/31 1753/189/31
f 1882/182/31 1881/189/31 1753/189/31 1754/182/31
f 1883/175/31 1882/182/31 1754/182/31 1755/175/31
f 1884/168/31 1883/175/31 1755/175/31 1756/168/31
f 1885/161/31 1884/168/31 1756/168/31 1757/161/31
f 1886/154/31 1885/161/31 1757/161/31 1758/154/31
f 1887/147/31 1886/154/31 1758/154/31 1759/147/31
f 1888/135/31 1887/147/31 1759/147/31 1760/135/31
f 1729/138/31 1888/135/31 1760/135/31 1857/138/31
f 1889/461/34 1762/462/34 1890/462/34 1761/461/34
f 1762/462/34 1763/463/34 1891/463/34 1890/462/34
f 1763/463/34 1764/464/34 1892/464/34 1891/463/34
f 1764/464/34 1765/465/34 1893/465/34 1892/464/34
f 1765/465/34 1766/466/34 1894/466/34 1893/465/34
f 1766/466/34 1767/467/34 1895/467/34 1894/466/34
f 1767/467/34 1768/468/34 1896/468/34 1895/467/34
f 1768/468/34 1769/469/34 1897/469/34 1896/468/34
f 1769/469/34 1770/470/34 1898/470/34 1897/469/34
f 1770/470/34 1771/471/34 1899/471/34 1898/470/34
f 1771/471/34 1772/472/34 1900/472/34 1899/471/34
f 1772/472/34 1773/473/34 1901/473/34 1900/472/34
f 1773/473/34 1774/474/34 1902/474/34 1901/473/34
f 1774/474/34 1775/475/34 1903/475/34 1902/474/34
f 1775/475/34 1776/476/34 1904/476/34 1903/475/34
f 1776/476/34 1777/477/34 1905/477/34 1904/476/34
f 1777/477/34 1778/478/34 1906/478/34 1905/477/34
f 1778/478/34 1779/479/34 1907/479/34 1906/478/34
f 1779/479/34 1780/480/34 1908/480/34 1907/479/34
f 1780/480/34 1781/481/34 1909/481/34 1908/480/34
f 1781/481/34 1782/482/34 1910/482/34 1909/481/34
f 1782/482/34 1783/483/34 1911/483/34 1910/482/34
f 1783/483/34 1784/484/34 1912/484/34 1911/483/34
f 1784/484/34 1785/485/34 1913/485/34 1912/484/34
f 1785/485/34 1786/486/34 1914/486/34 1913/485/34
f 1786/486/34 1787/487/34 1915/487/34 1914/486/34
f 1787/487/34 1788/488/34 1916/488/34 1915/487/34
f 1788/488/34 1789/489/34 1917/489/34 1916/488/34
f 1789/489/34 1790/490/34 1918/490/34 1917/489/34
f 1790/490/34 1791/491/34 1919/491/34 1918/490/34
f 1791/491/34 1792/492/34 1920/492/34 1919/491/34
f 1792/492/34 1889/493/34 1761/493/34 1920/492/34
f 1824/427/31 1921/426/31 1823/426/31 1922/427/31
f 1921/426/31 1923/425/31 1822/425/31 1823/426/31
f 1923/425/31 1924/424/31 1821/424/31 1822/425/31
f 1924/424/31 1925/423/31 1820/423/31 1821/424/31
f 1925/423/31 1926/422/31 1819/422/31 1820/423/31
f 1926/422/31 1927/421/31 1818/421/31 1819/422/31
f 1927/421/31 1928/420/31 1817/420/31 1818/421/31
f 1928/420/31 1929/419/31 1816/419/31 1817/420/31
f 1929/419/31 1930/418/31 1815/418/31 1816/419/31
f 1930/418/31 1931/417/31 1814/417/31 1815/418/31
f 1931/417/31 1932/416/31 1813/416/31 1814/417/31
f 1932/416/31 1933/415/31 1812/415/31 1813/416/31
f 1933/415/31 1934/414/31 1811/414/31 1812/415/31
f 1934/414/31 1935/413/31 1810/413/31 1811/414/31
f 1935/413/31 1936/412/31 1809/412/31 1810/413/31
f 1936/412/31 1937/411/31 1808/411/31 1809/412/31
f 1937/411/31 1938/410/31 1807/410/31 1808/411/31
f 1938/410/31 1939/409/31 1806/409/31 1807/410/31
f 1939/409/31 1940/408/31 1805/408/31 1806/409/31
f 1940/408/31 1941/407/31 1804/407/31 1805/408/31
f 1941/407/31 1942/406/31 1803/406/31 1804/407/31
f 1942/406/31 1943/405/31 1802/405/31 1803/406/31
f 1943/405/31 1944/404/31 1801/404/31 1802/405/31
f 1944/404/31 1945/403/31 1800/403/31 1801/404/31
f 1945/403/31 1946/402/31 1799/402/31 1800/403/31
f 1946/402/31 1947/401/31 1798/401/31 1799/402/31
f 1947/401/31 1948/400/31 1797/400/31 1798/401/31
f 1948/400/31 1949/399/31 1796/399/31 1797/400/31
f 1949/399/31 1950/398/31 1795/398/31 1796/399/31
f 1950/398/31 1951/397/31 1794/397/31 1795/398/31
f 1951/397/31 1952/396/31 1793/396/31 1794/397/31
f 1952/396/31 1824/395/31 1922/395/31 1793/396/31
usemtl Material.072
f 2017/492/33 1985/494/33 1954/495/33 2081/493/33
f 2016/491/32 1984/496/32 1985/494/32 2017/492/32
f 2015/490/30 1983/497/30 1984/496/30 2016/491/30
f 2014/489/29 1982/498/29 1983/497/29 2015/490/29
f 2013/488/28 1981/499/28 1982/498/28 2014/489/28
f 2012/487/27 1980/500/27 1981/499/27 2013/488/27
f 2011/486/26 1979/501/26 1980/500/26 2012/487/26
f 2010/485/25 1978/502/25 1979/501/25 2011/486/25
f 2009/484/24 1977/503/24 1978/502/24 2010/485/24
f 2008/483/23 1976/504/23 1977/503/23 2009/484/23
f 2007/482/22 1975/505/22 1976/504/22 2008/483/22
f 2006/481/21 1974/506/21 1975/505/21 2007/482/21
f 2005/480/20 1973/507/20 1974/506/20 2006/481/20
f 2004/479/19 1972/508/19 1973/507/19 2005/480/19
f 2003/478/18 1971/509/18 1972/508/18 2004/479/18
f 2002/477/17 1970/510/17 1971/509/17 2003/478/17
f 2001/476/16 1969/511/16 1970/510/16 2002/477/16
f 2000/475/15 1968/512/15 1969/511/15 2001/476/15
f 1999/474/14 1967/513/14 1968/512/14 2000/475/14
f 1998/473/13 1966/514/13 1967/513/13 1999/474/13
f 1997/472/12 1965/515/12 1966/514/12 1998/473/12
f 1996/471/11 1964/516/11 1965/515/11 1997/472/11
f 1995/470/10 1963/517/10 1964/516/10 1996/471/10
f 1994/469/9 1962/518/9 1963/517/9 1995/470/9
f 1993/468/8 1961/519/8 1962/518/8 1994/469/8
f 1992/467/7 1960/520/7 1961/519/7 1993/468/7
f 1991/466/6 1959/521/6 1960/520/6 1992/467/6
f 1990/465/5 1958/522/5 1959/521/5 1991/466/5
f 1989/464/4 1957/523/4 1958/522/4 1990/465/4
f 1988/463/3 1956/524/3 1957/523/3 1989/464/3
f 1987/462/2 1955/525/2 1956/524/2 1988/463/2
f 2081/461/1 1954/526/1 1955/525/1 1987/462/1
f 1953/356/1 1986/357/1 2050/350/1 2049/349/1
f 2049/349/2 2050/350/2 2051/343/2 2048/342/2
f 2048/342/3 2051/343/3 2052/336/3 2047/335/3
f 2047/335/4 2052/336/4 2053/329/4 2046/328/4
f 2046/328/5 2053/329/5 2054/322/5 2045/321/5
f 2045/321/6 2054/322/6 2055/315/6 2044/314/6
f 2044/314/7 2055/315/7 2056/308/7 2043/307/7
f 2043/307/8 2056/308/8 2057/301/8 2042/300/8
f 2042/300/9 2057/301/9 2058/294/9 2041/293/9
f 2041/293/10 2058/294/10 2059/287/10 2040/286/10
f 2040/286/11 2059/287/11 2060/280/11 2039/279/11
f 2039/279/12 2060/280/12 2061/273/12 2038/272/12
f 2038/272/13 2061/273/13 2062/266/13 2037/265/13
f 2037/265/14 2062/266/14 2063/259/14 2036/258/14
f 2036/258/15 2063/259/15 2064/252/15 2035/251/15
f 2035/251/16 2064/252/16 2065/245/16 2034/244/16
f 2034/244/17 2065/245/17 2066/238/17 2033/237/17
f 2033/237/18 2066/238/18 2067/231/18 2032/230/18
f 2032/230/19 2067/231/19 2068/224/19 2031/223/19
f 2031/223/20 2068/224/20 2069/217/20 2030/216/20
f 2030/216/21 2069/217/21 2070/210/21 2029/209/21
f 2029/209/22 2070/210/22 2071/203/22 2028/202/22
f 2028/202/23 2071/203/23 2072/196/23 2027/195/23
f 2027/195/24 2072/196/24 2073/189/24 2026/188/24
f 2026/188/25 2073/189/25 2074/182/25 2025/181/25
f 2025/181/26 2074/182/26 2075/175/26 2024/174/26
f 2024/174/27 2075/175/27 2076/168/27 2023/167/27
f 2023/167/28 2076/168/28 2077/161/28 2022/160/28
f 2022/160/29 2077/161/29 2078/154/29 2021/153/29
f 2021/153/30 2078/154/30 2079/147/30 2020/146/30
f 2020/146/32 2079/147/32 2080/135/32 2019/132/32
f 2019/132/33 2080/135/33 1986/138/33 1953/133/33
f 1985/494/33 2082/426/33 2018/427/33 1954/495/33
f 1984/496/32 2083/425/32 2082/426/32 1985/494/32
f 1983/497/30 2084/424/30 2083/425/30 1984/496/30
f 1982/498/29 2085/423/29 2084/424/29 1983/497/29
f 1981/499/28 2086/422/28 2085/423/28 1982/498/28
f 1980/500/27 2087/421/27 2086/422/27 1981/499/27
f 1979/501/26 2088/420/26 2087/421/26 1980/500/26
f 1978/502/25 2089/419/25 2088/420/25 1979/501/25
f 1977/503/24 2090/418/24 2089/419/24 1978/502/24
f 1976/504/23 2091/417/23 2090/418/23 1977/503/23
f 1975/505/22 2092/416/22 2091/417/22 1976/504/22
f 1974/506/21 2093/415/21 2092/416/21 1975/505/21
f 1973/507/20 2094/414/20 2093/415/20 1974/506/20
f 1972/508/19 2095/413/19 2094/414/19 1973/507/19
f 1971/509/18 2096/412/18 2095/413/18 1972/508/18
f 1970/510/17 2097/411/17 2096/412/17 1971/509/17
f 1969/511/16 2098/410/16 2097/411/16 1970/510/16
f 1968/512/15 2099/409/15 2098/410/15 1969/511/15
f 1967/513/14 2100/408/14 2099/409/14 1968/512/14
f 1966/514/13 2101/407/13 2100/408/13 1967/513/13
f 1965/515/12 2102/406/12 2101/407/12 1966/514/12
f 1964/516/11 2103/405/11 2102/406/11 1965/515/11
f 1963/517/10 2104/404/10 2103/405/10 1964/516/10
f 1962/518/9 2105/403/9 2104/404/9 1963/517/9
f 1961/519/8 2106/402/8 2105/403/8 1962/518/8
f 1960/520/7 2107/401/7 2106/402/7 1961/519/7
f 1959/521/6 2108/400/6 2107/401/6 1960/520/6
f 1958/522/5 2109/399/5 2108/400/5 1959/521/5
f 1957/523/4 2110/398/4 2109/399/4 1958/522/4
f 1956/524/3 2111/397/3 2110/398/3 1957/523/3
f 1955/525/2 2112/396/2 2111/397/2 1956/524/2
f 1954/526/1 2018/395/1 2112/396/1 1955/525/1
usemtl Material.073
f 2181/1/1 2114/2/1 2116/3/1 2182/4/1
f 2182/4/2 2116/3/2 2118/5/2 2187/6/2
f 2187/6/3 2118/5/3 2120/7/3 2192/8/3
f 2192/8/4 2120/7/4 2122/9/4 2197/10/4
f 2197/10/5 2122/9/5 2124/11/5 2202/12/5
f 2202/12/6 2124/11/6 2126/13/6 2207/14/6
f 2207/14/7 2126/13/7 2128/15/7 2212/16/7
f 2212/16/8 2128/15/8 2130/17/8 2217/18/8
f 2217/18/9 2130/17/9 2132/19/9 2222/20/9
f 2222/20/10 2132/19/10 2134/21/10 2227/22/10
f 2227/22/11 2134/21/11 2136/23/11 2232/24/11
f 2232/24/12 2136/23/12 2138/25/12 2237/26/12
f 2237/26/13 2138/25/13 2140/27/13 2242/28/13
f 2242/28/14 2140/27/14 2142/29/14 2247/30/14
f 2247/30/15 2142/29/15 2144/31/15 2252/32/15
f 2252/32/16 2144/31/16 2146/33/16 2257/34/16
f 2257/34/17 2146/33/17 2148/35/17 2262/36/17
f 2262/36/18 2148/35/18 2150/37/18 2267/38/18
f 2267/38/19 2150/37/19 2152/39/19 2272/40/19
f 2272/40/20 2152/39/20 2154/41/20 2277/42/20
f 2277/42/21 2154/41/21 2156/43/21 2282/44/21
f 2282/44/22 2156/43/22 2158/45/22 2287/46/22
f 2287/46/23 2158/45/23 2160/47/23 2292/48/23
f 2292/48/24 2160/47/24 2162/49/24 2297/50/24
f 2297/50/25 2162/49/25 2164/51/25 2302/52/25
f 2302/52/26 2164/51/26 2166/53/26 2307/54/26
f 2307/54/27 2166/53/27 2168/55/27 2312/56/27
f 2312/56/28 2168/55/28 2170/57/28 2317/58/28
f 2317/58/29 2170/57/29 2172/59/29 2322/60/29
f 2322/60/30 2172/59/30 2174/61/30 2327/62/30
f 2116/63/31 2114/64/31 2176/65/31 2174/66/31 2172/67/31 2170/68/31 2168/69/31 2166/70/31 2164/71/31 2162/72/31 2160/73/31 2158/74/31 2156/75/31 2154/76/31 2152/77/31 2150/78/31 2148/79/31 2146/80/31 2144/81/31 2142/82/31 2140/83/31 2138/84/31 2136/85/31 2134/86/31 2132/87/31 2130/88/31 2128/89/31 2126/90/31 2124/91/31 2122/92/31 2120/93/31 2118/94/31
f 2327/62/32 2174/61/32 2176/95/32 2332/96/32
f 2332/96/33 2176/95/33 2114/97/33 2181/98/33
f 2113/99/34 2115/100/34 2117/101/34 2119/102/34 2121/103/34 2123/104/34 2125/105/34 2127/106/34 2129/107/34 2131/108/34 2133/109/34 2135/110/34 2137/111/34 2139/112/34 2141/113/34 2143/114/34 2145/115/34 2147/116/34 2149/117/34 2151/118/34 2153/119/34 2155/120/34 2157/121/34 2159/122/34 2161/123/34 2163/124/34 2165/125/34 2167/126/34 2169/127/34 2171/128/34 2173/129/34 2175/130/34
f 2431/131/33 2336/132/33 2530/133/33 2432/134/33
f 2464/135/33 2335/136/33 2178/137/33 2561/138/33
f 2335/136/33 2334/139/33 2179/140/33 2178/137/33
f 2334/139/33 2333/141/33 2180/142/33 2179/140/33
f 2400/143/33 2332/96/33 2181/98/33 2369/144/33
f 2430/145/32 2331/146/32 2336/132/32 2431/131/32
f 2463/147/32 2330/148/32 2335/136/32 2464/135/32
f 2330/148/32 2329/149/32 2334/139/32 2335/136/32
f 2329/149/32 2328/150/32 2333/141/32 2334/139/32
f 2399/151/32 2327/62/32 2332/96/32 2400/143/32
f 2429/152/30 2326/153/30 2331/146/30 2430/145/30
f 2462/154/30 2325/155/30 2330/148/30 2463/147/30
f 2325/155/30 2324/156/30 2329/149/30 2330/148/30
f 2324/156/30 2323/157/30 2328/150/30 2329/149/30
f 2398/158/30 2322/60/30 2327/62/30 2399/151/30
f 2428/159/29 2321/160/29 2326/153/29 2429/152/29
f 2461/161/29 2320/162/29 2325/155/29 2462/154/29
f 2320/162/29 2319/163/29 2324/156/29 2325/155/29
f 2319/163/29 2318/164/29 2323/157/29 2324/156/29
f 2397/165/29 2317/58/29 2322/60/29 2398/158/29
f 2427/166/28 2316/167/28 2321/160/28 2428/159/28
f 2460/168/28 2315/169/28 2320/162/28 2461/161/28
f 2315/169/28 2314/170/28 2319/163/28 2320/162/28
f 2314/170/28 2313/171/28 2318/164/28 2319/163/28
f 2396/172/28 2312/56/28 2317/58/28 2397/165/28
f 2426/173/27 2311/174/27 2316/167/27 2427/166/27
f 2459/175/27 2310/176/27 2315/169/27 2460/168/27
f 2310/176/27 2309/177/27 2314/170/27 2315/169/27
f 2309/177/27 2308/178/27 2313/171/27 2314/170/27
f 2395/179/27 2307/54/27 2312/56/27 2396/172/27
f 2425/180/26 2306/181/26 2311/174/26 2426/173/26
f 2458/182/26 2305/183/26 2310/176/26 2459/175/26
f 2305/183/26 2304/184/26 2309/177/26 2310/176/26
f 2304/184/26 2303/185/26 2308/178/26 2309/177/26
f 2394/186/26 2302/52/26 2307/54/26 2395/179/26
f 2424/187/25 2301/188/25 2306/181/25 2425/180/25
f 2457/189/25 2300/190/25 2305/183/25 2458/182/25
f 2300/190/25 2299/191/25 2304/184/25 2305/183/25
f 2299/191/25 2298/192/25 2303/185/25 2304/184/25
f 2393/193/25 2297/50/25 2302/52/25 2394/186/25
f 2423/194/24 2296/195/24 2301/188/24 2424/187/24
f 2456/196/24 2295/197/24 2300/190/24 2457/189/24
f 2295/197/24 2294/198/24 2299/191/24 2300/190/24
f 2294/198/24 2293/199/24 2298/192/24 2299/191/24
f 2392/200/24 2292/48/24 2297/50/24 2393/193/24
f 2422/201/23 2291/202/23 2296/195/23 2423/194/23
f 2455/203/23 2290/204/23 2295/197/23 2456/196/23
f 2290/204/23 2289/205/23 2294/198/23 2295/197/23
f 2289/205/23 2288/206/23 2293/199/23 2294/198/23
f 2391/207/23 2287/46/23 2292/48/23 2392/200/23
f 2421/208/22 2286/209/22 2291/202/22 2422/201/22
f 2454/210/22 2285/211/22 2290/204/22 2455/203/22
f 2285/211/22 2284/212/22 2289/205/22 2290/204/22
f 2284/212/22 2283/213/22 2288/206/22 2289/205/22
f 2390/214/22 2282/44/22 2287/46/22 2391/207/22
f 2420/215/21 2281/216/21 2286/209/21 2421/208/21
f 2453/217/21 2280/218/21 2285/211/21 2454/210/21
f 2280/218/21 2279/219/21 2284/212/21 2285/211/21
f 2279/219/21 2278/220/21 2283/213/21 2284/212/21
f 2389/221/21 2277/42/21 2282/44/21 2390/214/21
f 2419/222/20 2276/223/20 2281/216/20 2420/215/20
f 2452/224/20 2275/225/20 2280/218/20 2453/217/20
f 2275/225/20 2274/226/20 2279/219/20 2280/218/20
f 2274/226/20 2273/227/20 2278/220/20 2279/219/20
f 2388/228/20 2272/40/20 2277/42/20 2389/221/20
f 2418/229/19 2271/230/19 2276/223/19 2419/222/19
f 2451/231/19 2270/232/19 2275/225/19 2452/224/19
f 2270/232/19 2269/233/19 2274/226/19 2275/225/19
f 2269/233/19 2268/234/19 2273/227/19 2274/226/19
f 2387/235/19 2267/38/19 2272/40/19 2388/228/19
f 2417/236/18 2266/237/18 2271/230/18 2418/229/18
f 2450/238/18 2265/239/18 2270/232/18 2451/231/18
f 2265/239/18 2264/240/18 2269/233/18 2270/232/18
f 2264/240/18 2263/241/18 2268/234/18 2269/233/18
f 2386/242/18 2262/36/18 2267/38/18 2387/235/18
f 2416/243/17 2261/244/17 2266/237/17 2417/236/17
f 2449/245/17 2260/246/17 2265/239/17 2450/238/17
f 2260/246/17 2259/247/17 2264/240/17 2265/239/17
f 2259/247/17 2258/248/17 2263/241/17 2264/240/17
f 2385/249/17 2257/34/17 2262/36/17 2386/242/17
f 2415/250/16 2256/251/16 2261/244/16 2416/243/16
f 2448/252/16 2255/253/16 2260/246/16 2449/245/16
f 2255/253/16 2254/254/16 2259/247/16 2260/246/16
f 2254/254/16 2253/255/16 2258/248/16 2259/247/16
f 2384/256/16 2252/32/16 2257/34/16 2385/249/16
f 2414/257/15 2251/258/15 2256/251/15 2415/250/15
f 2447/259/15 2250/260/15 2255/253/15 2448/252/15
f 2250/260/15 2249/261/15 2254/254/15 2255/253/15
f 2249/261/15 2248/262/15 2253/255/15 2254/254/15
f 2383/263/15 2247/30/15 2252/32/15 2384/256/15
f 2413/264/14 2246/265/14 2251/258/14 2414/257/14
f 2446/266/14 2245/267/14 2250/260/14 2447/259/14
f 2245/267/14 2244/268/14 2249/261/14 2250/260/14
f 2244/268/14 2243/269/14 2248/262/14 2249/261/14
f 2382/270/14 2242/28/14 2247/30/14 2383/263/14
f 2412/271/13 2241/272/13 2246/265/13 2413/264/13
f 2445/273/13 2240/274/13 2245/267/13 2446/266/13
f 2240/274/13 2239/275/13 2244/268/13 2245/267/13
f 2239/275/13 2238/276/13 2243/269/13 2244/268/13
f 2381/277/13 2237/26/13 2242/28/13 2382/270/13
f 2411/278/12 2236/279/12 2241/272/12 2412/271/12
f 2444/280/12 2235/281/12 2240/274/12 2445/273/12
f 2235/281/12 2234/282/12 2239/275/12 2240/274/12
f 2234/282/12 2233/283/12 2238/276/12 2239/275/12
f 2380/284/12 2232/24/12 2237/26/12 2381/277/12
f 2410/285/11 2231/286/11 2236/279/11 2411/278/11
f 2443/287/11 2230/288/11 2235/281/11 2444/280/11
f 2230/288/11 2229/289/11 2234/282/11 2235/281/11
f 2229/289/11 2228/290/11 2233/283/11 2234/282/11
f 2379/291/11 2227/22/11 2232/24/11 2380/284/11
f 2409/292/10 2226/293/10 2231/286/10 2410/285/10
f 2442/294/10 2225/295/10 2230/288/10 2443/287/10
f 2225/295/10 2224/296/10 2229/289/10 2230/288/10
f 2224/296/10 2223/297/10 2228/290/10 2229/289/10
f 2378/298/10 2222/20/10 2227/22/10 2379/291/10
f 2408/299/9 2221/300/9 2226/293/9 2409/292/9
f 2441/301/9 2220/302/9 2225/295/9 2442/294/9
f 2220/302/9 2219/303/9 2224/296/9 2225/295/9
f 2219/303/9 2218/304/9 2223/297/9 2224/296/9
f 2377/305/9 2217/18/9 2222/20/9 2378/298/9
f 2407/306/8 2216/307/8 2221/300/8 2408/299/8
f 2440/308/8 2215/309/8 2220/302/8 2441/301/8
f 2215/309/8 2214/310/8 2219/303/8 2220/302/8
f 2214/310/8 2213/311/8 2218/304/8 2219/303/8
f 2376/312/8 2212/16/8 2217/18/8 2377/305/8
f 2406/313/7 2211/314/7 2216/307/7 2407/306/7
f 2439/315/7 2210/316/7 2215/309/7 2440/308/7
f 2210/316/7 2209/317/7 2214/310/7 2215/309/7
f 2209/317/7 2208/318/7 2213/311/7 2214/310/7
f 2375/319/7 2207/14/7 2212/16/7 2376/312/7
f 2405/320/6 2206/321/6 2211/314/6 2406/313/6
f 2438/322/6 2205/323/6 2210/316/6 2439/315/6
f 2205/323/6 2204/324/6 2209/317/6 2210/316/6
f 2204/324/6 2203/325/6 2208/318/6 2209/317/6
f 2374/326/6 2202/12/6 2207/14/6 2375/319/6
f 2404/327/5 2201/328/5 2206/321/5 2405/320/5
f 2437/329/5 2200/330/5 2205/323/5 2438/322/5
f 2200/330/5 2199/331/5 2204/324/5 2205/323/5
f 2199/331/5 2198/332/5 2203/325/5 2204/324/5
f 2373/333/5 2197/10/5 2202/12/5 2374/326/5
f 2403/334/4 2196/335/4 2201/328/4 2404/327/4
f 2436/336/4 2195/337/4 2200/330/4 2437/329/4
f 2195/337/4 2194/338/4 2199/331/4 2200/330/4
f 2194/338/4 2193/339/4 2198/332/4 2199/331/4
f 2372/340/4 2192/8/4 2197/10/4 2373/333/4
f 2402/341/3 2191/342/3 2196/335/3 2403/334/3
f 2435/343/3 2190/344/3 2195/337/3 2436/336/3
f 2190/344/3 2189/345/3 2194/338/3 2195/337/3
f 2189/345/3 2188/346/3 2193/339/3 2194/338/3
f 2371/347/3 2187/6/3 2192/8/3 2372/340/3
f 2401/348/2 2186/349/2 2191/342/2 2402/341/2
f 2434/350/2 2185/351/2 2190/344/2 2435/343/2
f 2185/351/2 2184/352/2 2189/345/2 2190/344/2
f 2184/352/2 2183/353/2 2188/346/2 2189/345/2
f 2370/354/2 2182/4/2 2187/6/2 2371/347/2
f 2432/355/1 2530/356/1 2186/349/1 2401/348/1
f 2561/357/1 2178/358/1 2185/351/1 2434/350/1
f 2178/358/1 2179/359/1 2184/352/1 2185/351/1
f 2179/359/1 2180/360/1 2183/353/1 2184/352/1
f 2369/361/1 2181/1/1 2182/4/1 2370/354/1
f 2180/360/1 2337/362/1 2338/363/1 2183/353/1
f 2183/353/2 2338/363/2 2339/364/2 2188/346/2
f 2188/346/3 2339/364/3 2340/365/3 2193/339/3
f 2193/339/4 2340/365/4 2341/366/4 2198/332/4
f 2198/332/5 2341/366/5 2342/367/5 2203/325/5
f 2203/325/6 2342/367/6 2343/368/6 2208/318/6
f 2208/318/7 2343/368/7 2344/369/7 2213/311/7
f 2213/311/8 2344/369/8 2345/370/8 2218/304/8
f 2218/304/9 2345/370/9 2346/371/9 2223/297/9
f 2223/297/10 2346/371/10 2347/372/10 2228/290/10
f 2228/290/11 2347/372/11 2348/373/11 2233/283/11
f 2233/283/12 2348/373/12 2349/374/12 2238/276/12
f 2238/276/13 2349/374/13 2350/375/13 2243/269/13
f 2243/269/14 2350/375/14 2351/376/14 2248/262/14
f 2248/262/15 2351/376/15 2352/377/15 2253/255/15
f 2253/255/16 2352/377/16 2353/378/16 2258/248/16
f 2258/248/17 2353/378/17 2354/379/17 2263/241/17
f 2263/241/18 2354/379/18 2355/380/18 2268/234/18
f 2268/234/19 2355/380/19 2356/381/19 2273/227/19
f 2273/227/20 2356/381/20 2357/382/20 2278/220/20
f 2278/220/21 2357/382/21 2358/383/21 2283/213/21
f 2283/213/22 2358/383/22 2359/384/22 2288/206/22
f 2288/206/23 2359/384/23 2360/385/23 2293/199/23
f 2293/199/24 2360/385/24 2361/386/24 2298/192/24
f 2298/192/25 2361/386/25 2362/387/25 2303/185/25
f 2303/185/26 2362/387/26 2363/388/26 2308/178/26
f 2308/178/27 2363/388/27 2364/389/27 2313/171/27
f 2313/171/28 2364/389/28 2365/390/28 2318/164/28
f 2318/164/29 2365/390/29 2366/391/29 2323/157/29
f 2323/157/30 2366/391/30 2367/392/30 2328/150/30
f 2328/150/32 2367/392/32 2368/393/32 2333/141/32
f 2333/141/33 2368/393/33 2337/394/33 2180/142/33
f 2626/395/1 2369/361/1 2370/354/1 2497/396/1
f 2497/396/2 2370/354/2 2371/347/2 2498/397/2
f 2498/397/3 2371/347/3 2372/340/3 2499/398/3
f 2499/398/4 2372/340/4 2373/333/4 2500/399/4
f 2500/399/5 2373/333/5 2374/326/5 2501/400/5
f 2501/400/6 2374/326/6 2375/319/6 2502/401/6
f 2502/401/7 2375/319/7 2376/312/7 2503/402/7
f 2503/402/8 2376/312/8 2377/305/8 2504/403/8
f 2504/403/9 2377/305/9 2378/298/9 2505/404/9
f 2505/404/10 2378/298/10 2379/291/10 2506/405/10
f 2506/405/11 2379/291/11 2380/284/11 2507/406/11
f 2507/406/12 2380/284/12 2381/277/12 2508/407/12
f 2508/407/13 2381/277/13 2382/270/13 2509/408/13
f 2509/408/14 2382/270/14 2383/263/14 2510/409/14
f 2510/409/15 2383/263/15 2384/256/15 2511/410/15
f 2511/410/16 2384/256/16 2385/249/16 2512/411/16
f 2512/411/17 2385/249/17 2386/242/17 2513/412/17
f 2513/412/18 2386/242/18 2387/235/18 2514/413/18
f 2514/413/19 2387/235/19 2388/228/19 2515/414/19
f 2515/414/20 2388/228/20 2389/221/20 2516/415/20
f 2516/415/21 2389/221/21 2390/214/21 2517/416/21
f 2517/416/22 2390/214/22 2391/207/22 2518/417/22
f 2518/417/23 2391/207/23 2392/200/23 2519/418/23
f 2519/418/24 2392/200/24 2393/193/24 2520/419/24
f 2520/419/25 2393/193/25 2394/186/25 2521/420/25
f 2521/420/26 2394/186/26 2395/179/26 2522/421/26
f 2522/421/27 2395/179/27 2396/172/27 2523/422/27
f 2523/422/28 2396/172/28 2397/165/28 2524/423/28
f 2524/423/29 2397/165/29 2398/158/29 2525/424/29
f 2525/424/30 2398/158/30 2399/151/30 2526/425/30
f 2526/425/32 2399/151/32 2400/143/32 2527/426/32
f 2527/426/33 2400/143/33 2369/144/33 2626/427/33
f 2113/428/1 2432/355/1 2401/348/1 2115/429/1
f 2115/429/2 2401/348/2 2402/341/2 2117/430/2
f 2117/430/3 2402/341/3 2403/334/3 2119/431/3
f 2119/431/4 2403/334/4 2404/327/4 2121/432/4
f 2121/432/5 2404/327/5 2405/320/5 2123/433/5
f 2123/433/6 2405/320/6 2406/313/6 2125/434/6
f 2125/434/7 2406/313/7 2407/306/7 2127/435/7
f 2127/435/8 2407/306/8 2408/299/8 2129/436/8
f 2129/436/9 2408/299/9 2409/292/9 2131/437/9
f 2131/437/10 2409/292/10 2410/285/10 2133/438/10
f 2133/438/11 2410/285/11 2411/278/11 2135/439/11
f 2135/439/12 2411/278/12 2412/271/12 2137/440/12
f 2137/440/13 2412/271/13 2413/264/13 2139/441/13
f 2139/441/14 2413/264/14 2414/257/14 2141/442/14
f 2141/442/15 2414/257/15 2415/250/15 2143/443/15
f 2143/443/16 2415/250/16 2416/243/16 2145/444/16
f 2145/444/17 2416/243/17 2417/236/17 2147/445/17
f 2147/445/18 2417/236/18 2418/229/18 2149/446/18
f 2149/446/19 2418/229/19 2419/222/19 2151/447/19
f 2151/447/20 2419/222/20 2420/215/20 2153/448/20
f 2153/448/21 2420/215/21 2421/208/21 2155/449/21
f 2155/449/22 2421/208/22 2422/201/22 2157/450/22
f 2157/450/23 2422/201/23 2423/194/23 2159/451/23
f 2159/451/24 2423/194/24 2424/187/24 2161/452/24
f 2161/452/25 2424/187/25 2425/180/25 2163/453/25
f 2163/453/26 2425/180/26 2426/173/26 2165/454/26
f 2165/454/27 2426/173/27 2427/166/27 2167/455/27
f 2167/455/28 2427/166/28 2428/159/28 2169/456/28
f 2169/456/29 2428/159/29 2429/152/29 2171/457/29
f 2171/457/30 2429/152/30 2430/145/30 2173/458/30
f 2173/458/32 2430/145/32 2431/131/32 2175/459/32
f 2175/459/33 2431/131/33 2432/134/33 2113/460/33
f 2337/362/1 2465/461/1 2594/462/1 2338/363/1
f 2338/363/2 2594/462/2 2595/463/2 2339/364/2
f 2339/364/3 2595/463/3 2596/464/3 2340/365/3
f 2340/365/4 2596/464/4 2597/465/4 2341/366/4
f 2341/366/5 2597/465/5 2598/466/5 2342/367/5
f 2342/367/6 2598/466/6 2599/467/6 2343/368/6
f 2343/368/7 2599/467/7 2600/468/7 2344/369/7
f 2344/369/8 2600/468/8 2601/469/8 2345/370/8
f 2345/370/9 2601/469/9 2602/470/9 2346/371/9
f 2346/371/10 2602/470/10 2603/471/10 2347/372/10
f 2347/372/11 2603/471/11 2604/472/11 2348/373/11
f 2348/373/12 2604/472/12 2605/473/12 2349/374/12
f 2349/374/13 2605/473/13 2606/474/13 2350/375/13
f 2350/375/14 2606/474/14 2607/475/14 2351/376/14
f 2351/376/15 2607/475/15 2608/476/15 2352/377/15
f 2352/377/16 2608/476/16 2609/477/16 2353/378/16
f 2353/378/17 2609/477/17 2610/478/17 2354/379/17
f 2354/379/18 2610/478/18 2611/479/18 2355/380/18
f 2355/380/19 2611/479/19 2612/480/19 2356/381/19
f 2356/381/20 2612/480/20 2613/481/20 2357/382/20
f 2357/382/21 2613/481/21 2614/482/21 2358/383/21
f 2358/383/22 2614/482/22 2615/483/22 2359/384/22
f 2359/384/23 2615/483/23 2616/484/23 2360/385/23
f 2360/385/24 2616/484/24 2617/485/24 2361/386/24
f 2361/386/25 2617/485/25 2618/486/25 2362/387/25
f 2362/387/26 2618/486/26 2619/487/26 2363/388/26
f 2363/388/27 2619/487/27 2620/488/27 2364/389/27
f 2364/389/28 2620/488/28 2621/489/28 2365/390/28
f 2365/390/29 2621/489/29 2622/490/29 2366/391/29
f 2366/391/30 2622/490/30 2623/491/30 2367/392/30
f 2367/392/32 2623/491/32 2624/492/32 2368/393/32
f 2368/393/33 2624/492/33 2465/493/33 2337/394/33
f 2529/132/34 2177/133/34 2530/133/34 2336/132/34
f 2531/146/34 2529/132/34 2336/132/34 2331/146/34
f 2532/153/34 2531/146/34 2331/146/34 2326/153/34
f 2533/160/34 2532/153/34 2326/153/34 2321/160/34
f 2534/167/34 2533/160/34 2321/160/34 2316/167/34
f 2535/174/34 2534/167/34 2316/167/34 2311/174/34
f 2536/181/34 2535/174/34 2311/174/34 2306/181/34
f 2537/188/34 2536/181/34 2306/181/34 2301/188/34
f 2538/195/34 2537/188/34 2301/188/34 2296/195/34
f 2539/202/34 2538/195/34 2296/195/34 2291/202/34
f 2540/209/34 2539/202/34 2291/202/34 2286/209/34
f 2541/216/34 2540/209/34 2286/209/34 2281/216/34
f 2542/223/34 2541/216/34 2281/216/34 2276/223/34
f 2543/230/34 2542/223/34 2276/223/34 2271/230/34
f 2544/237/34 2543/230/34 2271/230/34 2266/237/34
f 2545/244/34 2544/237/34 2266/237/34 2261/244/34
f 2546/251/34 2545/244/34 2261/244/34 2256/251/34
f 2547/258/34 2546/251/34 2256/251/34 2251/258/34
f 2548/265/34 2547/258/34 2251/258/34 2246/265/34
f 2549/272/34 2548/265/34 2246/265/34 2241/272/34
f 2550/279/34 2549/272/34 2241/272/34 2236/279/34
f 2551/286/34 2550/279/34 2236/279/34 2231/286/34
f 2552/293/34 2551/286/34 2231/286/34 2226/293/34
f 2553/300/34 2552/293/34 2226/293/34 2221/300/34
f 2554/307/34 2553/300/34 2221/300/34 2216/307/34
f 2555/314/34 2554/307/34 2216/307/34 2211/314/34
f 2556/321/34 2555/314/34 2211/314/34 2206/321/34
f 2557/328/34 2556/321/34 2206/321/34 2201/328/34
f 2558/335/34 2557/328/34 2201/328/34 2196/335/34
f 2559/342/34 2558/335/34 2196/335/34 2191/342/34
f 2560/349/34 2559/342/34 2191/342/34 2186/349/34
f 2177/356/34 2560/349/34 2186/349/34 2530/356/34
f 2562/350/31 2433/357/31 2561/357/31 2434/350/31
f 2563/343/31 2562/350/31 2434/350/31 2435/343/31
f 2564/336/31 2563/343/31 2435/343/31 2436/336/31
f 2565/329/31 2564/336/31 2436/336/31 2437/329/31
f 2566/322/31 2565/329/31 2437/329/31 2438/322/31
f 2567/315/31 2566/322/31 2438/322/31 2439/315/31
f 2568/308/31 2567/315/31 2439/315/31 2440/308/31
f 2569/301/31 2568/308/31 2440/308/31 2441/301/31
f 2570/294/31 2569/301/31 2441/301/31 2442/294/31
f 2571/287/31 2570/294/31 2442/294/31 2443/287/31
f 2572/280/31 2571/287/31 2443/287/31 2444/280/31
f 2573/273/31 2572/280/31 2444/280/31 2445/273/31
f 2574/266/31 2573/273/31 2445/273/31 2446/266/31
f 2575/259/31 2574/266/31 2446/266/31 2447/259/31
f 2576/252/31 2575/259/31 2447/259/31 2448/252/31
f 2577/245/31 2576/252/31 2448/252/31 2449/245/31
f 2578/238/31 2577/245/31 2449/245/31 2450/238/31
f 2579/231/31 2578/238/31 2450/238/31 2451/231/31
f 2580/224/31 2579/231/31 2451/231/31 2452/224/31
f 2581/217/31 2580/224/31 2452/224/31 2453/217/31
f 2582/210/31 2581/217/31 2453/217/31 2454/210/31
f 2583/203/31 2582/210/31 2454/210/31 2455/203/31
f 2584/196/31 2583/203/31 2455/203/31 2456/196/31
f 2585/189/31 2584/196/31 2456/196/31 2457/189/31
f 2586/182/31 2585/189/31 2457/189/31 2458/182/31
f 2587/175/31 2586/182/31 2458/182/31 2459/175/31
f 2588/168/31 2587/175/31 2459/175/31 2460/168/31
f 2589/161/31 2588/168/31 2460/168/31 2461/161/31
f 2590/154/31 2589/161/31 2461/161/31 2462/154/31
f 2591/147/31 2590/154/31 2462/154/31 2463/147/31
f 2592/135/31 2591/147/31 2463/147/31 2464/135/31
f 2433/138/31 2592/135/31 2464/135/31 2561/138/31
f 2593/461/34 2466/462/34 2594/462/34 2465/461/34
f 2466/462/34 2467/463/34 2595/463/34 2594/462/34
f 2467/463/34 2468/464/34 2596/464/34 2595/463/34
f 2468/464/34 2469/465/34 2597/465/34 2596/464/34
f 2469/465/34 2470/466/34 2598/466/34 2597/465/34
f 2470/466/34 2471/467/34 2599/467/34 2598/466/34
f 2471/467/34 2472/468/34 2600/468/34 2599/467/34
f 2472/468/34 2473/469/34 2601/469/34 2600/468/34
f 2473/469/34 2474/470/34 2602/470/34 2601/469/34
f 2474/470/34 2475/471/34 2603/471/34 2602/470/34
f 2475/471/34 2476/472/34 2604/472/34 2603/471/34
f 2476/472/34 2477/473/34 2605/473/34 2604/472/34
f 2477/473/34 2478/474/34 2606/474/34 2605/473/34
f 2478/474/34 2479/475/34 2607/475/34 2606/474/34
f 2479/475/34 2480/476/34 2608/476/34 2607/475/34
f 2480/476/34 2481/477/34 2609/477/34 2608/476/34
f 2481/477/34 2482/478/34 2610/478/34 2609/477/34
f 2482/478/34 2483/479/34 2611/479/34 2610/478/34
f 2483/479/34 2484/480/34 2612/480/34 2611/479/34
f 2484/480/34 2485/481/34 2613/481/34 2612/480/34
f 2485/481/34 2486/482/34 2614/482/34 2613/481/34
f 2486/482/34 2487/483/34 2615/483/34 2614/482/34
f 2487/483/34 2488/484/34 2616/484/34 2615/483/34
f 2488/484/34 2489/485/34 2617/485/34 2616/484/34
f 2489/485/34 2490/486/34 2618/486/34 2617/485/34
f 2490/486/34 2491/487/34 2619/487/34 2618/486/34
f 2491/487/34 2492/488/34 2620/488/34 2619/487/34
f 2492/488/34 2493/489/34 2621/489/34 2620/488/34
f 2493/489/34 2494/490/34 2622/490/34 2621/489/34
f 2494/490/34 2495/491/34 2623/491/34 2622/490/34
f 2495/491/34 2496/492/34 2624/492/34 2623/491/34
f 2496/492/34 2593/493/34 2465/493/34 2624/492/34
f 2528/427/31 2625/426/31 2527/426/31 2626/427/31
f 2625/426/31 2627/425/31 2526/425/31 2527/426/31
f 2627/425/31 2628/424/31 2525/424/31 2526/425/31
f 2628/424/31 2629/423/31 2524/423/31 2525/424/31
f 2629/423/31 2630/422/31 2523/422/31 2524/423/31
f 2630/422/31 2631/421/31 2522/421/31 2523/422/31
f 2631/421/31 2632/420/31 2521/420/31 2522/421/31
f 2632/420/31 2633/419/31 2520/419/31 2521/420/31
f 2633/419/31 2634/418/31 2519/418/31 2520/419/31
f 2634/418/31 2635/417/31 2518/417/31 2519/418/31
f 2635/417/31 2636/416/31 2517/416/31 2518/417/31
f 2636/416/31 2637/415/31 2516/415/31 2517/416/31
f 2637/415/31 2638/414/31 2515/414/31 2516/415/31
f 2638/414/31 2639/413/31 2514/413/31 2515/414/31
f 2639/413/31 2640/412/31 2513/412/31 2514/413/31
f 2640/412/31 2641/411/31 2512/411/31 2513/412/31
f 2641/411/31 2642/410/31 2511/410/31 2512/411/31
f 2642/410/31 2643/409/31 2510/409/31 2511/410/31
f 2643/409/31 2644/408/31 2509/408/31 2510/409/31
f 2644/408/31 2645/407/31 2508/407/31 2509/408/31
f 2645/407/31 2646/406/31 2507/406/31 2508/407/31
f 2646/406/31 2647/405/31 2506/405/31 2507/406/31
f 2647/405/31 2648/404/31 2505/404/31 2506/405/31
f 2648/404/31 2649/403/31 2504/403/31 2505/404/31
f 2649/403/31 2650/402/31 2503/402/31 2504/403/31
f 2650/402/31 2651/401/31 2502/401/31 2503/402/31
f 2651/401/31 2652/400/31 2501/400/31 2502/401/31
f 2652/400/31 2653/399/31 2500/399/31 2501/400/31
f 2653/399/31 2654/398/31 2499/398/31 2500/399/31
f 2654/398/31 2655/397/31 2498/397/31 2499/398/31
f 2655/397/31 2656/396/31 2497/396/31 2498/397/31
f 2656/396/31 2528/395/31 2626/395/31 2497/396/31
usemtl Material.074
f 2721/492/33 2689/494/33 2658/495/33 2785/493/33
f 2720/491/32 2688/496/32 2689/494/32 2721/492/32
f 2719/490/30 2687/497/30 2688/496/30 2720/491/30
f 2718/489/29 2686/498/29 2687/497/29 2719/490/29
f 2717/488/28 2685/499/28 2686/498/28 2718/489/28
f 2716/487/27 2684/500/27 2685/499/27 2717/488/27
f 2715/486/26 2683/501/26 2684/500/26 2716/487/26
f 2714/485/25 2682/502/25 2683/501/25 2715/486/25
f 2713/484/24 2681/503/24 2682/502/24 2714/485/24
f 2712/483/23 2680/504/23 2681/503/23 2713/484/23
f 2711/482/22 2679/505/22 2680/504/22 2712/483/22
f 2710/481/21 2678/506/21 2679/505/21 2711/482/21
f 2709/480/20 2677/507/20 2678/506/20 2710/481/20
f 2708/479/19 2676/508/19 2677/507/19 2709/480/19
f 2707/478/18 2675/509/18 2676/508/18 2708/479/18
f 2706/477/17 2674/510/17 2675/509/17 2707/478/17
f 2705/476/16 2673/511/16 2674/510/16 2706/477/16
f 2704/475/15 2672/512/15 2673/511/15 2705/476/15
f 2703/474/14 2671/513/14 2672/512/14 2704/475/14
f 2702/473/13 2670/514/13 2671/513/13 2703/474/13
f 2701/472/12 2669/515/12 2670/514/12 2702/473/12
f 2700/471/11 2668/516/11 2669/515/11 2701/472/11
f 2699/470/10 2667/517/10 2668/516/10 2700/471/10
f 2698/469/9 2666/518/9 2667/517/9 2699/470/9
f 2697/468/8 2665/519/8 2666/518/8 2698/469/8
f 2696/467/7 2664/520/7 2665/519/7 2697/468/7
f 2695/466/6 2663/521/6 2664/520/6 2696/467/6
f 2694/465/5 2662/522/5 2663/521/5 2695/466/5
f 2693/464/4 2661/523/4 2662/522/4 2694/465/4
f 2692/463/3 2660/524/3 2661/523/3 2693/464/3
f 2691/462/2 2659/525/2 2660/524/2 2692/463/2
f 2785/461/1 2658/526/1 2659/525/1 2691/462/1
f 2657/356/1 2690/357/1 2754/350/1 2753/349/1
f 2753/349/2 2754/350/2 2755/343/2 2752/342/2
f 2752/342/3 2755/343/3 2756/336/3 2751/335/3
f 2751/335/4 2756/336/4 2757/329/4 2750/328/4
f 2750/328/5 2757/329/5 2758/322/5 2749/321/5
f 2749/321/6 2758/322/6 2759/315/6 2748/314/6
f 2748/314/7 2759/315/7 2760/308/7 2747/307/7
f 2747/307/8 2760/308/8 2761/301/8 2746/300/8
f 2746/300/9 2761/301/9 2762/294/9 2745/293/9
f 2745/293/10 2762/294/10 2763/287/10 2744/286/10
f 2744/286/11 2763/287/11 2764/280/11 2743/279/11
f 2743/279/12 2764/280/12 2765/273/12 2742/272/12
f 2742/272/13 2765/273/13 2766/266/13 2741/265/13
f 2741/265/14 2766/266/14 2767/259/14 2740/258/14
f 2740/258/15 2767/259/15 2768/252/15 2739/251/15
f 2739/251/16 2768/252/16 2769/245/16 2738/244/16
f 2738/244/17 2769/245/17 2770/238/17 2737/237/17
f 2737/237/18 2770/238/18 2771/231/18 2736/230/18
f 2736/230/19 2771/231/19 2772/224/19 2735/223/19
f 2735/223/20 2772/224/20 2773/217/20 2734/216/20
f 2734/216/21 2773/217/21 2774/210/21 2733/209/21
f 2733/209/22 2774/210/22 2775/203/22 2732/202/22
f 2732/202/23 2775/203/23 2776/196/23 2731/195/23
f 2731/195/24 2776/196/24 2777/189/24 2730/188/24
f 2730/188/25 2777/189/25 2778/182/25 2729/181/25
f 2729/181/26 2778/182/26 2779/175/26 2728/174/26
f 2728/174/27 2779/175/27 2780/168/27 2727/167/27
f 2727/167/28 2780/168/28 2781/161/28 2726/160/28
f 2726/160/29 2781/161/29 2782/154/29 2725/153/29
f 2725/153/30 2782/154/30 2783/147/30 2724/146/30
f 2724/146/32 2783/147/32 2784/135/32 2723/132/32
f 2723/132/33 2784/135/33 2690/138/33 2657/133/33
f 2689/494/33 2786/426/33 2722/427/33 2658/495/33
f 2688/496/32 2787/425/32 2786/426/32 2689/494/32
f 2687/497/30 2788/424/30 2787/425/30 2688/496/30
f 2686/498/29 2789/423/29 2788/424/29 2687/497/29
f 2685/499/28 2790/422/28 2789/423/28 2686/498/28
f 2684/500/27 2791/421/27 2790/422/27 2685/499/27
f 2683/501/26 2792/420/26 2791/421/26 2684/500/26
f 2682/502/25 2793/419/25 2792/420/25 2683/501/25
f 2681/503/24 2794/418/24 2793/419/24 2682/502/24
f 2680/504/23 2795/417/23 2794/418/23 2681/503/23
f 2679/505/22 2796/416/22 2795/417/22 2680/504/22
f 2678/506/21 2797/415/21 2796/416/21 2679/505/21
f 2677/507/20 2798/414/20 2797/415/20 2678/506/20
f 2676/508/19 2799/413/19 2798/414/19 2677/507/19
f 2675/509/18 2800/412/18 2799/413/18 2676/508/18
f 2674/510/17 2801/411/17 2800/412/17 2675/509/17
f 2673/511/16 2802/410/16 2801/411/16 2674/510/16
f 2672/512/15 2803/409/15 2802/410/15 2673/511/15
f 2671/513/14 2804/408/14 2803/409/14 2672/512/14
f 2670/514/13 2805/407/13 2804/408/13 2671/513/13
f 2669/515/12 2806/406/12 2805/407/12 2670/514/12
f 2668/516/11 2807/405/11 2806/406/11 2669/515/11
f 2667/517/10 2808/404/10 2807/405/10 2668/516/10
f 2666/518/9 2809/403/9 2808/404/9 2667/517/9
f 2665/519/8 2810/402/8 2809/403/8 2666/518/8
f 2664/520/7 2811/401/7 2810/402/7 2665/519/7
f 2663/521/6 2812/400/6 2811/401/6 2664/520/6
f 2662/522/5 2813/399/5 2812/400/5 2663/521/5
f 2661/523/4 2814/398/4 2813/399/4 2662/522/4
f 2660/524/3 2815/397/3 2814/398/3 2661/523/3
f 2659/525/2 2816/396/2 2815/397/2 2660/524/2
f 2658/526/1 2722/395/1 2816/396/1 2659/525/1
