# Blender 5.2.0 LTS
# www.blender.org
mtllib ac.mtl
o Cube.027
v 92.994766 10.380768 -1.413970
v 93.214127 10.380768 -1.564271
v 93.476532 10.380768 -1.612800
v 94.785873 10.380768 -1.564271
v 95.005234 10.380768 -1.413970
v 94.523468 10.380768 -1.612800
v 95.612801 10.380768 0.523464
v 95.564270 10.380768 0.785872
v 95.413971 10.380768 1.005231
v 94.785873 10.380768 1.564271
v 94.523468 10.380768 1.612800
v 95.005234 10.380768 1.413970
v 93.214127 10.380768 1.564271
v 92.994766 10.380768 1.413970
v 93.476532 10.380768 1.612800
v 95.564270 10.380768 -0.785872
v 95.612801 10.380768 -0.523464
v 95.413971 10.380768 -1.005230
v 92.387199 10.380768 -0.523464
v 92.435730 10.380768 -0.785872
v 92.586029 10.380768 -1.005231
v 92.435730 10.380768 0.785872
v 92.387199 10.380768 0.523464
v 92.586029 10.380768 1.005230
v 94.785873 13.121139 -1.564271
v 94.523468 13.121139 -1.612800
v 95.612801 13.121139 0.523464
v 94.785873 13.121139 1.564271
v 93.214127 13.121139 1.564271
v 93.476532 13.121139 1.612800
v 95.564270 13.121139 -0.785872
v 92.387199 13.121139 -0.523464
v 92.435730 13.121139 0.785872
v 93.214127 13.121139 -1.564271
v 93.476532 13.121139 -1.612800
v 95.564270 13.121139 0.785872
v 94.523468 13.121139 1.612800
v 95.612801 13.121139 -0.523464
v 92.435730 13.121139 -0.785872
v 92.387199 13.121139 0.523464
v 93.214127 10.791823 -1.564271
v 93.476532 10.791823 -1.612800
v 95.005234 10.791823 -1.413970
v 95.564270 10.791823 0.785872
v 95.413971 10.791823 1.005231
v 94.523468 10.791823 1.612800
v 92.994766 10.791823 1.413970
v 95.612801 10.791823 -0.523464
v 92.435730 10.791823 -0.785872
v 92.586029 10.791823 -1.005231
v 92.387199 10.791823 0.523464
v 92.994766 10.791823 -1.413970
v 94.785873 10.791823 -1.564271
v 94.523468 10.791823 -1.612800
v 95.612801 10.791823 0.523464
v 94.785873 10.791823 1.564271
v 95.005234 10.791823 1.413970
v 93.214127 10.791823 1.564271
v 93.476532 10.791823 1.612800
v 95.564270 10.791823 -0.785872
v 95.413971 10.791823 -1.005230
v 92.387199 10.791823 -0.523464
v 92.435730 10.791823 0.785872
v 92.586029 10.791823 1.005230
v 92.994766 11.003579 -1.413970
v 92.994766 11.215335 -1.413970
v 92.994766 11.427091 -1.413970
v 92.994766 11.638847 -1.413970
v 92.994766 11.850603 -1.413970
v 92.994766 12.062359 -1.413970
v 92.994766 12.274115 -1.413970
v 92.994766 12.485870 -1.413970
v 92.994766 12.697627 -1.413970
v 92.994766 12.909383 -1.413970
v 94.785873 11.003579 -1.564271
v 94.785873 11.215335 -1.564271
v 94.785873 11.427091 -1.564271
v 94.785873 11.638847 -1.564271
v 94.785873 11.850603 -1.564271
v 94.785873 12.062359 -1.564271
v 94.785873 12.274115 -1.564271
v 94.785873 12.485870 -1.564271
v 94.785873 12.697627 -1.564271
v 94.785873 12.909383 -1.564271
v 94.523468 11.003579 -1.612800
v 94.523468 11.215335 -1.612800
v 94.523468 11.427091 -1.612800
v 94.523468 11.638847 -1.612800
v 94.523468 11.850603 -1.612800
v 94.523468 12.062359 -1.612800
v 94.523468 12.274115 -1.612800
v 94.523468 12.485870 -1.612800
v 94.523468 12.697627 -1.612800
v 94.523468 12.909383 -1.612800
v 95.612801 11.003579 0.523464
v 95.612801 11.215335 0.523464
v 95.612801 11.427091 0.523464
v 95.612801 11.638847 0.523464
v 95.612801 11.850603 0.523464
v 95.612801 12.062359 0.523464
v 95.612801 12.274115 0.523464
v 95.612801 12.485870 0.523464
v 95.612801 12.697627 0.523464
v 95.612801 12.909383 0.523464
v 94.785873 11.003579 1.564271
v 94.785873 11.215335 1.564271
v 94.785873 11.427091 1.564271
v 94.785873 11.638847 1.564271
v 94.785873 11.850603 1.564271
v 94.785873 12.062359 1.564271
v 94.785873 12.274115 1.564271
v 94.785873 12.485870 1.564271
v 94.785873 12.697627 1.564271
v 94.785873 12.909383 1.564271
v 95.005234 11.003579 1.413970
v 95.005234 11.215335 1.413970
v 95.005234 11.427091 1.413970
v 95.005234 11.638847 1.413970
v 95.005234 11.850603 1.413970
v 95.005234 12.062359 1.413970
v 95.005234 12.274115 1.413970
v 95.005234 12.485870 1.413970
v 95.005234 12.697627 1.413970
v 95.005234 12.909383 1.413970
v 93.214127 11.003579 1.564271
v 93.214127 11.215335 1.564271
v 93.214127 11.427091 1.564271
v 93.214127 11.638847 1.564271
v 93.214127 11.850603 1.564271
v 93.214127 12.062359 1.564271
v 93.214127 12.274115 1.564271
v 93.214127 12.485870 1.564271
v 93.214127 12.697627 1.564271
v 93.214127 12.909383 1.564271
v 93.476532 11.003579 1.612800
v 93.476532 11.215335 1.612800
v 93.476532 11.427091 1.612800
v 93.476532 11.638847 1.612800
v 93.476532 11.850603 1.612800
v 93.476532 12.062359 1.612800
v 93.476532 12.274115 1.612800
v 93.476532 12.485870 1.612800
v 93.476532 12.697627 1.612800
v 93.476532 12.909383 1.612800
v 95.564270 11.003579 -0.785872
v 95.564270 11.215335 -0.785872
v 95.564270 11.427091 -0.785872
v 95.564270 11.638847 -0.785872
v 95.564270 11.850603 -0.785872
v 95.564270 12.062359 -0.785872
v 95.564270 12.274115 -0.785872
v 95.564270 12.485870 -0.785872
v 95.564270 12.697627 -0.785872
v 95.564270 12.909383 -0.785872
v 95.413971 11.003579 -1.005230
v 95.413971 11.215335 -1.005230
v 95.413971 11.427091 -1.005230
v 95.413971 11.638847 -1.005230
v 95.413971 11.850603 -1.005230
v 95.413971 12.062359 -1.005230
v 95.413971 12.274115 -1.005230
v 95.413971 12.485870 -1.005230
v 95.413971 12.697627 -1.005230
v 95.413971 12.909383 -1.005230
v 92.387199 11.003579 -0.523464
v 92.387199 11.215335 -0.523464
v 92.387199 11.427091 -0.523464
v 92.387199 11.638847 -0.523464
v 92.387199 11.850603 -0.523464
v 92.387199 12.062359 -0.523464
v 92.387199 12.274115 -0.523464
v 92.387199 12.485870 -0.523464
v 92.387199 12.697627 -0.523464
v 92.387199 12.909383 -0.523464
v 92.435730 11.003579 0.785872
v 92.435730 11.215335 0.785872
v 92.435730 11.427091 0.785872
v 92.435730 11.638847 0.785872
v 92.435730 11.850603 0.785872
v 92.435730 12.062359 0.785872
v 92.435730 12.274115 0.785872
v 92.435730 12.485870 0.785872
v 92.435730 12.697627 0.785872
v 92.435730 12.909383 0.785872
v 92.586029 11.003579 1.005230
v 92.586029 11.215335 1.005230
v 92.586029 11.427091 1.005230
v 92.586029 11.638847 1.005230
v 92.586029 11.850603 1.005230
v 92.586029 12.062359 1.005230
v 92.586029 12.274115 1.005230
v 92.586029 12.485870 1.005230
v 92.586029 12.697627 1.005230
v 92.586029 12.909383 1.005230
v 93.214127 12.909383 -1.564271
v 93.214127 12.697627 -1.564271
v 93.214127 12.485870 -1.564271
v 93.214127 12.274115 -1.564271
v 93.214127 12.062359 -1.564271
v 93.214127 11.850603 -1.564271
v 93.214127 11.638847 -1.564271
v 93.214127 11.427092 -1.564271
v 93.214127 11.215336 -1.564271
v 93.214127 11.003579 -1.564271
v 93.476532 12.909383 -1.612800
v 93.476532 12.697627 -1.612800
v 93.476532 12.485870 -1.612800
v 93.476532 12.274115 -1.612800
v 93.476532 12.062359 -1.612800
v 93.476532 11.850603 -1.612800
v 93.476532 11.638847 -1.612800
v 93.476532 11.427092 -1.612800
v 93.476532 11.215336 -1.612800
v 93.476532 11.003579 -1.612800
v 95.005234 12.909383 -1.413970
v 95.005234 12.697627 -1.413970
v 95.005234 12.485870 -1.413970
v 95.005234 12.274115 -1.413970
v 95.005234 12.062359 -1.413970
v 95.005234 11.850603 -1.413970
v 95.005234 11.638847 -1.413970
v 95.005234 11.427092 -1.413970
v 95.005234 11.215336 -1.413970
v 95.005234 11.003579 -1.413970
v 95.564270 12.909383 0.785872
v 95.564270 12.697627 0.785872
v 95.564270 12.485870 0.785872
v 95.564270 12.274115 0.785872
v 95.564270 12.062359 0.785872
v 95.564270 11.850603 0.785872
v 95.564270 11.638847 0.785872
v 95.564270 11.427092 0.785872
v 95.564270 11.215336 0.785872
v 95.564270 11.003579 0.785872
v 95.413971 12.909383 1.005231
v 95.413971 12.697627 1.005231
v 95.413971 12.485870 1.005231
v 95.413971 12.274115 1.005231
v 95.413971 12.062359 1.005231
v 95.413971 11.850603 1.005231
v 95.413971 11.638847 1.005231
v 95.413971 11.427092 1.005231
v 95.413971 11.215336 1.005231
v 95.413971 11.003579 1.005231
v 94.523468 12.909383 1.612800
v 94.523468 12.697627 1.612800
v 94.523468 12.485870 1.612800
v 94.523468 12.274115 1.612800
v 94.523468 12.062359 1.612800
v 94.523468 11.850603 1.612800
v 94.523468 11.638847 1.612800
v 94.523468 11.427092 1.612800
v 94.523468 11.215336 1.612800
v 94.523468 11.003579 1.612800
v 92.994766 12.909383 1.413970
v 92.994766 12.697627 1.413970
v 92.994766 12.485870 1.413970
v 92.994766 12.274115 1.413970
v 92.994766 12.062359 1.413970
v 92.994766 11.850603 1.413970
v 92.994766 11.638847 1.413970
v 92.994766 11.427092 1.413970
v 92.994766 11.215336 1.413970
v 92.994766 11.003579 1.413970
v 95.612801 12.909383 -0.523464
v 95.612801 12.697627 -0.523464
v 95.612801 12.485870 -0.523464
v 95.612801 12.274115 -0.523464
v 95.612801 12.062359 -0.523464
v 95.612801 11.850603 -0.523464
v 95.612801 11.638847 -0.523464
v 95.612801 11.427092 -0.523464
v 95.612801 11.215336 -0.523464
v 95.612801 11.003579 -0.523464
v 92.435730 12.909383 -0.785872
v 92.435730 12.697627 -0.785872
v 92.435730 12.485870 -0.785872
v 92.435730 12.274115 -0.785872
v 92.435730 12.062359 -0.785872
v 92.435730 11.850603 -0.785872
v 92.435730 11.638847 -0.785872
v 92.435730 11.427092 -0.785872
v 92.435730 11.215336 -0.785872
v 92.435730 11.003579 -0.785872
v 92.586029 12.909383 -1.005231
v 92.586029 12.697627 -1.005231
v 92.586029 12.485870 -1.005231
v 92.586029 12.274115 -1.005231
v 92.586029 12.062359 -1.005231
v 92.586029 11.850603 -1.005231
v 92.586029 11.638847 -1.005231
v 92.586029 11.427092 -1.005231
v 92.586029 11.215336 -1.005231
v 92.586029 11.003579 -1.005231
v 92.387199 12.909383 0.523464
v 92.387199 12.697627 0.523464
v 92.387199 12.485870 0.523464
v 92.387199 12.274115 0.523464
v 92.387199 12.062359 0.523464
v 92.387199 11.850603 0.523464
v 92.387199 11.638847 0.523464
v 92.387199 11.427092 0.523464
v 92.387199 11.215336 0.523464
v 92.387199 11.003579 0.523464
v 92.435730 19.121140 0.785872
v 92.435730 19.121140 -0.785872
v 95.564270 19.121140 -0.785872
v 93.214127 19.121140 1.564271
v 94.785873 19.121140 1.564271
v 95.564270 19.121140 0.785872
v 94.785873 19.121140 -1.564271
v 93.214127 19.121140 -1.564271
v 94.581436 21.026930 -0.358285
v 94.358292 21.026930 -0.581429
v 94.592384 21.026930 0.331104
v 94.592384 21.026930 -0.331104
v 94.589546 21.026930 -0.346442
v 94.346443 21.026930 -0.589544
v 93.407623 21.026930 -0.331104
v 93.407623 21.026930 0.331104
v 94.346443 21.026930 0.589544
v 94.358292 21.026930 0.581429
v 93.410461 21.026930 0.346442
v 93.668900 21.026930 0.592380
v 94.331108 21.026930 0.592380
v 94.331108 21.026930 -0.592380
v 93.668900 21.026930 -0.592380
v 93.418571 21.026930 0.358285
v 93.641716 21.026930 0.581430
v 93.418571 21.026930 -0.358285
v 93.410461 21.026928 -0.346442
v 93.641716 21.026930 -0.581429
v 93.653564 21.026930 -0.589544
v 93.653564 21.026930 0.589544
v 94.581436 21.026930 0.358285
v 94.589546 21.026930 0.346442
v 92.435730 18.263996 -0.785872
v 92.435730 17.406853 -0.785872
v 92.435730 16.549709 -0.785872
v 92.435730 15.692568 -0.785872
v 92.435730 14.835424 -0.785872
v 92.435730 13.978281 -0.785872
v 95.564270 18.263996 0.785872
v 95.564270 17.406853 0.785872
v 95.564270 16.549709 0.785872
v 95.564270 15.692568 0.785872
v 95.564270 14.835424 0.785872
v 95.564270 13.978281 0.785872
v 94.523468 13.978282 1.612800
v 94.523468 14.835424 1.612800
v 94.523468 15.692568 1.612800
v 94.377518 16.549711 1.612800
v 94.377518 17.406853 1.612800
v 94.377518 18.263996 1.612800
v 94.523468 13.978282 -1.612800
v 94.523468 14.835424 -1.612800
v 94.523468 15.692568 -1.612800
v 94.377518 16.549711 -1.612800
v 94.377518 17.406853 -1.612800
v 94.377518 18.263996 -1.612800
v 95.564270 13.978282 -0.785872
v 95.564270 14.835424 -0.785872
v 95.564270 15.692568 -0.785872
v 95.564270 16.549711 -0.785872
v 95.564270 17.406853 -0.785872
v 95.564270 18.263996 -0.785872
v 92.387199 18.263996 -0.377517
v 92.387199 17.406853 -0.377517
v 92.387199 16.549709 -0.377517
v 92.387199 15.692568 -0.523464
v 92.387199 14.835424 -0.523464
v 92.387199 13.978281 -0.523464
v 94.785873 13.978282 -1.564271
v 94.785873 14.835424 -1.564271
v 94.785873 15.692568 -1.564271
v 94.785873 16.549711 -1.564271
v 94.785873 17.406853 -1.564271
v 94.785873 18.263996 -1.564271
v 93.476532 13.978282 1.612800
v 93.476532 14.835424 1.612800
v 93.476532 15.692568 1.612800
v 93.622482 16.549711 1.612800
v 93.622482 17.406853 1.612800
v 93.622482 18.263996 1.612800
v 93.622482 18.263996 -1.612800
v 93.622482 17.406853 -1.612800
v 93.622482 16.549709 -1.612800
v 93.476532 15.692568 -1.612800
v 93.476532 14.835424 -1.612800
v 93.476532 13.978281 -1.612800
v 93.214127 13.978282 1.564271
v 93.214127 14.835424 1.564271
v 93.214127 15.692568 1.564271
v 93.214127 16.549711 1.564271
v 93.214127 17.406853 1.564271
v 93.214127 18.263996 1.564271
v 93.214127 18.263996 -1.564271
v 93.214127 17.406853 -1.564271
v 93.214127 16.549709 -1.564271
v 93.214127 15.692568 -1.564271
v 93.214127 14.835424 -1.564271
v 93.214127 13.978281 -1.564271
v 95.612801 18.263996 0.377517
v 95.612801 17.406853 0.377517
v 95.612801 16.549709 0.377517
v 95.612801 15.692568 0.523464
v 95.612801 14.835424 0.523464
v 95.612801 13.978281 0.523464
v 95.612801 13.978282 -0.523464
v 95.612801 14.835424 -0.523464
v 95.612801 15.692568 -0.523464
v 95.612801 16.549711 -0.377517
v 95.612801 17.406853 -0.377517
v 95.612801 18.263996 -0.377517
v 94.785873 18.263996 1.564271
v 94.785873 17.406853 1.564271
v 94.785873 16.549709 1.564271
v 94.785873 15.692568 1.564271
v 94.785873 14.835424 1.564271
v 94.785873 13.978281 1.564271
v 92.387199 18.263996 0.377517
v 92.387199 17.406853 0.377517
v 92.387199 16.549709 0.377517
v 92.387199 15.692568 0.523464
v 92.387199 14.835424 0.523464
v 92.387199 13.978281 0.523464
v 92.435730 13.978282 0.785872
v 92.435730 14.835424 0.785872
v 92.435730 15.692568 0.785872
v 92.435730 16.549711 0.785872
v 92.435730 17.406853 0.785872
v 92.435730 18.263996 0.785872
v 92.435730 15.735424 -0.785872
v 95.564270 15.735424 0.785872
v 95.564270 15.735425 -0.785872
v 94.785873 15.735425 -1.564271
v 93.214127 15.735425 1.564271
v 93.214127 15.735424 -1.564271
v 94.785873 15.735424 1.564271
v 92.435730 15.735425 0.785872
v 92.435730 14.878282 -0.785872
v 95.564270 14.878282 0.785872
v 94.485153 14.878282 1.494760
v 94.485153 14.878282 -1.494760
v 95.564270 14.878282 -0.785872
v 92.505241 14.878282 -0.485152
v 94.785873 14.878282 -1.564271
v 93.514847 14.878282 1.494760
v 93.514847 14.878282 -1.494760
v 93.214127 14.878282 1.564271
v 93.214127 14.878282 -1.564271
v 95.494759 14.878282 0.485152
v 95.494759 14.878282 -0.485152
v 94.785873 14.878282 1.564271
v 92.505241 14.878282 0.485152
v 92.435730 14.878282 0.785872
v 92.994766 13.121139 -1.413970
v 92.896385 12.909383 -1.512350
v 95.005234 13.121139 1.413970
v 95.103607 12.909383 1.512350
v 95.413971 13.121139 -1.005230
v 95.512352 12.909383 -1.103611
v 92.586029 13.121139 1.005230
v 92.487648 12.909383 1.103611
v 95.005234 13.121139 -1.413970
v 95.413971 13.121139 1.005231
v 95.103615 12.909383 -1.512350
v 92.994766 13.121139 1.413970
v 95.512352 12.909383 1.103611
v 92.586029 13.121139 -1.005231
v 92.896385 12.909383 1.512350
v 95.413971 13.978281 1.005231
v 92.487648 12.909383 -1.103611
v 92.586029 18.263996 -1.005231
v 92.586029 19.121140 -1.005231
v 95.413971 13.978281 -1.005230
v 95.005234 18.263996 -1.413970
v 95.005234 19.121140 -1.413970
v 92.994766 13.978281 1.413970
v 92.586029 18.263996 1.005230
v 92.586029 19.121140 1.005230
v 92.994766 18.263996 -1.413970
v 92.994766 19.121140 -1.413970
v 95.005234 18.263996 1.413970
v 95.005234 19.121140 1.413970
v 95.413971 19.121140 -1.005230
v 92.994766 19.121140 1.413970
v 95.413971 19.121140 1.005231
v 95.413971 18.263996 1.005231
v 95.413971 17.406853 1.005231
v 95.413971 16.549709 1.005231
v 95.413971 15.735424 1.005231
v 95.413971 15.692568 1.005231
v 95.413971 14.878282 1.005231
v 95.413971 14.835424 1.005231
v 92.586029 13.978282 -1.005231
v 92.586029 14.835424 -1.005231
v 92.586029 14.878282 -1.005231
v 92.586029 15.692568 -1.005231
v 92.586029 15.735425 -1.005231
v 92.586029 16.549711 -1.005231
v 92.586029 17.406853 -1.005231
v 95.413971 18.263996 -1.005230
v 95.413971 17.406853 -1.005230
v 95.413971 16.549709 -1.005230
v 95.413971 15.735424 -1.005230
v 95.413971 15.692568 -1.005230
v 95.413971 14.878282 -1.005230
v 95.413971 14.835424 -1.005230
v 95.005234 13.978282 -1.413970
v 95.005234 14.835424 -1.413970
v 95.005234 14.878282 -1.413970
v 95.005234 15.692568 -1.413970
v 95.005234 15.735425 -1.413970
v 95.005234 16.549711 -1.413970
v 95.005234 17.406853 -1.413970
v 92.994766 18.263996 1.413970
v 92.994766 17.406853 1.413970
v 92.994766 16.549709 1.413970
v 92.994766 15.735424 1.413970
v 92.994766 15.692568 1.413970
v 92.994766 14.878282 1.413970
v 92.994766 14.835424 1.413970
v 92.586029 13.978282 1.005230
v 92.586029 14.835424 1.005230
v 92.586029 14.878282 1.005230
v 92.586029 15.692568 1.005230
v 92.586029 15.735425 1.005230
v 92.586029 16.549711 1.005230
v 92.586029 17.406853 1.005230
v 92.994766 13.978282 -1.413970
v 92.994766 14.835424 -1.413970
v 92.994766 14.878282 -1.413970
v 92.994766 15.692568 -1.413970
v 92.994766 15.735425 -1.413970
v 92.994766 16.549711 -1.413970
v 92.994766 17.406853 -1.413970
v 95.005234 13.978282 1.413970
v 95.005234 14.835424 1.413970
v 95.005234 14.878282 1.413970
v 95.005234 15.692568 1.413970
v 95.005234 15.735425 1.413970
v 95.005234 16.549711 1.413970
v 95.005234 17.406853 1.413970
v 94.523460 18.263996 1.612800
v 94.523460 19.121140 1.612800
v 94.523460 18.263996 -1.612800
v 94.523460 19.121140 -1.612800
v 93.476532 18.263996 1.612800
v 93.476532 19.121140 1.612800
v 95.612801 18.263996 -0.523464
v 95.612801 19.121140 -0.523464
v 95.612801 19.121140 0.523464
v 92.387199 19.121140 -0.523464
v 92.387199 19.121140 0.523464
v 93.476532 19.121140 -1.612800
v 94.523468 15.735425 1.612800
v 94.523468 16.549711 1.612800
v 94.523468 17.406853 1.612800
v 94.523468 15.735425 -1.612800
v 94.523468 16.549711 -1.612800
v 94.523468 17.406853 -1.612800
v 92.387199 18.263996 -0.523464
v 92.387199 17.406853 -0.523464
v 92.387199 16.549709 -0.523464
v 93.476532 15.735425 1.612800
v 93.476532 16.549711 1.612800
v 93.476532 17.406853 1.612800
v 93.476532 18.263996 -1.612800
v 93.476532 17.406853 -1.612800
v 93.476532 16.549709 -1.612800
v 95.612801 18.263996 0.523464
v 95.612801 17.406853 0.523464
v 95.612801 16.549709 0.523464
v 95.612801 15.735425 -0.523464
v 95.612801 16.549711 -0.523464
v 95.612801 17.406853 -0.523464
v 92.387199 18.263996 0.523464
v 92.387199 17.406853 0.523464
v 92.387199 16.549709 0.523464
v 92.387199 15.735424 -0.523464
v 93.476532 15.735424 -1.612800
v 95.612801 15.735424 0.523464
v 92.387199 15.735424 0.523464
v 94.377518 18.975191 1.612800
v 94.377518 18.975191 -1.612800
v 93.622482 18.975191 1.612800
v 95.612801 18.975191 -0.377517
v 95.612801 18.975191 0.377517
v 92.387199 18.975191 -0.377517
v 92.387199 18.975191 0.377517
v 93.622482 18.975191 -1.612800
v 94.377518 15.881371 1.612800
v 94.377518 15.881371 -1.612800
v 93.622482 15.881371 1.612800
v 95.612801 15.881371 -0.377517
v 92.387199 15.881371 -0.377517
v 93.622482 15.881371 -1.612800
v 95.612801 15.881371 0.377517
v 92.387199 15.881371 0.377517
v 92.547150 18.894697 0.297022
v 92.466652 18.975191 0.377517
v 92.466652 18.975191 -0.377517
v 92.547150 18.894697 -0.297022
v 95.533348 18.975191 -0.377517
v 95.452850 18.894697 -0.297022
v 93.702980 18.894697 1.452852
v 93.622482 18.975191 1.533347
v 94.377518 18.975191 1.533347
v 94.297020 18.894697 1.452852
v 95.533348 18.975191 0.377517
v 95.452850 18.894697 0.297022
v 94.297020 18.894697 -1.452852
v 94.377518 18.975191 -1.533347
v 93.702980 18.894697 -1.452852
v 93.622482 18.975191 -1.533347
v 94.297020 15.961867 1.452852
v 94.377518 15.881371 1.533347
v 94.377518 15.881371 -1.533347
v 94.297020 15.961867 -1.452852
v 92.466652 15.881371 -0.377517
v 92.547150 15.961866 -0.297022
v 93.622482 15.881371 1.533347
v 93.702980 15.961867 1.452852
v 93.702980 15.961866 -1.452852
v 93.622482 15.881371 -1.533347
v 95.533348 15.881371 0.377517
v 95.452850 15.961866 0.297022
v 95.452850 15.961867 -0.297022
v 95.533348 15.881371 -0.377517
v 92.547150 15.961866 0.297022
v 92.466652 15.881371 0.377517
v 94.297020 18.183500 1.452852
v 94.377518 18.263996 1.533347
v 94.297020 18.344492 1.452852
v 94.297020 18.183500 -1.452852
v 94.297020 18.344492 -1.452852
v 94.377518 18.263996 -1.533347
v 93.702980 18.183500 1.452852
v 93.702980 18.344492 1.452852
v 93.622482 18.263996 1.533347
v 95.452850 18.183500 -0.297022
v 95.533348 18.263996 -0.377517
v 95.452850 18.344492 -0.297022
v 94.297020 16.630205 1.452852
v 94.297020 16.469215 1.452852
v 94.377518 16.549711 1.533347
v 94.297020 17.487349 1.452852
v 94.297020 17.326359 1.452852
v 94.377518 17.406853 1.533347
v 94.297020 16.630205 -1.452852
v 94.377518 16.549711 -1.533347
v 94.297020 16.469215 -1.452852
v 94.297020 17.487349 -1.452852
v 94.377518 17.406853 -1.533347
v 94.297020 17.326359 -1.452852
v 92.547150 18.183500 -0.297022
v 92.547150 18.344492 -0.297022
v 92.466652 18.263996 -0.377517
v 92.547150 17.326359 -0.297022
v 92.547150 17.487349 -0.297022
v 92.466652 17.406853 -0.377517
v 92.547150 16.469215 -0.297022
v 92.547150 16.630205 -0.297022
v 92.466652 16.549709 -0.377517
v 93.702980 16.630205 1.452852
v 93.622482 16.549711 1.533347
v 93.702980 16.469215 1.452852
v 93.702980 17.487349 1.452852
v 93.622482 17.406853 1.533347
v 93.702980 17.326359 1.452852
v 93.702980 18.183500 -1.452852
v 93.622482 18.263996 -1.533347
v 93.702980 18.344492 -1.452852
v 93.702980 17.326359 -1.452852
v 93.622482 17.406853 -1.533347
v 93.702980 17.487349 -1.452852
v 93.702980 16.469215 -1.452852
v 93.622482 16.549709 -1.533347
v 93.702980 16.630205 -1.452852
v 95.452850 18.183500 0.297022
v 95.452850 18.344492 0.297022
v 95.533348 18.263996 0.377517
v 95.452850 17.326359 0.297022
v 95.452850 17.487349 0.297022
v 95.533348 17.406853 0.377517
v 95.452850 16.469215 0.297022
v 95.452850 16.630205 0.297022
v 95.533348 16.549709 0.377517
v 95.452850 16.630205 -0.297022
v 95.452850 16.469215 -0.297022
v 95.533348 16.549711 -0.377517
v 95.452850 17.487349 -0.297022
v 95.452850 17.326359 -0.297022
v 95.533348 17.406853 -0.377517
v 92.547150 18.183500 0.297022
v 92.466652 18.263996 0.377517
v 92.547150 18.344492 0.297022
v 92.547150 17.326359 0.297022
v 92.466652 17.406853 0.377517
v 92.547150 17.487349 0.297022
v 92.547150 16.469215 0.297022
v 92.466652 16.549709 0.377517
v 92.547150 16.630205 0.297022
v 95.331795 16.710695 -0.216533
v 95.331795 16.710695 0.216533
v 95.331795 16.388725 0.216533
v 95.331795 16.388725 -0.216533
v 95.331795 17.567839 -0.216533
v 95.331795 17.567839 0.216533
v 95.331795 17.245869 0.216533
v 95.331795 17.245869 -0.216533
v 95.331795 18.424980 -0.216533
v 95.331795 18.424980 0.216533
v 95.331795 18.103012 0.216533
v 95.331795 18.103012 -0.216533
v 94.216530 16.710695 1.331797
v 93.783470 16.710695 1.331797
v 93.783470 16.388725 1.331797
v 94.216530 16.388725 1.331797
v 94.216530 17.567839 1.331797
v 93.783470 17.567839 1.331797
v 93.783470 17.245869 1.331797
v 94.216530 17.245869 1.331797
v 94.216530 18.424980 1.331797
v 93.783470 18.424980 1.331797
v 93.783470 18.103012 1.331797
v 94.216530 18.103012 1.331797
v 92.668205 16.710695 0.216533
v 92.668205 16.710695 -0.216533
v 92.668205 16.388725 -0.216533
v 92.668205 16.388725 0.216533
v 92.668205 17.567839 0.216533
v 92.668205 17.567839 -0.216533
v 92.668205 17.245869 -0.216533
v 92.668205 17.245869 0.216533
v 92.668205 18.424980 0.216533
v 92.668205 18.424980 -0.216533
v 92.668205 18.103010 -0.216533
v 92.668205 18.103010 0.216533
v 93.783470 16.710695 -1.331797
v 94.216530 16.710695 -1.331797
v 94.216530 16.388725 -1.331797
v 93.783470 16.388725 -1.331797
v 93.783470 17.567839 -1.331797
v 94.216530 17.567839 -1.331797
v 94.216530 17.245869 -1.331797
v 93.783470 17.245869 -1.331797
v 93.783470 18.424980 -1.331797
v 94.216530 18.424980 -1.331797
v 94.216530 18.103012 -1.331797
v 93.783470 18.103012 -1.331797
v 94.216530 18.814207 1.331797
v 94.216530 18.814207 -1.331797
v 93.783470 18.814207 1.331797
v 95.331795 18.814207 -0.216533
v 95.331795 18.814207 0.216533
v 92.668205 18.814207 -0.216533
v 92.668205 18.814207 0.216533
v 93.783470 18.814207 -1.331797
v 94.216530 16.042356 1.331797
v 94.216530 16.042356 -1.331797
v 93.783470 16.042356 1.331797
v 95.331795 16.042356 -0.216533
v 92.668205 16.042356 -0.216533
v 93.783470 16.042356 -1.331797
v 95.331795 16.042356 0.216533
v 92.668205 16.042356 0.216533
v 94.972557 22.121141 -0.744016
v 94.744019 22.121141 -0.972556
v 95.132072 22.023371 0.300819
v 95.132072 22.023371 -0.300819
v 95.152794 22.121141 -0.579150
v 94.579155 22.121141 -1.152793
v 92.867935 22.023371 -0.300819
v 92.867935 22.023371 0.300819
v 94.579155 22.121141 1.152793
v 94.744019 22.121141 0.972556
v 92.847214 22.121141 0.579150
v 93.699188 22.023371 1.132069
v 94.300819 22.023371 1.132069
v 94.300819 22.023371 -1.132069
v 93.699188 22.023371 -1.132069
v 93.027451 22.121141 0.744016
v 93.255989 22.121141 0.972556
v 93.027451 22.121141 -0.744016
v 92.847214 22.121141 -0.579150
v 93.255989 22.121141 -0.972556
v 93.420853 22.121141 -1.152793
v 93.420853 22.121141 1.152793
v 94.972557 22.121141 0.744016
v 95.152794 22.121141 0.579150
v 94.905556 22.121141 -0.688368
v 94.688370 22.121141 -0.905549
v 94.982323 22.121141 -0.508719
v 94.508720 22.121141 -0.982319
v 94.508720 22.121141 0.982319
v 94.688370 22.121141 0.905549
v 93.017685 22.121141 0.508719
v 93.094452 22.121141 0.688368
v 93.311638 22.121141 0.905549
v 93.094452 22.121141 -0.688368
v 93.017685 22.121141 -0.508719
v 93.311638 22.121141 -0.905549
v 93.491287 22.121141 -0.982319
v 93.491287 22.121141 0.982319
v 94.905556 22.121141 0.688368
v 94.982323 22.121141 0.508719
v 95.042030 22.121141 -0.740807
v 94.740814 22.121141 -1.042028
v 92.957977 22.121141 0.740806
v 93.259201 22.121141 1.042028
v 93.259201 22.121141 -1.042028
v 92.957977 22.121141 -0.740807
v 94.740814 22.121141 1.042028
v 95.042030 22.121141 0.740807
v 94.902626 22.121141 -0.625032
v 94.625038 22.121141 -0.902623
v 93.097382 22.121141 0.625032
v 93.374969 22.121141 0.902623
v 93.374969 22.121141 -0.902623
v 93.097382 22.121141 -0.625032
v 94.625038 22.121141 0.902623
v 94.902626 22.121141 0.625032
v 94.685791 21.026930 -0.444950
v 94.444954 21.026930 -0.685784
v 94.227295 21.401333 0.124961
v 94.227295 21.401333 -0.124961
v 94.717155 21.026930 -0.399165
v 94.399170 21.026930 -0.717155
v 93.772705 21.401333 -0.124961
v 93.772705 21.401333 0.124961
v 94.399170 21.026930 0.717155
v 94.444954 21.026930 0.685784
v 93.282852 21.026930 0.399165
v 93.875038 21.401333 0.227296
v 94.124962 21.401333 0.227296
v 94.124962 21.401333 -0.227296
v 93.875038 21.401333 -0.227296
v 93.314217 21.026930 0.444950
v 93.555054 21.026930 0.685784
v 93.314217 21.026930 -0.444950
v 93.282852 21.026928 -0.399165
v 93.555054 21.026930 -0.685784
v 93.600838 21.026930 -0.717155
v 93.600838 21.026930 0.717155
v 94.685791 21.026930 0.444950
v 94.717155 21.026930 0.399165
v 94.007431 23.026924 -0.004571
v 94.004585 23.026924 -0.007419
v 94.007576 23.026924 0.004225
v 94.007576 23.026924 -0.004225
v 94.007538 23.026924 -0.004420
v 94.004433 23.026924 -0.007522
v 93.992455 23.026924 -0.004225
v 93.992455 23.026924 0.004225
v 94.004433 23.026924 0.007522
v 94.004585 23.026924 0.007418
v 93.992493 23.026924 0.004420
v 93.995789 23.026924 0.007558
v 94.004242 23.026924 0.007558
v 94.004242 23.026924 -0.007558
v 93.995789 23.026924 -0.007558
v 93.992599 23.026924 0.004571
v 93.995445 23.026924 0.007418
v 93.992599 23.026924 -0.004571
v 93.992493 23.026924 -0.004420
v 93.995445 23.026924 -0.007419
v 93.995598 23.026924 -0.007522
v 93.995598 23.026924 0.007522
v 94.007431 23.026924 0.004571
v 94.007538 23.026924 0.004420
v 94.727455 21.026930 0.343489
v 94.727455 21.026930 -0.343489
v 93.272552 21.026930 -0.343489
v 93.272552 21.026930 0.343489
v 93.656517 21.026930 0.727452
v 94.343491 21.026930 0.727452
v 94.343491 21.026930 -0.727452
v 93.656517 21.026930 -0.727452
v 94.311317 21.728882 0.132665
v 94.399025 21.832409 0.017638
v 94.318237 21.755871 0.128728
v 94.324104 21.778751 0.116249
v 94.328026 21.794037 0.097125
v 94.399025 21.832409 -0.017638
v 94.311317 21.728882 -0.132665
v 94.328026 21.794037 -0.097125
v 94.324104 21.778751 -0.116249
v 94.318237 21.755871 -0.128728
v 93.688690 21.728882 -0.132665
v 93.600975 21.832409 -0.017638
v 93.681770 21.755871 -0.128728
v 93.675896 21.778749 -0.116248
v 93.671974 21.794037 -0.097125
v 93.600975 21.832409 0.017638
v 93.688690 21.728882 0.132665
v 93.671974 21.794037 0.097125
v 93.675896 21.778749 0.116248
v 93.681770 21.755871 0.128728
v 93.867340 21.728882 0.311312
v 93.982361 21.832409 0.399023
v 93.871277 21.755871 0.318235
v 93.883751 21.778749 0.324103
v 93.902878 21.794037 0.328025
v 94.017639 21.832409 0.399023
v 94.132668 21.728882 0.311312
v 94.097130 21.794037 0.328025
v 94.116249 21.778749 0.324103
v 94.128731 21.755871 0.318235
v 94.132668 21.728882 -0.311312
v 94.017639 21.832409 -0.399023
v 94.128731 21.755871 -0.318235
v 94.116249 21.778749 -0.324103
v 94.097130 21.794037 -0.328025
v 93.982361 21.832409 -0.399023
v 93.867340 21.728882 -0.311312
v 93.902878 21.794037 -0.328025
v 93.883751 21.778749 -0.324103
v 93.871277 21.755871 -0.318235
v 94.938499 22.088139 0.204347
v 94.990028 22.050617 0.367565
v 94.997696 22.121141 0.425584
v 95.065201 22.121141 0.374457
v 95.006744 22.115772 0.332025
v 95.002823 22.100485 0.351149
v 94.996956 22.077606 0.363628
v 94.990028 22.050617 -0.367565
v 94.938499 22.088139 -0.204347
v 95.065201 22.121141 -0.374457
v 94.997696 22.121141 -0.425584
v 94.996956 22.077606 -0.363628
v 95.002823 22.100485 -0.351148
v 95.006744 22.115772 -0.332025
v 93.061508 22.088139 -0.204346
v 93.009979 22.050617 -0.367565
v 93.002312 22.121141 -0.425584
v 92.934807 22.121141 -0.374457
v 92.993263 22.115772 -0.332025
v 92.997185 22.100487 -0.351149
v 93.003052 22.077606 -0.363628
v 93.009979 22.050617 0.367565
v 93.061508 22.088139 0.204346
v 92.934807 22.121141 0.374457
v 93.002312 22.121141 0.425584
v 93.003052 22.077606 0.363628
v 92.997185 22.100485 0.351148
v 92.993263 22.115772 0.332025
v 93.795654 22.088139 0.938495
v 93.632439 22.050617 0.990028
v 93.574417 22.121141 0.997694
v 93.625549 22.121141 1.065194
v 93.667976 22.115772 1.006740
v 93.648857 22.100485 1.002819
v 93.636375 22.077606 0.996950
v 94.367569 22.050617 0.990028
v 94.204353 22.088139 0.938495
v 94.374458 22.121141 1.065194
v 94.425591 22.121141 0.997694
v 94.363632 22.077606 0.996950
v 94.351151 22.100485 1.002819
v 94.332031 22.115772 1.006740
v 94.204353 22.088139 -0.938495
v 94.367569 22.050617 -0.990028
v 94.425591 22.121141 -0.997694
v 94.374458 22.121141 -1.065194
v 94.332031 22.115772 -1.006740
v 94.351151 22.100485 -1.002819
v 94.363632 22.077606 -0.996950
v 93.632439 22.050617 -0.990028
v 93.795654 22.088139 -0.938495
v 93.625549 22.121141 -1.065194
v 93.574417 22.121141 -0.997694
v 93.636375 22.077606 -0.996950
v 93.648857 22.100485 -1.002819
v 93.667976 22.115772 -1.006740
v 94.329407 21.799406 -0.074270
v 95.008118 22.121141 -0.309170
v 95.008118 22.121141 0.309170
v 94.329407 21.799406 0.074270
v 93.670601 21.799406 0.074270
v 92.991890 22.121141 0.309170
v 92.991890 22.121141 -0.309170
v 93.670601 21.799406 -0.074270
v 94.074272 21.799406 0.329402
v 94.309174 22.121141 1.008117
v 93.690834 22.121141 1.008117
v 93.925728 21.799406 0.329402
v 93.925728 21.799406 -0.329402
v 93.690834 22.121141 -1.008117
v 94.309174 22.121141 -1.008117
v 94.074272 21.799406 -0.329402
v 94.568344 22.373358 -0.099297
v 94.849823 22.273485 -0.185039
v 94.648170 22.393438 -0.126036
v 94.729691 22.381510 -0.151720
v 94.800507 22.339388 -0.172439
v 94.849823 22.273485 0.185039
v 94.568344 22.373358 0.099298
v 94.800507 22.339388 0.172439
v 94.729691 22.381510 0.151720
v 94.648170 22.393438 0.126036
v 93.431664 22.373356 0.099297
v 93.150185 22.273485 0.185039
v 93.351837 22.393438 0.126036
v 93.270317 22.381510 0.151720
v 93.199501 22.339388 0.172439
v 93.150185 22.273485 -0.185039
v 93.431664 22.373356 -0.099297
v 93.199501 22.339388 -0.172439
v 93.270317 22.381510 -0.151720
v 93.351837 22.393438 -0.126036
v 94.099297 22.373358 0.568338
v 94.185043 22.273485 0.849821
v 94.126038 22.393440 0.648165
v 94.151726 22.381512 0.729690
v 94.172440 22.339390 0.800502
v 93.814964 22.273485 0.849821
v 93.900703 22.373358 0.568338
v 93.827560 22.339390 0.800502
v 93.848282 22.381512 0.729690
v 93.873970 22.393440 0.648165
v 93.900703 22.373358 -0.568338
v 93.814964 22.273485 -0.849821
v 93.873970 22.393440 -0.648165
v 93.848282 22.381512 -0.729690
v 93.827568 22.339390 -0.800502
v 94.185043 22.273485 -0.849821
v 94.099297 22.373358 -0.568338
v 94.172440 22.339390 -0.800502
v 94.151726 22.381512 -0.729690
v 94.126038 22.393440 -0.648165
v 94.327042 22.232426 -0.014456
v 94.345093 22.267532 -0.022034
v 94.327065 22.242596 -0.014973
v 94.330505 22.252840 -0.016595
v 94.336838 22.261597 -0.019074
v 94.345093 22.267532 0.022034
v 94.327042 22.232426 0.014456
v 94.336838 22.261597 0.019074
v 94.330505 22.252840 0.016595
v 94.327065 22.242596 0.014973
v 93.672958 22.232426 0.014456
v 93.654907 22.267532 0.022034
v 93.672935 22.242598 0.014973
v 93.669495 22.252842 0.016595
v 93.663162 22.261597 0.019074
v 93.654907 22.267532 -0.022034
v 93.672958 22.232426 -0.014456
v 93.663162 22.261597 -0.019074
v 93.669495 22.252842 -0.016595
v 93.672935 22.242598 -0.014973
v 94.014458 22.232426 0.327039
v 94.022034 22.267532 0.345095
v 94.014977 22.242598 0.327064
v 94.016594 22.252842 0.330504
v 94.019073 22.261597 0.336836
v 93.977966 22.267532 0.345095
v 93.985542 22.232426 0.327039
v 93.980927 22.261597 0.336836
v 93.983406 22.252842 0.330504
v 93.985031 22.242598 0.327064
v 93.985542 22.232426 -0.327039
v 93.977966 22.267532 -0.345095
v 93.985031 22.242598 -0.327064
v 93.983406 22.252842 -0.330504
v 93.980927 22.261597 -0.336836
v 94.022034 22.267532 -0.345095
v 94.014458 22.232426 -0.327039
v 94.019073 22.261597 -0.336836
v 94.016594 22.252842 -0.330505
v 94.014977 22.242598 -0.327064
v 95.580170 19.351908 -0.512872
v 95.547531 19.582678 -0.502280
v 95.561996 19.820305 -0.496005
v 95.482262 20.044216 -0.481096
v 95.496727 20.281845 -0.474821
v 95.417000 20.505754 -0.459912
v 95.431465 20.743383 -0.453637
v 95.270348 21.045567 -0.345699
v 95.319664 21.194067 -0.339330
v 95.287025 21.424837 -0.328738
v 95.254395 21.655605 -0.318146
v 95.221756 21.886375 -0.307554
v 95.221756 21.886375 0.307554
v 95.254395 21.655605 0.318146
v 95.287025 21.424837 0.328738
v 95.319664 21.194067 0.339330
v 95.398827 20.974152 0.443045
v 95.384361 20.736525 0.449320
v 95.464096 20.512613 0.464229
v 95.449631 20.274986 0.470504
v 95.529366 20.051075 0.485413
v 95.514900 19.813446 0.491688
v 95.547531 19.582678 0.502280
v 95.580170 19.351908 0.512872
v 93.015106 19.351908 -1.385359
v 93.035454 19.582678 -1.356748
v 93.025604 19.820614 -1.364488
v 93.076134 20.044216 -1.299526
v 93.066284 20.282154 -1.307266
v 93.116814 20.505754 -1.242304
v 93.106964 20.743692 -1.250044
v 93.157494 20.967293 -1.185082
v 93.177834 21.198063 -1.156471
v 93.198174 21.428833 -1.127860
v 93.218513 21.659603 -1.099249
v 93.238853 21.890371 -1.070639
v 93.404953 21.890371 -1.184445
v 93.389053 21.659603 -1.216097
v 93.373146 21.428833 -1.247749
v 93.357246 21.198063 -1.279402
v 93.322990 20.974651 -1.355482
v 93.325439 20.736525 -1.342706
v 93.291191 20.513113 -1.418786
v 93.293640 20.274986 -1.406010
v 93.259384 20.051575 -1.482090
v 93.261833 19.813446 -1.469315
v 93.245934 19.582678 -1.500967
v 93.230026 19.351908 -1.532619
v 93.487129 19.351908 -1.580166
v 93.497719 19.582678 -1.547532
v 93.503998 19.820305 -1.561996
v 93.518906 20.044216 -1.482264
v 93.525177 20.281845 -1.496728
v 93.540092 20.505754 -1.416995
v 93.546364 20.743383 -1.431460
v 93.654305 21.045567 -1.270345
v 93.660675 21.194067 -1.319658
v 93.671265 21.424837 -1.287024
v 93.681854 21.655605 -1.254390
v 93.692451 21.886375 -1.221756
v 94.307556 21.886375 -1.221755
v 94.318146 21.655605 -1.254390
v 94.328743 21.424837 -1.287024
v 94.339333 21.194067 -1.319658
v 94.443047 20.974152 -1.398825
v 94.449326 20.736525 -1.384361
v 94.464233 20.512613 -1.464094
v 94.470505 20.274986 -1.449629
v 94.485413 20.051075 -1.529362
v 94.491692 19.813446 -1.514898
v 94.502281 19.582678 -1.547532
v 94.512871 19.351908 -1.580166
v 95.385361 19.351908 -0.984890
v 95.356750 19.582678 -0.964550
v 95.364487 19.820614 -0.974400
v 95.299530 20.044216 -0.923869
v 95.307266 20.282154 -0.933719
v 95.242310 20.505754 -0.883189
v 95.250046 20.743692 -0.893039
v 95.185081 20.967293 -0.842508
v 95.156471 21.198063 -0.822168
v 95.127861 21.428833 -0.801827
v 95.099251 21.659603 -0.781487
v 95.070641 21.890371 -0.761147
v 95.184448 21.890371 -0.595052
v 95.216103 21.659603 -0.610954
v 95.247749 21.428833 -0.626855
v 95.279404 21.198063 -0.642757
v 95.355484 20.974651 -0.677010
v 95.342705 20.736525 -0.674560
v 95.418785 20.513113 -0.708814
v 95.406013 20.274986 -0.706364
v 95.482094 20.051575 -0.740617
v 95.469315 19.813446 -0.738167
v 95.500969 19.582678 -0.754069
v 95.532616 19.351908 -0.769971
v 93.487129 19.351908 1.580166
v 93.497719 19.582678 1.547532
v 93.503998 19.820305 1.561996
v 93.518906 20.044216 1.482264
v 93.525177 20.281845 1.496728
v 93.540092 20.505754 1.416995
v 93.546364 20.743383 1.431460
v 93.654305 21.045567 1.270345
v 93.660675 21.194067 1.319658
v 93.671265 21.424837 1.287024
v 93.681854 21.655605 1.254390
v 93.692451 21.886375 1.221756
v 93.404953 21.890371 1.184445
v 93.389053 21.659603 1.216097
v 93.373146 21.428833 1.247749
v 93.357246 21.198063 1.279402
v 93.322990 20.974651 1.355482
v 93.325439 20.736525 1.342706
v 93.291191 20.513113 1.418786
v 93.293640 20.274986 1.406011
v 93.259384 20.051575 1.482091
v 93.261833 19.813446 1.469315
v 93.245934 19.582678 1.500967
v 93.230026 19.351908 1.532619
v 93.015106 19.351908 1.385359
v 93.035454 19.582678 1.356748
v 93.025604 19.820614 1.364488
v 93.076134 20.044216 1.299526
v 93.066284 20.282154 1.307266
v 93.116814 20.505754 1.242304
v 93.106964 20.743692 1.250044
v 93.157494 20.967293 1.185082
v 93.177834 21.198063 1.156471
v 93.198174 21.428833 1.127860
v 93.218513 21.659603 1.099249
v 93.238853 21.890371 1.070639
v 92.929367 21.890371 0.761147
v 92.900757 21.659603 0.781487
v 92.872139 21.428833 0.801827
v 92.843529 21.198063 0.822168
v 92.778572 20.974461 0.872698
v 92.786308 20.736525 0.862848
v 92.721344 20.512922 0.913379
v 92.729088 20.274986 0.903529
v 92.664124 20.051384 0.954059
v 92.671867 19.813446 0.944210
v 92.643250 19.582678 0.964550
v 92.614639 19.351908 0.984890
v 94.769974 19.351908 -1.532619
v 94.754066 19.582678 -1.500967
v 94.756523 19.820805 -1.513743
v 94.722267 20.044216 -1.437662
v 94.724716 20.282345 -1.450438
v 94.690460 20.505754 -1.374358
v 94.692917 20.743883 -1.387134
v 94.658661 20.967293 -1.311054
v 94.642761 21.198063 -1.279401
v 94.626862 21.428833 -1.247749
v 94.610954 21.659603 -1.216097
v 94.595055 21.890371 -1.184445
v 94.761154 21.890371 -1.070639
v 94.781494 21.659603 -1.099250
v 94.801834 21.428833 -1.127861
v 94.822174 21.198063 -1.156471
v 94.872704 20.974461 -1.221434
v 94.862854 20.736525 -1.213693
v 94.913383 20.512922 -1.278656
v 94.903534 20.274986 -1.270915
v 94.954063 20.051384 -1.335877
v 94.944214 19.813446 -1.328137
v 94.964554 19.582678 -1.356748
v 94.984894 19.351908 -1.385359
v 92.467384 19.351908 -0.769971
v 92.499031 19.582678 -0.754069
v 92.486259 19.820805 -0.756519
v 92.562340 20.044216 -0.722266
v 92.549561 20.282345 -0.724716
v 92.625641 20.505754 -0.690462
v 92.612869 20.743883 -0.692912
v 92.688950 20.967293 -0.658659
v 92.720604 21.198063 -0.642757
v 92.752251 21.428833 -0.626855
v 92.783905 21.659603 -0.610954
v 92.815559 21.890371 -0.595052
v 92.929367 21.890371 -0.761147
v 92.900757 21.659603 -0.781487
v 92.872139 21.428833 -0.801828
v 92.843529 21.198063 -0.822168
v 92.778572 20.974461 -0.872698
v 92.786308 20.736525 -0.862849
v 92.721344 20.512922 -0.913379
v 92.729088 20.274986 -0.903529
v 92.664124 20.051384 -0.954060
v 92.671867 19.813446 -0.944210
v 92.643250 19.582678 -0.964550
v 92.614639 19.351908 -0.984890
v 92.419830 19.351908 0.512872
v 92.452469 19.582678 0.502280
v 92.438004 19.820305 0.496005
v 92.517738 20.044216 0.481096
v 92.503273 20.281845 0.474821
v 92.583008 20.505754 0.459912
v 92.568542 20.743383 0.453637
v 92.729660 21.045567 0.345699
v 92.680344 21.194067 0.339330
v 92.712982 21.424837 0.328738
v 92.745613 21.655605 0.318146
v 92.778252 21.886375 0.307554
v 92.778252 21.886375 -0.307554
v 92.745613 21.655605 -0.318146
v 92.712982 21.424837 -0.328738
v 92.680344 21.194067 -0.339330
v 92.601173 20.974152 -0.443045
v 92.615639 20.736525 -0.449320
v 92.535912 20.512613 -0.464229
v 92.550369 20.274986 -0.470504
v 92.470642 20.051075 -0.485413
v 92.485100 19.813446 -0.491688
v 92.452469 19.582678 -0.502280
v 92.419830 19.351908 -0.512872
v 95.385361 19.351908 0.984890
v 95.356750 19.582678 0.964550
v 95.364487 19.820614 0.974400
v 95.299530 20.044216 0.923869
v 95.307266 20.282154 0.933719
v 95.242310 20.505754 0.883189
v 95.250046 20.743692 0.893039
v 95.185081 20.967293 0.842508
v 95.156471 21.198063 0.822168
v 95.127861 21.428833 0.801827
v 95.099251 21.659603 0.781487
v 95.070641 21.890371 0.761147
v 94.761154 21.890371 1.070639
v 94.781494 21.659603 1.099250
v 94.801834 21.428833 1.127861
v 94.822174 21.198063 1.156471
v 94.872704 20.974461 1.221434
v 94.862854 20.736525 1.213693
v 94.913383 20.512922 1.278656
v 94.903534 20.274986 1.270915
v 94.954063 20.051384 1.335877
v 94.944214 19.813446 1.328137
v 94.964554 19.582678 1.356748
v 94.984894 19.351908 1.385359
v 94.595055 21.890371 1.184445
v 94.610954 21.659603 1.216097
v 94.626862 21.428833 1.247749
v 94.642761 21.198063 1.279402
v 94.677010 20.974651 1.355482
v 94.674561 20.736525 1.342706
v 94.708817 20.513113 1.418786
v 94.706367 20.274986 1.406010
v 94.740616 20.051575 1.482090
v 94.738167 19.813446 1.469315
v 94.754066 19.582678 1.500967
v 94.769974 19.351908 1.532619
v 95.532616 19.351908 0.769971
v 95.500969 19.582678 0.754069
v 95.513741 19.820805 0.756519
v 95.437660 20.044216 0.722266
v 95.450439 20.282345 0.724716
v 95.374359 20.505754 0.690462
v 95.387138 20.743883 0.692912
v 95.311058 20.967293 0.658659
v 95.279404 21.198063 0.642757
v 95.247749 21.428833 0.626855
v 95.216103 21.659603 0.610954
v 95.184448 21.890371 0.595052
v 92.815559 21.890371 0.595052
v 92.783905 21.659603 0.610954
v 92.752251 21.428833 0.626855
v 92.720604 21.198063 0.642757
v 92.644524 20.974651 0.677010
v 92.657295 20.736525 0.674560
v 92.581215 20.513113 0.708814
v 92.593994 20.274986 0.706364
v 92.517914 20.051575 0.740617
v 92.530685 19.813446 0.738167
v 92.499031 19.582678 0.754069
v 92.467384 19.351908 0.769971
v 94.307556 21.886375 1.221755
v 94.318146 21.655605 1.254390
v 94.328743 21.424837 1.287024
v 94.339333 21.194067 1.319658
v 94.443047 20.974152 1.398825
v 94.449326 20.736525 1.384361
v 94.464233 20.512613 1.464094
v 94.470505 20.274986 1.449629
v 94.485413 20.051075 1.529362
v 94.491692 19.813446 1.514898
v 94.502281 19.582678 1.547532
v 94.512871 19.351908 1.580166
v 95.561996 19.820305 0.496005
v 95.469315 19.813446 0.738167
v 95.482262 20.044216 0.481096
v 95.482094 20.051575 0.740617
v 95.496727 20.281845 0.474821
v 95.406013 20.274986 0.706364
v 95.417000 20.505754 0.459912
v 95.418785 20.513113 0.708814
v 95.431458 20.743383 0.453637
v 95.342705 20.736525 0.674560
v 95.270348 21.045567 0.345699
v 95.355484 20.974651 0.677010
v 94.496002 19.820305 1.561996
v 93.508316 19.813446 1.514898
v 94.481094 20.044216 1.482263
v 93.514587 20.051075 1.529362
v 94.474823 20.281845 1.496728
v 93.529495 20.274986 1.449629
v 94.459915 20.505754 1.416995
v 93.535774 20.512613 1.464094
v 94.453636 20.743383 1.431459
v 93.550682 20.736525 1.384361
v 94.345703 21.045567 1.270345
v 93.556961 20.974152 1.398825
v 94.756523 19.820805 1.513743
v 94.722267 20.044216 1.437663
v 94.724716 20.282345 1.450438
v 94.690460 20.505754 1.374358
v 94.692917 20.743883 1.387134
v 94.658661 20.967293 1.311054
v 94.974403 19.820614 -1.364488
v 95.328140 19.813446 -0.944210
v 94.923874 20.044216 -1.299526
v 95.335876 20.051384 -0.954059
v 94.933723 20.282154 -1.307267
v 95.270920 20.274986 -0.903529
v 94.883194 20.505754 -1.242304
v 95.278656 20.512922 -0.913379
v 94.893044 20.743692 -1.250045
v 95.213692 20.736525 -0.862848
v 94.842514 20.967293 -1.185082
v 95.221436 20.974461 -0.872698
v 94.496002 19.820305 -1.561996
v 94.738167 19.813446 -1.469315
v 94.481094 20.044216 -1.482263
v 94.740616 20.051575 -1.482090
v 94.474823 20.281845 -1.496728
v 94.706367 20.274986 -1.406010
v 94.459915 20.505754 -1.416995
v 94.708817 20.513113 -1.418786
v 94.453636 20.743383 -1.431459
v 94.674561 20.736525 -1.342706
v 94.345703 21.045567 -1.270345
v 94.677010 20.974651 -1.355482
v 95.513741 19.820805 -0.756519
v 95.514900 19.813446 -0.491688
v 95.437660 20.044216 -0.722266
v 95.529366 20.051075 -0.485413
v 95.450439 20.282345 -0.724715
v 95.449631 20.274986 -0.470504
v 95.374359 20.505754 -0.690462
v 95.464096 20.512613 -0.464229
v 95.387138 20.743883 -0.692912
v 95.384361 20.736525 -0.449320
v 95.311058 20.967293 -0.658659
v 95.398827 20.974152 -0.443045
v 92.438004 19.820305 -0.496005
v 92.530685 19.813446 -0.738167
v 92.517738 20.044216 -0.481096
v 92.517914 20.051575 -0.740617
v 92.503273 20.281845 -0.474821
v 92.593994 20.274986 -0.706364
v 92.583008 20.505754 -0.459912
v 92.581215 20.513113 -0.708814
v 92.568542 20.743383 -0.453637
v 92.657295 20.736525 -0.674561
v 92.729660 21.045567 -0.345699
v 92.644524 20.974651 -0.677011
v 93.243484 19.820805 -1.513743
v 93.508316 19.813446 -1.514898
v 93.277733 20.044216 -1.437663
v 93.514587 20.051075 -1.529362
v 93.275284 20.282345 -1.450438
v 93.529495 20.274986 -1.449629
v 93.309540 20.505754 -1.374358
v 93.535774 20.512613 -1.464094
v 93.307091 20.743883 -1.387134
v 93.550682 20.736525 -1.384361
v 93.341347 20.967293 -1.311054
v 93.556961 20.974152 -1.398825
v 92.486259 19.820805 0.756519
v 92.485100 19.813446 0.491688
v 92.562340 20.044216 0.722266
v 92.470642 20.051075 0.485413
v 92.549561 20.282345 0.724715
v 92.550369 20.274986 0.470504
v 92.625641 20.505754 0.690462
v 92.535912 20.512613 0.464229
v 92.612869 20.743883 0.692912
v 92.615639 20.736525 0.449320
v 92.688950 20.967293 0.658659
v 92.601181 20.974152 0.443045
v 92.635513 19.820614 0.974400
v 92.700478 20.044216 0.923869
v 92.692734 20.282154 0.933719
v 92.757698 20.505754 0.883189
v 92.749954 20.743692 0.893039
v 92.814919 20.967293 0.842508
v 95.328140 19.813446 0.944210
v 95.335876 20.051384 0.954059
v 95.270920 20.274986 0.903529
v 95.278656 20.512922 0.913379
v 95.213692 20.736525 0.862848
v 95.221436 20.974461 0.872698
v 94.974403 19.820614 1.364488
v 94.923874 20.044216 1.299526
v 94.933723 20.282154 1.307267
v 94.883194 20.505754 1.242304
v 94.893044 20.743692 1.250045
v 94.842514 20.967293 1.185082
v 92.635513 19.820614 -0.974400
v 93.055794 19.813446 -1.328137
v 92.700478 20.044216 -0.923869
v 93.045944 20.051384 -1.335877
v 92.692734 20.282154 -0.933719
v 93.096474 20.274986 -1.270915
v 92.757698 20.505754 -0.883189
v 93.086624 20.512922 -1.278655
v 92.749954 20.743692 -0.893039
v 93.137154 20.736525 -1.213693
v 92.814919 20.967293 -0.842508
v 93.127304 20.974461 -1.221434
v 93.243484 19.820805 1.513743
v 93.055794 19.813446 1.328137
v 93.277733 20.044216 1.437663
v 93.045944 20.051384 1.335877
v 93.275284 20.282345 1.450438
v 93.096474 20.274986 1.270915
v 93.309540 20.505754 1.374358
v 93.086624 20.512922 1.278655
v 93.307091 20.743883 1.387134
v 93.137154 20.736525 1.213693
v 93.341347 20.967293 1.311054
v 93.127304 20.974461 1.221434
v 95.557541 19.851458 0.495558
v 95.509529 19.851954 0.754743
v 95.533821 20.019924 0.485860
v 95.486305 20.020426 0.742394
v 95.492271 20.312996 0.474373
v 95.446228 20.313492 0.722939
v 95.468552 20.481462 0.464678
v 95.423004 20.481966 0.710591
v 95.427010 20.774534 0.453187
v 95.382927 20.775030 0.691134
v 95.403282 20.943001 0.443495
v 95.359695 20.943504 0.678789
v 94.495560 19.851458 1.557541
v 93.504440 19.851458 1.557541
v 94.485863 20.019924 1.533816
v 93.514137 20.019924 1.533817
v 94.474373 20.312996 1.492273
v 93.525627 20.312996 1.492273
v 94.464676 20.481462 1.468548
v 93.535324 20.481462 1.468548
v 94.453186 20.774534 1.427005
v 93.546814 20.774534 1.427005
v 94.443497 20.943001 1.403279
v 93.556511 20.943001 1.403280
v 94.754745 19.851954 1.509530
v 94.742393 20.020426 1.486303
v 94.722939 20.313492 1.446226
v 94.710594 20.481966 1.422999
v 94.691139 20.775030 1.382921
v 94.678795 20.943504 1.359694
v 94.971420 19.851736 -1.360879
v 95.360878 19.851736 -0.971421
v 94.957039 20.020264 -1.339487
v 95.339485 20.020264 -0.957038
v 94.930740 20.313274 -1.303657
v 95.303658 20.313274 -0.930741
v 94.916359 20.481802 -1.282265
v 95.282265 20.481802 -0.916357
v 94.890060 20.774815 -1.246435
v 95.246437 20.774815 -0.890061
v 94.875679 20.943340 -1.225044
v 95.225044 20.943340 -0.875676
v 94.495560 19.851458 -1.557541
v 94.754745 19.851954 -1.509530
v 94.485863 20.019924 -1.533816
v 94.742393 20.020426 -1.486303
v 94.474373 20.312996 -1.492273
v 94.722939 20.313492 -1.446226
v 94.464676 20.481462 -1.468548
v 94.710594 20.481966 -1.422999
v 94.453186 20.774534 -1.427005
v 94.691139 20.775030 -1.382921
v 94.443497 20.943001 -1.403279
v 94.678787 20.943504 -1.359694
v 95.509529 19.851954 -0.754743
v 95.557541 19.851458 -0.495558
v 95.486305 20.020426 -0.742394
v 95.533821 20.019924 -0.485860
v 95.446228 20.313492 -0.722939
v 95.492271 20.312996 -0.474373
v 95.422997 20.481966 -0.710591
v 95.468552 20.481462 -0.464678
v 95.382919 20.775030 -0.691134
v 95.427010 20.774534 -0.453187
v 95.359695 20.943504 -0.678789
v 95.403282 20.943001 -0.443495
v 92.442459 19.851458 -0.495558
v 92.490471 19.851954 -0.754743
v 92.466187 20.019924 -0.485860
v 92.513695 20.020426 -0.742394
v 92.507729 20.312996 -0.474373
v 92.553780 20.313492 -0.722939
v 92.531456 20.481462 -0.464678
v 92.577003 20.481966 -0.710591
v 92.572998 20.774534 -0.453187
v 92.617081 20.775032 -0.691134
v 92.596725 20.943001 -0.443495
v 92.640305 20.943504 -0.678789
v 93.245255 19.851954 -1.509530
v 93.504440 19.851458 -1.557541
v 93.257607 20.020426 -1.486303
v 93.514137 20.019924 -1.533817
v 93.277061 20.313492 -1.446226
v 93.525627 20.312996 -1.492273
v 93.289413 20.481966 -1.422999
v 93.535324 20.481462 -1.468548
v 93.308868 20.775030 -1.382921
v 93.546814 20.774534 -1.427005
v 93.321213 20.943504 -1.359694
v 93.556511 20.943001 -1.403280
v 92.490471 19.851954 0.754743
v 92.442459 19.851458 0.495558
v 92.513695 20.020426 0.742394
v 92.466187 20.019924 0.485860
v 92.553772 20.313492 0.722938
v 92.507729 20.312996 0.474373
v 92.577003 20.481966 0.710591
v 92.531456 20.481462 0.464678
v 92.617081 20.775032 0.691134
v 92.572998 20.774534 0.453187
v 92.640305 20.943504 0.678789
v 92.596725 20.943001 0.443495
v 92.639122 19.851736 0.971421
v 92.660515 20.020264 0.957038
v 92.696342 20.313274 0.930741
v 92.717735 20.481802 0.916357
v 92.753571 20.774815 0.890061
v 92.774956 20.943340 0.875676
v 95.360878 19.851736 0.971421
v 95.339485 20.020264 0.957038
v 95.303658 20.313274 0.930741
v 95.282265 20.481802 0.916357
v 95.246437 20.774815 0.890061
v 95.225044 20.943340 0.875676
v 94.971420 19.851736 1.360879
v 94.957039 20.020264 1.339487
v 94.930740 20.313274 1.303657
v 94.916359 20.481802 1.282265
v 94.890060 20.774815 1.246435
v 94.875679 20.943340 1.225044
v 92.639122 19.851736 -0.971421
v 93.028580 19.851736 -1.360879
v 92.660515 20.020264 -0.957038
v 93.042961 20.020264 -1.339487
v 92.696342 20.313274 -0.930741
v 93.069260 20.313274 -1.303657
v 92.717735 20.481802 -0.916357
v 93.083641 20.481802 -1.282265
v 92.753571 20.774815 -0.890061
v 93.109940 20.774815 -1.246435
v 92.774956 20.943340 -0.875676
v 93.124329 20.943340 -1.225044
v 93.245255 19.851954 1.509530
v 93.028580 19.851736 1.360879
v 93.257607 20.020426 1.486303
v 93.042961 20.020264 1.339487
v 93.277061 20.313492 1.446226
v 93.069260 20.313274 1.303657
v 93.289413 20.481966 1.422999
v 93.083641 20.481802 1.282265
v 93.308868 20.775030 1.382921
v 93.109940 20.774815 1.246435
v 93.321213 20.943504 1.359694
v 93.124329 20.943340 1.225044
v 95.534927 19.848152 0.493486
v 95.488205 19.848381 0.745933
v 95.511200 20.016619 0.483788
v 95.464973 20.016853 0.733584
v 95.469658 20.309692 0.472300
v 95.424896 20.309919 0.714129
v 95.445938 20.478159 0.462605
v 95.401672 20.478392 0.701781
v 95.404388 20.771231 0.451115
v 95.361595 20.771458 0.682324
v 95.380669 20.939697 0.441423
v 95.338371 20.939930 0.669979
v 94.493484 19.848154 1.534926
v 93.506516 19.848154 1.534926
v 94.483788 20.016621 1.511201
v 93.516212 20.016621 1.511201
v 94.472305 20.309692 1.469658
v 93.527702 20.309692 1.469658
v 94.462608 20.478159 1.445933
v 93.537399 20.478159 1.445933
v 94.451118 20.771231 1.404390
v 93.548889 20.771231 1.404390
v 94.441422 20.939697 1.380664
v 93.558578 20.939697 1.380664
v 94.745934 19.848381 1.488202
v 94.733582 20.016853 1.464975
v 94.714127 20.309919 1.424897
v 94.701782 20.478392 1.401670
v 94.682327 20.771458 1.361593
v 94.669983 20.939930 1.338366
v 94.956924 19.848270 -1.343426
v 95.343430 19.848270 -0.956926
v 94.942543 20.016798 -1.322034
v 95.322037 20.016798 -0.942543
v 94.916245 20.309811 -1.286204
v 95.286209 20.309811 -0.916245
v 94.901863 20.478336 -1.264812
v 95.264816 20.478336 -0.901862
v 94.875565 20.771349 -1.228982
v 95.228981 20.771349 -0.875565
v 94.861183 20.939875 -1.207591
v 95.207596 20.939875 -0.861181
v 94.493484 19.848154 -1.534926
v 94.745934 19.848381 -1.488201
v 94.483788 20.016621 -1.511201
v 94.733582 20.016853 -1.464975
v 94.472305 20.309692 -1.469658
v 94.714127 20.309919 -1.424897
v 94.462608 20.478159 -1.445933
v 94.701782 20.478392 -1.401670
v 94.451118 20.771231 -1.404390
v 94.682327 20.771458 -1.361593
v 94.441422 20.939697 -1.380664
v 94.669983 20.939930 -1.338366
v 95.488205 19.848381 -0.745933
v 95.534927 19.848152 -0.493486
v 95.464973 20.016853 -0.733584
v 95.511200 20.016619 -0.483788
v 95.424896 20.309919 -0.714129
v 95.469658 20.309692 -0.472300
v 95.401672 20.478392 -0.701781
v 95.445938 20.478159 -0.462605
v 95.361595 20.771458 -0.682324
v 95.404388 20.771231 -0.451115
v 95.338371 20.939930 -0.669979
v 95.380669 20.939697 -0.441423
v 92.465073 19.848152 -0.493486
v 92.511803 19.848379 -0.745933
v 92.488800 20.016619 -0.483788
v 92.535027 20.016853 -0.733584
v 92.530342 20.309692 -0.472300
v 92.575104 20.309919 -0.714129
v 92.554070 20.478159 -0.462605
v 92.598335 20.478392 -0.701782
v 92.595612 20.771231 -0.451115
v 92.638412 20.771458 -0.682325
v 92.619339 20.939697 -0.441423
v 92.661636 20.939930 -0.669979
v 93.254066 19.848379 -1.488202
v 93.506516 19.848154 -1.534926
v 93.266418 20.016853 -1.464975
v 93.516212 20.016621 -1.511202
v 93.285873 20.309919 -1.424897
v 93.527702 20.309692 -1.469658
v 93.298218 20.478392 -1.401670
v 93.537399 20.478159 -1.445933
v 93.317680 20.771458 -1.361593
v 93.548889 20.771231 -1.404390
v 93.330025 20.939930 -1.338366
v 93.558578 20.939697 -1.380664
v 92.511803 19.848379 0.745933
v 92.465073 19.848152 0.493486
v 92.535027 20.016853 0.733584
v 92.488800 20.016619 0.483788
v 92.575104 20.309919 0.714129
v 92.530342 20.309692 0.472300
v 92.598328 20.478392 0.701781
v 92.554070 20.478159 0.462605
v 92.638412 20.771458 0.682324
v 92.595612 20.771231 0.451115
v 92.661636 20.939930 0.669979
v 92.619339 20.939697 0.441423
v 92.656578 19.848270 0.956926
v 92.677971 20.016798 0.942543
v 92.713799 20.309811 0.916245
v 92.735191 20.478336 0.901862
v 92.771019 20.771349 0.875565
v 92.792412 20.939875 0.861181
v 95.343430 19.848270 0.956926
v 95.322037 20.016798 0.942543
v 95.286209 20.309811 0.916245
v 95.264816 20.478336 0.901862
v 95.228981 20.771349 0.875565
v 95.207596 20.939875 0.861181
v 94.956924 19.848270 1.343426
v 94.942543 20.016798 1.322034
v 94.916245 20.309811 1.286204
v 94.901863 20.478336 1.264812
v 94.875565 20.771349 1.228982
v 94.861183 20.939875 1.207591
v 92.656578 19.848270 -0.956926
v 93.043076 19.848270 -1.343426
v 92.677971 20.016798 -0.942543
v 93.057457 20.016798 -1.322034
v 92.713799 20.309811 -0.916246
v 93.083755 20.309811 -1.286204
v 92.735191 20.478336 -0.901862
v 93.098137 20.478336 -1.264812
v 92.771019 20.771349 -0.875565
v 93.124435 20.771349 -1.228982
v 92.792412 20.939875 -0.861181
v 93.138824 20.939875 -1.207591
v 93.254066 19.848379 1.488202
v 93.043076 19.848270 1.343426
v 93.266418 20.016853 1.464975
v 93.057457 20.016798 1.322034
v 93.285873 20.309919 1.424897
v 93.083755 20.309811 1.286204
v 93.298218 20.478392 1.401670
v 93.098137 20.478336 1.264812
v 93.317680 20.771458 1.361593
v 93.124435 20.771349 1.228982
v 93.330025 20.939930 1.338366
v 93.138824 20.939875 1.207591
v 95.188560 22.121141 0.385768
v 95.188560 22.121141 -0.385768
v 92.811447 22.121141 -0.385768
v 92.811447 22.121141 0.385768
v 93.614235 22.121141 1.188556
v 94.385773 22.121141 1.188556
v 94.385773 22.121141 -1.188556
v 93.614235 22.121141 -1.188556
v 95.221191 21.890371 -0.396360
v 93.603645 21.890371 -1.221190
v 93.603645 21.890371 1.221190
v 92.778816 21.890371 0.396360
v 95.351730 20.967293 -0.438728
v 95.319092 21.198063 -0.428136
v 95.286461 21.428833 -0.417544
v 95.253830 21.659603 -0.406952
v 95.221191 21.890371 0.396360
v 95.253830 21.659603 0.406952
v 95.286461 21.428833 0.417544
v 95.319092 21.198063 0.428136
v 95.351730 20.967293 0.438728
v 93.561272 20.967293 -1.351727
v 93.571869 21.198063 -1.319093
v 93.582458 21.428833 -1.286459
v 93.593048 21.659603 -1.253825
v 94.396362 21.890371 -1.221190
v 94.406952 21.659603 -1.253824
v 94.417549 21.428833 -1.286459
v 94.428139 21.198063 -1.319093
v 94.438728 20.967293 -1.351727
v 93.561272 20.967293 1.351727
v 93.571869 21.198063 1.319093
v 93.582458 21.428833 1.286459
v 93.593048 21.659603 1.253825
v 92.648277 20.967293 0.438728
v 92.680908 21.198063 0.428136
v 92.713547 21.428833 0.417544
v 92.746178 21.659603 0.406952
v 92.778816 21.890371 -0.396360
v 92.746178 21.659603 -0.406952
v 92.713547 21.428833 -0.417544
v 92.680908 21.198063 -0.428136
v 92.648277 20.967293 -0.438728
v 94.396362 21.890371 1.221190
v 94.406952 21.659603 1.253824
v 94.417549 21.428833 1.286459
v 94.428139 21.198063 1.319093
v 94.438728 20.967293 1.351727
v 95.201004 22.033119 0.300819
v 95.201004 22.033119 -0.300819
v 92.799004 22.033119 -0.300819
v 92.799004 22.033119 0.300819
v 93.699188 22.033119 1.201004
v 94.300819 22.033119 1.201004
v 94.300819 22.033119 -1.201004
v 93.699188 22.033119 -1.201004
v 95.152824 21.876627 -0.307554
v 93.692451 21.876627 -1.152821
v 93.692451 21.876627 1.152821
v 92.847183 21.876627 0.307554
v 95.339279 21.055315 -0.345699
v 95.250725 21.184319 -0.339330
v 95.218094 21.415089 -0.328738
v 95.185455 21.645859 -0.318146
v 95.152824 21.876627 0.307554
v 95.185455 21.645859 0.318146
v 95.218094 21.415089 0.328738
v 95.250725 21.184319 0.339330
v 95.339279 21.055315 0.345699
v 93.654305 21.055315 -1.339279
v 93.660675 21.184319 -1.250724
v 93.671265 21.415089 -1.218090
v 93.681854 21.645857 -1.185456
v 94.307556 21.876627 -1.152821
v 94.318146 21.645859 -1.185455
v 94.328743 21.415089 -1.218089
v 94.339333 21.184319 -1.250723
v 94.345703 21.055315 -1.339279
v 93.654305 21.055315 1.339279
v 93.660675 21.184319 1.250724
v 93.671265 21.415089 1.218090
v 93.681854 21.645857 1.185456
v 92.660721 21.055315 0.345699
v 92.749283 21.184319 0.339330
v 92.781914 21.415089 0.328738
v 92.814545 21.645857 0.318146
v 92.847183 21.876627 -0.307554
v 92.814545 21.645857 -0.318146
v 92.781914 21.415089 -0.328738
v 92.749275 21.184319 -0.339330
v 92.660721 21.055315 -0.345699
v 94.307556 21.876627 1.152821
v 94.318146 21.645859 1.185455
v 94.328743 21.415089 1.218089
v 94.339333 21.184319 1.250723
v 94.345703 21.055315 1.339279
vn 0.7071 -0.0000 -0.7071
vn 1.0000 -0.0000 -0.0000
vn 0.7071 -0.0000 0.7071
vn -0.0000 -0.0000 -1.0000
vn -0.7071 -0.0000 -0.7071
vn -0.0000 -0.0000 1.0000
vn -1.0000 -0.0000 -0.0000
vn -0.7071 -0.0000 0.7071
vn -0.8249 -0.0000 0.5652
vn -0.9833 -0.0000 0.1819
vn -0.8249 -0.0000 -0.5652
vn -0.9833 -0.0000 -0.1819
vn 0.8249 -0.0000 -0.5652
vn 0.9833 -0.0000 -0.1819
vn -0.1819 -0.0000 0.9833
vn -0.5652 -0.0000 0.8249
vn 0.5652 -0.0000 0.8249
vn 0.1819 -0.0000 0.9833
vn 0.8249 -0.0000 0.5652
vn 0.9833 -0.0000 0.1819
vn 0.1819 -0.0000 -0.9833
vn 0.5652 -0.0000 -0.8249
vn -0.1819 -0.0000 -0.9833
vn -0.5652 -0.0000 -0.8249
vn 0.1733 0.3024 0.9373
vn -0.5588 0.1504 -0.8156
vn 0.8156 0.1504 -0.5588
vn -0.1799 0.1458 0.9728
vn -0.6993 0.1483 0.6993
vn 0.5588 0.1504 -0.8156
vn -0.5588 0.1504 0.8156
vn -0.8156 0.1504 -0.5588
vn 0.6993 0.1483 0.6993
vn -0.6993 0.1483 -0.6993
vn 0.5588 0.1504 0.8156
vn 0.8156 0.1504 0.5588
vn -0.8156 0.1504 0.5588
vn -0.9728 0.1458 0.1799
vn -0.1799 0.1458 -0.9728
vn -0.9728 0.1458 -0.1799
vn 0.9728 0.1458 -0.1799
vn 0.1799 0.1458 -0.9728
vn 0.6993 0.1483 -0.6993
vn 0.1799 0.1458 0.9728
vn 0.9728 0.1458 0.1799
vn 0.0371 -0.0714 0.9968
vn -0.9968 -0.0714 -0.0371
vn 0.0371 -0.0714 -0.9968
vn -0.0371 -0.0714 -0.9968
vn 0.9968 -0.0714 0.0371
vn 0.9968 -0.0714 -0.0371
vn -0.9968 -0.0714 0.0371
vn -0.0371 -0.0714 0.9968
vn -0.0221 0.8056 0.5921
vn -0.0000 0.9400 -0.3413
vn -0.5921 0.8056 0.0221
vn 0.5921 0.8056 -0.0221
vn 0.5921 0.8056 0.0221
vn -0.0221 0.8056 -0.5921
vn 0.0221 0.8056 -0.5921
vn -0.3413 0.9400 -0.0000
vn -0.0000 0.9400 0.3413
vn -0.5921 0.8056 -0.0221
vn 0.0221 0.8056 0.5921
vn 0.3413 0.9400 -0.0000
vn -0.0000 -1.0000 -0.0000
vn -0.0000 1.0000 -0.0000
vn 0.5537 0.8327 -0.0000
vn 0.5537 -0.8327 -0.0000
vn -0.0000 0.8327 0.5537
vn -0.0000 -0.8327 0.5537
vn -0.5537 0.8327 -0.0000
vn -0.5537 -0.8327 -0.0000
vn -0.0000 0.8327 -0.5537
vn -0.0000 -0.8327 -0.5537
vn -0.8327 -0.0000 0.5537
vn -0.8327 -0.0000 -0.5537
vn 0.8327 -0.0000 0.5537
vn 0.5537 -0.0000 0.8327
vn -0.5537 -0.0000 0.8327
vn 0.8327 -0.0000 -0.5537
vn 0.5537 -0.0000 -0.8327
vn -0.5537 -0.0000 -0.8327
vn -0.6849 0.2485 0.6849
vn -0.7991 0.2485 0.5475
vn -0.5475 0.2485 0.7991
vn -0.5475 0.2485 -0.7991
vn 0.6849 0.2485 -0.6849
vn 0.7991 0.2485 0.5475
vn 0.6849 0.2485 0.6849
vn 0.7991 0.2485 -0.5475
vn 0.5475 0.2485 0.7991
vn 0.5475 0.2485 -0.7991
vn -0.6849 0.2485 -0.6849
vn -0.7991 0.2485 -0.5475
vn -0.0000 0.2807 0.9598
vn 0.9373 0.3024 0.1733
vn 0.9598 0.2807 -0.0000
vn -0.5357 0.3191 -0.7818
vn -0.0000 0.2807 -0.9598
vn 0.7818 0.3191 -0.5357
vn -0.1733 0.3024 0.9373
vn -0.6719 0.3117 0.6719
vn 0.5357 0.3191 -0.7818
vn -0.5357 0.3191 0.7818
vn -0.7818 0.3191 -0.5357
vn -0.9598 0.2807 -0.0000
vn 0.6719 0.3117 0.6719
vn -0.6719 0.3117 -0.6719
vn 0.5357 0.3191 0.7818
vn 0.7818 0.3191 0.5357
vn -0.7818 0.3191 0.5357
vn -0.9373 0.3024 0.1733
vn -0.1733 0.3024 -0.9373
vn -0.9373 0.3024 -0.1734
vn 0.9373 0.3024 -0.1733
vn 0.1733 0.3024 -0.9373
vn 0.6719 0.3117 -0.6719
vn -0.5993 -0.8006 -0.0000
vn 0.5993 -0.8005 -0.0000
vn -0.0000 -0.8005 -0.5993
vn -0.0000 -0.8005 0.5993
vn -0.5844 0.8083 -0.0721
vn -0.5844 0.8083 0.0721
vn 0.5844 0.8083 0.0721
vn 0.5844 0.8083 -0.0721
vn 0.0721 0.8082 -0.5844
vn -0.0721 0.8082 -0.5844
vn -0.0721 0.8082 0.5844
vn 0.0721 0.8082 0.5844
vn -0.4154 0.2347 -0.8788
vn -0.4873 0.5112 -0.7080
vn -0.5057 0.7214 -0.4730
vn -0.4705 0.8649 -0.1748
vn -0.4154 0.2347 0.8788
vn -0.4873 0.5112 0.7080
vn -0.5057 0.7215 0.4730
vn -0.4705 0.8649 0.1748
vn 0.4154 0.2347 0.8788
vn 0.4873 0.5112 0.7080
vn 0.5057 0.7214 0.4731
vn 0.4705 0.8649 0.1748
vn 0.4154 0.2347 -0.8788
vn 0.4873 0.5112 -0.7080
vn 0.5057 0.7214 -0.4730
vn 0.4705 0.8649 -0.1748
vn 0.8788 0.2347 -0.4154
vn 0.7080 0.5112 -0.4873
vn 0.4731 0.7214 -0.5057
vn 0.1748 0.8649 -0.4705
vn -0.8788 0.2347 -0.4154
vn -0.7079 0.5112 -0.4873
vn -0.4731 0.7214 -0.5057
vn -0.1748 0.8649 -0.4705
vn -0.8788 0.2347 0.4154
vn -0.7079 0.5112 0.4873
vn -0.4731 0.7214 0.5057
vn -0.1748 0.8649 0.4705
vn 0.8788 0.2347 0.4154
vn 0.7080 0.5112 0.4873
vn 0.4731 0.7214 0.5057
vn 0.1748 0.8649 0.4705
vn -0.9686 0.2485 -0.0000
vn -0.3554 0.0692 0.9321
vn -0.3554 0.0692 -0.9321
vn 0.9686 0.2485 -0.0000
vn 0.3554 0.0692 -0.9321
vn 0.3554 0.0692 0.9321
vn -0.0000 0.2485 -0.9686
vn -0.9321 0.0692 -0.3554
vn 0.9321 0.0692 -0.3554
vn -0.0000 0.2485 0.9686
vn 0.9321 0.0692 0.3554
vn -0.9321 0.0692 0.3554
vn -0.9525 0.2485 -0.1761
vn -0.9525 0.2485 0.1762
vn 0.9525 0.2485 0.1762
vn 0.9525 0.2485 -0.1762
vn 0.1761 0.2485 -0.9525
vn -0.1762 0.2485 -0.9525
vn -0.1762 0.2485 0.9525
vn 0.1762 0.2485 0.9525
vn -0.4283 0.9036 -0.0000
vn 0.4283 0.9036 -0.0000
vn -0.0000 0.9036 -0.4283
vn -0.0000 0.9036 0.4283
vn 0.4284 0.9036 -0.0000
vn 0.8006 0.5992 -0.0000
vn 0.5112 0.8594 -0.0000
vn 0.1448 0.9895 -0.0000
vn -0.2440 0.9698 -0.0000
vn -0.8006 0.5992 -0.0000
vn -0.5112 0.8594 -0.0000
vn -0.1448 0.9895 -0.0000
vn 0.2440 0.9698 -0.0000
vn -0.0000 0.5992 0.8006
vn -0.0000 0.8594 0.5112
vn -0.0000 0.9895 0.1448
vn -0.0000 0.9698 -0.2440
vn -0.0000 0.5992 -0.8006
vn -0.0000 0.8594 -0.5112
vn -0.0000 0.9895 -0.1448
vn -0.0000 0.9698 0.2440
vn 0.9021 0.4316 -0.0000
vn -0.9021 0.4316 -0.0000
vn -0.0000 0.4316 0.9021
vn -0.0000 0.4316 -0.9021
vn -1.0000 0.0025 -0.0000
vn -0.9480 0.3184 -0.0000
vn -0.8103 0.5860 -0.0000
vn -0.5836 0.8120 -0.0000
vn 1.0000 0.0025 -0.0000
vn 0.9480 0.3184 -0.0000
vn 0.8103 0.5860 -0.0000
vn 0.5836 0.8120 -0.0000
vn -0.0000 0.0025 -1.0000
vn -0.0000 0.3184 -0.9480
vn -0.0000 0.5860 -0.8103
vn -0.0000 0.8120 -0.5836
vn -0.0000 0.0025 1.0000
vn -0.0000 0.3184 0.9480
vn -0.0000 0.5860 0.8103
vn -0.0000 0.8120 0.5836
vn -0.9842 -0.1771 -0.0000
vn -0.3065 -0.0476 -0.9507
vn -0.3065 -0.0476 0.9507
vn 0.9842 -0.1771 -0.0000
vn 0.3065 -0.0476 0.9507
vn 0.3065 -0.0476 -0.9507
vn -0.0000 -0.1771 -0.9842
vn 0.9507 -0.0476 -0.3065
vn -0.9507 -0.0476 -0.3065
vn -0.0000 -0.1771 0.9842
vn -0.9507 -0.0476 0.3065
vn 0.9507 -0.0476 0.3065
vn -0.0000 0.1400 0.9901
vn -0.9901 0.1400 -0.0000
vn -0.0000 0.1400 -0.9901
vn 0.9901 0.1400 -0.0000
vn 0.1466 -0.9888 0.0281
vn -0.1466 0.9888 -0.0281
vn 0.1466 -0.9888 0.0282
vn -0.1466 0.9888 -0.0282
vn -0.0000 -0.9896 0.1441
vn -0.0000 0.9896 -0.1441
vn 0.0281 -0.9888 0.1466
vn -0.0281 0.9888 -0.1466
vn 0.0282 -0.9888 0.1466
vn -0.0282 0.9888 -0.1466
vn 0.1065 -0.9886 -0.1065
vn -0.1065 0.9886 0.1065
vn 0.0281 -0.9888 -0.1466
vn -0.0281 0.9888 0.1466
vn 0.0282 -0.9888 -0.1466
vn -0.0282 0.9888 0.1466
vn 0.1466 -0.9888 -0.0281
vn -0.1466 0.9888 0.0281
vn 0.1466 -0.9888 -0.0282
vn -0.1466 0.9888 0.0282
vn -0.1466 -0.9888 -0.0281
vn 0.1466 0.9888 0.0281
vn -0.1466 -0.9888 -0.0282
vn 0.1466 0.9888 0.0282
vn -0.0281 -0.9888 -0.1466
vn 0.0281 0.9888 0.1466
vn -0.0282 -0.9888 -0.1466
vn 0.0282 0.9888 0.1466
vn -0.1466 -0.9888 0.0281
vn 0.1466 0.9888 -0.0281
vn -0.1466 -0.9888 0.0282
vn 0.1466 0.9888 -0.0282
vn -0.1261 -0.9883 0.0859
vn 0.1261 0.9883 -0.0859
vn 0.1261 -0.9883 0.0859
vn -0.1261 0.9883 -0.0859
vn 0.0859 -0.9883 0.1261
vn -0.0859 0.9883 -0.1261
vn -0.1065 -0.9886 -0.1065
vn 0.1065 0.9886 0.1065
vn 0.1065 -0.9886 0.1065
vn -0.1065 0.9886 -0.1065
vn -0.1441 -0.9896 -0.0000
vn 0.1441 0.9896 -0.0000
vn -0.1261 -0.9883 -0.0859
vn 0.1261 0.9883 0.0859
vn -0.0859 -0.9883 0.1261
vn 0.0859 0.9883 -0.1261
vn 0.0859 -0.9883 -0.1261
vn -0.0859 0.9883 0.1261
vn -0.1065 -0.9886 0.1065
vn 0.1065 0.9886 -0.1065
vn -0.0281 -0.9888 0.1466
vn 0.0281 0.9888 -0.1466
vn -0.0282 -0.9888 0.1466
vn 0.0282 0.9888 -0.1466
vn 0.1261 -0.9883 -0.0859
vn -0.1261 0.9883 0.0859
vn -0.0000 -0.9896 -0.1441
vn -0.0000 0.9896 0.1441
vn -0.0859 -0.9883 -0.1261
vn 0.0859 0.9883 0.1261
vn 0.1441 -0.9896 -0.0000
vn -0.1441 0.9896 -0.0000
vn 0.9734 0.1418 0.1800
vn 0.9734 0.1419 0.1800
vn -0.0000 0.1416 0.9899
vn -0.0000 0.1415 0.9899
vn 0.1800 0.1418 0.9734
vn 0.1800 0.1419 0.9734
vn 0.6993 0.1480 -0.6993
vn 0.1800 0.1418 -0.9734
vn 0.1800 0.1419 -0.9734
vn 0.9734 0.1418 -0.1800
vn 0.9734 0.1419 -0.1800
vn -0.9734 0.1418 -0.1800
vn -0.9734 0.1419 -0.1800
vn -0.1800 0.1418 -0.9734
vn -0.1800 0.1419 -0.9734
vn -0.9734 0.1418 0.1800
vn -0.9734 0.1419 0.1800
vn -0.8160 0.1452 0.5595
vn -0.8164 0.1452 0.5590
vn -0.8164 0.1452 0.5589
vn -0.8164 0.1453 0.5589
vn 0.8160 0.1452 0.5595
vn 0.8164 0.1452 0.5589
vn 0.8160 0.1452 0.5596
vn 0.5595 0.1452 0.8160
vn 0.5589 0.1452 0.8164
vn -0.6993 0.1480 -0.6993
vn 0.6993 0.1480 0.6993
vn -0.9899 0.1416 -0.0000
vn -0.9899 0.1415 -0.0000
vn -0.8160 0.1452 -0.5595
vn -0.8164 0.1452 -0.5590
vn -0.8164 0.1452 -0.5589
vn -0.8164 0.1453 -0.5589
vn -0.5595 0.1452 0.8160
vn -0.5589 0.1452 0.8164
vn -0.5589 0.1453 0.8164
vn 0.5595 0.1452 -0.8160
vn 0.5589 0.1452 -0.8164
vn -0.6993 0.1480 0.6993
vn -0.1800 0.1418 0.9734
vn -0.1800 0.1419 0.9734
vn 0.8160 0.1452 -0.5595
vn 0.8164 0.1452 -0.5589
vn -0.0000 0.1416 -0.9899
vn -0.0000 0.1415 -0.9899
vn -0.5595 0.1452 -0.8160
vn -0.5589 0.1452 -0.8164
vn 0.9899 0.1416 -0.0000
vn 0.9899 0.1415 -0.0000
vn -0.1476 0.9886 -0.0287
vn 0.1476 -0.9886 0.0288
vn -0.1476 0.9886 -0.0288
vn -0.1476 0.9886 -0.0289
vn 0.1476 -0.9886 0.0289
vn -0.0000 0.9895 -0.1446
vn -0.0000 -0.9895 0.1446
vn -0.0287 0.9886 -0.1476
vn 0.0288 -0.9886 0.1476
vn -0.0288 0.9886 -0.1476
vn -0.0289 0.9886 -0.1476
vn 0.0289 -0.9886 0.1476
vn -0.1072 0.9884 0.1072
vn 0.1072 -0.9884 -0.1072
vn -0.0287 0.9886 0.1476
vn 0.0288 -0.9886 -0.1476
vn -0.0288 0.9886 0.1476
vn 0.0289 -0.9886 -0.1476
vn -0.1476 0.9886 0.0287
vn 0.1476 -0.9886 -0.0288
vn -0.1476 0.9886 0.0288
vn -0.1476 0.9886 0.0289
vn 0.1476 -0.9886 -0.0289
vn 0.1476 0.9886 0.0287
vn -0.1476 -0.9886 -0.0288
vn 0.1476 0.9886 0.0288
vn 0.1476 0.9886 0.0289
vn -0.1476 -0.9886 -0.0289
vn 0.0287 0.9886 0.1476
vn -0.0288 -0.9886 -0.1476
vn 0.0288 0.9886 0.1476
vn 0.0289 0.9886 0.1476
vn -0.0289 -0.9886 -0.1476
vn 0.1476 0.9886 -0.0287
vn -0.1476 -0.9886 0.0288
vn 0.1476 0.9886 -0.0288
vn 0.1476 0.9886 -0.0289
vn -0.1476 -0.9886 0.0289
vn 0.1273 0.9881 -0.0866
vn -0.1273 -0.9881 0.0866
vn -0.1273 -0.9881 0.0865
vn 0.1273 0.9881 -0.0865
vn -0.1273 0.9881 -0.0866
vn 0.1273 -0.9881 0.0866
vn 0.1273 -0.9881 0.0865
vn -0.1273 0.9881 -0.0865
vn -0.0866 0.9881 -0.1273
vn 0.0866 -0.9881 0.1273
vn 0.0865 -0.9881 0.1273
vn -0.0865 0.9881 -0.1273
vn 0.1072 0.9884 0.1072
vn -0.1072 -0.9884 -0.1072
vn -0.1072 0.9884 -0.1072
vn 0.1072 -0.9884 0.1072
vn 0.1446 0.9895 -0.0000
vn -0.1446 -0.9895 -0.0000
vn -0.1445 -0.9895 -0.0000
vn 0.1273 0.9881 0.0866
vn -0.1273 -0.9881 -0.0866
vn -0.1273 -0.9881 -0.0865
vn 0.1273 0.9881 0.0865
vn 0.0866 0.9881 -0.1273
vn -0.0866 -0.9881 0.1273
vn -0.0865 -0.9881 0.1273
vn 0.0865 0.9881 -0.1273
vn -0.0866 0.9881 0.1273
vn 0.0866 -0.9881 -0.1273
vn -0.0865 0.9881 0.1273
vn 0.0865 -0.9881 -0.1273
vn 0.1072 0.9884 -0.1072
vn -0.1072 -0.9884 0.1072
vn 0.0287 0.9886 -0.1476
vn -0.0288 -0.9886 0.1476
vn 0.0288 0.9886 -0.1476
vn -0.0289 -0.9886 0.1476
vn -0.1273 0.9881 0.0866
vn 0.1273 -0.9881 -0.0866
vn 0.1273 -0.9881 -0.0865
vn -0.1273 0.9881 0.0865
vn -0.0000 0.9895 0.1446
vn -0.0000 -0.9895 -0.1446
vn 0.0866 0.9881 0.1273
vn -0.0866 -0.9881 -0.1273
vn 0.0865 0.9881 0.1273
vn -0.0865 -0.9881 -0.1273
vn -0.1446 0.9895 -0.0000
vn 0.1446 -0.9895 -0.0000
vn -0.1445 0.9895 -0.0000
vn 0.1445 -0.9895 -0.0000
vn 0.1400 -0.9901 -0.0000
vn -0.1400 -0.9901 -0.0000
vn -0.0000 -0.9901 0.1400
vn -0.0000 -0.9901 -0.1400
vn 0.0064 -0.0450 0.9990
vn 0.9990 -0.0450 -0.0064
vn 0.9990 -0.0450 0.0064
vn -0.0064 -0.0450 -0.9990
vn 0.0064 -0.0450 -0.9990
vn -0.9990 -0.0450 -0.0064
vn -0.0064 -0.0450 0.9990
vn -0.9990 -0.0450 0.0064
vn -0.0000 0.9901 -0.1400
vn 0.1400 0.9901 -0.0000
vn -0.0000 0.9901 0.1400
vn -0.1400 0.9901 -0.0000
vt 0.640697 0.484017
vt 0.630137 0.536816
vt 0.625000 0.584429
vt 0.625000 0.665571
vt 0.625000 0.584429
vt 0.630137 0.713184
vt 0.640697 0.765983
vt 0.783261 0.492690
vt 0.653143 0.443714
vt 0.859590 0.547090
vt 0.827910 0.515410
vt 0.827910 0.515410
vt 0.859590 0.547090
vt 0.653143 0.806286
vt 0.783261 0.757310
vt 0.875000 0.665571
vt 0.875000 0.584429
vt 0.875000 0.584429
vt 0.875000 0.665571
vt 0.827910 0.734590
vt 0.859590 0.702910
vt 0.827910 0.734590
vt 0.871032 0.685942
vt 0.871032 0.685942
vt 0.871032 0.564058
vt 0.871032 0.564058
vt 0.625857 0.562712
vt 0.625857 0.562712
vt 0.810089 0.746894
vt 0.810089 0.746894
vt 0.647103 0.789613
vt 0.647103 0.789613
vt 0.625857 0.687288
vt 0.625857 0.687288
vt 0.647103 0.460387
vt 0.810089 0.503106
vt 0.827910 0.515410
vt 0.810090 0.503106
vt 0.647103 0.460387
vt 0.640697 0.765983
vt 0.810089 0.746894
vt 0.827910 0.734590
vt 0.625000 0.584429
vt 0.875000 0.665571
vt 0.640697 0.484017
vt 0.630137 0.536816
vt 0.630137 0.536816
vt 0.640697 0.484017
vt 0.630137 0.536816
vt 0.625000 0.584429
vt 0.625000 0.665571
vt 0.625000 0.584429
vt 0.625000 0.665571
vt 0.630137 0.713184
vt 0.640697 0.765983
vt 0.630137 0.713184
vt 0.630137 0.713184
vt 0.640697 0.765983
vt 0.630137 0.713184
vt 0.640697 0.765983
vt 0.640697 0.765983
vt 0.783261 0.492690
vt 0.653143 0.443714
vt 0.653143 0.443714
vt 0.783261 0.492690
vt 0.783261 0.492690
vt 0.783261 0.492690
vt 0.653143 0.443714
vt 0.859590 0.547090
vt 0.827910 0.515410
vt 0.859590 0.547090
vt 0.827910 0.515410
vt 0.859590 0.547090
vt 0.827910 0.515410
vt 0.653143 0.806286
vt 0.653143 0.806286
vt 0.783261 0.757309
vt 0.653143 0.806286
vt 0.653143 0.806286
vt 0.875000 0.665571
vt 0.875000 0.665571
vt 0.875000 0.665571
vt 0.875000 0.584429
vt 0.875000 0.584429
vt 0.875000 0.665571
vt 0.875000 0.584429
vt 0.827910 0.734590
vt 0.827910 0.734590
vt 0.859590 0.702910
vt 0.827910 0.734590
vt 0.827910 0.734590
vt 0.859590 0.702910
vt 0.827910 0.734590
vt 0.827910 0.734590
vt 0.871032 0.685942
vt 0.871032 0.685942
vt 0.871032 0.685942
vt 0.871032 0.685942
vt 0.871032 0.685942
vt 0.871032 0.685942
vt 0.625857 0.562712
vt 0.625857 0.562712
vt 0.625857 0.562712
vt 0.810089 0.746894
vt 0.810089 0.746894
vt 0.827910 0.734590
vt 0.647103 0.789613
vt 0.647103 0.789613
vt 0.640697 0.765983
vt 0.625857 0.687288
vt 0.625857 0.687288
vt 0.647103 0.460387
vt 0.647103 0.460387
vt 0.647103 0.460387
vt 0.640697 0.484017
vt 0.810090 0.503106
vt 0.653143 0.806286
vt 0.871032 0.564058
vt 0.625000 0.665571
vt 0.653143 0.443714
vt 0.875000 0.665571
vt 0.640697 0.765983
vt 0.000000 0.000000
vt 0.810089 0.503106
vt 0.630137 0.536816
vt 0.810089 0.746894
vt 0.640697 0.484017
vt 0.871032 0.564058
vt 0.647103 0.789613
vt 0.625857 0.687288
vt 0.871032 0.685942
vt 0.875000 0.665571
vt 0.783262 0.492690
vt 0.625000 0.665571
vt 0.640697 0.765983
vt 0.647103 0.789613
vt 0.810089 0.503106
vt 0.810090 0.503106
vt 0.827910 0.734590
vt 0.827910 0.734590
vt 0.810089 0.746894
vt 0.827910 0.734590
vt 0.875000 0.665571
vt 0.871032 0.685942
vt 0.625857 0.562712
vt 0.630137 0.713184
vt 0.625857 0.687288
vt 0.630137 0.713184
vt 0.625857 0.687288
vt 0.630137 0.713184
vt 0.871032 0.564058
vt 0.859590 0.547090
vt 0.871032 0.564058
vt 0.859590 0.547090
vt 0.859590 0.547090
vt 0.859590 0.547090
vt 0.783262 0.492690
vt 0.783261 0.492690
vt 0.783262 0.492691
vt 0.783262 0.492690
vt 0.653143 0.443714
vt 0.653143 0.443714
vt 0.640697 0.484017
vt 0.640697 0.484017
vt 0.640697 0.484017
vt 0.859590 0.702910
vt 0.859590 0.702910
vt 0.625000 0.665571
vt 0.625000 0.665571
vt 0.653143 0.806286
vt 0.671282 0.799458
vt 0.671282 0.799458
vt 0.671282 0.450542
vt 0.671282 0.450542
vt 0.765122 0.764137
vt 0.765122 0.764137
vt 0.625000 0.595741
vt 0.625000 0.595740
vt 0.625000 0.654259
vt 0.875000 0.595741
vt 0.875000 0.654260
vt 0.765122 0.485863
vt 0.671282 0.799458
vt 0.671282 0.450542
vt 0.671282 0.450542
vt 0.671282 0.450542
vt 0.875000 0.595741
vt 0.765122 0.764137
vt 0.765122 0.485863
vt 0.765122 0.485863
vt 0.765122 0.485863
vt 0.625000 0.654259
vt 0.625000 0.595740
vt 0.875000 0.654260
vt 0.875000 0.654259
vt 0.765122 0.485863
vt 0.625000 0.654259
vt 0.875000 0.654260
vt 0.875000 0.608218
vt 0.875000 0.641782
vt 0.875000 0.641782
vt 0.875000 0.608218
vt 0.875000 0.654260
vt 0.875000 0.595741
vt 0.625000 0.641782
vt 0.625000 0.608218
vt 0.625000 0.608218
vt 0.625000 0.641782
vt 0.745114 0.771668
vt 0.691290 0.791927
vt 0.691290 0.791927
vt 0.745114 0.771668
vt 0.671282 0.450542
vt 0.691290 0.458073
vt 0.745114 0.478332
vt 0.745114 0.478332
vt 0.691290 0.458073
vt 0.671282 0.799458
vt 0.745114 0.771668
vt 0.691290 0.791927
vt 0.691290 0.791927
vt 0.745114 0.771668
vt 0.691290 0.458073
vt 0.745114 0.478332
vt 0.745114 0.478332
vt 0.691290 0.458073
vt 0.875000 0.641782
vt 0.875000 0.641782
vt 0.625000 0.641782
vt 0.625000 0.608218
vt 0.745114 0.771668
vt 0.691290 0.791927
vt 0.745114 0.771668
vt 0.691290 0.458073
vt 0.745114 0.478332
vt 0.745114 0.478332
vt 0.691290 0.458073
vt 0.671282 0.450542
vt 0.625000 0.608218
vt 0.625000 0.641782
vt 0.691290 0.791928
vt 0.691290 0.458073
vt 0.745114 0.478332
vt 0.691290 0.458073
vt 0.875000 0.608218
vt 0.875000 0.608218
vt 0.875000 0.641782
vt 0.875000 0.608218
vt 0.765122 0.485863
vt 0.625000 0.641782
vt 0.625000 0.608218
vt 0.625000 0.608218
vt 0.625000 0.648021
vt 0.625000 0.601979
vt 0.625000 0.648021
vt 0.625000 0.648021
vt 0.625000 0.601979
vt 0.625000 0.601979
vt 0.625000 0.648021
vt 0.625000 0.648021
vt 0.625000 0.601979
vt 0.625000 0.648021
vt 0.755118 0.767903
vt 0.681287 0.795693
vt 0.681287 0.795693
vt 0.755118 0.767903
vt 0.681287 0.795693
vt 0.755118 0.767903
vt 0.755118 0.767903
vt 0.681287 0.795693
vt 0.681286 0.795693
vt 0.875000 0.601979
vt 0.875000 0.648021
vt 0.875000 0.648021
vt 0.875000 0.601979
vt 0.875000 0.601979
vt 0.875000 0.648021
vt 0.875000 0.601979
vt 0.875000 0.648021
vt 0.875000 0.648021
vt 0.681287 0.454307
vt 0.755118 0.482097
vt 0.681287 0.454307
vt 0.681287 0.454307
vt 0.755118 0.482097
vt 0.755118 0.482097
vt 0.681287 0.454307
vt 0.681287 0.454307
vt 0.755118 0.482097
vt 0.755118 0.482097
vt 0.681287 0.454307
vt 0.681287 0.454307
vt 0.755118 0.767903
vt 0.625000 0.601979
vt 0.875000 0.648021
vt 0.755118 0.482097
vt 0.755118 0.482097
vt 0.875000 0.648021
vt 0.625000 0.665571
vt 0.625000 0.665571
vt 0.625857 0.687288
vt 0.653143 0.806286
vt 0.783262 0.757310
vt 0.653143 0.806286
vt 0.647103 0.789613
vt 0.647103 0.789613
vt 0.647103 0.789613
vt 0.640697 0.484017
vt 0.640697 0.484017
vt 0.630137 0.536816
vt 0.647103 0.460387
vt 0.647103 0.460387
vt 0.647103 0.460387
vt 0.653143 0.443714
vt 0.647102 0.460387
vt 0.653143 0.443714
vt 0.647103 0.460387
vt 0.653143 0.443714
vt 0.647103 0.460387
vt 0.625857 0.562712
vt 0.625000 0.584429
vt 0.625857 0.562712
vt 0.871032 0.564058
vt 0.871032 0.564058
vt 0.871032 0.564058
vt 0.871032 0.564058
vt 0.875000 0.584429
vt 0.875000 0.584429
vt 0.875000 0.584429
vt 0.783261 0.492690
vt 0.783261 0.492690
vt 0.783261 0.492690
vt 0.871032 0.685942
vt 0.875000 0.665571
vt 0.871032 0.685942
vt 0.859590 0.702910
vt 0.859590 0.702910
vt 0.859590 0.702910
vt 0.859590 0.702910
vt 0.630137 0.713184
vt 0.640697 0.765983
vt 0.640697 0.765983
vt 0.859590 0.547090
vt 0.810089 0.746894
vt 0.827910 0.734590
vt 0.810089 0.746894
vt 0.810089 0.746894
vt 0.810089 0.746894
vt 0.810089 0.746894
vt 0.783261 0.757309
vt 0.625000 0.665652
vt 0.625861 0.687315
vt 0.625852 0.687261
vt 0.625000 0.665490
vt 0.625000 0.665656
vt 0.625862 0.687316
vt 0.625852 0.687260
vt 0.625000 0.665486
vt 0.625000 0.665660
vt 0.625862 0.687317
vt 0.625852 0.687259
vt 0.625000 0.665482
vt 0.653121 0.806224
vt 0.783361 0.757271
vt 0.783161 0.757348
vt 0.653165 0.806348
vt 0.653120 0.806222
vt 0.783365 0.757269
vt 0.783157 0.757350
vt 0.653166 0.806351
vt 0.653119 0.806219
vt 0.783369 0.757268
vt 0.783153 0.757352
vt 0.653167 0.806354
vt 0.647096 0.789588
vt 0.647109 0.789637
vt 0.647096 0.789587
vt 0.647110 0.789638
vt 0.647095 0.789586
vt 0.647110 0.789639
vt 0.640705 0.483987
vt 0.630131 0.536849
vt 0.630142 0.536783
vt 0.640688 0.484048
vt 0.640705 0.483986
vt 0.630131 0.536851
vt 0.630143 0.536781
vt 0.640688 0.484049
vt 0.640706 0.483984
vt 0.630131 0.536852
vt 0.630143 0.536780
vt 0.640688 0.484050
vt 0.653013 0.443665
vt 0.647096 0.460412
vt 0.647109 0.460363
vt 0.653274 0.443763
vt 0.653007 0.443663
vt 0.647096 0.460413
vt 0.647109 0.460362
vt 0.653279 0.443765
vt 0.653001 0.443661
vt 0.647095 0.460414
vt 0.647110 0.460361
vt 0.653285 0.443768
vt 0.625861 0.562685
vt 0.625000 0.584348
vt 0.625000 0.584510
vt 0.625853 0.562739
vt 0.625862 0.562684
vt 0.625000 0.584344
vt 0.625000 0.584514
vt 0.625852 0.562740
vt 0.625862 0.562683
vt 0.625000 0.584340
vt 0.625000 0.584518
vt 0.625852 0.562741
vt 0.875000 0.584348
vt 0.871020 0.564040
vt 0.871044 0.564075
vt 0.875000 0.584510
vt 0.875000 0.584344
vt 0.871019 0.564039
vt 0.871044 0.564076
vt 0.875000 0.584514
vt 0.875000 0.584340
vt 0.871019 0.564039
vt 0.871045 0.564077
vt 0.875000 0.584518
vt 0.810108 0.503119
vt 0.783392 0.492739
vt 0.783131 0.492641
vt 0.810071 0.503093
vt 0.810109 0.503119
vt 0.783397 0.492741
vt 0.783125 0.492639
vt 0.810070 0.503093
vt 0.810109 0.503120
vt 0.783404 0.492744
vt 0.783119 0.492637
vt 0.810069 0.503092
vt 0.871020 0.685960
vt 0.875000 0.665652
vt 0.875000 0.665490
vt 0.871044 0.685924
vt 0.871020 0.685960
vt 0.875000 0.665656
vt 0.875000 0.665486
vt 0.871044 0.685924
vt 0.871019 0.685961
vt 0.875000 0.665660
vt 0.875000 0.665482
vt 0.871045 0.685923
vt 0.859609 0.702891
vt 0.859570 0.702930
vt 0.859610 0.702890
vt 0.859569 0.702931
vt 0.859611 0.702889
vt 0.859568 0.702932
vt 0.630130 0.713151
vt 0.630144 0.713217
vt 0.630130 0.713149
vt 0.630144 0.713219
vt 0.630130 0.713148
vt 0.630144 0.713220
vt 0.640703 0.766016
vt 0.640690 0.765950
vt 0.640704 0.766017
vt 0.640690 0.765948
vt 0.640704 0.766019
vt 0.640689 0.765947
vt 0.859604 0.547111
vt 0.827887 0.515395
vt 0.827933 0.515426
vt 0.859575 0.547068
vt 0.859605 0.547112
vt 0.827887 0.515394
vt 0.827934 0.515427
vt 0.859574 0.547067
vt 0.859606 0.547113
vt 0.827886 0.515393
vt 0.827935 0.515428
vt 0.859574 0.547066
vt 0.810125 0.746880
vt 0.827890 0.734609
vt 0.827930 0.734570
vt 0.810053 0.746908
vt 0.810127 0.746880
vt 0.827890 0.734610
vt 0.827931 0.734569
vt 0.810052 0.746909
vt 0.810128 0.746879
vt 0.827889 0.734611
vt 0.827932 0.734568
vt 0.810050 0.746909
vt 0.625000 0.656321
vt 0.625000 0.593679
vt 0.875000 0.593679
vt 0.875000 0.656321
vt 0.768428 0.762893
vt 0.667977 0.800703
vt 0.667977 0.449297
vt 0.768428 0.487107
vt 0.625000 0.593531
vt 0.768666 0.487197
vt 0.768666 0.762803
vt 0.875000 0.656469
vt 0.625000 0.592856
vt 0.625000 0.592740
vt 0.625000 0.593069
vt 0.625000 0.593294
vt 0.625000 0.656469
vt 0.625000 0.656706
vt 0.625000 0.656931
vt 0.625000 0.657144
vt 0.625000 0.657260
vt 0.769749 0.487604
vt 0.769935 0.487674
vt 0.769406 0.487475
vt 0.769046 0.487340
vt 0.667738 0.449208
vt 0.667359 0.449065
vt 0.666999 0.448929
vt 0.666656 0.448800
vt 0.666470 0.448730
vt 0.769935 0.762326
vt 0.769749 0.762396
vt 0.769406 0.762525
vt 0.769046 0.762660
vt 0.875000 0.657144
vt 0.875000 0.657260
vt 0.875000 0.656931
vt 0.875000 0.656706
vt 0.875000 0.593531
vt 0.875000 0.593294
vt 0.875000 0.593069
vt 0.875000 0.592856
vt 0.875000 0.592740
vt 0.667738 0.800792
vt 0.667359 0.800935
vt 0.666998 0.801071
vt 0.666656 0.801200
vt 0.666470 0.801270
s 0
usemtl Material.038
f 43/1/1 61/2/1 18/2/1 5/1/1
f 48/3/2 55/4/2 7/4/2 17/5/2
f 45/6/3 57/7/3 12/7/3 9/6/3
f 42/8/4 54/9/4 6/9/4 3/8/4
f 50/10/5 52/11/5 1/12/5 21/13/5
f 46/14/6 59/15/6 15/15/6 11/14/6
f 51/16/7 62/17/7 19/18/7 23/19/7
f 47/20/8 64/21/8 24/21/8 14/22/8
f 64/21/9 63/23/9 22/24/9 24/21/9
f 63/23/10 51/16/10 23/19/10 22/24/10
f 49/25/11 50/10/11 21/13/11 20/26/11
f 62/17/12 49/25/12 20/26/12 19/18/12
f 61/2/13 60/27/13 16/28/13 18/2/13
f 60/27/14 48/3/14 17/5/14 16/28/14
f 59/15/15 58/29/15 13/30/15 15/15/15
f 58/29/16 47/20/16 14/22/16 13/30/16
f 57/7/17 56/31/17 10/32/17 12/7/17
f 56/31/18 46/14/18 11/14/18 10/32/18
f 44/33/19 45/6/19 9/6/19 8/34/19
f 55/4/20 44/33/20 8/34/20 7/4/20
f 54/9/21 53/35/21 4/35/21 6/9/21
f 53/35/22 43/1/22 5/1/22 4/35/22
f 41/36/23 42/8/23 3/8/23 2/36/23
f 52/11/24 41/36/24 2/36/24 1/12/24
f 65/37/24 204/38/24 41/36/24 52/11/24
f 204/38/23 214/8/23 42/8/23 41/36/23
f 75/39/22 224/1/22 43/1/22 53/35/22
f 85/9/21 75/39/21 53/35/21 54/9/21
f 95/4/20 234/33/20 44/33/20 55/4/20
f 234/33/19 244/6/19 45/6/19 44/33/19
f 105/31/18 254/14/18 46/14/18 56/31/18
f 115/40/17 105/31/17 56/31/17 57/7/17
f 125/41/16 264/42/16 47/20/16 58/29/16
f 135/15/15 125/41/15 58/29/15 59/15/15
f 145/28/14 274/43/14 48/3/14 60/27/14
f 155/2/13 145/28/13 60/27/13 61/2/13
f 165/18/12 284/25/12 49/25/12 62/17/12
f 284/25/11 294/10/11 50/10/11 49/25/11
f 175/23/10 304/44/10 51/16/10 63/23/10
f 185/21/9 175/23/9 63/23/9 64/21/9
f 264/42/8 185/21/8 64/21/8 47/20/8
f 304/44/7 165/18/7 62/17/7 51/16/7
f 254/14/6 135/15/6 59/15/6 46/14/6
f 294/10/5 65/37/5 52/11/5 50/10/5
f 214/8/4 85/9/4 54/9/4 42/8/4
f 244/6/3 115/40/3 57/7/3 45/6/3
f 274/43/2 95/4/2 55/4/2 48/3/2
f 224/1/1 155/2/1 61/2/1 43/1/1
f 216/45/1 163/2/1 162/2/1 217/1/1
f 218/1/1 161/46/1 160/47/1 219/45/1
f 220/1/1 159/2/1 158/47/1 221/48/1
f 222/1/1 157/49/1 156/47/1 223/1/1
f 38/3/2 27/4/2 104/4/2 265/3/2
f 266/3/2 103/4/2 102/4/2 267/3/2
f 268/50/2 101/51/2 100/51/2 269/52/2
f 270/3/2 99/4/2 98/53/2 271/3/2
f 272/43/2 97/4/2 96/51/2 273/3/2
f 236/54/3 123/55/3 122/40/3 237/56/3
f 238/57/3 121/58/3 120/7/3 239/54/3
f 240/59/3 119/7/3 118/60/3 241/56/3
f 242/56/3 117/55/3 116/61/3 243/56/3
f 35/62/4 26/9/4 94/63/4 205/8/4
f 206/8/4 93/64/4 92/9/4 207/8/4
f 208/65/4 91/63/4 90/64/4 209/66/4
f 210/8/4 89/64/4 88/64/4 211/8/4
f 212/67/4 87/68/4 86/64/4 213/8/4
f 286/69/5 73/70/5 72/70/5 287/10/5
f 288/71/5 71/72/5 70/11/5 289/13/5
f 290/10/5 69/11/5 68/11/5 291/13/5
f 292/73/5 67/74/5 66/11/5 293/13/5
f 37/75/6 30/15/6 144/15/6 245/75/6
f 246/76/6 143/77/6 142/15/6 247/76/6
f 248/76/6 141/15/6 140/15/6 249/78/6
f 250/78/6 139/15/6 138/15/6 251/14/6
f 252/78/6 137/15/6 136/15/6 253/79/6
f 40/44/7 32/17/7 174/17/7 295/80/7
f 296/81/7 173/17/7 172/18/7 297/81/7
f 298/82/7 171/83/7 170/84/7 299/85/7
f 300/81/7 169/18/7 168/86/7 301/81/7
f 302/44/7 167/18/7 166/84/7 303/81/7
f 256/87/8 193/21/8 192/21/8 257/20/8
f 258/88/8 191/21/8 190/89/8 259/90/8
f 260/91/8 189/21/8 188/92/8 261/93/8
f 262/94/8 187/21/8 186/92/8 263/88/8
f 463/21/9 33/95/9 184/96/9 194/21/9
f 193/21/9 183/97/9 182/95/9 192/21/9
f 191/21/9 181/97/9 180/96/9 190/89/9
f 189/21/9 179/98/9 178/99/9 188/92/9
f 187/21/9 177/99/9 176/100/9 186/92/9
f 33/95/10 40/44/10 295/80/10 184/96/10
f 183/97/10 296/81/10 297/81/10 182/95/10
f 181/97/10 298/82/10 299/85/10 180/96/10
f 179/98/10 300/81/10 301/81/10 178/99/10
f 177/99/10 302/44/10 303/81/10 176/100/10
f 39/26/11 470/13/11 285/10/11 275/25/11
f 276/25/11 286/69/11 287/10/11 277/25/11
f 278/25/11 288/71/11 289/13/11 279/25/11
f 280/25/11 290/10/11 291/13/11 281/25/11
f 282/25/11 292/73/11 293/13/11 283/25/11
f 32/17/12 39/26/12 275/25/12 174/17/12
f 173/17/12 276/25/12 277/25/12 172/18/12
f 171/83/12 278/25/12 279/25/12 170/84/12
f 169/18/12 280/25/12 281/25/12 168/86/12
f 167/18/12 282/25/12 283/25/12 166/84/12
f 461/2/13 31/28/13 154/101/13 164/2/13
f 163/2/13 153/101/13 152/101/13 162/2/13
f 161/46/13 151/102/13 150/101/13 160/47/13
f 159/2/13 149/101/13 148/101/13 158/47/13
f 157/49/13 147/103/13 146/101/13 156/47/13
f 31/28/14 38/3/14 265/3/14 154/101/14
f 153/101/14 266/3/14 267/3/14 152/101/14
f 151/102/14 268/50/14 269/52/14 150/101/14
f 149/101/14 270/3/14 271/3/14 148/101/14
f 147/103/14 272/43/14 273/3/14 146/101/14
f 30/15/15 29/30/15 134/29/15 144/15/15
f 143/77/15 133/104/15 132/30/15 142/15/15
f 141/15/15 131/29/15 130/105/15 140/15/15
f 139/15/15 129/30/15 128/41/15 138/15/15
f 137/15/15 127/41/15 126/41/15 136/15/15
f 29/30/16 468/22/16 255/106/16 134/29/16
f 133/104/16 256/87/16 257/20/16 132/30/16
f 131/29/16 258/88/16 259/90/16 130/105/16
f 129/30/16 260/91/16 261/93/16 128/41/16
f 127/41/16 262/94/16 263/88/16 126/41/16
f 459/40/17 28/107/17 114/108/17 124/109/17
f 123/55/17 113/31/17 112/107/17 122/40/17
f 121/58/17 111/108/17 110/107/17 120/7/17
f 119/7/17 109/31/17 108/107/17 118/60/17
f 117/55/17 107/107/17 106/31/17 116/61/17
f 28/107/18 37/75/18 245/75/18 114/108/18
f 113/31/18 246/76/18 247/76/18 112/107/18
f 111/108/18 248/76/18 249/78/18 110/107/18
f 109/31/18 250/78/18 251/14/18 108/107/18
f 107/107/18 252/78/18 253/79/18 106/31/18
f 36/33/19 466/6/19 235/56/19 225/33/19
f 226/33/19 236/54/19 237/56/19 227/34/19
f 228/34/19 238/57/19 239/54/19 229/110/19
f 230/33/19 240/59/19 241/56/19 231/111/19
f 232/33/19 242/56/19 243/56/19 233/33/19
f 27/4/20 36/33/20 225/33/20 104/4/20
f 103/4/20 226/33/20 227/34/20 102/4/20
f 101/51/20 228/34/20 229/110/20 100/51/20
f 99/4/20 230/33/20 231/111/20 98/53/20
f 97/4/20 232/33/20 233/33/20 96/51/20
f 26/9/21 25/35/21 84/112/21 94/63/21
f 93/64/21 83/39/21 82/35/21 92/9/21
f 91/63/21 81/113/21 80/113/21 90/64/21
f 89/64/21 79/114/21 78/35/21 88/64/21
f 87/68/21 77/113/21 76/39/21 86/64/21
f 25/35/22 465/1/22 215/115/22 84/112/22
f 83/39/22 216/45/22 217/1/22 82/35/22
f 81/113/22 218/1/22 219/45/22 80/113/22
f 79/114/22 220/1/22 221/48/22 78/35/22
f 77/113/22 222/1/22 223/1/22 76/39/22
f 34/36/23 35/62/23 205/8/23 195/36/23
f 196/36/23 206/8/23 207/8/23 197/36/23
f 198/36/23 208/65/23 209/66/23 199/116/23
f 200/36/23 210/8/23 211/8/23 201/116/23
f 202/36/23 212/67/23 213/8/23 203/36/23
f 457/11/24 34/36/24 195/36/24 74/11/24
f 73/70/24 196/36/24 197/36/24 72/70/24
f 71/72/24 198/36/24 199/116/24 70/11/24
f 69/11/24 200/36/24 201/116/24 68/11/24
f 67/74/24 202/36/24 203/36/24 66/11/24
f 545/117/18 415/31/18 309/107/18 546/75/18
f 337/118/12 563/17/12 554/17/12 306/26/12
f 343/33/20 572/119/20 553/4/20 310/33/20
f 432/95/9 480/21/9 481/21/9 305/95/9
f 477/115/22 378/35/22 311/35/22 478/1/22
f 551/3/14 366/101/14 307/28/14 552/3/14
f 378/35/21 547/120/21 548/9/21 311/35/21
f 569/62/23 397/116/23 312/36/23 556/62/23
f 474/10/11 337/118/11 306/26/11 475/13/11
f 489/59/19 343/33/19 310/33/19 488/6/19
f 366/101/13 503/2/13 486/2/13 307/28/13
f 578/121/10 432/95/10 305/95/10 555/44/10
f 396/30/15 549/15/15 550/15/15 308/30/15
f 517/22/16 396/30/16 308/30/16 487/22/16
f 397/116/24 482/11/24 483/11/24 312/36/24
f 415/31/17 484/122/17 485/40/17 309/107/17
f 325/123/25 321/123/25 857/123/25 861/123/25
f 1109/124/26 1108/11/26 813/11/26 789/36/26
f 1157/28/27 1156/125/27 809/2/27 773/28/27
f 1181/126/28 1803/15/28 1797/15/28 790/30/28
f 1205/21/29 1204/87/29 812/22/29 811/21/29
f 1229/127/30 1228/35/30 774/35/30 810/1/30
f 1204/87/31 1181/126/31 790/30/31 812/22/31
f 1253/13/32 1252/128/32 787/26/32 814/13/32
f 1301/40/33 1300/59/33 816/6/33 815/40/33
f 1108/11/34 1253/13/34 814/13/34 813/11/34
f 1313/129/35 1301/40/35 815/40/35 777/107/35
f 1300/59/36 1336/130/36 792/33/36 816/6/36
f 1337/131/37 1205/21/37 811/21/37 779/95/37
f 1804/132/38 1337/131/38 779/95/38 1796/44/38
f 1802/133/39 1109/124/39 789/36/39 1800/62/39
f 1252/128/40 1831/17/40 1795/17/40 787/26/40
f 1801/3/41 1157/28/41 773/28/41 1794/3/41
f 1228/35/42 1818/9/42 1799/9/42 774/35/42
f 1156/125/43 1229/127/43 810/1/43 809/2/43
f 1836/75/44 1313/129/44 777/107/44 1798/75/44
f 1336/130/45 1809/134/45 1793/4/45 792/33/45
f 28/107/17 459/40/17 538/135/17 420/31/17
f 420/31/17 538/135/17 539/135/17 419/31/17
f 454/31/17 540/122/17 541/135/17 418/31/17
f 439/136/17 542/58/17 543/40/17 417/31/17
f 417/31/17 543/40/17 544/109/17 416/31/17
f 416/31/17 544/109/17 484/122/17 415/31/17
f 34/36/24 457/11/24 531/11/24 402/36/24
f 402/36/24 531/11/24 532/11/24 401/137/24
f 451/137/24 533/11/24 534/11/24 400/36/24
f 438/36/24 535/11/24 536/11/24 399/138/24
f 399/138/24 536/11/24 537/70/24 398/36/24
f 398/36/24 537/70/24 482/11/24 397/116/24
f 468/22/16 29/30/16 391/126/16 479/139/16
f 479/139/16 391/126/16 392/105/16 523/140/16
f 522/140/16 450/105/16 393/126/16 521/42/16
f 520/88/16 437/30/16 394/29/16 519/22/16
f 519/22/16 394/29/16 395/141/16 518/142/16
f 518/142/16 395/141/16 396/30/16 517/22/16
f 27/4/2 38/3/2 409/3/2 408/4/2
f 408/4/2 409/3/2 410/3/2 407/119/2
f 29/30/15 30/15/15 379/15/15 391/126/15
f 391/126/15 379/15/15 380/15/15 392/105/15
f 450/105/46 448/15/46 381/15/46 393/126/46
f 437/30/15 566/15/15 567/15/15 394/29/15
f 394/29/15 567/15/15 568/15/15 395/141/15
f 395/141/15 568/15/15 549/15/15 396/30/15
f 40/44/10 33/95/10 427/96/10 426/44/10
f 426/44/10 427/96/10 428/97/10 425/44/10
f 455/44/47 456/97/47 429/95/47 424/121/47
f 584/143/10 440/95/10 430/144/10 580/16/10
f 580/16/10 430/144/10 431/95/10 579/16/10
f 579/16/10 431/95/10 432/95/10 578/121/10
f 30/15/6 37/75/6 349/75/6 379/15/6
f 379/15/6 349/75/6 350/75/6 380/15/6
f 31/28/13 461/2/13 476/49/13 361/27/13
f 361/27/13 476/49/13 509/2/13 362/28/13
f 445/101/13 508/2/13 507/2/13 363/101/13
f 435/101/13 506/2/13 505/2/13 364/27/13
f 364/27/13 505/2/13 504/2/13 365/145/13
f 365/145/13 504/2/13 503/2/13 366/101/13
f 466/6/19 36/33/19 348/33/19 472/6/19
f 472/6/19 348/33/19 347/33/19 495/6/19
f 494/146/19 442/33/19 346/33/19 493/146/19
f 492/56/19 434/33/19 345/147/19 491/148/19
f 491/148/19 345/147/19 344/149/19 490/150/19
f 490/150/19 344/149/19 343/33/19 489/59/19
f 470/13/11 39/26/11 342/151/11 496/71/11
f 496/71/11 342/151/11 341/26/11 497/152/11
f 498/152/11 441/26/11 340/153/11 499/154/11
f 500/154/11 433/118/11 339/151/11 501/155/11
f 501/155/11 339/151/11 338/118/11 502/156/11
f 502/156/11 338/118/11 337/118/11 474/10/11
f 32/17/7 40/44/7 426/44/7 372/18/7
f 372/18/7 426/44/7 425/44/7 371/18/7
f 35/62/23 34/36/23 402/36/23 390/157/23
f 390/157/23 402/36/23 401/137/23 389/158/23
f 449/133/48 451/137/48 400/36/48 388/157/48
f 582/159/23 438/36/23 399/138/23 571/160/23
f 571/160/23 399/138/23 398/36/23 570/133/23
f 570/133/23 398/36/23 397/116/23 569/62/23
f 25/35/21 26/9/21 355/9/21 373/113/21
f 373/113/21 355/9/21 356/161/21 374/113/21
f 447/113/49 444/9/49 357/9/49 375/113/49
f 436/113/21 560/162/21 561/120/21 376/113/21
f 376/113/21 561/120/21 562/9/21 377/35/21
f 377/35/21 562/9/21 547/120/21 378/35/21
f 38/3/14 31/28/14 361/27/14 409/3/14
f 409/3/14 361/27/14 362/28/14 410/3/14
f 453/3/50 445/101/50 363/101/50 411/3/50
f 575/3/14 435/101/14 364/27/14 576/3/14
f 576/3/14 364/27/14 365/145/14 577/3/14
f 577/3/14 365/145/14 366/101/14 551/3/14
f 465/1/22 25/35/22 373/113/22 510/163/22
f 510/163/22 373/113/22 374/113/22 511/163/22
f 512/164/22 447/113/22 375/113/22 513/164/22
f 514/164/22 436/113/22 376/113/22 515/48/22
f 515/48/22 376/113/22 377/35/22 516/165/22
f 516/165/22 377/35/22 378/35/22 477/115/22
f 33/95/9 463/21/9 524/166/9 427/96/9
f 427/96/9 524/166/9 525/21/9 428/97/9
f 456/97/9 526/21/9 527/21/9 429/95/9
f 440/95/9 528/21/9 529/167/9 430/144/9
f 430/144/9 529/167/9 530/166/9 431/95/9
f 431/95/9 530/166/9 480/21/9 432/95/9
f 36/33/20 27/4/20 408/4/20 348/33/20
f 348/33/20 408/4/20 407/119/20 347/33/20
f 442/33/51 452/4/51 406/168/51 346/33/51
f 434/33/20 583/169/20 574/4/20 345/147/20
f 345/147/20 574/4/20 573/4/20 344/149/20
f 344/149/20 573/4/20 572/119/20 343/33/20
f 39/26/12 32/17/12 372/18/12 342/151/12
f 342/151/12 372/18/12 371/18/12 341/26/12
f 441/26/52 446/18/52 370/18/52 340/153/52
f 433/118/12 581/18/12 565/18/12 339/151/12
f 339/151/12 565/18/12 564/18/12 338/118/12
f 338/118/12 564/18/12 563/17/12 337/118/12
f 26/9/4 35/62/4 390/157/4 355/9/4
f 355/9/4 390/157/4 389/158/4 356/161/4
f 37/75/18 28/107/18 420/31/18 349/75/18
f 349/75/18 420/31/18 419/31/18 350/75/18
f 443/14/53 454/31/53 418/31/53 351/14/53
f 557/170/18 439/136/18 417/31/18 558/75/18
f 558/75/18 417/31/18 416/31/18 559/75/18
f 559/75/18 416/31/18 415/31/18 545/117/18
f 351/14/18 418/31/18 439/136/18 557/170/18
f 357/9/4 388/157/4 582/159/4 560/162/4
f 340/153/12 370/18/12 581/18/12 433/118/12
f 346/33/20 406/168/20 583/169/20 434/33/20
f 429/95/9 527/21/9 528/21/9 440/95/9
f 513/164/22 375/113/22 436/113/22 514/164/22
f 411/3/14 363/101/14 435/101/14 575/3/14
f 375/113/21 357/9/21 560/162/21 436/113/21
f 388/157/23 400/36/23 438/36/23 582/159/23
f 370/18/7 424/121/7 584/143/7 581/18/7
f 499/154/11 340/153/11 433/118/11 500/154/11
f 493/146/19 346/33/19 434/33/19 492/56/19
f 363/101/13 507/2/13 506/2/13 435/101/13
f 381/15/6 351/14/6 557/170/6 566/15/6
f 424/121/10 429/95/10 440/95/10 584/143/10
f 393/126/15 381/15/15 566/15/15 437/30/15
f 406/168/2 411/3/2 575/3/2 583/169/2
f 521/42/16 393/126/16 437/30/16 520/88/16
f 400/36/24 534/11/24 535/11/24 438/36/24
f 418/31/17 541/135/17 542/58/17 439/136/17
f 350/75/54 419/31/54 454/31/54 443/14/54
f 356/161/55 389/158/55 449/133/55 444/9/55
f 341/26/56 371/18/56 446/18/56 441/26/56
f 347/33/57 407/119/57 452/4/57 442/33/57
f 428/97/9 525/21/9 526/21/9 456/97/9
f 511/163/22 374/113/22 447/113/22 512/164/22
f 410/3/58 362/28/58 445/101/58 453/3/58
f 374/113/59 356/161/59 444/9/59 447/113/59
f 389/158/60 401/137/60 451/137/60 449/133/60
f 371/18/61 425/44/61 455/44/61 446/18/61
f 497/152/11 341/26/11 441/26/11 498/152/11
f 495/6/19 347/33/19 442/33/19 494/146/19
f 362/28/13 509/2/13 508/2/13 445/101/13
f 380/15/62 350/75/62 443/14/62 448/15/62
f 425/44/63 428/97/63 456/97/63 455/44/63
f 392/105/64 380/15/64 448/15/64 450/105/64
f 407/119/65 410/3/65 453/3/65 452/4/65
f 523/140/16 392/105/16 450/105/16 522/140/16
f 401/137/24 532/11/24 533/11/24 451/137/24
f 419/31/17 539/135/17 540/122/17 454/31/17
f 467/115/66 462/2/66 164/2/66 215/115/66
f 469/56/66 460/109/66 124/109/66 235/56/66
f 473/10/66 458/11/66 74/11/66 285/10/66
f 471/106/66 464/21/66 194/21/66 255/106/66
f 585/171/6 354/172/6 545/117/6 546/75/6
f 360/173/4 586/174/4 548/9/4 547/120/4
f 384/175/6 587/176/6 550/15/6 549/15/6
f 588/177/2 414/178/2 551/3/2 552/3/2
f 589/179/2 588/177/2 552/3/2 553/4/2
f 590/180/7 591/181/7 555/44/7 554/17/7
f 587/176/6 585/171/6 546/75/6 550/15/6
f 586/174/4 592/182/4 556/62/4 548/9/4
f 352/183/6 593/183/6 557/170/6 558/75/6
f 353/183/6 352/183/6 558/75/6 559/75/6
f 354/172/6 353/183/6 559/75/6 545/117/6
f 594/184/4 358/185/4 561/120/4 560/162/4
f 358/185/4 359/186/4 562/9/4 561/120/4
f 359/186/4 360/173/4 547/120/4 562/9/4
f 367/180/7 590/180/7 554/17/7 563/17/7
f 368/187/7 367/180/7 563/17/7 564/18/7
f 369/187/7 368/187/7 564/18/7 565/18/7
f 595/188/6 382/175/6 567/15/6 566/15/6
f 382/175/6 383/175/6 568/15/6 567/15/6
f 383/175/6 384/175/6 549/15/6 568/15/6
f 592/182/4 385/189/4 569/62/4 556/62/4
f 385/189/4 386/190/4 570/133/4 569/62/4
f 386/190/4 387/191/4 571/160/4 570/133/4
f 403/192/2 589/179/2 553/4/2 572/119/2
f 404/179/2 403/192/2 572/119/2 573/4/2
f 405/179/2 404/179/2 573/4/2 574/4/2
f 412/177/2 596/193/2 575/3/2 576/3/2
f 413/177/2 412/177/2 576/3/2 577/3/2
f 414/178/2 413/177/2 577/3/2 551/3/2
f 591/181/7 421/194/7 578/121/7 555/44/7
f 421/194/7 422/195/7 579/16/7 578/121/7
f 422/195/7 423/195/7 580/16/7 579/16/7
f 597/187/7 369/187/7 565/18/7 581/18/7
f 387/191/4 598/196/4 582/159/4 571/160/4
f 599/197/2 405/179/2 574/4/2 583/169/2
f 423/195/7 600/198/7 584/143/7 580/16/7
f 598/196/4 594/184/4 560/162/4 582/159/4
f 600/198/7 597/187/7 581/18/7 584/143/7
f 593/183/6 595/188/6 566/15/6 557/170/6
f 596/193/2 599/197/2 583/169/2 575/3/2
f 603/180/66 602/181/66 591/181/66 590/180/66
f 738/199/7 737/200/7 759/201/7 758/202/7
f 602/181/4 697/203/4 421/194/4 591/181/4
f 659/204/6 603/180/6 590/180/6 367/180/6
f 605/177/6 643/178/6 414/178/6 588/177/6
f 714/205/2 713/206/2 756/207/2 757/208/2
f 611/179/66 605/177/66 588/177/66 589/179/66
f 641/175/2 608/176/2 587/176/2 384/175/2
f 726/209/6 725/210/6 753/211/6 755/212/6
f 608/176/66 609/171/66 585/171/66 587/176/66
f 609/171/7 634/172/7 354/172/7 585/171/7
f 683/192/4 611/179/4 589/179/4 403/192/4
f 638/213/7 614/174/7 586/174/7 360/173/7
f 750/214/4 749/215/4 760/216/4 754/217/4
f 614/174/66 616/182/66 592/182/66 586/174/66
f 616/182/2 673/191/2 385/189/2 592/182/2
f 647/218/7 618/183/7 593/183/7 352/183/7
f 763/219/6 761/220/6 720/221/6 719/222/6
f 618/183/67 623/188/67 595/188/67 593/183/67
f 619/184/7 652/213/7 358/185/7 594/184/7
f 762/223/4 766/224/4 744/225/4 743/226/4
f 626/196/67 619/184/67 594/184/67 598/196/67
f 621/187/6 665/187/6 369/187/6 597/187/6
f 765/202/7 768/227/7 732/228/7 731/202/7
f 632/198/67 621/187/67 597/187/67 600/198/67
f 623/188/2 667/175/2 382/175/2 595/188/2
f 679/191/2 626/196/2 598/196/2 387/191/2
f 627/197/4 689/179/4 405/179/4 599/197/4
f 767/229/2 764/230/2 708/230/2 707/208/2
f 630/193/67 627/197/67 599/197/67 596/193/67
f 692/177/6 630/193/6 596/193/6 412/177/6
f 703/195/4 632/198/4 600/198/4 423/195/4
f 722/231/6 721/221/6 728/232/6 727/233/6
f 634/172/7 650/218/7 353/183/7 354/172/7
f 746/234/4 745/235/4 752/236/4 751/237/4
f 655/238/7 638/213/7 360/173/7 359/186/7
f 670/175/2 641/175/2 384/175/2 383/175/2
f 710/229/2 709/239/2 716/239/2 715/240/2
f 643/178/6 695/177/6 413/177/6 414/178/6
f 718/212/6 717/220/6 724/241/6 723/231/6
f 650/218/7 647/218/7 352/183/7 353/183/7
f 742/242/4 741/225/4 748/243/4 747/244/4
f 652/213/7 655/238/7 359/186/7 358/185/7
f 734/245/7 733/201/7 740/228/7 739/199/7
f 662/187/6 659/204/6 367/180/6 368/187/6
f 730/246/7 729/247/7 736/228/7 735/248/7
f 665/187/6 662/187/6 368/187/6 369/187/6
f 667/175/2 670/175/2 383/175/2 382/175/2
f 673/191/2 676/249/2 386/190/2 385/189/2
f 676/249/2 679/191/2 387/191/2 386/190/2
f 686/179/4 683/192/4 403/192/4 404/179/4
f 706/250/2 705/251/2 712/252/2 711/229/2
f 689/179/4 686/179/4 404/179/4 405/179/4
f 695/177/6 692/177/6 412/177/6 413/177/6
f 697/203/4 700/195/4 422/195/4 421/194/4
f 700/195/4 703/195/4 423/195/4 422/195/4
f 705/251/68 706/250/68 688/253/68 690/254/68
f 707/208/69 708/230/69 691/254/69 687/255/69
f 709/239/68 710/229/68 685/256/68 693/257/68
f 711/229/69 712/252/69 694/258/69 684/259/69
f 713/206/68 714/205/68 682/260/68 644/258/68
f 715/240/69 716/239/69 642/261/69 681/262/69
f 717/220/70 718/212/70 666/263/70 645/264/70
f 719/222/71 720/221/71 646/265/71 668/266/71
f 721/221/70 722/231/70 669/263/70 648/265/70
f 723/231/71 724/241/71 649/267/71 671/268/71
f 725/210/70 726/209/70 640/269/70 635/270/70
f 727/233/71 728/232/71 633/271/71 639/263/71
f 729/247/72 730/246/72 664/272/72 704/273/72
f 731/202/73 732/228/73 702/274/73 663/275/73
f 733/201/72 734/245/72 661/276/72 701/273/72
f 735/248/73 736/228/73 699/277/73 660/278/73
f 737/200/72 738/199/72 658/272/72 698/279/72
f 739/199/73 740/228/73 696/280/73 657/272/73
f 741/225/74 742/242/74 651/281/74 680/282/74
f 743/226/75 744/225/75 678/282/75 653/283/75
f 745/235/74 746/234/74 654/284/74 677/285/74
f 747/244/75 748/243/75 675/286/75 656/287/75
f 749/215/74 750/214/74 637/288/74 674/289/74
f 751/237/75 752/236/75 672/290/75 636/291/75
f 753/211/76 725/210/76 635/270/76 610/270/76
f 750/214/77 754/217/77 613/292/77 637/288/77
f 726/209/78 755/212/78 607/293/78 640/269/78
f 756/207/79 713/206/79 644/258/79 606/294/79
f 757/208/69 756/207/69 606/294/69 612/255/69
f 758/202/73 759/201/73 601/295/73 604/275/73
f 755/212/71 753/211/71 610/270/71 607/293/71
f 754/217/75 760/216/75 615/296/75 613/292/75
f 720/221/76 761/220/76 617/265/76 646/265/76
f 724/241/76 717/220/76 645/264/76 649/267/76
f 728/232/76 721/221/76 648/265/76 633/271/76
f 762/223/77 743/226/77 653/283/77 620/288/77
f 742/242/77 747/244/77 656/287/77 651/281/77
f 746/234/77 751/237/77 636/291/77 654/284/77
f 738/199/80 758/202/80 604/275/80 658/272/80
f 734/245/80 739/199/80 657/272/80 661/276/80
f 730/246/80 735/248/80 660/278/80 664/272/80
f 763/219/78 719/222/78 668/266/78 624/266/78
f 718/212/78 723/231/78 671/268/78 666/263/78
f 722/231/78 727/233/78 639/263/78 669/263/78
f 760/216/81 749/215/81 674/289/81 615/296/81
f 752/236/81 745/235/81 677/285/81 672/290/81
f 748/243/81 741/225/81 680/282/81 675/286/81
f 714/205/82 757/208/82 612/255/82 682/260/82
f 710/229/82 715/240/82 681/262/82 685/256/82
f 706/250/82 711/229/82 684/259/82 688/253/82
f 708/230/79 764/230/79 629/261/79 691/254/79
f 712/252/79 705/251/79 690/254/79 694/258/79
f 716/239/79 709/239/79 693/257/79 642/261/79
f 759/201/83 737/200/83 698/279/83 601/295/83
f 740/228/83 733/201/83 701/273/83 696/280/83
f 736/228/83 729/247/83 704/273/83 699/277/83
f 765/202/80 731/202/80 663/275/80 622/275/80
f 744/225/81 766/224/81 625/297/81 678/282/81
f 767/229/82 707/208/82 687/255/82 628/253/82
f 732/228/83 768/227/83 631/298/83 702/274/83
f 766/224/74 762/223/74 620/288/74 625/297/74
f 768/227/72 765/202/72 622/275/72 631/298/72
f 761/220/70 763/219/70 624/266/70 617/265/70
f 764/230/68 767/229/68 628/253/68 629/261/68
f 817/123/67 795/123/67 773/123/67 809/123/67
f 796/123/67 818/123/67 810/123/67 774/123/67
f 823/123/67 797/123/67 777/123/67 815/123/67
f 803/123/67 822/123/67 814/123/67 787/123/67
f 819/123/67 799/123/67 779/123/67 811/123/67
f 821/123/67 805/123/67 789/123/67 813/123/67
f 806/123/67 820/123/67 812/123/67 790/123/67
f 808/123/67 824/123/67 816/123/67 792/123/67
f 826/123/84 825/123/84 817/123/84 818/123/84
f 825/123/85 829/123/85 795/123/85 817/123/85
f 830/123/86 826/123/86 818/123/86 796/123/86
f 834/123/87 833/123/87 797/123/87 823/123/87
f 841/123/88 840/123/88 819/123/88 820/123/88
f 843/123/89 842/123/89 822/123/89 803/123/89
f 842/123/90 844/123/90 821/123/90 822/123/90
f 840/123/91 835/123/91 799/123/91 819/123/91
f 844/123/92 845/123/92 805/123/92 821/123/92
f 846/123/93 841/123/93 820/123/93 806/123/93
f 847/123/94 834/123/94 823/123/94 824/123/94
f 848/123/95 847/123/95 824/123/95 808/123/95
f 770/123/67 769/123/67 809/123/67 810/123/67
f 785/123/67 784/123/67 811/123/67 812/123/67
f 786/123/67 788/123/67 813/123/67 814/123/67
f 791/123/67 778/123/67 815/123/67 816/123/67
f 793/123/67 794/123/67 818/123/67 817/123/67
f 800/123/67 801/123/67 820/123/67 819/123/67
f 804/123/67 802/123/67 822/123/67 821/123/67
f 798/123/67 807/123/67 824/123/67 823/123/67
f 794/123/67 770/123/67 810/123/67 818/123/67
f 769/123/67 793/123/67 817/123/67 809/123/67
f 778/123/67 798/123/67 823/123/67 815/123/67
f 801/123/67 785/123/67 812/123/67 820/123/67
f 784/123/67 800/123/67 819/123/67 811/123/67
f 802/123/67 786/123/67 814/123/67 822/123/67
f 788/123/67 804/123/67 821/123/67 813/123/67
f 807/123/67 791/123/67 816/123/67 824/123/67
f 314/123/67 313/123/67 825/123/67 826/123/67
f 316/123/67 315/123/67 873/123/67 874/123/67
f 313/123/67 317/123/67 829/123/67 825/123/67
f 318/123/67 314/123/67 826/123/67 830/123/67
f 320/123/67 319/123/67 875/123/67 876/123/67
f 322/123/67 321/123/67 833/123/67 834/123/67
f 323/123/67 320/123/67 876/123/67 835/123/67
f 317/123/67 316/123/67 874/123/67 829/123/67
f 325/123/67 324/123/67 877/123/67 878/123/67
f 327/123/67 326/123/67 879/123/67 880/123/67
f 329/123/67 328/123/67 840/123/67 841/123/67
f 331/123/67 330/123/67 842/123/67 843/123/67
f 330/123/67 332/123/67 844/123/67 842/123/67
f 328/123/67 323/123/67 835/123/67 840/123/67
f 319/123/67 331/123/67 843/123/67 875/123/67
f 321/123/67 325/123/67 878/123/67 833/123/67
f 332/123/67 333/123/67 845/123/67 844/123/67
f 324/123/67 334/123/67 846/123/67 877/123/67
f 334/123/67 329/123/67 841/123/67 846/123/67
f 335/123/67 322/123/67 834/123/67 847/123/67
f 336/123/67 335/123/67 847/123/67 848/123/67
f 333/123/67 327/123/67 880/123/67 845/123/67
f 326/123/67 318/123/67 830/123/67 879/123/67
f 315/123/67 336/123/67 848/123/67 873/123/67
f 855/123/67 856/123/67 859/123/67 864/123/67 865/123/67 870/123/67 860/123/67 861/123/67 857/123/67 858/123/67 871/123/67 872/123/67 851/123/67 852/123/67 853/123/67 849/123/67 850/123/67 854/123/67 862/123/67 863/123/67 869/123/67 868/123/67 866/123/67 867/123/67
f 324/123/96 325/123/96 861/123/96 860/123/96
f 336/123/97 315/123/97 851/123/97 872/123/97
f 315/123/98 316/123/98 852/123/98 851/123/98
f 333/123/99 332/123/99 868/123/99 869/123/99
f 326/123/100 327/123/100 863/123/100 862/123/100
f 317/123/101 313/123/101 849/123/101 853/123/101
f 334/123/102 324/123/102 860/123/102 870/123/102
f 328/123/103 329/123/103 865/123/103 864/123/103
f 314/123/104 318/123/104 854/123/104 850/123/104
f 329/123/105 334/123/105 870/123/105 865/123/105
f 330/123/106 331/123/106 867/123/106 866/123/106
f 319/123/107 320/123/107 856/123/107 855/123/107
f 322/123/108 335/123/108 871/123/108 858/123/108
f 332/123/109 330/123/109 866/123/109 868/123/109
f 321/123/110 322/123/110 858/123/110 857/123/110
f 335/123/111 336/123/111 872/123/111 871/123/111
f 323/123/112 328/123/112 864/123/112 859/123/112
f 320/123/113 323/123/113 859/123/113 856/123/113
f 327/123/114 333/123/114 869/123/114 863/123/114
f 331/123/115 319/123/115 855/123/115 867/123/115
f 316/123/116 317/123/116 853/123/116 852/123/116
f 318/123/117 326/123/117 862/123/117 854/123/117
f 313/123/118 314/123/118 850/123/118 849/123/118
f 827/123/119 828/123/119 874/123/119 873/123/119
f 831/123/120 832/123/120 876/123/120 875/123/120
f 836/123/121 837/123/121 878/123/121 877/123/121
f 838/123/122 839/123/122 880/123/122 879/123/122
f 979/123/123 925/123/123 926/123/123 927/123/123 922/123/123 923/123/123 924/123/123
f 928/123/124 932/123/124 933/123/124 934/123/124 978/123/124 930/123/124 931/123/124
f 983/123/125 939/123/125 940/123/125 941/123/125 936/123/125 937/123/125 938/123/125
f 942/123/126 946/123/126 947/123/126 948/123/126 982/123/126 944/123/126 945/123/126
f 987/123/127 953/123/127 954/123/127 955/123/127 950/123/127 951/123/127 952/123/127
f 956/123/128 960/123/128 961/123/128 962/123/128 986/123/128 958/123/128 959/123/128
f 991/123/129 967/123/129 968/123/129 969/123/129 964/123/129 965/123/129 966/123/129
f 970/123/130 974/123/130 975/123/130 976/123/130 990/123/130 972/123/130 973/123/130
f 928/123/131 887/123/131 890/123/131 932/123/131
f 932/123/132 890/123/132 889/123/132 933/123/132
f 933/123/133 889/123/133 888/123/133 934/123/133
f 934/123/134 888/123/134 977/123/134 978/123/134
f 881/123/135 922/123/135 927/123/135 883/123/135
f 883/123/136 927/123/136 926/123/136 884/123/136
f 884/123/137 926/123/137 925/123/137 885/123/137
f 885/123/138 925/123/138 979/123/138 980/123/138
f 942/123/139 897/123/139 900/123/139 946/123/139
f 946/123/140 900/123/140 899/123/140 947/123/140
f 947/123/141 899/123/141 898/123/141 948/123/141
f 948/123/142 898/123/142 981/123/142 982/123/142
f 891/123/143 936/123/143 941/123/143 893/123/143
f 893/123/144 941/123/144 940/123/144 894/123/144
f 894/123/145 940/123/145 939/123/145 895/123/145
f 895/123/146 939/123/146 983/123/146 984/123/146
f 956/123/147 907/123/147 910/123/147 960/123/147
f 960/123/148 910/123/148 909/123/148 961/123/148
f 961/123/149 909/123/149 908/123/149 962/123/149
f 962/123/150 908/123/150 985/123/150 986/123/150
f 901/123/151 950/123/151 955/123/151 903/123/151
f 903/123/152 955/123/152 954/123/152 904/123/152
f 904/123/153 954/123/153 953/123/153 905/123/153
f 905/123/154 953/123/154 987/123/154 988/123/154
f 970/123/155 917/123/155 920/123/155 974/123/155
f 974/123/156 920/123/156 919/123/156 975/123/156
f 975/123/157 919/123/157 918/123/157 976/123/157
f 976/123/158 918/123/158 989/123/158 990/123/158
f 911/123/159 964/123/159 969/123/159 913/123/159
f 913/123/160 969/123/160 968/123/160 914/123/160
f 914/123/161 968/123/161 967/123/161 915/123/161
f 915/123/162 967/123/162 991/123/162 992/123/162
f 828/123/163 827/123/163 881/123/163 883/123/163 884/123/163 885/123/163 980/123/163 977/123/163 888/123/163 889/123/163 890/123/163 887/123/163
f 881/123/164 827/123/164 873/123/164 922/123/164
f 828/123/165 887/123/165 928/123/165 874/123/165
f 832/123/166 831/123/166 891/123/166 893/123/166 894/123/166 895/123/166 984/123/166 981/123/166 898/123/166 899/123/166 900/123/166 897/123/166
f 891/123/167 831/123/167 875/123/167 936/123/167
f 832/123/168 897/123/168 942/123/168 876/123/168
f 837/123/169 836/123/169 901/123/169 903/123/169 904/123/169 905/123/169 988/123/169 985/123/169 908/123/169 909/123/169 910/123/169 907/123/169
f 901/123/170 836/123/170 877/123/170 950/123/170
f 837/123/171 907/123/171 956/123/171 878/123/171
f 839/123/172 838/123/172 911/123/172 913/123/172 914/123/172 915/123/172 992/123/172 989/123/172 918/123/172 919/123/172 920/123/172 917/123/172
f 911/123/173 838/123/173 879/123/173 964/123/173
f 839/123/174 917/123/174 970/123/174 880/123/174
f 924/123/67 923/123/67 808/123/67 792/123/67 1793/123/67
f 930/123/67 978/123/67 979/123/67 924/123/67 1793/123/67 1794/123/67
f 873/123/175 848/123/175 808/123/175 923/123/175 922/123/175
f 829/123/176 874/123/176 928/123/176 931/123/176 795/123/176
f 795/123/67 931/123/67 930/123/67 1794/123/67 773/123/67
f 938/123/67 937/123/67 803/123/67 787/123/67 1795/123/67
f 944/123/67 982/123/67 983/123/67 938/123/67 1795/123/67 1796/123/67
f 875/123/177 843/123/177 803/123/177 937/123/177 936/123/177
f 835/123/178 876/123/178 942/123/178 945/123/178 799/123/178
f 799/123/67 945/123/67 944/123/67 1796/123/67 779/123/67
f 952/123/67 951/123/67 806/123/67 790/123/67 1797/123/67
f 958/123/67 986/123/67 987/123/67 952/123/67 1797/123/67 1798/123/67
f 877/123/179 846/123/179 806/123/179 951/123/179 950/123/179
f 833/123/180 878/123/180 956/123/180 959/123/180 797/123/180
f 797/123/67 959/123/67 958/123/67 1798/123/67 777/123/67
f 966/123/67 965/123/67 796/123/67 774/123/67 1799/123/67
f 972/123/67 990/123/67 991/123/67 966/123/67 1799/123/67 1800/123/67
f 879/123/181 830/123/181 796/123/181 965/123/181 964/123/181
f 845/123/182 880/123/182 970/123/182 973/123/182 805/123/182
f 805/123/67 973/123/67 972/123/67 1800/123/67 789/123/67
f 886/123/183 929/123/183 978/123/183 977/123/183
f 921/123/183 882/123/183 980/123/183 979/123/183
f 896/123/184 943/123/184 982/123/184 981/123/184
f 935/123/184 892/123/184 984/123/184 983/123/184
f 906/123/185 957/123/185 986/123/185 985/123/185
f 949/123/185 902/123/185 988/123/185 987/123/185
f 916/123/186 971/123/186 990/123/186 989/123/186
f 963/123/186 912/123/186 992/123/186 991/123/186
f 882/123/183 886/123/183 977/123/183 980/123/183
f 929/123/183 921/123/183 979/123/183 978/123/183
f 892/123/184 896/123/184 981/123/184 984/123/184
f 943/123/187 935/123/187 983/123/187 982/123/187
f 902/123/185 906/123/185 985/123/185 988/123/185
f 957/123/185 949/123/185 987/123/185 986/123/185
f 912/123/186 916/123/186 989/123/186 992/123/186
f 971/123/186 963/123/186 991/123/186 990/123/186
f 998/123/188 994/123/188 997/123/188 1000/123/188
f 1000/123/189 997/123/189 996/123/189 1001/123/189
f 1001/123/190 996/123/190 995/123/190 1002/123/190
f 1002/123/191 995/123/191 993/123/191 999/123/191
f 1008/123/192 1004/123/192 1007/123/192 1010/123/192
f 1010/123/193 1007/123/193 1006/123/193 1011/123/193
f 1011/123/194 1006/123/194 1005/123/194 1012/123/194
f 1012/123/195 1005/123/195 1003/123/195 1009/123/195
f 1018/123/196 1014/123/196 1017/123/196 1020/123/196
f 1020/123/197 1017/123/197 1016/123/197 1021/123/197
f 1021/123/198 1016/123/198 1015/123/198 1022/123/198
f 1022/123/199 1015/123/199 1013/123/199 1019/123/199
f 1028/123/200 1024/123/200 1027/123/200 1030/123/200
f 1030/123/201 1027/123/201 1026/123/201 1031/123/201
f 1031/123/202 1026/123/202 1025/123/202 1032/123/202
f 1032/123/203 1025/123/203 1023/123/203 1029/123/203
f 921/123/204 929/123/204 994/123/204 998/123/204
f 935/123/205 943/123/205 1004/123/205 1008/123/205
f 949/123/206 957/123/206 1014/123/206 1018/123/206
f 963/123/207 971/123/207 1024/123/207 1028/123/207
f 1033/123/208 1039/123/208 1042/123/208 1035/123/208
f 1035/123/209 1042/123/209 1041/123/209 1036/123/209
f 1036/123/210 1041/123/210 1040/123/210 1037/123/210
f 1037/123/211 1040/123/211 1038/123/211 1034/123/211
f 1043/123/212 1049/123/212 1052/123/212 1045/123/212
f 1045/123/213 1052/123/213 1051/123/213 1046/123/213
f 1046/123/214 1051/123/214 1050/123/214 1047/123/214
f 1047/123/215 1050/123/215 1048/123/215 1044/123/215
f 1053/123/216 1059/123/216 1062/123/216 1055/123/216
f 1055/123/217 1062/123/217 1061/123/217 1056/123/217
f 1056/123/218 1061/123/218 1060/123/218 1057/123/218
f 1057/123/219 1060/123/219 1058/123/219 1054/123/219
f 1063/123/220 1069/123/220 1072/123/220 1065/123/220
f 1065/123/221 1072/123/221 1071/123/221 1066/123/221
f 1066/123/222 1071/123/222 1070/123/222 1067/123/222
f 1067/123/223 1070/123/223 1068/123/223 1064/123/223
f 1034/123/183 1038/123/183 999/123/183 993/123/183
f 886/123/224 882/123/224 1039/123/224 1033/123/224
f 929/123/225 886/123/225 1033/123/225 1035/123/225 1036/123/225 1037/123/225 1034/123/225 993/123/225 995/123/225 996/123/225 997/123/225 994/123/225
f 882/123/226 921/123/226 998/123/226 1000/123/226 1001/123/226 1002/123/226 999/123/226 1038/123/226 1040/123/226 1041/123/226 1042/123/226 1039/123/226
f 1044/123/184 1048/123/184 1009/123/184 1003/123/184
f 896/123/227 892/123/227 1049/123/227 1043/123/227
f 943/123/228 896/123/228 1043/123/228 1045/123/228 1046/123/228 1047/123/228 1044/123/228 1003/123/228 1005/123/228 1006/123/228 1007/123/228 1004/123/228
f 892/123/229 935/123/229 1008/123/229 1010/123/229 1011/123/229 1012/123/229 1009/123/229 1048/123/229 1050/123/229 1051/123/229 1052/123/229 1049/123/229
f 1054/123/185 1058/123/185 1019/123/185 1013/123/185
f 906/123/230 902/123/230 1059/123/230 1053/123/230
f 957/123/231 906/123/231 1053/123/231 1055/123/231 1056/123/231 1057/123/231 1054/123/231 1013/123/231 1015/123/231 1016/123/231 1017/123/231 1014/123/231
f 902/123/232 949/123/232 1018/123/232 1020/123/232 1021/123/232 1022/123/232 1019/123/232 1058/123/232 1060/123/232 1061/123/232 1062/123/232 1059/123/232
f 1064/123/186 1068/123/186 1029/123/186 1023/123/186
f 916/123/233 912/123/233 1069/123/233 1063/123/233
f 971/123/234 916/123/234 1063/123/234 1065/123/234 1066/123/234 1067/123/234 1064/123/234 1023/123/234 1025/123/234 1026/123/234 1027/123/234 1024/123/234
f 912/123/235 963/123/235 1028/123/235 1030/123/235 1031/123/235 1032/123/235 1029/123/235 1068/123/235 1070/123/235 1071/123/235 1072/123/235 1069/123/235
f 310/33/45 553/4/45 1096/51/45 1325/33/45
f 1325/33/45 1096/51/45 1095/299/45 1326/33/45
f 1326/33/45 1095/299/45 1094/134/45 1362/33/45
f 1328/33/45 1363/299/45 1092/4/45 1366/34/45
f 1330/130/45 1367/53/45 1090/300/45 1370/34/45
f 1332/33/45 1813/53/45 1812/4/45 1333/301/45
f 1333/301/45 1812/4/45 1811/4/45 1334/33/45
f 1334/33/45 1811/4/45 1810/134/45 1335/130/45
f 1335/130/45 1810/134/45 1809/134/45 1336/130/45
f 550/15/236 546/75/236 1360/302/236 1169/15/236
f 1169/15/236 1360/302/236 1359/76/236 1170/77/236
f 1170/77/236 1359/76/236 1358/75/236 1374/303/236
f 1172/15/236 1375/75/236 1356/76/236 1378/15/236
f 1174/77/236 1379/78/236 1354/304/236 1382/15/236
f 546/75/44 309/107/44 1324/32/44 1360/302/44
f 1360/302/44 1324/32/44 1323/31/44 1359/76/44
f 1359/76/44 1323/31/44 1322/305/44 1358/75/44
f 1375/75/44 1386/107/44 1320/107/44 1356/76/44
f 1379/78/44 1388/32/44 1318/107/44 1354/304/44
f 1840/75/44 1390/129/44 1316/32/44 1839/304/44
f 1839/304/44 1316/32/44 1315/306/44 1838/75/44
f 1838/75/44 1315/306/44 1314/307/44 1837/75/44
f 1837/75/44 1314/307/44 1313/129/44 1836/75/44
f 486/2/43 478/1/43 1240/1/43 1145/2/43
f 1145/2/43 1240/1/43 1239/1/43 1146/2/43
f 1146/2/43 1239/1/43 1238/308/43 1392/2/43
f 1148/2/43 1393/48/43 1236/309/43 1396/2/43
f 1150/2/43 1397/164/43 1234/127/43 1400/2/43
f 1152/310/43 1401/127/43 1232/165/43 1153/2/43
f 1153/2/43 1232/165/43 1231/308/43 1154/2/43
f 1154/2/43 1231/308/43 1230/127/43 1155/2/43
f 1155/2/43 1230/127/43 1229/127/43 1156/125/43
f 311/35/42 548/9/42 1144/64/42 1217/112/42
f 1217/112/42 1144/64/42 1143/64/42 1218/311/42
f 1218/311/42 1143/64/42 1142/9/42 1404/312/42
f 1220/313/42 1405/9/42 1140/314/42 1408/35/42
f 1222/315/42 1409/64/42 1138/316/42 1412/39/42
f 1224/317/42 1822/318/42 1821/316/42 1225/319/42
f 1225/319/42 1821/316/42 1820/318/42 1226/114/42
f 1226/114/42 1820/318/42 1819/9/42 1227/313/42
f 1227/313/42 1819/9/42 1818/9/42 1228/35/42
f 552/3/41 307/28/41 1168/28/41 1073/3/41
f 1073/3/41 1168/28/41 1167/320/41 1074/321/41
f 1074/321/41 1167/320/41 1166/101/41 1416/3/41
f 1076/3/41 1417/102/41 1164/322/41 1420/5/41
f 1078/3/41 1421/101/41 1162/101/41 1424/3/41
f 1805/43/41 1425/101/41 1160/101/41 1806/3/41
f 1806/3/41 1160/101/41 1159/27/41 1807/3/41
f 1807/3/41 1159/27/41 1158/27/41 1808/3/41
f 1808/3/41 1158/27/41 1157/28/41 1801/3/41
f 306/26/40 554/17/40 1288/86/40 1241/25/40
f 1241/25/40 1288/86/40 1287/18/40 1242/323/40
f 1242/323/40 1287/18/40 1286/18/40 1428/324/40
f 1244/325/40 1429/18/40 1284/18/40 1432/325/40
f 1246/324/40 1433/86/40 1282/86/40 1436/323/40
f 1248/326/40 1835/327/40 1834/18/40 1249/325/40
f 1249/325/40 1834/18/40 1833/328/40 1250/128/40
f 1250/128/40 1833/328/40 1832/329/40 1251/25/40
f 1251/25/40 1832/329/40 1831/17/40 1252/128/40
f 556/62/39 312/36/39 1120/124/39 1121/65/39
f 1121/65/39 1120/124/39 1119/36/39 1122/65/39
f 1122/65/39 1119/36/39 1118/36/39 1440/8/39
f 1124/330/39 1441/36/39 1116/124/39 1444/331/39
f 1126/331/39 1445/36/39 1114/124/39 1448/65/39
f 1814/332/39 1449/124/39 1112/124/39 1815/133/39
f 1815/133/39 1112/124/39 1111/36/39 1816/160/39
f 1816/160/39 1111/36/39 1110/124/39 1817/8/39
f 1817/8/39 1110/124/39 1109/124/39 1802/133/39
f 555/44/38 305/95/38 1348/96/38 1265/44/38
f 1265/44/38 1348/96/38 1347/131/38 1266/16/38
f 1266/16/38 1347/131/38 1346/99/38 1452/132/38
f 1268/80/38 1453/131/38 1344/95/38 1456/44/38
f 1270/80/38 1457/23/38 1342/333/38 1460/334/38
f 1827/132/38 1461/95/38 1340/335/38 1828/44/38
f 1828/44/38 1340/335/38 1339/333/38 1829/16/38
f 1829/16/38 1339/333/38 1338/95/38 1830/44/38
f 1830/44/38 1338/95/38 1337/131/38 1804/132/38
f 305/95/37 481/21/37 1216/336/37 1348/96/37
f 1348/96/37 1216/336/37 1215/337/37 1347/131/37
f 1347/131/37 1215/337/37 1214/338/37 1346/99/37
f 1453/131/37 1464/339/37 1212/21/37 1344/95/37
f 1457/23/37 1466/339/37 1210/337/37 1342/333/37
f 1461/95/37 1468/337/37 1208/337/37 1340/335/37
f 1340/335/37 1208/337/37 1207/21/37 1339/333/37
f 1339/333/37 1207/21/37 1206/21/37 1338/95/37
f 1338/95/37 1206/21/37 1205/21/37 1337/131/37
f 488/6/36 310/33/36 1325/33/36 1289/6/36
f 1289/6/36 1325/33/36 1326/33/36 1290/6/36
f 1290/6/36 1326/33/36 1362/33/36 1469/6/36
f 1292/54/36 1328/33/36 1366/34/36 1471/6/36
f 1294/54/36 1330/130/36 1370/34/36 1473/340/36
f 1296/340/36 1332/33/36 1333/301/36 1297/148/36
f 1297/148/36 1333/301/36 1334/33/36 1298/146/36
f 1298/146/36 1334/33/36 1335/130/36 1299/146/36
f 1299/146/36 1335/130/36 1336/130/36 1300/59/36
f 309/107/35 485/40/35 1312/40/35 1324/32/35
f 1324/32/35 1312/40/35 1311/40/35 1323/31/35
f 1323/31/35 1311/40/35 1310/7/35 1322/305/35
f 1386/107/35 1476/40/35 1308/7/35 1320/107/35
f 1388/32/35 1478/7/35 1306/40/35 1318/107/35
f 1390/129/35 1480/341/35 1304/342/35 1316/32/35
f 1316/32/35 1304/342/35 1303/40/35 1315/306/35
f 1315/306/35 1303/40/35 1302/55/35 1314/307/35
f 1314/307/35 1302/55/35 1301/40/35 1313/129/35
f 483/11/34 475/13/34 1264/10/34 1097/11/34
f 1097/11/34 1264/10/34 1263/13/34 1098/11/34
f 1098/11/34 1263/13/34 1262/10/34 1482/11/34
f 1100/11/34 1483/343/34 1260/69/34 1486/11/34
f 1102/11/34 1487/13/34 1258/156/34 1490/11/34
f 1104/74/34 1491/13/34 1256/152/34 1105/11/34
f 1105/11/34 1256/152/34 1255/13/34 1106/74/34
f 1106/74/34 1255/13/34 1254/10/34 1107/70/34
f 1107/70/34 1254/10/34 1253/13/34 1108/11/34
f 485/40/33 488/6/33 1289/6/33 1312/40/33
f 1312/40/33 1289/6/33 1290/6/33 1311/40/33
f 1311/40/33 1290/6/33 1469/6/33 1310/7/33
f 1476/40/33 1292/54/33 1471/6/33 1308/7/33
f 1478/7/33 1294/54/33 1473/340/33 1306/40/33
f 1480/341/33 1296/340/33 1297/148/33 1304/342/33
f 1304/342/33 1297/148/33 1298/146/33 1303/40/33
f 1303/40/33 1298/146/33 1299/146/33 1302/55/33
f 1302/55/33 1299/146/33 1300/59/33 1301/40/33
f 554/17/237 555/44/237 1265/44/237 1288/86/237
f 1288/86/237 1265/44/237 1266/16/237 1287/18/237
f 1287/18/237 1266/16/237 1452/132/237 1286/18/237
f 1429/18/237 1268/80/237 1456/44/237 1284/18/237
f 1433/86/237 1270/80/237 1460/334/237 1282/86/237
f 475/13/32 306/26/32 1241/25/32 1264/10/32
f 1264/10/32 1241/25/32 1242/323/32 1263/13/32
f 1263/13/32 1242/323/32 1428/324/32 1262/10/32
f 1483/343/32 1244/325/32 1432/325/32 1260/69/32
f 1487/13/32 1246/324/32 1436/323/32 1258/156/32
f 1491/13/32 1248/326/32 1249/325/32 1256/152/32
f 1256/152/32 1249/325/32 1250/128/32 1255/13/32
f 1255/13/32 1250/128/32 1251/25/32 1254/10/32
f 1254/10/32 1251/25/32 1252/128/32 1253/13/32
f 487/22/31 308/30/31 1192/30/31 1193/22/31
f 1193/22/31 1192/30/31 1191/104/31 1194/22/31
f 1194/22/31 1191/104/31 1190/344/31 1494/142/31
f 1196/345/31 1495/30/31 1188/126/31 1498/22/31
f 1198/22/31 1499/30/31 1186/126/31 1502/345/31
f 1200/22/31 1503/346/31 1184/347/31 1201/22/31
f 1201/22/31 1184/347/31 1183/348/31 1202/142/31
f 1202/142/31 1183/348/31 1182/349/31 1203/87/31
f 1203/87/31 1182/349/31 1181/126/31 1204/87/31
f 478/1/30 311/35/30 1217/112/30 1240/1/30
f 1240/1/30 1217/112/30 1218/311/30 1239/1/30
f 1239/1/30 1218/311/30 1404/312/30 1238/308/30
f 1393/48/30 1220/313/30 1408/35/30 1236/309/30
f 1397/164/30 1222/315/30 1412/39/30 1234/127/30
f 1401/127/30 1224/317/30 1225/319/30 1232/165/30
f 1232/165/30 1225/319/30 1226/114/30 1231/308/30
f 1231/308/30 1226/114/30 1227/313/30 1230/127/30
f 1230/127/30 1227/313/30 1228/35/30 1229/127/30
f 481/21/29 487/22/29 1193/22/29 1216/336/29
f 1216/336/29 1193/22/29 1194/22/29 1215/337/29
f 1215/337/29 1194/22/29 1494/142/29 1214/338/29
f 1464/339/29 1196/345/29 1498/22/29 1212/21/29
f 1466/339/29 1198/22/29 1502/345/29 1210/337/29
f 1468/337/29 1200/22/29 1201/22/29 1208/337/29
f 1208/337/29 1201/22/29 1202/142/29 1207/21/29
f 1207/21/29 1202/142/29 1203/87/29 1206/21/29
f 1206/21/29 1203/87/29 1204/87/29 1205/21/29
f 308/30/28 550/15/28 1169/15/28 1192/30/28
f 1192/30/28 1169/15/28 1170/77/28 1191/104/28
f 1191/104/28 1170/77/28 1374/303/28 1190/344/28
f 1495/30/28 1172/15/28 1378/15/28 1188/126/28
f 1499/30/28 1174/77/28 1382/15/28 1186/126/28
f 1503/346/28 1823/350/28 1824/15/28 1184/347/28
f 1184/347/28 1824/15/28 1825/77/28 1183/348/28
f 1183/348/28 1825/77/28 1826/15/28 1182/349/28
f 1182/349/28 1826/15/28 1803/15/28 1181/126/28
f 307/28/27 486/2/27 1145/2/27 1168/28/27
f 1168/28/27 1145/2/27 1146/2/27 1167/320/27
f 1167/320/27 1146/2/27 1392/2/27 1166/101/27
f 1417/102/27 1148/2/27 1396/2/27 1164/322/27
f 1421/101/27 1150/2/27 1400/2/27 1162/101/27
f 1425/101/27 1152/310/27 1153/2/27 1160/101/27
f 1160/101/27 1153/2/27 1154/2/27 1159/27/27
f 1159/27/27 1154/2/27 1155/2/27 1158/27/27
f 1158/27/27 1155/2/27 1156/125/27 1157/28/27
f 548/9/238 556/62/238 1121/65/238 1144/64/238
f 1144/64/238 1121/65/238 1122/65/238 1143/64/238
f 1143/64/238 1122/65/238 1440/8/238 1142/9/238
f 1405/9/238 1124/330/238 1444/331/238 1140/314/238
f 1409/64/238 1126/331/238 1448/65/238 1138/316/238
f 312/36/26 483/11/26 1097/11/26 1120/124/26
f 1120/124/26 1097/11/26 1098/11/26 1119/36/26
f 1119/36/26 1098/11/26 1482/11/26 1118/36/26
f 1441/36/26 1100/11/26 1486/11/26 1116/124/26
f 1445/36/26 1102/11/26 1490/11/26 1114/124/26
f 1449/124/26 1104/74/26 1105/11/26 1112/124/26
f 1112/124/26 1105/11/26 1106/74/26 1111/36/26
f 1111/36/26 1106/74/26 1107/70/26 1110/124/26
f 1110/124/26 1107/70/26 1108/11/26 1109/124/26
f 553/4/239 552/3/239 1073/3/239 1096/51/239
f 1096/51/239 1073/3/239 1074/321/239 1095/299/239
f 1095/299/239 1074/321/239 1416/3/239 1094/134/239
f 1363/299/239 1076/3/239 1420/5/239 1092/4/239
f 1367/53/239 1078/3/239 1424/3/239 1090/300/239
f 1361/134/240 1327/33/240 1362/33/240 1094/134/240
f 1364/33/241 1093/299/241 1363/299/241 1328/33/241
f 1365/4/242 1329/34/242 1366/34/242 1092/4/242
f 1368/130/243 1091/53/243 1367/53/243 1330/130/243
f 1369/300/242 1331/34/242 1370/34/242 1090/300/242
f 1372/33/243 1089/53/243 1813/53/243 1332/33/243
f 1373/75/244 1171/303/244 1374/303/244 1358/75/244
f 1376/15/245 1357/75/245 1375/75/245 1172/15/245
f 1377/76/244 1173/15/244 1378/15/244 1356/76/244
f 1380/77/245 1355/78/245 1379/78/245 1174/77/245
f 1381/304/244 1175/15/244 1382/15/244 1354/304/244
f 1384/350/245 1353/75/245 1840/75/245 1823/350/245
f 1385/305/246 1373/75/246 1358/75/246 1322/305/246
f 1357/75/247 1321/107/247 1386/107/247 1375/75/247
f 1387/107/248 1377/76/248 1356/76/248 1320/107/248
f 1355/78/249 1319/32/249 1388/32/249 1379/78/249
f 1389/107/248 1381/304/248 1354/304/248 1318/107/248
f 1353/75/249 1317/129/249 1390/129/249 1840/75/249
f 1391/308/250 1147/2/250 1392/2/250 1238/308/250
f 1394/2/251 1237/48/251 1393/48/251 1148/2/251
f 1395/309/250 1149/2/250 1396/2/250 1236/309/250
f 1398/2/251 1235/164/251 1397/164/251 1150/2/251
f 1399/127/250 1151/2/250 1400/2/250 1234/127/250
f 1402/310/251 1233/127/251 1401/127/251 1152/310/251
f 1403/9/252 1219/312/252 1404/312/252 1142/9/252
f 1406/313/253 1141/9/253 1405/9/253 1220/313/253
f 1407/314/254 1221/35/254 1408/35/254 1140/314/254
f 1410/315/255 1139/64/255 1409/64/255 1222/315/255
f 1411/316/254 1223/39/254 1412/39/254 1138/316/254
f 1414/317/255 1137/318/255 1822/318/255 1224/317/255
f 1415/101/256 1075/3/256 1416/3/256 1166/101/256
f 1418/3/257 1165/102/257 1417/102/257 1076/3/257
f 1419/322/258 1077/5/258 1420/5/258 1164/322/258
f 1422/3/259 1163/101/259 1421/101/259 1078/3/259
f 1423/101/258 1079/3/258 1424/3/258 1162/101/258
f 1426/43/259 1161/101/259 1425/101/259 1805/43/259
f 1427/18/260 1243/324/260 1428/324/260 1286/18/260
f 1430/325/261 1285/18/261 1429/18/261 1244/325/261
f 1431/18/262 1245/325/262 1432/325/262 1284/18/262
f 1434/324/263 1283/86/263 1433/86/263 1246/324/263
f 1435/86/262 1247/323/262 1436/323/262 1282/86/262
f 1438/326/263 1281/327/263 1835/327/263 1248/326/263
f 1439/36/264 1123/8/264 1440/8/264 1118/36/264
f 1442/330/265 1117/36/265 1441/36/265 1124/330/265
f 1443/124/266 1125/331/266 1444/331/266 1116/124/266
f 1446/331/267 1115/36/267 1445/36/267 1126/331/267
f 1447/124/266 1127/65/266 1448/65/266 1114/124/266
f 1450/332/267 1113/124/267 1449/124/267 1814/332/267
f 1451/99/268 1267/132/268 1452/132/268 1346/99/268
f 1454/80/269 1345/131/269 1453/131/269 1268/80/269
f 1455/95/270 1269/44/270 1456/44/270 1344/95/270
f 1458/80/271 1343/23/271 1457/23/271 1270/80/271
f 1459/333/270 1271/334/270 1460/334/270 1342/333/270
f 1462/132/271 1341/95/271 1461/95/271 1827/132/271
f 1463/338/272 1451/99/272 1346/99/272 1214/338/272
f 1345/131/273 1213/339/273 1464/339/273 1453/131/273
f 1465/21/272 1455/95/272 1344/95/272 1212/21/272
f 1343/23/273 1211/339/273 1466/339/273 1457/23/273
f 1467/337/272 1459/333/272 1342/333/272 1210/337/272
f 1341/95/273 1209/337/273 1468/337/273 1461/95/273
f 1327/33/274 1291/6/274 1469/6/274 1362/33/274
f 1470/54/275 1364/33/275 1328/33/275 1292/54/275
f 1329/34/274 1293/6/274 1471/6/274 1366/34/274
f 1472/54/275 1368/130/275 1330/130/275 1294/54/275
f 1331/34/274 1295/340/274 1473/340/274 1370/34/274
f 1474/340/275 1372/33/275 1332/33/275 1296/340/275
f 1475/7/276 1385/305/276 1322/305/276 1310/7/276
f 1321/107/277 1309/40/277 1476/40/277 1386/107/277
f 1477/7/276 1387/107/276 1320/107/276 1308/7/276
f 1319/32/277 1307/7/277 1478/7/277 1388/32/277
f 1479/40/276 1389/107/276 1318/107/276 1306/40/276
f 1317/129/277 1305/341/277 1480/341/277 1390/129/277
f 1481/10/278 1099/11/278 1482/11/278 1262/10/278
f 1484/11/279 1261/343/279 1483/343/279 1100/11/279
f 1485/69/278 1101/11/278 1486/11/278 1260/69/278
f 1488/11/279 1259/13/279 1487/13/279 1102/11/279
f 1489/156/278 1103/11/278 1490/11/278 1258/156/278
f 1492/74/279 1257/13/279 1491/13/279 1104/74/279
f 1291/6/280 1475/7/280 1310/7/280 1469/6/280
f 1309/40/281 1470/54/281 1292/54/281 1476/40/281
f 1293/6/280 1477/7/280 1308/7/280 1471/6/280
f 1307/7/281 1472/54/281 1294/54/281 1478/7/281
f 1295/340/280 1479/40/280 1306/40/280 1473/340/280
f 1305/341/281 1474/340/281 1296/340/281 1480/341/281
f 1267/132/282 1427/18/282 1286/18/282 1452/132/282
f 1285/18/283 1454/80/283 1268/80/283 1429/18/283
f 1269/44/282 1431/18/282 1284/18/282 1456/44/282
f 1283/86/283 1458/80/283 1270/80/283 1433/86/283
f 1271/334/282 1435/86/282 1282/86/282 1460/334/282
f 1281/327/283 1462/132/283 1827/132/283 1835/327/283
f 1243/324/284 1481/10/284 1262/10/284 1428/324/284
f 1261/343/285 1430/325/285 1244/325/285 1483/343/285
f 1245/325/284 1485/69/284 1260/69/284 1432/325/284
f 1259/13/285 1434/324/285 1246/324/285 1487/13/285
f 1247/323/284 1489/156/284 1258/156/284 1436/323/284
f 1257/13/285 1438/326/285 1248/326/285 1491/13/285
f 1493/344/286 1195/142/286 1494/142/286 1190/344/286
f 1496/345/287 1189/30/287 1495/30/287 1196/345/287
f 1497/126/286 1197/22/286 1498/22/286 1188/126/286
f 1500/22/287 1187/30/287 1499/30/287 1198/22/287
f 1501/126/286 1199/345/286 1502/345/286 1186/126/286
f 1504/22/287 1185/346/287 1503/346/287 1200/22/287
f 1219/312/288 1391/308/288 1238/308/288 1404/312/288
f 1237/48/289 1406/313/289 1220/313/289 1393/48/289
f 1221/35/288 1395/309/288 1236/309/288 1408/35/288
f 1235/164/289 1410/315/289 1222/315/289 1397/164/289
f 1223/39/288 1399/127/288 1234/127/288 1412/39/288
f 1233/127/289 1414/317/289 1224/317/289 1401/127/289
f 1195/142/290 1463/338/290 1214/338/290 1494/142/290
f 1213/339/291 1496/345/291 1196/345/291 1464/339/291
f 1197/22/290 1465/21/290 1212/21/290 1498/22/290
f 1211/339/291 1500/22/291 1198/22/291 1466/339/291
f 1199/345/290 1467/337/290 1210/337/290 1502/345/290
f 1209/337/291 1504/22/291 1200/22/291 1468/337/291
f 1171/303/292 1493/344/292 1190/344/292 1374/303/292
f 1189/30/293 1376/15/293 1172/15/293 1495/30/293
f 1173/15/294 1497/126/294 1188/126/294 1378/15/294
f 1187/30/295 1380/77/295 1174/77/295 1499/30/295
f 1175/15/294 1501/126/294 1186/126/294 1382/15/294
f 1185/346/295 1384/350/295 1823/350/295 1503/346/295
f 1147/2/296 1415/101/296 1166/101/296 1392/2/296
f 1165/102/297 1394/2/297 1148/2/297 1417/102/297
f 1149/2/296 1419/322/296 1164/322/296 1396/2/296
f 1163/101/297 1398/2/297 1150/2/297 1421/101/297
f 1151/2/296 1423/101/296 1162/101/296 1400/2/296
f 1161/101/297 1402/310/297 1152/310/297 1425/101/297
f 1123/8/298 1403/9/298 1142/9/298 1440/8/298
f 1141/9/299 1442/330/299 1124/330/299 1405/9/299
f 1125/331/298 1407/314/298 1140/314/298 1444/331/298
f 1139/64/299 1446/331/299 1126/331/299 1409/64/299
f 1127/65/298 1411/316/298 1138/316/298 1448/65/298
f 1137/318/299 1450/332/299 1814/332/299 1822/318/299
f 1099/11/300 1439/36/300 1118/36/300 1482/11/300
f 1117/36/301 1484/11/301 1100/11/301 1441/36/301
f 1101/11/300 1443/124/300 1116/124/300 1486/11/300
f 1115/36/301 1488/11/301 1102/11/301 1445/36/301
f 1103/11/300 1447/124/300 1114/124/300 1490/11/300
f 1113/124/301 1492/74/301 1104/74/301 1449/124/301
f 1075/3/302 1361/134/302 1094/134/302 1416/3/302
f 1093/299/303 1418/3/303 1076/3/303 1363/299/303
f 1077/5/302 1365/4/302 1092/4/302 1420/5/302
f 1091/53/303 1422/3/303 1078/3/303 1367/53/303
f 1079/3/302 1369/300/302 1090/300/302 1424/3/302
f 1089/53/303 1426/43/303 1805/43/303 1813/53/303
f 1505/351/304 1506/352/304 1327/33/304 1361/134/304
f 1508/353/304 1507/354/304 1093/299/304 1364/33/304
f 1509/355/304 1510/356/304 1329/34/304 1365/4/304
f 1512/357/304 1511/358/304 1091/53/304 1368/130/304
f 1513/359/305 1514/360/305 1331/34/305 1369/300/305
f 1516/361/305 1515/362/305 1089/53/305 1372/33/305
f 1517/363/306 1518/364/306 1171/303/306 1373/75/306
f 1520/365/306 1519/366/306 1357/75/306 1376/15/306
f 1521/367/306 1522/368/306 1173/15/306 1377/76/306
f 1524/369/306 1523/370/306 1355/78/306 1380/77/306
f 1525/371/307 1526/372/307 1175/15/307 1381/304/307
f 1528/373/307 1527/374/307 1353/75/307 1384/350/307
f 1529/375/308 1517/363/308 1373/75/308 1385/305/308
f 1519/366/308 1530/376/308 1321/107/308 1357/75/308
f 1531/377/308 1521/367/308 1377/76/308 1387/107/308
f 1523/370/308 1532/378/308 1319/32/308 1355/78/308
f 1533/379/308 1525/371/308 1381/304/308 1389/107/308
f 1527/374/309 1534/380/309 1317/129/309 1353/75/309
f 1535/381/310 1536/382/310 1147/2/310 1391/308/310
f 1538/383/310 1537/384/310 1237/48/310 1394/2/310
f 1539/385/310 1540/386/310 1149/2/310 1395/309/310
f 1542/387/310 1541/388/310 1235/164/310 1398/2/310
f 1543/389/310 1544/390/310 1151/2/310 1399/127/310
f 1546/391/310 1545/392/310 1233/127/310 1402/310/310
f 1547/393/311 1548/394/311 1219/312/311 1403/9/311
f 1550/395/311 1549/396/311 1141/9/311 1406/313/311
f 1551/397/311 1552/398/311 1221/35/311 1407/314/311
f 1554/399/311 1553/400/311 1139/64/311 1410/315/311
f 1555/401/311 1556/402/311 1223/39/311 1411/316/311
f 1558/403/312 1557/404/312 1137/318/312 1414/317/312
f 1559/405/313 1560/406/313 1075/3/313 1415/101/313
f 1562/407/313 1561/408/313 1165/102/313 1418/3/313
f 1563/409/313 1564/410/313 1077/5/313 1419/322/313
f 1566/411/313 1565/412/313 1163/101/313 1422/3/313
f 1567/413/314 1568/414/314 1079/3/314 1423/101/314
f 1570/415/314 1569/416/314 1161/101/314 1426/43/314
f 1571/417/315 1572/418/315 1243/324/315 1427/18/315
f 1574/419/315 1573/420/315 1285/18/315 1430/325/315
f 1575/421/315 1576/422/315 1245/325/315 1431/18/315
f 1578/423/316 1577/424/316 1283/86/316 1434/324/316
f 1579/425/316 1580/426/316 1247/323/316 1435/86/316
f 1582/427/316 1581/428/316 1281/327/316 1438/326/316
f 1583/429/317 1584/430/317 1123/8/317 1439/36/317
f 1586/431/317 1585/432/317 1117/36/317 1442/330/317
f 1587/433/317 1588/434/317 1125/331/317 1443/124/317
f 1590/435/317 1589/436/317 1115/36/317 1446/331/317
f 1591/437/318 1592/438/318 1127/65/318 1447/124/318
f 1594/439/318 1593/440/318 1113/124/318 1450/332/318
f 1595/441/319 1596/442/319 1267/132/319 1451/99/319
f 1598/443/319 1597/444/319 1345/131/319 1454/80/319
f 1599/445/319 1600/446/319 1269/44/319 1455/95/319
f 1602/447/319 1601/448/319 1343/23/319 1458/80/319
f 1603/449/320 1604/450/320 1271/334/320 1459/333/320
f 1606/451/320 1605/452/320 1341/95/320 1462/132/320
f 1607/453/321 1595/441/321 1451/99/321 1463/338/321
f 1597/444/322 1608/454/322 1213/339/322 1345/131/322
f 1609/455/321 1599/445/321 1455/95/321 1465/21/321
f 1601/448/323 1610/456/323 1211/339/323 1343/23/323
f 1611/457/321 1603/449/321 1459/333/321 1467/337/321
f 1605/452/324 1612/458/324 1209/337/324 1341/95/324
f 1506/352/325 1613/459/325 1291/6/325 1327/33/325
f 1614/460/326 1508/353/326 1364/33/326 1470/54/326
f 1510/356/325 1615/461/325 1293/6/325 1329/34/325
f 1616/462/326 1512/357/326 1368/130/326 1472/54/326
f 1514/360/327 1617/463/327 1295/340/327 1331/34/327
f 1618/464/326 1516/361/326 1372/33/326 1474/340/326
f 1619/465/328 1529/375/328 1385/305/328 1475/7/328
f 1530/376/329 1620/466/329 1309/40/329 1321/107/329
f 1621/467/328 1531/377/328 1387/107/328 1477/7/328
f 1532/378/329 1622/468/329 1307/7/329 1319/32/329
f 1623/469/328 1533/379/328 1389/107/328 1479/40/328
f 1534/380/329 1624/470/329 1305/341/329 1317/129/329
f 1625/471/330 1626/472/330 1099/11/330 1481/10/330
f 1628/473/330 1627/474/330 1261/343/330 1484/11/330
f 1629/475/330 1630/476/330 1101/11/330 1485/69/330
f 1632/477/330 1631/478/330 1259/13/330 1488/11/330
f 1633/479/330 1634/480/330 1103/11/330 1489/156/330
f 1636/481/330 1635/482/330 1257/13/330 1492/74/330
f 1613/459/331 1619/465/331 1475/7/331 1291/6/331
f 1620/466/331 1614/460/331 1470/54/331 1309/40/331
f 1615/461/331 1621/467/331 1477/7/331 1293/6/331
f 1622/468/331 1616/462/331 1472/54/331 1307/7/331
f 1617/463/331 1623/469/331 1479/40/331 1295/340/331
f 1624/470/331 1618/464/331 1474/340/331 1305/341/331
f 1596/442/332 1571/417/332 1427/18/332 1267/132/332
f 1573/420/332 1598/443/332 1454/80/332 1285/18/332
f 1600/446/332 1575/421/332 1431/18/332 1269/44/332
f 1577/424/332 1602/447/332 1458/80/332 1283/86/332
f 1604/450/332 1579/425/332 1435/86/332 1271/334/332
f 1581/428/333 1606/451/333 1462/132/333 1281/327/333
f 1572/418/334 1625/471/334 1481/10/334 1243/324/334
f 1627/474/335 1574/419/335 1430/325/335 1261/343/335
f 1576/422/334 1629/475/334 1485/69/334 1245/325/334
f 1631/478/336 1578/423/336 1434/324/336 1259/13/336
f 1580/426/334 1633/479/334 1489/156/334 1247/323/334
f 1635/482/337 1582/427/337 1438/326/337 1257/13/337
f 1637/483/338 1638/484/338 1195/142/338 1493/344/338
f 1640/485/339 1639/486/339 1189/30/339 1496/345/339
f 1641/487/338 1642/488/338 1197/22/338 1497/126/338
f 1644/489/339 1643/490/339 1187/30/339 1500/22/339
f 1645/491/338 1646/492/338 1199/345/338 1501/126/338
f 1648/493/340 1647/494/340 1185/346/340 1504/22/340
f 1548/394/341 1535/381/341 1391/308/341 1219/312/341
f 1537/384/342 1550/395/342 1406/313/342 1237/48/342
f 1552/398/341 1539/385/341 1395/309/341 1221/35/341
f 1541/388/342 1554/399/342 1410/315/342 1235/164/342
f 1556/402/341 1543/389/341 1399/127/341 1223/39/341
f 1545/392/342 1558/403/342 1414/317/342 1233/127/342
f 1638/484/343 1607/453/343 1463/338/343 1195/142/343
f 1608/454/343 1640/485/343 1496/345/343 1213/339/343
f 1642/488/343 1609/455/343 1465/21/343 1197/22/343
f 1610/456/343 1644/489/343 1500/22/343 1211/339/343
f 1646/492/343 1611/457/343 1467/337/343 1199/345/343
f 1612/458/343 1648/493/343 1504/22/343 1209/337/343
f 1518/364/344 1637/483/344 1493/344/344 1171/303/344
f 1639/486/344 1520/365/344 1376/15/344 1189/30/344
f 1522/368/344 1641/487/344 1497/126/344 1173/15/344
f 1643/490/344 1524/369/344 1380/77/344 1187/30/344
f 1526/372/345 1645/491/345 1501/126/345 1175/15/345
f 1647/494/345 1528/373/345 1384/350/345 1185/346/345
f 1536/382/346 1559/405/346 1415/101/346 1147/2/346
f 1561/408/347 1538/383/347 1394/2/347 1165/102/347
f 1540/386/346 1563/409/346 1419/322/346 1149/2/346
f 1565/412/347 1542/387/347 1398/2/347 1163/101/347
f 1544/390/346 1567/413/346 1423/101/346 1151/2/346
f 1569/416/347 1546/391/347 1402/310/347 1161/101/347
f 1584/430/348 1547/393/348 1403/9/348 1123/8/348
f 1549/396/348 1586/431/348 1442/330/348 1141/9/348
f 1588/434/348 1551/397/348 1407/314/348 1125/331/348
f 1553/400/348 1590/435/348 1446/331/348 1139/64/348
f 1592/438/349 1555/401/349 1411/316/349 1127/65/349
f 1557/404/349 1594/439/349 1450/332/349 1137/318/349
f 1626/472/350 1583/429/350 1439/36/350 1099/11/350
f 1585/432/351 1628/473/351 1484/11/351 1117/36/351
f 1630/476/350 1587/433/350 1443/124/350 1101/11/350
f 1589/436/351 1632/477/351 1488/11/351 1115/36/351
f 1634/480/350 1591/437/350 1447/124/350 1103/11/350
f 1593/440/351 1636/481/351 1492/74/351 1113/124/351
f 1560/406/352 1505/351/352 1361/134/352 1075/3/352
f 1507/354/352 1562/407/352 1418/3/352 1093/299/352
f 1564/410/352 1509/355/352 1365/4/352 1077/5/352
f 1511/358/353 1566/411/353 1422/3/353 1091/53/353
f 1568/414/353 1513/359/353 1369/300/353 1079/3/353
f 1515/362/353 1570/415/353 1426/43/353 1089/53/353
f 1649/351/354 1650/352/354 1506/352/354 1505/351/354
f 1652/353/355 1651/354/355 1507/354/355 1508/353/355
f 1653/355/356 1654/356/356 1510/356/356 1509/355/356
f 1656/357/355 1655/358/355 1511/358/355 1512/357/355
f 1657/359/357 1658/360/357 1514/360/357 1513/359/357
f 1660/361/358 1659/362/358 1515/362/358 1516/361/358
f 1661/363/359 1662/364/359 1518/364/359 1517/363/359
f 1664/365/360 1663/366/360 1519/366/360 1520/365/360
f 1665/367/359 1666/368/359 1522/368/359 1521/367/359
f 1668/369/360 1667/370/360 1523/370/360 1524/369/360
f 1669/371/359 1670/372/359 1526/372/359 1525/371/359
f 1672/373/360 1671/374/360 1527/374/360 1528/373/360
f 1673/375/361 1661/363/361 1517/363/361 1529/375/361
f 1663/366/362 1674/376/362 1530/376/362 1519/366/362
f 1675/377/363 1665/367/363 1521/367/363 1531/377/363
f 1667/370/362 1676/378/362 1532/378/362 1523/370/362
f 1677/379/364 1669/371/364 1525/371/364 1533/379/364
f 1671/374/365 1678/380/365 1534/380/365 1527/374/365
f 1679/381/366 1680/382/366 1536/382/366 1535/381/366
f 1682/383/367 1681/384/367 1537/384/367 1538/383/367
f 1683/385/366 1684/386/366 1540/386/366 1539/385/366
f 1686/387/367 1685/388/367 1541/388/367 1542/387/367
f 1687/389/366 1688/390/366 1544/390/366 1543/389/366
f 1690/391/367 1689/392/367 1545/392/367 1546/391/367
f 1691/393/368 1692/394/368 1548/394/368 1547/393/368
f 1694/395/369 1693/396/369 1549/396/369 1550/395/369
f 1695/397/370 1696/398/370 1552/398/370 1551/397/370
f 1698/399/369 1697/400/369 1553/400/369 1554/399/369
f 1699/401/370 1700/402/370 1556/402/370 1555/401/370
f 1702/403/371 1701/404/371 1557/404/371 1558/403/371
f 1703/405/372 1704/406/372 1560/406/372 1559/405/372
f 1706/407/373 1705/408/373 1561/408/373 1562/407/373
f 1707/409/374 1708/410/374 1564/410/374 1563/409/374
f 1710/411/373 1709/412/373 1565/412/373 1566/411/373
f 1711/413/375 1712/414/375 1568/414/375 1567/413/375
f 1714/415/376 1713/416/376 1569/416/376 1570/415/376
f 1715/417/377 1716/418/377 1572/418/377 1571/417/377
f 1718/419/378 1717/420/378 1573/420/378 1574/419/378
f 1719/421/379 1720/422/379 1576/422/379 1575/421/379
f 1722/423/378 1721/424/378 1577/424/378 1578/423/378
f 1723/425/380 1724/426/380 1580/426/380 1579/425/380
f 1726/427/381 1725/428/381 1581/428/381 1582/427/381
f 1727/429/382 1728/430/382 1584/430/382 1583/429/382
f 1730/431/383 1729/432/383 1585/432/383 1586/431/383
f 1731/433/384 1732/434/384 1588/434/384 1587/433/384
f 1734/435/383 1733/436/383 1589/436/383 1590/435/383
f 1735/437/385 1736/438/385 1592/438/385 1591/437/385
f 1738/439/386 1737/440/386 1593/440/386 1594/439/386
f 1739/441/387 1740/442/387 1596/442/387 1595/441/387
f 1742/443/388 1741/444/388 1597/444/388 1598/443/388
f 1743/445/389 1744/446/389 1600/446/389 1599/445/389
f 1746/447/388 1745/448/388 1601/448/388 1602/447/388
f 1747/449/390 1748/450/390 1604/450/390 1603/449/390
f 1750/451/391 1749/452/391 1605/452/391 1606/451/391
f 1751/453/392 1739/441/392 1595/441/392 1607/453/392
f 1741/444/393 1752/454/393 1608/454/393 1597/444/393
f 1753/455/392 1743/445/392 1599/445/392 1609/455/392
f 1745/448/394 1754/456/394 1610/456/394 1601/448/394
f 1755/457/395 1747/449/395 1603/449/395 1611/457/395
f 1749/452/394 1756/458/394 1612/458/394 1605/452/394
f 1650/352/396 1757/459/396 1613/459/396 1506/352/396
f 1758/460/397 1652/353/397 1508/353/397 1614/460/397
f 1654/356/396 1759/461/396 1615/461/396 1510/356/396
f 1760/462/398 1656/357/398 1512/357/398 1616/462/398
f 1658/360/399 1761/463/399 1617/463/399 1514/360/399
f 1762/464/398 1660/361/398 1516/361/398 1618/464/398
f 1763/465/400 1673/375/400 1529/375/400 1619/465/400
f 1674/376/401 1764/466/401 1620/466/401 1530/376/401
f 1765/467/400 1675/377/400 1531/377/400 1621/467/400
f 1676/378/402 1766/468/402 1622/468/402 1532/378/402
f 1767/469/403 1677/379/403 1533/379/403 1623/469/403
f 1678/380/402 1768/470/402 1624/470/402 1534/380/402
f 1769/471/404 1770/472/404 1626/472/404 1625/471/404
f 1772/473/405 1771/474/405 1627/474/405 1628/473/405
f 1773/475/404 1774/476/404 1630/476/404 1629/475/404
f 1776/477/405 1775/478/405 1631/478/405 1632/477/405
f 1777/479/404 1778/480/404 1634/480/404 1633/479/404
f 1780/481/405 1779/482/405 1635/482/405 1636/481/405
f 1757/459/406 1763/465/406 1619/465/406 1613/459/406
f 1764/466/407 1758/460/407 1614/460/407 1620/466/407
f 1759/461/406 1765/467/406 1621/467/406 1615/461/406
f 1766/468/407 1760/462/407 1616/462/407 1622/468/407
f 1761/463/406 1767/469/406 1623/469/406 1617/463/406
f 1768/470/407 1762/464/407 1618/464/407 1624/470/407
f 1740/442/408 1715/417/408 1571/417/408 1596/442/408
f 1717/420/409 1742/443/409 1598/443/409 1573/420/409
f 1744/446/408 1719/421/408 1575/421/408 1600/446/408
f 1721/424/410 1746/447/410 1602/447/410 1577/424/410
f 1748/450/408 1723/425/408 1579/425/408 1604/450/408
f 1725/428/409 1750/451/409 1606/451/409 1581/428/409
f 1716/418/411 1769/471/411 1625/471/411 1572/418/411
f 1771/474/412 1718/419/412 1574/419/412 1627/474/412
f 1720/422/411 1773/475/411 1629/475/411 1576/422/411
f 1775/478/413 1722/423/413 1578/423/413 1631/478/413
f 1724/426/414 1777/479/414 1633/479/414 1580/426/414
f 1779/482/413 1726/427/413 1582/427/413 1635/482/413
f 1781/483/415 1782/484/415 1638/484/415 1637/483/415
f 1784/485/416 1783/486/416 1639/486/416 1640/485/416
f 1785/487/415 1786/488/415 1642/488/415 1641/487/415
f 1788/489/417 1787/490/417 1643/490/417 1644/489/417
f 1789/491/418 1790/492/418 1646/492/418 1645/491/418
f 1792/493/417 1791/494/417 1647/494/417 1648/493/417
f 1692/394/419 1679/381/419 1535/381/419 1548/394/419
f 1681/384/420 1694/395/420 1550/395/420 1537/384/420
f 1696/398/419 1683/385/419 1539/385/419 1552/398/419
f 1685/388/420 1698/399/420 1554/399/420 1541/388/420
f 1700/402/421 1687/389/421 1543/389/421 1556/402/421
f 1689/392/422 1702/403/422 1558/403/422 1545/392/422
f 1782/484/423 1751/453/423 1607/453/423 1638/484/423
f 1752/454/424 1784/485/424 1640/485/424 1608/454/424
f 1786/488/423 1753/455/423 1609/455/423 1642/488/423
f 1754/456/424 1788/489/424 1644/489/424 1610/456/424
f 1790/492/423 1755/457/423 1611/457/423 1646/492/423
f 1756/458/424 1792/493/424 1648/493/424 1612/458/424
f 1662/364/425 1781/483/425 1637/483/425 1518/364/425
f 1783/486/426 1664/365/426 1520/365/426 1639/486/426
f 1666/368/427 1785/487/427 1641/487/427 1522/368/427
f 1787/490/426 1668/369/426 1524/369/426 1643/490/426
f 1670/372/427 1789/491/427 1645/491/427 1526/372/427
f 1791/494/428 1672/373/428 1528/373/428 1647/494/428
f 1680/382/429 1703/405/429 1559/405/429 1536/382/429
f 1705/408/430 1682/383/430 1538/383/430 1561/408/430
f 1684/386/429 1707/409/429 1563/409/429 1540/386/429
f 1709/412/431 1686/387/431 1542/387/431 1565/412/431
f 1688/390/432 1711/413/432 1567/413/432 1544/390/432
f 1713/416/431 1690/391/431 1546/391/431 1569/416/431
f 1728/430/433 1691/393/433 1547/393/433 1584/430/433
f 1693/396/434 1730/431/434 1586/431/434 1549/396/434
f 1732/434/433 1695/397/433 1551/397/433 1588/434/433
f 1697/400/434 1734/435/434 1590/435/434 1553/400/434
f 1736/438/433 1699/401/433 1555/401/433 1592/438/433
f 1701/404/434 1738/439/434 1594/439/434 1557/404/434
f 1770/472/435 1727/429/435 1583/429/435 1626/472/435
f 1729/432/436 1772/473/436 1628/473/436 1585/432/436
f 1774/476/435 1731/433/435 1587/433/435 1630/476/435
f 1733/436/436 1776/477/436 1632/477/436 1589/436/436
f 1778/480/437 1735/437/437 1591/437/437 1634/480/437
f 1737/440/438 1780/481/438 1636/481/438 1593/440/438
f 1704/406/439 1649/351/439 1505/351/439 1560/406/439
f 1651/354/440 1706/407/440 1562/407/440 1507/354/440
f 1708/410/441 1653/355/441 1509/355/441 1564/410/441
f 1655/358/442 1710/411/442 1566/411/442 1511/358/442
f 1712/414/439 1657/359/439 1513/359/439 1568/414/439
f 1659/362/440 1714/415/440 1570/415/440 1515/362/440
f 1841/495/239 1842/496/239 1794/3/239 1793/4/239
f 1843/497/237 1844/498/237 1796/44/237 1795/17/237
f 1845/499/236 1846/500/236 1798/75/236 1797/15/236
f 1847/501/238 1848/502/238 1800/62/238 1799/9/238
f 1842/496/239 1084/503/239 1801/3/239 1794/3/239
f 1848/502/238 1132/504/238 1802/133/238 1800/62/238
f 1180/505/236 1845/499/236 1797/15/236 1803/15/236
f 1844/498/237 1276/506/237 1804/132/237 1796/44/237
f 1081/507/239 1853/508/239 1805/43/239 1806/3/239
f 1082/509/239 1081/507/239 1806/3/239 1807/3/239
f 1083/510/239 1082/509/239 1807/3/239 1808/3/239
f 1084/503/239 1083/510/239 1808/3/239 1801/3/239
f 1085/511/239 1841/495/239 1793/4/239 1809/134/239
f 1086/512/239 1085/511/239 1809/134/239 1810/134/239
f 1087/513/239 1086/512/239 1810/134/239 1811/4/239
f 1088/514/239 1087/513/239 1811/4/239 1812/4/239
f 1861/515/239 1088/514/239 1812/4/239 1813/53/239
f 1129/516/238 1862/517/238 1814/332/238 1815/133/238
f 1130/518/238 1129/516/238 1815/133/238 1816/160/238
f 1131/519/238 1130/518/238 1816/160/238 1817/8/238
f 1132/504/238 1131/519/238 1817/8/238 1802/133/238
f 1133/520/238 1847/501/238 1799/9/238 1818/9/238
f 1134/521/238 1133/520/238 1818/9/238 1819/9/238
f 1135/522/238 1134/521/238 1819/9/238 1820/318/238
f 1136/523/238 1135/522/238 1820/318/238 1821/316/238
f 1870/524/238 1136/523/238 1821/316/238 1822/318/238
f 1871/525/236 1177/526/236 1824/15/236 1823/350/236
f 1177/526/236 1178/527/236 1825/77/236 1824/15/236
f 1178/527/236 1179/528/236 1826/15/236 1825/77/236
f 1179/528/236 1180/505/236 1803/15/236 1826/15/236
f 1273/529/237 1875/530/237 1827/132/237 1828/44/237
f 1274/531/237 1273/529/237 1828/44/237 1829/16/237
f 1275/532/237 1274/531/237 1829/16/237 1830/44/237
f 1276/506/237 1275/532/237 1830/44/237 1804/132/237
f 1277/533/237 1843/497/237 1795/17/237 1831/17/237
f 1278/534/237 1277/533/237 1831/17/237 1832/329/237
f 1279/535/237 1278/534/237 1832/329/237 1833/328/237
f 1280/536/237 1279/535/237 1833/328/237 1834/18/237
f 1883/537/237 1280/536/237 1834/18/237 1835/327/237
f 1846/500/236 1349/538/236 1836/75/236 1798/75/236
f 1349/538/236 1350/539/236 1837/75/236 1836/75/236
f 1350/539/236 1351/540/236 1838/75/236 1837/75/236
f 1351/540/236 1352/541/236 1839/304/236 1838/75/236
f 1352/541/236 1888/542/236 1840/75/236 1839/304/236
f 1888/542/236 1871/525/236 1823/350/236 1840/75/236
f 1875/530/237 1883/537/237 1835/327/237 1827/132/237
f 1862/517/238 1870/524/238 1822/318/238 1814/332/238
f 1853/508/239 1861/515/239 1813/53/239 1805/43/239
f 771/495/443 772/496/443 1842/496/443 1841/495/443
f 775/497/444 776/498/444 1844/498/444 1843/497/444
f 780/499/445 781/500/445 1846/500/445 1845/499/445
f 782/501/446 783/502/446 1848/502/446 1847/501/446
f 772/496/447 1849/503/447 1084/503/447 1842/496/447
f 783/502/448 1850/504/448 1132/504/448 1848/502/448
f 1851/505/449 780/499/449 1845/499/449 1180/505/449
f 776/498/450 1852/506/450 1276/506/450 1844/498/450
f 1854/507/447 1080/508/447 1853/508/447 1081/507/447
f 1855/509/447 1854/507/447 1081/507/447 1082/509/447
f 1856/510/447 1855/509/447 1082/509/447 1083/510/447
f 1849/503/447 1856/510/447 1083/510/447 1084/503/447
f 1857/511/451 771/495/451 1841/495/451 1085/511/451
f 1858/512/451 1857/511/451 1085/511/451 1086/512/451
f 1859/513/451 1858/512/451 1086/512/451 1087/513/451
f 1860/514/451 1859/513/451 1087/513/451 1088/514/451
f 1371/515/451 1860/514/451 1088/514/451 1861/515/451
f 1863/516/448 1128/517/448 1862/517/448 1129/516/448
f 1864/518/448 1863/516/448 1129/516/448 1130/518/448
f 1865/519/448 1864/518/448 1130/518/448 1131/519/448
f 1850/504/448 1865/519/448 1131/519/448 1132/504/448
f 1866/520/452 782/501/452 1847/501/452 1133/520/452
f 1867/521/452 1866/520/452 1133/520/452 1134/521/452
f 1868/522/452 1867/521/452 1134/521/452 1135/522/452
f 1869/523/452 1868/522/452 1135/522/452 1136/523/452
f 1413/524/452 1869/523/452 1136/523/452 1870/524/452
f 1176/525/449 1872/526/449 1177/526/449 1871/525/449
f 1872/526/449 1873/527/449 1178/527/449 1177/526/449
f 1873/527/449 1874/528/449 1179/528/449 1178/527/449
f 1874/528/449 1851/505/449 1180/505/449 1179/528/449
f 1876/529/450 1272/530/450 1875/530/450 1273/529/450
f 1877/531/450 1876/529/450 1273/529/450 1274/531/450
f 1878/532/450 1877/531/450 1274/531/450 1275/532/450
f 1852/506/450 1878/532/450 1275/532/450 1276/506/450
f 1879/533/453 775/497/453 1843/497/453 1277/533/453
f 1880/534/453 1879/533/453 1277/533/453 1278/534/453
f 1881/535/453 1880/534/453 1278/534/453 1279/535/453
f 1882/536/453 1881/535/453 1279/535/453 1280/536/453
f 1437/537/453 1882/536/453 1280/536/453 1883/537/453
f 781/500/454 1884/538/454 1349/538/454 1846/500/454
f 1884/538/454 1885/539/454 1350/539/454 1349/538/454
f 1885/539/454 1886/540/454 1351/540/454 1350/539/454
f 1886/540/454 1887/541/454 1352/541/454 1351/540/454
f 1887/541/454 1383/542/454 1888/542/454 1352/541/454
f 1383/542/455 1176/525/455 1871/525/455 1888/542/455
f 1272/530/456 1437/537/456 1883/537/456 1875/530/456
f 1128/517/457 1413/524/457 1870/524/457 1862/517/457
f 1080/508/458 1371/515/458 1861/515/458 1853/508/458
