# Blender 5.2.0 LTS
# www.blender.org
mtllib ae.mtl
o Cube.022
v 94.026222 8.535404 1.612907
v 94.034431 8.523181 1.614195
v 94.037315 8.508763 1.615701
v 94.034424 8.494347 1.617197
v 94.026215 8.482124 1.618454
v 93.972656 8.535409 1.612811
v 93.964447 8.523187 1.614068
v 93.961555 8.508770 1.615564
v 93.964439 8.494352 1.617070
v 93.972641 8.482129 1.618357
v 94.013939 8.543572 1.612035
v 94.013924 8.473959 1.619282
v 93.999443 8.546441 1.611710
v 93.999428 8.471092 1.619555
v 93.984947 8.543574 1.611982
v 93.984932 8.473961 1.619230
v 94.025940 8.551913 1.771483
v 94.034149 8.539691 1.772771
v 94.037025 8.525272 1.774277
v 94.034142 8.510856 1.775773
v 94.025925 8.498633 1.777030
v 93.972374 8.551918 1.771386
v 93.964157 8.539696 1.772644
v 93.961273 8.525279 1.774140
v 93.964149 8.510861 1.775646
v 93.972359 8.498638 1.776933
v 94.013657 8.560081 1.770611
v 94.013634 8.490468 1.777858
v 93.999161 8.562950 1.770286
v 93.999138 8.487601 1.778130
v 93.984665 8.560083 1.770558
v 93.984642 8.490470 1.777806
v 94.030022 8.558238 1.792452
v 94.035805 8.547462 1.793585
v 94.019417 8.535446 1.871954
v 94.035789 8.507537 1.797741
v 94.030006 8.496762 1.798852
v 93.968216 8.558243 1.792341
v 93.962433 8.547468 1.793452
v 93.978531 8.535450 1.871880
v 93.962418 8.507543 1.797608
v 93.968201 8.496767 1.798741
v 94.019188 8.563990 1.791834
v 94.019173 8.491012 1.799432
v 93.998978 8.555779 1.869800
v 93.998970 8.515118 1.874033
v 93.979050 8.563993 1.791761
v 93.979027 8.491015 1.799359
v 94.070953 8.607701 1.786039
v 94.067543 8.595544 1.788636
v 94.079910 8.598793 1.786983
v 94.101234 8.562608 1.790789
v 94.096390 8.574247 1.789568
v 94.088318 8.568222 1.791518
v 94.107018 8.521057 1.795125
v 94.107018 8.533655 1.793813
v 94.101677 8.528026 1.800882
v 94.096367 8.480467 1.799332
v 94.101219 8.492105 1.798129
v 94.088295 8.486769 1.799998
v 94.070915 8.447017 1.802768
v 94.079872 8.455924 1.801857
v 94.067505 8.459451 1.802804
v 93.927315 8.607714 1.785779
v 93.918358 8.598805 1.786691
v 93.930717 8.595554 1.788389
v 93.897011 8.562624 1.790419
v 93.909927 8.568236 1.791195
v 93.901863 8.574263 1.789216
v 93.891212 8.521074 1.794734
v 93.896523 8.528042 1.800510
v 93.891212 8.533672 1.793422
v 93.901833 8.480482 1.798979
v 93.909904 8.486783 1.799675
v 93.896988 8.492122 1.797759
v 93.927269 8.447028 1.802508
v 93.930679 8.459461 1.802557
v 93.918320 8.455937 1.801564
v 94.034584 8.628925 1.783764
v 94.040077 8.616215 1.786435
v 94.046280 8.624104 1.784287
v 94.034531 8.425798 1.804911
v 94.046234 8.430618 1.804431
v 94.040031 8.438784 1.804907
v 93.992805 8.634688 1.783089
v 93.999130 8.630061 1.790075
v 94.005478 8.634687 1.783112
v 93.992752 8.420043 1.805435
v 94.005417 8.420042 1.805458
v 93.999077 8.426006 1.811318
v 93.951996 8.624111 1.784117
v 93.958191 8.616221 1.786286
v 93.963699 8.628931 1.783636
v 93.951942 8.430626 1.804260
v 93.963646 8.425804 1.804783
v 93.958138 8.438790 1.804758
v 94.070976 8.606281 1.772396
v 94.079933 8.597372 1.773340
v 94.071701 8.597414 1.766829
v 94.101257 8.561188 1.777146
v 94.093933 8.564312 1.770315
v 94.096413 8.572827 1.775925
v 94.107040 8.519637 1.781482
v 94.101730 8.525268 1.774394
v 94.107040 8.532235 1.780170
v 94.096390 8.479047 1.785689
v 94.093910 8.486224 1.778445
v 94.101242 8.490685 1.784486
v 94.070938 8.445596 1.789125
v 94.071663 8.453126 1.781850
v 94.079895 8.454504 1.788214
v 93.927338 8.606293 1.772136
v 93.926636 8.597425 1.766566
v 93.918381 8.597385 1.773048
v 93.897034 8.561204 1.776776
v 93.901886 8.572843 1.775573
v 93.904388 8.564327 1.769972
v 93.891235 8.519654 1.781091
v 93.891235 8.532252 1.779779
v 93.896568 8.525284 1.774022
v 93.901863 8.479062 1.785336
v 93.897018 8.490702 1.784116
v 93.904366 8.486239 1.778101
v 93.927292 8.445607 1.788865
v 93.918343 8.454516 1.787921
v 93.926598 8.453137 1.781588
v 94.034607 8.627505 1.770121
v 94.046310 8.622684 1.770644
v 94.038429 8.619534 1.764466
v 94.034554 8.424378 1.791268
v 94.038376 8.431012 1.784093
v 94.046257 8.429198 1.790788
v 93.992836 8.633267 1.769446
v 94.005501 8.633266 1.769469
v 93.999176 8.627303 1.763587
v 93.992775 8.418622 1.791792
v 93.999123 8.423248 1.784830
v 94.005440 8.418621 1.791815
v 93.952019 8.622691 1.770474
v 93.963722 8.627511 1.769993
v 93.959923 8.619540 1.764324
v 93.951965 8.429206 1.790617
v 93.959869 8.431018 1.783950
v 93.963669 8.424383 1.791140
v 94.013428 8.549823 1.870446
v 94.017860 8.543227 1.871141
v 94.017853 8.527666 1.872761
v 94.013420 8.521070 1.873439
v 93.984520 8.549826 1.870394
v 93.980087 8.543230 1.871073
v 93.980087 8.527669 1.872692
v 93.984512 8.521073 1.873387
v 94.006798 8.554231 1.869975
v 94.006790 8.516665 1.873886
v 93.991158 8.554232 1.869947
v 93.991142 8.516665 1.873858
v 94.071655 8.600172 1.793317
v 94.093880 8.567070 1.796803
v 94.093864 8.488982 1.804933
v 94.071617 8.455884 1.808338
v 93.904343 8.567085 1.796460
v 93.926590 8.600183 1.793054
v 93.926552 8.455895 1.808076
v 93.904320 8.488997 1.804589
v 94.038383 8.622292 1.790954
v 94.038330 8.433769 1.810581
v 93.959869 8.622297 1.790812
v 93.959824 8.433776 1.810439
v 94.025894 8.554671 1.797971
v 94.034103 8.542448 1.799259
v 94.036980 8.528030 1.800765
v 94.034096 8.513614 1.802261
v 94.025879 8.501391 1.803518
v 93.972328 8.554676 1.797874
v 93.964111 8.542454 1.799132
v 93.961220 8.528036 1.800628
v 93.964104 8.513618 1.802134
v 93.972313 8.501396 1.803421
v 94.013603 8.562840 1.797099
v 94.013588 8.493225 1.804346
v 93.999115 8.565708 1.796774
v 93.999092 8.490359 1.804618
v 93.984619 8.562841 1.797046
v 93.984596 8.493228 1.804294
v 94.022049 8.554725 1.834954
v 94.029099 8.544226 1.836060
v 94.031570 8.531841 1.837354
v 94.029091 8.519457 1.838639
v 94.022034 8.508959 1.839719
v 93.976036 8.554729 1.834871
v 93.968979 8.544230 1.835951
v 93.966499 8.531846 1.837236
v 93.968971 8.519463 1.838530
v 93.976021 8.508963 1.839635
v 94.011497 8.561740 1.834205
v 94.011475 8.501945 1.840430
v 93.999046 8.564205 1.833926
v 93.999023 8.499483 1.840664
v 93.986595 8.561743 1.834159
v 93.986580 8.501947 1.840385
v 94.022026 8.555809 1.845374
v 94.029076 8.545310 1.846480
v 94.031555 8.532926 1.847774
v 94.029076 8.520542 1.849059
v 94.022018 8.510044 1.850139
v 93.976013 8.555813 1.845291
v 93.968964 8.545315 1.846371
v 93.966484 8.532931 1.847656
v 93.968956 8.520547 1.848950
v 93.976006 8.510048 1.850056
v 94.011475 8.562825 1.844625
v 94.011459 8.503030 1.850850
v 93.999023 8.565289 1.844346
v 93.999008 8.500567 1.851084
v 93.986572 8.562827 1.844580
v 93.986557 8.503032 1.850805
v 94.022018 8.556636 1.853310
v 94.029068 8.546137 1.854416
v 94.031540 8.533752 1.855710
v 94.029060 8.521368 1.856995
v 94.022003 8.510870 1.858075
v 93.976006 8.556640 1.853227
v 93.968948 8.546142 1.854307
v 93.966469 8.533757 1.855592
v 93.968941 8.521373 1.856886
v 93.975990 8.510874 1.857992
v 94.011459 8.563651 1.852561
v 94.011444 8.503857 1.858786
v 93.999008 8.566115 1.852282
v 93.998993 8.501394 1.859020
v 93.986557 8.563653 1.852516
v 93.986542 8.503859 1.858741
v 94.022011 8.556889 1.855738
v 94.018822 8.554185 1.860444
v 94.021767 8.556823 1.857440
v 94.021072 8.556286 1.858932
v 94.020042 8.555360 1.859987
v 94.024902 8.545135 1.861397
v 94.029060 8.546389 1.856844
v 94.026489 8.545755 1.860998
v 94.027840 8.546211 1.859993
v 94.028740 8.546433 1.858534
v 94.027031 8.534461 1.862512
v 94.031532 8.534005 1.858138
v 94.028755 8.534427 1.862182
v 94.030212 8.534328 1.861234
v 94.031189 8.534180 1.859814
v 94.024895 8.523787 1.863619
v 94.029053 8.521621 1.859423
v 94.026482 8.523098 1.863357
v 94.027832 8.522445 1.862467
v 94.028732 8.521926 1.861086
v 94.018814 8.514739 1.864550
v 94.021996 8.511123 1.860503
v 94.020027 8.513495 1.864345
v 94.021065 8.512371 1.863503
v 94.021751 8.511539 1.862154
v 93.979164 8.554189 1.860372
v 93.975998 8.556892 1.855655
v 93.977951 8.555363 1.859910
v 93.976921 8.556289 1.858852
v 93.976234 8.556826 1.857358
v 93.968941 8.546394 1.856735
v 93.973083 8.545140 1.861303
v 93.969254 8.546438 1.858426
v 93.970154 8.546216 1.859888
v 93.971497 8.545759 1.860898
v 93.966461 8.534010 1.858020
v 93.970947 8.534466 1.862410
v 93.966805 8.534184 1.859697
v 93.967773 8.534332 1.861121
v 93.969231 8.534431 1.862074
v 93.968933 8.521626 1.859314
v 93.973076 8.523791 1.863526
v 93.969246 8.521931 1.860978
v 93.970146 8.522449 1.862362
v 93.971489 8.523103 1.863257
v 93.975983 8.511127 1.860420
v 93.979156 8.514742 1.864479
v 93.976227 8.511541 1.862072
v 93.976913 8.512375 1.863424
v 93.977943 8.513498 1.864269
v 94.011459 8.563904 1.854989
v 94.009727 8.560232 1.859798
v 94.011322 8.563765 1.856698
v 94.010948 8.563018 1.858212
v 94.010391 8.561777 1.859301
v 94.009712 8.508694 1.865164
v 94.011444 8.504108 1.861214
v 94.010376 8.507079 1.864995
v 94.010933 8.505641 1.864186
v 94.011307 8.504598 1.862858
v 93.999008 8.566368 1.854710
v 93.999001 8.562356 1.859558
v 93.999001 8.566203 1.856422
v 93.999001 8.565382 1.857945
v 93.999001 8.564032 1.859046
v 93.998985 8.506571 1.865365
v 93.998993 8.501647 1.861448
v 93.998985 8.504827 1.865209
v 93.998985 8.503278 1.864410
v 93.998985 8.502161 1.863089
v 93.986557 8.563906 1.854944
v 93.988266 8.560234 1.859759
v 93.986687 8.563766 1.856653
v 93.987053 8.563020 1.858169
v 93.987610 8.561779 1.859259
v 93.988251 8.508696 1.865125
v 93.986542 8.504111 1.861169
v 93.987595 8.507081 1.864954
v 93.987038 8.505643 1.864143
v 93.986664 8.504600 1.862813
v 94.015152 8.550530 1.860817
v 94.013443 8.549083 1.863337
v 94.014496 8.549902 1.861062
v 94.013947 8.549406 1.861627
v 94.013573 8.549118 1.862426
v 94.017876 8.542487 1.864032
v 94.020096 8.543158 1.861594
v 94.018044 8.542463 1.863127
v 94.018524 8.542583 1.862346
v 94.019249 8.542827 1.861808
v 94.019424 8.534706 1.864845
v 94.021835 8.534462 1.862503
v 94.019608 8.534613 1.863947
v 94.020134 8.534534 1.863187
v 94.020912 8.534480 1.862680
v 94.017868 8.526926 1.865652
v 94.020096 8.525766 1.863405
v 94.018036 8.526763 1.864761
v 94.018524 8.526485 1.864022
v 94.019241 8.526135 1.863545
v 94.013435 8.520330 1.866330
v 94.015137 8.518394 1.864163
v 94.013565 8.520108 1.865446
v 94.013939 8.519663 1.864724
v 94.014488 8.519061 1.864273
v 93.984535 8.549086 1.863285
v 93.982841 8.550533 1.860759
v 93.984406 8.549121 1.862373
v 93.984039 8.549408 1.861573
v 93.983490 8.549904 1.861006
v 93.977882 8.543161 1.861518
v 93.980103 8.542490 1.863963
v 93.978737 8.542830 1.861734
v 93.979454 8.542585 1.862275
v 93.979935 8.542466 1.863058
v 93.976143 8.534466 1.862420
v 93.978546 8.534710 1.864771
v 93.977066 8.534484 1.862600
v 93.977844 8.534537 1.863110
v 93.978363 8.534616 1.863872
v 93.977882 8.525769 1.863328
v 93.980103 8.526929 1.865583
v 93.978729 8.526138 1.863472
v 93.979454 8.526488 1.863951
v 93.979935 8.526766 1.864692
v 93.982834 8.518397 1.864105
v 93.984528 8.520333 1.866278
v 93.983482 8.519063 1.864217
v 93.984032 8.519665 1.864670
v 93.984398 8.520111 1.865393
v 94.007736 8.555456 1.860291
v 94.006813 8.553491 1.862866
v 94.007385 8.554629 1.860557
v 94.007088 8.553966 1.861140
v 94.006882 8.553566 1.861951
v 94.006805 8.515924 1.866777
v 94.007729 8.513470 1.864663
v 94.006874 8.515662 1.865897
v 94.007072 8.515104 1.865186
v 94.007378 8.514334 1.864753
v 93.998993 8.557187 1.860096
v 93.998993 8.555039 1.862691
v 93.998993 8.556290 1.860370
v 93.998993 8.555567 1.860959
v 93.998993 8.555127 1.861774
v 93.998978 8.514377 1.866924
v 93.998985 8.511741 1.864827
v 93.998985 8.514101 1.866045
v 93.998985 8.513504 1.865338
v 93.998985 8.512674 1.864910
v 93.990250 8.555458 1.860260
v 93.991165 8.553492 1.862838
v 93.990608 8.554630 1.860527
v 93.990906 8.553967 1.861111
v 93.991096 8.553567 1.861922
v 93.991158 8.515925 1.866749
v 93.990242 8.513471 1.864631
v 93.991089 8.515663 1.865868
v 93.990891 8.515105 1.865157
v 93.990593 8.514336 1.864722
v 93.973778 8.535404 -1.612907
v 93.965569 8.523181 -1.614195
v 93.962685 8.508763 -1.615701
v 93.965576 8.494347 -1.617197
v 93.973785 8.482124 -1.618454
v 94.027344 8.535409 -1.612811
v 94.035553 8.523187 -1.614068
v 94.038445 8.508770 -1.615564
v 94.035561 8.494352 -1.617070
v 94.027359 8.482129 -1.618357
v 93.986061 8.543572 -1.612035
v 93.986076 8.473959 -1.619282
v 94.000557 8.546441 -1.611710
v 94.000572 8.471092 -1.619555
v 94.015053 8.543574 -1.611982
v 94.015068 8.473961 -1.619230
v 93.974060 8.551913 -1.771483
v 93.965851 8.539691 -1.772771
v 93.962975 8.525272 -1.774277
v 93.965858 8.510856 -1.775773
v 93.974075 8.498633 -1.777030
v 94.027626 8.551918 -1.771386
v 94.035843 8.539696 -1.772644
v 94.038727 8.525279 -1.774140
v 94.035851 8.510861 -1.775646
v 94.027641 8.498638 -1.776933
v 93.986343 8.560081 -1.770611
v 93.986366 8.490468 -1.777858
v 94.000839 8.562950 -1.770286
v 94.000862 8.487601 -1.778130
v 94.015335 8.560083 -1.770558
v 94.015358 8.490470 -1.777806
v 93.969978 8.558238 -1.792452
v 93.964195 8.547462 -1.793585
v 93.980583 8.535446 -1.871954
v 93.964211 8.507537 -1.797741
v 93.969994 8.496762 -1.798852
v 94.031784 8.558243 -1.792341
v 94.037567 8.547468 -1.793452
v 94.021469 8.535450 -1.871880
v 94.037582 8.507543 -1.797608
v 94.031799 8.496767 -1.798741
v 93.980812 8.563990 -1.791834
v 93.980827 8.491012 -1.799432
v 94.001022 8.555779 -1.869800
v 94.001030 8.515118 -1.874033
v 94.020950 8.563993 -1.791761
v 94.020973 8.491015 -1.799359
v 93.929047 8.607701 -1.786039
v 93.932457 8.595544 -1.788636
v 93.920090 8.598793 -1.786983
v 93.898766 8.562608 -1.790789
v 93.903610 8.574247 -1.789568
v 93.911682 8.568222 -1.791518
v 93.892990 8.521057 -1.795125
v 93.892982 8.533655 -1.793813
v 93.898323 8.528026 -1.800882
v 93.903633 8.480467 -1.799332
v 93.898781 8.492105 -1.798129
v 93.911705 8.486769 -1.799998
v 93.929085 8.447017 -1.802768
v 93.920128 8.455924 -1.801857
v 93.932495 8.459451 -1.802804
v 94.072685 8.607714 -1.785779
v 94.081642 8.598805 -1.786691
v 94.069283 8.595554 -1.788389
v 94.102989 8.562624 -1.790419
v 94.090073 8.568236 -1.791195
v 94.098137 8.574263 -1.789216
v 94.108788 8.521074 -1.794734
v 94.103477 8.528042 -1.800510
v 94.108788 8.533672 -1.793422
v 94.098167 8.480482 -1.798979
v 94.090096 8.486783 -1.799675
v 94.103012 8.492122 -1.797759
v 94.072731 8.447028 -1.802508
v 94.069321 8.459461 -1.802557
v 94.081680 8.455937 -1.801564
v 93.965416 8.628925 -1.783764
v 93.959923 8.616215 -1.786435
v 93.953720 8.624104 -1.784287
v 93.965469 8.425798 -1.804911
v 93.953773 8.430618 -1.804431
v 93.959969 8.438784 -1.804907
v 94.007195 8.634688 -1.783089
v 94.000870 8.630061 -1.790075
v 93.994522 8.634687 -1.783112
v 94.007248 8.420043 -1.805435
v 93.994583 8.420042 -1.805458
v 94.000923 8.426006 -1.811318
v 94.048004 8.624111 -1.784117
v 94.041809 8.616221 -1.786286
v 94.036301 8.628931 -1.783636
v 94.048058 8.430626 -1.804260
v 94.036354 8.425804 -1.804783
v 94.041862 8.438790 -1.804758
v 93.929024 8.606281 -1.772396
v 93.920067 8.597372 -1.773340
v 93.928299 8.597414 -1.766829
v 93.898743 8.561188 -1.777146
v 93.906067 8.564312 -1.770315
v 93.903587 8.572827 -1.775925
v 93.892960 8.519637 -1.781482
v 93.898270 8.525268 -1.774394
v 93.892960 8.532235 -1.780170
v 93.903610 8.479047 -1.785689
v 93.906090 8.486224 -1.778445
v 93.898758 8.490685 -1.784486
v 93.929062 8.445596 -1.789125
v 93.928337 8.453126 -1.781850
v 93.920105 8.454504 -1.788214
v 94.072662 8.606293 -1.772136
v 94.073364 8.597425 -1.766566
v 94.081619 8.597385 -1.773048
v 94.102966 8.561204 -1.776776
v 94.098114 8.572843 -1.775573
v 94.095612 8.564327 -1.769972
v 94.108765 8.519654 -1.781091
v 94.108765 8.532252 -1.779779
v 94.103432 8.525284 -1.774022
v 94.098137 8.479062 -1.785336
v 94.102982 8.490702 -1.784116
v 94.095634 8.486239 -1.778101
v 94.072708 8.445607 -1.788865
v 94.081657 8.454516 -1.787921
v 94.073402 8.453137 -1.781588
v 93.965393 8.627505 -1.770121
v 93.953690 8.622684 -1.770644
v 93.961571 8.619534 -1.764466
v 93.965446 8.424378 -1.791268
v 93.961624 8.431012 -1.784093
v 93.953743 8.429198 -1.790788
v 94.007164 8.633267 -1.769446
v 93.994499 8.633266 -1.769469
v 94.000824 8.627303 -1.763587
v 94.007225 8.418622 -1.791792
v 94.000877 8.423248 -1.784830
v 93.994560 8.418621 -1.791815
v 94.047981 8.622691 -1.770474
v 94.036278 8.627511 -1.769993
v 94.040077 8.619540 -1.764324
v 94.048035 8.429206 -1.790617
v 94.040131 8.431018 -1.783950
v 94.036331 8.424383 -1.791140
v 93.986572 8.549823 -1.870446
v 93.982140 8.543227 -1.871141
v 93.982147 8.527666 -1.872761
v 93.986580 8.521070 -1.873439
v 94.015480 8.549826 -1.870394
v 94.019913 8.543230 -1.871073
v 94.019913 8.527669 -1.872692
v 94.015488 8.521073 -1.873387
v 93.993202 8.554231 -1.869975
v 93.993210 8.516665 -1.873886
v 94.008842 8.554232 -1.869947
v 94.008858 8.516665 -1.873858
v 93.928345 8.600172 -1.793317
v 93.906120 8.567070 -1.796803
v 93.906136 8.488982 -1.804933
v 93.928383 8.455884 -1.808338
v 94.095657 8.567085 -1.796460
v 94.073410 8.600183 -1.793054
v 94.073456 8.455895 -1.808076
v 94.095680 8.488997 -1.804589
v 93.961617 8.622292 -1.790954
v 93.961670 8.433769 -1.810581
v 94.040131 8.622297 -1.790812
v 94.040176 8.433776 -1.810439
v 93.974106 8.554671 -1.797971
v 93.965897 8.542448 -1.799259
v 93.963020 8.528030 -1.800765
v 93.965904 8.513614 -1.802261
v 93.974121 8.501391 -1.803518
v 94.027672 8.554676 -1.797874
v 94.035889 8.542454 -1.799132
v 94.038780 8.528036 -1.800628
v 94.035896 8.513618 -1.802134
v 94.027687 8.501396 -1.803421
v 93.986397 8.562840 -1.797099
v 93.986412 8.493225 -1.804346
v 94.000885 8.565708 -1.796774
v 94.000908 8.490359 -1.804618
v 94.015388 8.562841 -1.797046
v 94.015404 8.493228 -1.804294
v 93.977951 8.554725 -1.834954
v 93.970901 8.544226 -1.836060
v 93.968430 8.531841 -1.837354
v 93.970909 8.519457 -1.838639
v 93.977966 8.508959 -1.839719
v 94.023964 8.554729 -1.834871
v 94.031021 8.544230 -1.835951
v 94.033501 8.531846 -1.837236
v 94.031029 8.519463 -1.838530
v 94.023979 8.508963 -1.839635
v 93.988503 8.561740 -1.834205
v 93.988525 8.501945 -1.840430
v 94.000954 8.564205 -1.833926
v 94.000977 8.499483 -1.840664
v 94.013405 8.561743 -1.834159
v 94.013420 8.501947 -1.840385
v 93.977974 8.555809 -1.845374
v 93.970924 8.545310 -1.846480
v 93.968445 8.532926 -1.847774
v 93.970924 8.520542 -1.849059
v 93.977982 8.510044 -1.850139
v 94.023987 8.555813 -1.845291
v 94.031036 8.545315 -1.846371
v 94.033516 8.532931 -1.847656
v 94.031044 8.520547 -1.848950
v 94.023994 8.510048 -1.850056
v 93.988525 8.562825 -1.844625
v 93.988541 8.503030 -1.850850
v 94.000977 8.565289 -1.844346
v 94.000992 8.500567 -1.851084
v 94.013428 8.562827 -1.844580
v 94.013443 8.503032 -1.850805
v 93.977989 8.556636 -1.853310
v 93.970932 8.546137 -1.854416
v 93.968460 8.533752 -1.855710
v 93.970940 8.521368 -1.856995
v 93.977997 8.510870 -1.858075
v 94.023994 8.556640 -1.853227
v 94.031052 8.546142 -1.854307
v 94.033531 8.533757 -1.855592
v 94.031059 8.521373 -1.856886
v 94.024010 8.510874 -1.857992
v 93.988541 8.563651 -1.852561
v 93.988556 8.503857 -1.858786
v 94.000992 8.566115 -1.852282
v 94.001007 8.501394 -1.859020
v 94.013443 8.563653 -1.852516
v 94.013458 8.503859 -1.858741
v 93.977989 8.556889 -1.855738
v 93.981178 8.554185 -1.860444
v 93.978233 8.556823 -1.857440
v 93.978928 8.556286 -1.858932
v 93.979958 8.555360 -1.859987
v 93.975098 8.545135 -1.861397
v 93.970940 8.546389 -1.856844
v 93.973511 8.545755 -1.860998
v 93.972160 8.546211 -1.859993
v 93.971260 8.546433 -1.858534
v 93.972969 8.534461 -1.862512
v 93.968468 8.534005 -1.858138
v 93.971245 8.534427 -1.862182
v 93.969788 8.534328 -1.861234
v 93.968811 8.534180 -1.859814
v 93.975105 8.523787 -1.863619
v 93.970947 8.521621 -1.859423
v 93.973518 8.523098 -1.863357
v 93.972168 8.522445 -1.862467
v 93.971268 8.521926 -1.861086
v 93.981186 8.514739 -1.864550
v 93.978004 8.511123 -1.860503
v 93.979973 8.513495 -1.864345
v 93.978935 8.512371 -1.863503
v 93.978249 8.511539 -1.862154
v 94.020836 8.554189 -1.860372
v 94.024002 8.556892 -1.855655
v 94.022049 8.555363 -1.859910
v 94.023079 8.556289 -1.858852
v 94.023766 8.556826 -1.857358
v 94.031059 8.546394 -1.856735
v 94.026917 8.545140 -1.861303
v 94.030746 8.546438 -1.858426
v 94.029846 8.546216 -1.859888
v 94.028503 8.545759 -1.860898
v 94.033539 8.534010 -1.858020
v 94.029053 8.534466 -1.862410
v 94.033195 8.534184 -1.859697
v 94.032227 8.534332 -1.861121
v 94.030769 8.534431 -1.862074
v 94.031067 8.521626 -1.859314
v 94.026924 8.523791 -1.863526
v 94.030754 8.521931 -1.860978
v 94.029854 8.522449 -1.862362
v 94.028511 8.523103 -1.863257
v 94.024017 8.511127 -1.860420
v 94.020844 8.514742 -1.864479
v 94.023773 8.511541 -1.862072
v 94.023087 8.512375 -1.863424
v 94.022057 8.513498 -1.864269
v 93.988541 8.563904 -1.854989
v 93.990273 8.560232 -1.859798
v 93.988678 8.563765 -1.856698
v 93.989052 8.563018 -1.858212
v 93.989609 8.561777 -1.859301
v 93.990288 8.508694 -1.865164
v 93.988556 8.504108 -1.861214
v 93.989624 8.507079 -1.864995
v 93.989067 8.505641 -1.864186
v 93.988693 8.504598 -1.862858
v 94.000992 8.566368 -1.854710
v 94.000999 8.562356 -1.859558
v 94.000999 8.566203 -1.856422
v 94.000999 8.565382 -1.857945
v 94.000999 8.564032 -1.859046
v 94.001015 8.506571 -1.865365
v 94.001015 8.501647 -1.861448
v 94.001015 8.504827 -1.865209
v 94.001015 8.503278 -1.864410
v 94.001015 8.502161 -1.863089
v 94.013443 8.563906 -1.854944
v 94.011734 8.560234 -1.859759
v 94.013321 8.563766 -1.856653
v 94.012947 8.563020 -1.858169
v 94.012390 8.561779 -1.859259
v 94.011749 8.508696 -1.865125
v 94.013458 8.504111 -1.861169
v 94.012405 8.507081 -1.864954
v 94.012962 8.505643 -1.864143
v 94.013336 8.504600 -1.862813
v 93.984848 8.550530 -1.860817
v 93.986557 8.549083 -1.863337
v 93.985504 8.549902 -1.861062
v 93.986053 8.549406 -1.861627
v 93.986427 8.549118 -1.862426
v 93.982124 8.542487 -1.864032
v 93.979904 8.543158 -1.861594
v 93.981956 8.542463 -1.863127
v 93.981476 8.542583 -1.862346
v 93.980751 8.542827 -1.861808
v 93.980576 8.534706 -1.864845
v 93.978165 8.534462 -1.862503
v 93.980392 8.534613 -1.863947
v 93.979866 8.534534 -1.863187
v 93.979088 8.534480 -1.862680
v 93.982132 8.526926 -1.865652
v 93.979904 8.525766 -1.863405
v 93.981964 8.526763 -1.864761
v 93.981476 8.526485 -1.864022
v 93.980759 8.526135 -1.863545
v 93.986565 8.520330 -1.866330
v 93.984863 8.518394 -1.864163
v 93.986435 8.520108 -1.865446
v 93.986061 8.519663 -1.864724
v 93.985512 8.519061 -1.864273
v 94.015465 8.549086 -1.863285
v 94.017159 8.550533 -1.860759
v 94.015594 8.549121 -1.862373
v 94.015961 8.549408 -1.861573
v 94.016510 8.549904 -1.861006
v 94.022118 8.543161 -1.861518
v 94.019897 8.542490 -1.863963
v 94.021263 8.542830 -1.861734
v 94.020546 8.542585 -1.862275
v 94.020065 8.542466 -1.863058
v 94.023857 8.534466 -1.862420
v 94.021454 8.534710 -1.864771
v 94.022934 8.534484 -1.862600
v 94.022156 8.534537 -1.863110
v 94.021637 8.534616 -1.863872
v 94.022118 8.525769 -1.863328
v 94.019897 8.526929 -1.865583
v 94.021271 8.526138 -1.863472
v 94.020546 8.526488 -1.863951
v 94.020065 8.526766 -1.864692
v 94.017166 8.518397 -1.864105
v 94.015472 8.520333 -1.866278
v 94.016518 8.519063 -1.864217
v 94.015968 8.519665 -1.864670
v 94.015602 8.520111 -1.865393
v 93.992264 8.555456 -1.860291
v 93.993187 8.553491 -1.862866
v 93.992615 8.554629 -1.860557
v 93.992912 8.553966 -1.861140
v 93.993118 8.553566 -1.861951
v 93.993195 8.515924 -1.866777
v 93.992271 8.513470 -1.864663
v 93.993126 8.515662 -1.865897
v 93.992928 8.515104 -1.865186
v 93.992622 8.514334 -1.864753
v 94.001007 8.557187 -1.860096
v 94.001007 8.555039 -1.862691
v 94.001007 8.556290 -1.860370
v 94.001007 8.555567 -1.860959
v 94.001007 8.555127 -1.861774
v 94.001022 8.514377 -1.866924
v 94.001015 8.511741 -1.864827
v 94.001015 8.514101 -1.866045
v 94.001015 8.513504 -1.865338
v 94.001015 8.512674 -1.864910
v 94.009750 8.555458 -1.860260
v 94.008835 8.553492 -1.862838
v 94.009392 8.554630 -1.860527
v 94.009094 8.553967 -1.861111
v 94.008904 8.553567 -1.861922
v 94.008842 8.515925 -1.866749
v 94.009758 8.513471 -1.864631
v 94.008911 8.515663 -1.865868
v 94.009109 8.515105 -1.865157
v 94.009407 8.514336 -1.864722
v 95.612907 8.535404 -0.026226
v 95.614197 8.523181 -0.034434
v 95.615700 8.508763 -0.037313
v 95.617195 8.494347 -0.034426
v 95.618454 8.482124 -0.026212
v 95.612808 8.535409 0.027342
v 95.614067 8.523187 0.035556
v 95.615562 8.508770 0.038443
v 95.617073 8.494352 0.035564
v 95.618355 8.482129 0.027356
v 95.612038 8.543572 -0.013940
v 95.619286 8.473959 -0.013921
v 95.611710 8.546441 0.000555
v 95.619553 8.471092 0.000575
v 95.611984 8.543574 0.015051
v 95.619232 8.473961 0.015070
v 95.771484 8.551913 -0.025940
v 95.772774 8.539691 -0.034148
v 95.774277 8.525272 -0.037027
v 95.775772 8.510856 -0.034140
v 95.777031 8.498633 -0.025926
v 95.771385 8.551918 0.027628
v 95.772644 8.539696 0.035842
v 95.774139 8.525279 0.038729
v 95.775642 8.510861 0.035850
v 95.776932 8.498638 0.027642
v 95.770607 8.560081 -0.013654
v 95.777855 8.490468 -0.013635
v 95.770287 8.562950 0.000841
v 95.778130 8.487601 0.000861
v 95.770561 8.560083 0.015337
v 95.777809 8.490470 0.015356
v 95.792450 8.558238 -0.030023
v 95.793587 8.547462 -0.035802
v 95.871956 8.535446 -0.019414
v 95.797745 8.507537 -0.035791
v 95.798851 8.496762 -0.030006
v 95.792343 8.558243 0.031785
v 95.793449 8.547468 0.037570
v 95.871880 8.535450 0.021468
v 95.797607 8.507543 0.037581
v 95.798744 8.496767 0.031801
v 95.791832 8.563990 -0.019191
v 95.799431 8.491012 -0.019172
v 95.869797 8.555779 0.001021
v 95.874031 8.515118 0.001032
v 95.791763 8.563993 0.020950
v 95.799362 8.491015 0.020970
v 95.786041 8.607701 -0.070955
v 95.788635 8.595544 -0.067543
v 95.786980 8.598793 -0.079909
v 95.790787 8.562608 -0.101235
v 95.789566 8.574247 -0.096391
v 95.791519 8.568222 -0.088316
v 95.795128 8.521057 -0.107014
v 95.793816 8.533655 -0.107017
v 95.800880 8.528026 -0.101680
v 95.799332 8.480467 -0.096366
v 95.798126 8.492105 -0.101216
v 95.799995 8.486769 -0.088294
v 95.802765 8.447017 -0.070912
v 95.801857 8.455924 -0.079870
v 95.802803 8.459451 -0.067506
v 95.785782 8.607714 0.072686
v 95.786690 8.598805 0.081645
v 95.788391 8.595554 0.069285
v 95.790421 8.562624 0.102990
v 95.791199 8.568236 0.090073
v 95.789215 8.574263 0.098140
v 95.794731 8.521074 0.108791
v 95.800507 8.528042 0.103477
v 95.793419 8.533672 0.108788
v 95.798981 8.480482 0.098165
v 95.799675 8.486783 0.090095
v 95.797760 8.492122 0.103009
v 95.802505 8.447028 0.072729
v 95.802559 8.459461 0.069322
v 95.801567 8.455937 0.081683
v 95.783768 8.628925 -0.034582
v 95.786438 8.616215 -0.040081
v 95.784286 8.624104 -0.046283
v 95.804909 8.425798 -0.034527
v 95.804428 8.430618 -0.046230
v 95.804909 8.438784 -0.040033
v 95.783089 8.634688 0.007191
v 95.790077 8.630061 0.000871
v 95.783112 8.634687 -0.005475
v 95.805435 8.420043 0.007249
v 95.805458 8.420042 -0.005417
v 95.811317 8.426006 0.000926
v 95.784119 8.624111 0.048005
v 95.786285 8.616221 0.041812
v 95.783638 8.628931 0.036301
v 95.804260 8.430626 0.048057
v 95.804787 8.425804 0.036356
v 95.804756 8.438790 0.041860
v 95.772400 8.606281 -0.070980
v 95.773338 8.597372 -0.079934
v 95.766830 8.597414 -0.071702
v 95.777145 8.561188 -0.101259
v 95.770317 8.564312 -0.093930
v 95.775925 8.572827 -0.096415
v 95.781479 8.519637 -0.107038
v 95.774391 8.525268 -0.101728
v 95.780167 8.532235 -0.107042
v 95.785690 8.479047 -0.096390
v 95.778442 8.486224 -0.093909
v 95.784485 8.490685 -0.101241
v 95.789124 8.445596 -0.070936
v 95.781853 8.453126 -0.071664
v 95.788216 8.454504 -0.079895
v 95.772133 8.606293 0.072661
v 95.766563 8.597425 0.073365
v 95.773048 8.597385 0.081620
v 95.776779 8.561204 0.102965
v 95.775574 8.572843 0.098115
v 95.769974 8.564327 0.095611
v 95.781090 8.519654 0.108767
v 95.779778 8.532252 0.108763
v 95.774025 8.525284 0.103429
v 95.785339 8.479062 0.098140
v 95.784119 8.490702 0.102984
v 95.778099 8.486239 0.095632
v 95.788864 8.445607 0.072704
v 95.787918 8.454516 0.081658
v 95.781586 8.453137 0.073404
v 95.770119 8.627505 -0.034606
v 95.770645 8.622684 -0.046307
v 95.764465 8.619534 -0.038430
v 95.791267 8.424378 -0.034552
v 95.784096 8.431012 -0.038379
v 95.790787 8.429198 -0.046255
v 95.769447 8.633267 0.007167
v 95.769470 8.633266 -0.005500
v 95.763588 8.627303 0.000823
v 95.791794 8.418622 0.007224
v 95.784828 8.423248 0.000878
v 95.791817 8.418621 -0.005442
v 95.770477 8.622691 0.047980
v 95.769989 8.627511 0.036277
v 95.764320 8.619540 0.040081
v 95.790619 8.429206 0.048032
v 95.783951 8.431018 0.040131
v 95.791138 8.424383 0.036331
v 95.870445 8.549823 -0.013431
v 95.871140 8.543227 -0.017860
v 95.872765 8.527666 -0.017856
v 95.873436 8.521070 -0.013423
v 95.870392 8.549826 0.015477
v 95.871071 8.543230 0.019910
v 95.872696 8.527669 0.019914
v 95.873390 8.521073 0.015485
v 95.869972 8.554231 -0.006800
v 95.873886 8.516665 -0.006790
v 95.869949 8.554232 0.008844
v 95.873856 8.516665 0.008854
v 95.793320 8.600172 -0.071655
v 95.796806 8.567070 -0.093882
v 95.804932 8.488982 -0.093861
v 95.808334 8.455884 -0.071616
v 95.796463 8.567085 0.095658
v 95.793053 8.600183 0.073413
v 95.808075 8.455895 0.073452
v 95.804588 8.488997 0.095679
v 95.790955 8.622292 -0.038382
v 95.810577 8.433769 -0.038331
v 95.790810 8.622297 0.040128
v 95.810440 8.433776 0.040179
v 95.797974 8.554671 -0.025892
v 95.799255 8.542448 -0.034100
v 95.800766 8.528030 -0.036979
v 95.802261 8.513614 -0.034092
v 95.803520 8.501391 -0.025878
v 95.797874 8.554676 0.027675
v 95.799133 8.542454 0.035890
v 95.800629 8.528036 0.038777
v 95.802132 8.513618 0.035897
v 95.803421 8.501396 0.027690
v 95.797096 8.562840 -0.013606
v 95.804344 8.493225 -0.013587
v 95.796776 8.565708 0.000888
v 95.804619 8.490359 0.000909
v 95.797043 8.562841 0.015385
v 95.804291 8.493228 0.015403
v 95.834953 8.554725 -0.022048
v 95.836060 8.544226 -0.029098
v 95.837357 8.531841 -0.031571
v 95.838638 8.519457 -0.029091
v 95.839722 8.508959 -0.022036
v 95.834869 8.554729 0.023965
v 95.835953 8.544230 0.031020
v 95.837234 8.531846 0.033500
v 95.838531 8.519463 0.031027
v 95.839638 8.508963 0.023977
v 95.834206 8.561740 -0.011494
v 95.840431 8.501945 -0.011478
v 95.833923 8.564205 0.000956
v 95.840660 8.499483 0.000973
v 95.834160 8.561743 0.013407
v 95.840385 8.501947 0.013423
v 95.845375 8.555809 -0.022029
v 95.846481 8.545310 -0.029079
v 95.847771 8.532926 -0.031552
v 95.849060 8.520542 -0.029072
v 95.850136 8.510044 -0.022017
v 95.845291 8.555813 0.023983
v 95.846375 8.545315 0.031039
v 95.847656 8.532931 0.033519
v 95.848953 8.520547 0.031046
v 95.850060 8.510048 0.023996
v 95.844627 8.562825 -0.011476
v 95.850853 8.503030 -0.011459
v 95.844345 8.565289 0.000975
v 95.851082 8.500567 0.000992
v 95.844582 8.562827 0.013426
v 95.850807 8.503032 0.013442
v 95.853310 8.556636 -0.022015
v 95.854416 8.546137 -0.029065
v 95.855713 8.533752 -0.031538
v 95.856995 8.521368 -0.029058
v 95.858078 8.510870 -0.022002
v 95.853226 8.556640 0.023998
v 95.854309 8.546142 0.031053
v 95.855591 8.533757 0.033533
v 95.856888 8.521373 0.031060
v 95.857994 8.510874 0.024010
v 95.852562 8.563651 -0.011461
v 95.858788 8.503857 -0.011445
v 95.852280 8.566115 0.000989
v 95.859016 8.501394 0.001006
v 95.852516 8.563653 0.013440
v 95.858742 8.503859 0.013457
v 95.855736 8.556889 -0.022010
v 95.860443 8.554185 -0.018825
v 95.857437 8.556823 -0.021765
v 95.858932 8.556286 -0.021074
v 95.859985 8.555360 -0.020042
v 95.861397 8.545135 -0.024902
v 95.856842 8.546389 -0.029060
v 95.861000 8.545755 -0.026491
v 95.859993 8.546211 -0.027839
v 95.858536 8.546433 -0.028741
v 95.862511 8.534461 -0.027033
v 95.858139 8.534005 -0.031534
v 95.862183 8.534427 -0.028753
v 95.861237 8.534328 -0.030212
v 95.859818 8.534180 -0.031189
v 95.863617 8.523787 -0.024896
v 95.859421 8.521621 -0.029054
v 95.863358 8.523098 -0.026485
v 95.862465 8.522445 -0.027833
v 95.861084 8.521926 -0.028735
v 95.864548 8.514739 -0.018814
v 95.860504 8.511123 -0.021998
v 95.864342 8.513495 -0.020030
v 95.863503 8.512371 -0.021062
v 95.862152 8.511539 -0.021753
v 95.860374 8.554189 0.020834
v 95.855652 8.556892 0.024002
v 95.859909 8.555363 0.022049
v 95.858849 8.556289 0.023078
v 95.857361 8.556826 0.023763
v 95.856735 8.546394 0.031058
v 95.861305 8.545140 0.026916
v 95.858429 8.546438 0.030745
v 95.859886 8.546216 0.029848
v 95.860901 8.545759 0.028503
v 95.858017 8.534010 0.033538
v 95.862411 8.534466 0.029053
v 95.859695 8.534184 0.033199
v 95.861122 8.534332 0.032228
v 95.862076 8.534431 0.030772
v 95.859314 8.521626 0.031065
v 95.863525 8.523791 0.026922
v 95.860977 8.521931 0.030752
v 95.862366 8.522449 0.029854
v 95.863258 8.523103 0.028509
v 95.860420 8.511127 0.024014
v 95.864479 8.514742 0.020845
v 95.862076 8.511541 0.023776
v 95.863426 8.512375 0.023089
v 95.864265 8.513498 0.022060
v 95.854988 8.563904 -0.011457
v 95.859795 8.560232 -0.009729
v 95.856697 8.563765 -0.011323
v 95.858215 8.563018 -0.010947
v 95.859299 8.561777 -0.010388
v 95.865166 8.508694 -0.009715
v 95.861214 8.504108 -0.011441
v 95.864998 8.507079 -0.010373
v 95.864189 8.505641 -0.010932
v 95.862862 8.504598 -0.011307
v 95.854713 8.566368 0.000993
v 95.859558 8.562356 0.001002
v 95.856422 8.566203 0.000996
v 95.857948 8.565382 0.000999
v 95.859047 8.564032 0.001001
v 95.865364 8.506571 0.001017
v 95.861450 8.501647 0.001011
v 95.865211 8.504827 0.001017
v 95.864410 8.503278 0.001016
v 95.863091 8.502161 0.001014
v 95.854942 8.563906 0.013445
v 95.859756 8.560234 0.011735
v 95.856651 8.563766 0.013317
v 95.858170 8.563020 0.012947
v 95.859261 8.561779 0.012392
v 95.865128 8.508696 0.011749
v 95.861168 8.504111 0.013461
v 95.864952 8.507081 0.012406
v 95.864143 8.505643 0.012963
v 95.862816 8.504600 0.013333
v 95.860817 8.550530 -0.015149
v 95.863335 8.549083 -0.013443
v 95.861061 8.549902 -0.014498
v 95.861626 8.549406 -0.013945
v 95.862427 8.549118 -0.013575
v 95.864029 8.542487 -0.017873
v 95.861595 8.543158 -0.020099
v 95.863129 8.542463 -0.018043
v 95.862343 8.542583 -0.018527
v 95.861809 8.542827 -0.019249
v 95.864845 8.534706 -0.019427
v 95.862503 8.534462 -0.021836
v 95.863945 8.534613 -0.019611
v 95.863190 8.534534 -0.020134
v 95.862679 8.534480 -0.020915
v 95.865654 8.526926 -0.017869
v 95.863403 8.525766 -0.020095
v 95.864761 8.526763 -0.018039
v 95.864021 8.526485 -0.018522
v 95.863548 8.526135 -0.019244
v 95.866333 8.520330 -0.013436
v 95.864166 8.518394 -0.015140
v 95.865448 8.520108 -0.013567
v 95.864723 8.519663 -0.013937
v 95.864273 8.519061 -0.014489
v 95.863281 8.549086 0.015464
v 95.860756 8.550533 0.017160
v 95.862373 8.549121 0.015592
v 95.861572 8.549408 0.015959
v 95.861008 8.549904 0.016510
v 95.861519 8.543161 0.022115
v 95.863960 8.542490 0.019897
v 95.861732 8.542830 0.021265
v 95.862274 8.542585 0.020545
v 95.863060 8.542466 0.020064
v 95.862419 8.534466 0.023856
v 95.864769 8.534710 0.021455
v 95.862602 8.534484 0.022936
v 95.863113 8.534537 0.022156
v 95.863869 8.534616 0.021636
v 95.863327 8.525769 0.022119
v 95.865585 8.526929 0.019901
v 95.863472 8.526138 0.021269
v 95.863953 8.526488 0.020549
v 95.864693 8.526766 0.020069
v 95.864105 8.518397 0.017169
v 95.866280 8.520333 0.015472
v 95.864220 8.519063 0.016518
v 95.864670 8.519665 0.015967
v 95.865395 8.520111 0.015600
v 95.860291 8.555456 -0.007738
v 95.862869 8.553491 -0.006813
v 95.860558 8.554629 -0.007386
v 95.861137 8.553966 -0.007086
v 95.861954 8.553566 -0.006885
v 95.866776 8.515924 -0.006803
v 95.864662 8.513470 -0.007727
v 95.865898 8.515662 -0.006875
v 95.865189 8.515104 -0.007076
v 95.864754 8.514334 -0.007375
v 95.860092 8.557187 0.001004
v 95.862694 8.555039 0.001009
v 95.860367 8.556290 0.001004
v 95.860962 8.555567 0.001006
v 95.861771 8.555127 0.001007
v 95.866920 8.514377 0.001020
v 95.864830 8.511741 0.001016
v 95.866043 8.514101 0.001018
v 95.865341 8.513504 0.001017
v 95.864906 8.512674 0.001016
v 95.860260 8.555458 0.009747
v 95.862839 8.553492 0.008831
v 95.860527 8.554630 0.009395
v 95.861115 8.553967 0.009098
v 95.861923 8.553567 0.008900
v 95.866753 8.515925 0.008842
v 95.864632 8.513471 0.009758
v 95.865868 8.515663 0.008910
v 95.865158 8.515105 0.009108
v 95.864723 8.514336 0.009406
v 92.387093 8.535404 0.026226
v 92.385803 8.523181 0.034434
v 92.384300 8.508763 0.037313
v 92.382805 8.494347 0.034426
v 92.381546 8.482124 0.026212
v 92.387192 8.535409 -0.027342
v 92.385933 8.523187 -0.035556
v 92.384438 8.508770 -0.038443
v 92.382927 8.494352 -0.035564
v 92.381645 8.482129 -0.027356
v 92.387962 8.543572 0.013940
v 92.380714 8.473959 0.013921
v 92.388290 8.546441 -0.000555
v 92.380447 8.471092 -0.000575
v 92.388016 8.543574 -0.015051
v 92.380768 8.473961 -0.015070
v 92.228516 8.551913 0.025940
v 92.227226 8.539691 0.034148
v 92.225723 8.525272 0.037027
v 92.224228 8.510856 0.034140
v 92.222969 8.498633 0.025926
v 92.228615 8.551918 -0.027628
v 92.227356 8.539696 -0.035842
v 92.225861 8.525279 -0.038729
v 92.224358 8.510861 -0.035850
v 92.223068 8.498638 -0.027642
v 92.229393 8.560081 0.013654
v 92.222145 8.490468 0.013635
v 92.229713 8.562950 -0.000841
v 92.221870 8.487601 -0.000861
v 92.229439 8.560083 -0.015337
v 92.222191 8.490470 -0.015356
v 92.207550 8.558238 0.030023
v 92.206413 8.547462 0.035802
v 92.128044 8.535446 0.019414
v 92.202255 8.507537 0.035791
v 92.201149 8.496762 0.030006
v 92.207657 8.558243 -0.031785
v 92.206551 8.547468 -0.037570
v 92.128120 8.535450 -0.021468
v 92.202393 8.507543 -0.037581
v 92.201256 8.496767 -0.031801
v 92.208168 8.563990 0.019191
v 92.200569 8.491012 0.019171
v 92.130203 8.555779 -0.001022
v 92.125969 8.515118 -0.001033
v 92.208237 8.563993 -0.020950
v 92.200638 8.491015 -0.020970
v 92.213959 8.607701 0.070955
v 92.211365 8.595544 0.067543
v 92.213020 8.598793 0.079909
v 92.209213 8.562608 0.101235
v 92.210434 8.574247 0.096391
v 92.208481 8.568222 0.088316
v 92.204872 8.521057 0.107014
v 92.206184 8.533655 0.107017
v 92.199120 8.528026 0.101680
v 92.200668 8.480467 0.096366
v 92.201874 8.492105 0.101216
v 92.200005 8.486769 0.088294
v 92.197235 8.447017 0.070912
v 92.198143 8.455924 0.079870
v 92.197197 8.459451 0.067506
v 92.214218 8.607714 -0.072686
v 92.213310 8.598805 -0.081645
v 92.211609 8.595554 -0.069285
v 92.209579 8.562624 -0.102990
v 92.208801 8.568236 -0.090073
v 92.210785 8.574263 -0.098140
v 92.205269 8.521074 -0.108791
v 92.199493 8.528042 -0.103477
v 92.206581 8.533672 -0.108788
v 92.201019 8.480482 -0.098165
v 92.200325 8.486783 -0.090095
v 92.202240 8.492122 -0.103009
v 92.197495 8.447028 -0.072729
v 92.197441 8.459461 -0.069322
v 92.198433 8.455937 -0.081683
v 92.216232 8.628925 0.034582
v 92.213562 8.616215 0.040081
v 92.215714 8.624104 0.046282
v 92.195091 8.425798 0.034527
v 92.195572 8.430618 0.046230
v 92.195091 8.438784 0.040033
v 92.216911 8.634688 -0.007191
v 92.209923 8.630061 -0.000871
v 92.216888 8.634687 0.005475
v 92.194565 8.420043 -0.007249
v 92.194542 8.420042 0.005417
v 92.188683 8.426006 -0.000926
v 92.215881 8.624111 -0.048005
v 92.213715 8.616221 -0.041812
v 92.216362 8.628931 -0.036301
v 92.195740 8.430626 -0.048057
v 92.195213 8.425804 -0.036356
v 92.195244 8.438790 -0.041860
v 92.227600 8.606281 0.070979
v 92.226662 8.597372 0.079933
v 92.233170 8.597414 0.071702
v 92.222855 8.561188 0.101259
v 92.229683 8.564312 0.093930
v 92.224075 8.572827 0.096415
v 92.218521 8.519637 0.107038
v 92.225609 8.525268 0.101727
v 92.219833 8.532235 0.107042
v 92.214310 8.479047 0.096390
v 92.221558 8.486224 0.093909
v 92.215515 8.490685 0.101240
v 92.210876 8.445596 0.070936
v 92.218147 8.453126 0.071664
v 92.211784 8.454504 0.079895
v 92.227867 8.606293 -0.072661
v 92.233437 8.597425 -0.073365
v 92.226952 8.597385 -0.081620
v 92.223221 8.561204 -0.102965
v 92.224426 8.572843 -0.098115
v 92.230026 8.564327 -0.095611
v 92.218910 8.519654 -0.108767
v 92.220222 8.532252 -0.108763
v 92.225975 8.525284 -0.103429
v 92.214661 8.479062 -0.098140
v 92.215881 8.490702 -0.102984
v 92.221901 8.486239 -0.095632
v 92.211136 8.445607 -0.072704
v 92.212082 8.454516 -0.081658
v 92.218414 8.453137 -0.073404
v 92.229881 8.627505 0.034606
v 92.229355 8.622684 0.046307
v 92.235535 8.619534 0.038429
v 92.208733 8.424378 0.034552
v 92.215904 8.431012 0.038379
v 92.209213 8.429198 0.046255
v 92.230553 8.633267 -0.007167
v 92.230530 8.633266 0.005499
v 92.236412 8.627303 -0.000824
v 92.208206 8.418622 -0.007225
v 92.215172 8.423248 -0.000878
v 92.208183 8.418621 0.005442
v 92.229523 8.622691 -0.047980
v 92.230011 8.627511 -0.036277
v 92.235680 8.619540 -0.040081
v 92.209381 8.429206 -0.048032
v 92.216049 8.431018 -0.040131
v 92.208862 8.424383 -0.036331
v 92.129555 8.549823 0.013431
v 92.128860 8.543227 0.017860
v 92.127235 8.527666 0.017856
v 92.126564 8.521070 0.013423
v 92.129608 8.549826 -0.015477
v 92.128929 8.543230 -0.019910
v 92.127304 8.527669 -0.019914
v 92.126610 8.521073 -0.015485
v 92.130028 8.554231 0.006800
v 92.126114 8.516665 0.006790
v 92.130051 8.554232 -0.008844
v 92.126144 8.516665 -0.008854
v 92.206680 8.600172 0.071655
v 92.203194 8.567070 0.093882
v 92.195068 8.488982 0.093861
v 92.191666 8.455884 0.071616
v 92.203537 8.567085 -0.095658
v 92.206947 8.600183 -0.073413
v 92.191925 8.455895 -0.073452
v 92.195412 8.488997 -0.095679
v 92.209045 8.622292 0.038382
v 92.189423 8.433769 0.038331
v 92.209190 8.622297 -0.040128
v 92.189560 8.433776 -0.040179
v 92.202026 8.554671 0.025892
v 92.200745 8.542448 0.034100
v 92.199234 8.528030 0.036979
v 92.197739 8.513614 0.034092
v 92.196480 8.501391 0.025878
v 92.202126 8.554676 -0.027675
v 92.200867 8.542454 -0.035890
v 92.199371 8.528036 -0.038777
v 92.197868 8.513618 -0.035897
v 92.196579 8.501396 -0.027690
v 92.202904 8.562840 0.013606
v 92.195656 8.493225 0.013587
v 92.203224 8.565708 -0.000889
v 92.195381 8.490359 -0.000909
v 92.202957 8.562841 -0.015385
v 92.195709 8.493228 -0.015403
v 92.165047 8.554725 0.022048
v 92.163940 8.544226 0.029098
v 92.162643 8.531841 0.031571
v 92.161362 8.519457 0.029091
v 92.160278 8.508959 0.022035
v 92.165131 8.554729 -0.023965
v 92.164047 8.544230 -0.031020
v 92.162766 8.531846 -0.033500
v 92.161469 8.519463 -0.031027
v 92.160362 8.508963 -0.023977
v 92.165794 8.561740 0.011494
v 92.159569 8.501945 0.011478
v 92.166077 8.564205 -0.000956
v 92.159340 8.499483 -0.000973
v 92.165840 8.561743 -0.013407
v 92.159615 8.501947 -0.013424
v 92.154625 8.555809 0.022029
v 92.153519 8.545310 0.029079
v 92.152229 8.532926 0.031552
v 92.150940 8.520542 0.029072
v 92.149864 8.510044 0.022017
v 92.154709 8.555813 -0.023984
v 92.153625 8.545315 -0.031039
v 92.152344 8.532931 -0.033519
v 92.151047 8.520547 -0.031046
v 92.149940 8.510048 -0.023996
v 92.155373 8.562825 0.011475
v 92.149147 8.503030 0.011459
v 92.155655 8.565289 -0.000975
v 92.148918 8.500567 -0.000992
v 92.155418 8.562827 -0.013426
v 92.149193 8.503032 -0.013442
v 92.146690 8.556636 0.022015
v 92.145584 8.546137 0.029065
v 92.144287 8.533752 0.031538
v 92.143005 8.521368 0.029058
v 92.141922 8.510870 0.022002
v 92.146774 8.556640 -0.023998
v 92.145691 8.546142 -0.031054
v 92.144409 8.533757 -0.033533
v 92.143112 8.521373 -0.031060
v 92.142006 8.510874 -0.024010
v 92.147438 8.563651 0.011461
v 92.141212 8.503857 0.011445
v 92.147720 8.566115 -0.000989
v 92.140984 8.501394 -0.001006
v 92.147484 8.563653 -0.013441
v 92.141258 8.503859 -0.013457
v 92.144264 8.556889 0.022010
v 92.139557 8.554185 0.018825
v 92.142563 8.556823 0.021765
v 92.141068 8.556286 0.021074
v 92.140015 8.555360 0.020042
v 92.138603 8.545135 0.024902
v 92.143158 8.546389 0.029060
v 92.139000 8.545755 0.026491
v 92.140007 8.546211 0.027839
v 92.141464 8.546433 0.028741
v 92.137489 8.534461 0.027033
v 92.141861 8.534005 0.031534
v 92.137817 8.534427 0.028753
v 92.138763 8.534328 0.030212
v 92.140182 8.534180 0.031189
v 92.136383 8.523787 0.024896
v 92.140579 8.521621 0.029054
v 92.136642 8.523098 0.026485
v 92.137535 8.522445 0.027833
v 92.138916 8.521926 0.028735
v 92.135452 8.514739 0.018814
v 92.139496 8.511123 0.021998
v 92.135658 8.513495 0.020030
v 92.136497 8.512371 0.021062
v 92.137848 8.511539 0.021753
v 92.139626 8.554189 -0.020834
v 92.144348 8.556892 -0.024002
v 92.140091 8.555363 -0.022049
v 92.141151 8.556289 -0.023078
v 92.142639 8.556826 -0.023763
v 92.143265 8.546394 -0.031058
v 92.138695 8.545140 -0.026916
v 92.141571 8.546438 -0.030745
v 92.140114 8.546216 -0.029848
v 92.139099 8.545759 -0.028503
v 92.141983 8.534010 -0.033538
v 92.137589 8.534466 -0.029053
v 92.140305 8.534184 -0.033199
v 92.138878 8.534332 -0.032228
v 92.137924 8.534431 -0.030772
v 92.140686 8.521626 -0.031065
v 92.136475 8.523791 -0.026922
v 92.139023 8.521931 -0.030752
v 92.137634 8.522449 -0.029854
v 92.136742 8.523103 -0.028509
v 92.139580 8.511127 -0.024014
v 92.135521 8.514742 -0.020845
v 92.137924 8.511541 -0.023776
v 92.136574 8.512375 -0.023089
v 92.135735 8.513498 -0.022060
v 92.145012 8.563904 0.011457
v 92.140205 8.560232 0.009729
v 92.143303 8.563765 0.011323
v 92.141785 8.563018 0.010947
v 92.140701 8.561777 0.010388
v 92.134834 8.508694 0.009715
v 92.138786 8.504108 0.011441
v 92.135002 8.507079 0.010373
v 92.135811 8.505641 0.010932
v 92.137138 8.504598 0.011307
v 92.145287 8.566368 -0.000993
v 92.140442 8.562356 -0.001002
v 92.143578 8.566203 -0.000997
v 92.142052 8.565382 -0.000999
v 92.140953 8.564032 -0.001001
v 92.134636 8.506571 -0.001018
v 92.138550 8.501647 -0.001011
v 92.134789 8.504827 -0.001017
v 92.135590 8.503278 -0.001016
v 92.136909 8.502161 -0.001014
v 92.145058 8.563906 -0.013445
v 92.140244 8.560234 -0.011735
v 92.143349 8.563766 -0.013317
v 92.141830 8.563020 -0.012947
v 92.140739 8.561779 -0.012392
v 92.134872 8.508696 -0.011749
v 92.138832 8.504111 -0.013461
v 92.135048 8.507081 -0.012406
v 92.135857 8.505643 -0.012963
v 92.137184 8.504600 -0.013333
v 92.139183 8.550530 0.015149
v 92.136665 8.549083 0.013443
v 92.138939 8.549902 0.014498
v 92.138374 8.549406 0.013945
v 92.137573 8.549118 0.013575
v 92.135971 8.542487 0.017873
v 92.138405 8.543158 0.020099
v 92.136871 8.542463 0.018043
v 92.137657 8.542583 0.018527
v 92.138191 8.542827 0.019248
v 92.135155 8.534706 0.019427
v 92.137497 8.534462 0.021836
v 92.136055 8.534613 0.019611
v 92.136810 8.534534 0.020134
v 92.137321 8.534480 0.020915
v 92.134346 8.526926 0.017868
v 92.136597 8.525766 0.020095
v 92.135239 8.526763 0.018039
v 92.135979 8.526485 0.018522
v 92.136452 8.526135 0.019244
v 92.133667 8.520330 0.013436
v 92.135834 8.518394 0.015140
v 92.134552 8.520108 0.013567
v 92.135277 8.519663 0.013937
v 92.135727 8.519061 0.014489
v 92.136719 8.549086 -0.015464
v 92.139244 8.550533 -0.017160
v 92.137627 8.549121 -0.015592
v 92.138428 8.549408 -0.015959
v 92.138992 8.549904 -0.016510
v 92.138481 8.543161 -0.022115
v 92.136040 8.542490 -0.019897
v 92.138268 8.542830 -0.021265
v 92.137726 8.542585 -0.020545
v 92.136940 8.542466 -0.020064
v 92.137581 8.534466 -0.023856
v 92.135231 8.534710 -0.021455
v 92.137398 8.534484 -0.022936
v 92.136887 8.534537 -0.022156
v 92.136131 8.534616 -0.021636
v 92.136673 8.525769 -0.022119
v 92.134415 8.526929 -0.019901
v 92.136528 8.526138 -0.021269
v 92.136047 8.526488 -0.020549
v 92.135307 8.526766 -0.020069
v 92.135895 8.518397 -0.017169
v 92.133720 8.520333 -0.015472
v 92.135780 8.519063 -0.016518
v 92.135330 8.519665 -0.015967
v 92.134605 8.520111 -0.015600
v 92.139709 8.555456 0.007738
v 92.137131 8.553491 0.006813
v 92.139442 8.554629 0.007386
v 92.138863 8.553966 0.007086
v 92.138046 8.553566 0.006885
v 92.133224 8.515924 0.006803
v 92.135338 8.513470 0.007727
v 92.134102 8.515662 0.006875
v 92.134811 8.515104 0.007075
v 92.135246 8.514334 0.007375
v 92.139908 8.557187 -0.001004
v 92.137306 8.555039 -0.001009
v 92.139633 8.556290 -0.001004
v 92.139038 8.555567 -0.001006
v 92.138229 8.555127 -0.001007
v 92.133080 8.514377 -0.001020
v 92.135170 8.511741 -0.001016
v 92.133957 8.514101 -0.001018
v 92.134659 8.513504 -0.001017
v 92.135094 8.512674 -0.001016
v 92.139740 8.555458 -0.009747
v 92.137161 8.553492 -0.008831
v 92.139473 8.554630 -0.009395
v 92.138885 8.553967 -0.009098
v 92.138077 8.553567 -0.008900
v 92.133247 8.515925 -0.008842
v 92.135368 8.513471 -0.009758
v 92.134132 8.515663 -0.008910
v 92.134842 8.515105 -0.009108
v 92.135277 8.514336 -0.009406
vn -0.0018 0.1035 0.9946
vn 0.8316 0.5525 -0.0560
vn 0.9808 0.1940 -0.0184
vn 0.9807 -0.1941 0.0220
vn 0.8313 -0.5527 0.0590
vn -0.8313 0.5527 -0.0590
vn -0.9807 0.1941 -0.0220
vn -0.9808 -0.1940 0.0184
vn -0.8316 -0.5525 0.0560
vn 0.5558 0.8270 -0.0851
vn 0.5553 -0.8270 0.0871
vn 0.1953 0.9755 -0.1012
vn 0.1948 -0.9755 0.1019
vn -0.1948 0.9755 -0.1019
vn -0.1953 -0.9755 0.1012
vn -0.5553 0.8270 -0.0871
vn -0.5558 -0.8270 0.0851
vn 0.5446 0.6085 0.5772
vn 0.7118 0.3595 0.6034
vn 0.7704 0.0658 0.6341
vn 0.7116 -0.2279 0.6646
vn 0.5443 -0.4768 0.6902
vn -0.5466 0.6086 0.5752
vn -0.7139 0.3596 0.6009
vn -0.7727 0.0659 0.6313
vn -0.7140 -0.2277 0.6620
vn -0.5469 -0.4767 0.6882
vn 0.2943 0.7748 0.5595
vn 0.2939 -0.6432 0.7071
vn -0.0009 0.8333 0.5528
vn -0.0013 -0.7015 0.7126
vn -0.2962 0.7749 0.5584
vn -0.2966 -0.6431 0.7060
vn 0.5469 0.4767 -0.6882
vn 0.7140 0.2277 -0.6620
vn 0.7727 -0.0659 -0.6313
vn 0.7139 -0.3596 -0.6009
vn 0.5466 -0.6086 -0.5752
vn -0.5443 0.4768 -0.6902
vn -0.7116 0.2279 -0.6646
vn -0.7704 -0.0658 -0.6341
vn -0.7118 -0.3595 -0.6034
vn -0.5446 -0.6085 -0.5772
vn 0.2966 0.6431 -0.7060
vn 0.2962 -0.7749 -0.5584
vn 0.0013 0.7015 -0.7126
vn 0.0009 -0.8333 -0.5528
vn -0.2939 0.6432 -0.7071
vn -0.2943 -0.7748 -0.5595
vn 0.7073 0.7033 -0.0719
vn 0.9240 0.3806 -0.0380
vn 1.0000 -0.0001 0.0018
vn 0.9238 -0.3807 0.0413
vn 0.7069 -0.7034 0.0745
vn -0.9238 0.3807 -0.0413
vn -0.7069 0.7034 -0.0745
vn -1.0000 0.0001 -0.0018
vn -0.9240 -0.3806 0.0380
vn -0.7073 -0.7032 0.0719
vn 0.3829 0.9189 -0.0950
vn 0.3824 -0.9189 0.0964
vn 0.0003 0.9946 -0.1035
vn -0.0003 -0.9946 0.1035
vn -0.3824 0.9189 -0.0964
vn -0.3829 -0.9189 0.0950
vn 0.5893 0.3175 -0.7429
vn 0.6948 0.0639 -0.7163
vn 0.6948 -0.2105 -0.6878
vn 0.5891 -0.4640 -0.6616
vn -0.5866 0.3176 -0.7451
vn -0.6922 0.0640 -0.7188
vn -0.6923 -0.2104 -0.6903
vn -0.5868 -0.4639 -0.6637
vn 0.3943 0.5115 -0.7635
vn 0.3940 -0.6580 -0.6417
vn 0.1394 0.6166 -0.7749
vn 0.1390 -0.7630 -0.6312
vn -0.1365 0.6166 -0.7754
vn -0.1369 -0.7630 -0.6317
vn -0.3914 0.5116 -0.7649
vn -0.3917 -0.6580 -0.6431
vn 0.5868 0.4639 0.6637
vn 0.6923 0.2104 0.6903
vn 0.6922 -0.0640 0.7188
vn 0.5866 -0.3176 0.7450
vn -0.5891 0.4640 0.6616
vn -0.6948 0.2105 0.6878
vn -0.6948 -0.0639 0.7163
vn -0.5893 -0.3175 0.7429
vn 0.3917 0.6580 0.6431
vn 0.3914 -0.5116 0.7649
vn 0.1369 0.7630 0.6318
vn 0.1365 -0.6166 0.7754
vn -0.1390 0.7630 0.6312
vn -0.1394 -0.6166 0.7749
vn -0.3940 0.6580 0.6417
vn -0.3943 -0.5115 0.7635
vn -0.0018 0.1036 0.9946
vn 0.1954 0.9755 -0.1012
vn 0.0018 -0.1036 -0.9946
vn 0.0018 -0.1035 -0.9946
vn 0.6116 0.4411 0.6568
vn 0.6114 -0.2966 0.7336
vn -0.6139 0.4412 0.6546
vn -0.6141 -0.2965 0.7314
vn 0.3698 0.6817 0.6313
vn 0.3694 -0.5372 0.7582
vn -0.3719 0.6818 0.6300
vn -0.3723 -0.5372 0.7569
vn -0.6054 -0.3558 0.7120
vn -0.6051 0.4951 0.6234
vn 0.6027 -0.3559 0.7142
vn 0.6030 0.4950 0.6256
vn -0.4291 -0.5311 0.7306
vn -0.4288 0.6705 0.6055
vn 0.4264 -0.5312 0.7321
vn 0.4267 0.6704 0.6070
vn 0.7225 -0.2280 0.6527
vn -0.2951 0.7845 0.5455
vn -0.2954 -0.6552 0.6953
vn 0.7227 0.3571 0.5918
vn -0.7249 -0.2278 0.6501
vn 0.2932 0.7844 0.5465
vn 0.2928 -0.6552 0.6964
vn -0.7248 0.3573 0.5891
vn 0.8231 0.5616 0.0848
vn 0.9708 0.2066 0.1220
vn 0.9707 -0.1776 0.1620
vn 0.8228 -0.5325 0.1987
vn -0.8233 0.5617 0.0818
vn -0.9712 0.2068 0.1185
vn -0.9713 -0.1774 0.1585
vn -0.8236 -0.5324 0.1957
vn 0.5500 0.8333 0.0560
vn 0.5496 -0.8042 0.2265
vn 0.1932 0.9804 0.0400
vn 0.1926 -0.9512 0.2411
vn -0.1931 0.9804 0.0393
vn -0.1936 -0.9512 0.2404
vn -0.5501 0.8334 0.0540
vn -0.5505 -0.8041 0.2245
vn -0.8313 0.5526 -0.0590
vn 0.5554 -0.8270 0.0871
vn -0.8133 0.5197 -0.2617
vn 0.3777 0.8881 -0.2621
vn -0.8534 0.4275 -0.2983
vn -0.3608 0.8828 -0.3009
vn -0.4551 0.8234 -0.3388
vn -0.9103 -0.3926 -0.1311
vn -0.9088 -0.3809 -0.1704
vn 0.3620 0.8827 -0.2996
vn 0.8196 -0.5622 -0.1103
vn 0.7705 -0.6065 -0.1961
vn 0.5830 -0.7930 -0.1770
vn 0.5476 -0.8326 -0.0826
vn -0.5432 0.7882 -0.2891
vn 0.8143 0.5196 -0.2587
vn 0.9109 0.3575 -0.2059
vn 0.8545 0.4273 -0.2952
vn 0.5444 0.7882 -0.2872
vn 0.9093 -0.3810 -0.1671
vn 0.9107 -0.3927 -0.1278
vn -0.3766 0.8881 -0.2635
vn -0.8193 -0.5621 -0.1133
vn -0.7699 -0.6064 -0.1989
vn -0.5825 -0.7929 -0.1791
vn -0.5475 -0.8325 -0.0846
vn 0.4565 0.8234 -0.3372
vn -0.5470 0.7975 -0.2543
vn 0.9095 0.3379 -0.2419
vn -0.5820 0.7393 -0.3386
vn -0.7696 0.5528 -0.3195
vn 0.4560 -0.8754 -0.1603
vn -0.3613 -0.9256 -0.1127
vn 0.5481 0.7975 -0.2524
vn 0.5439 -0.8307 -0.1186
vn -0.3771 -0.9231 -0.0749
vn 0.8543 -0.4794 -0.2008
vn 0.8140 -0.5621 -0.1461
vn -0.8190 0.5271 -0.2267
vn -0.9101 0.3577 -0.2092
vn 0.5834 0.7392 -0.3365
vn -0.9086 0.3381 -0.2452
vn 0.8199 0.5270 -0.2237
vn -0.5436 -0.8306 -0.1206
vn 0.3772 -0.9232 -0.0735
vn -0.4556 -0.8753 -0.1620
vn 0.3615 -0.9257 -0.1114
vn -0.8536 -0.4793 -0.2039
vn -0.8136 -0.5620 -0.1491
vn 0.7708 0.5527 -0.3168
vn 0.1604 0.2093 0.9646
vn 0.4605 0.3930 0.7959
vn 0.6904 0.5170 0.5060
vn 0.8153 0.5621 0.1391
vn 0.1896 0.1394 0.9719
vn 0.5434 0.1939 0.8168
vn 0.8145 0.2188 0.5373
vn 0.9616 0.2105 0.1760
vn 0.1896 0.0637 0.9798
vn 0.5434 -0.0217 0.8392
vn 0.8144 -0.1038 0.5709
vn 0.9615 -0.1702 0.2156
vn 0.1604 -0.0062 0.9870
vn 0.4603 -0.2210 0.8598
vn 0.6902 -0.4019 0.6017
vn 0.8150 -0.5219 0.2519
vn -0.8157 0.5623 0.1361
vn -0.6922 0.5170 0.5035
vn -0.4633 0.3931 0.7942
vn -0.1640 0.2093 0.9640
vn -0.9622 0.2106 0.1725
vn -0.8164 0.2189 0.5343
vn -0.5464 0.1939 0.8148
vn -0.1931 0.1395 0.9712
vn -0.9623 -0.1700 0.2121
vn -0.8165 -0.1038 0.5679
vn -0.5465 -0.0217 0.8372
vn -0.1931 0.0637 0.9791
vn -0.8160 -0.5217 0.2490
vn -0.6925 -0.4019 0.5991
vn -0.4635 -0.2208 0.8581
vn -0.1640 -0.0061 0.9864
vn 0.1066 0.2628 0.9589
vn 0.3073 0.5455 0.7797
vn 0.4611 0.7451 0.4818
vn 0.5448 0.8313 0.1106
vn 0.5443 -0.7910 0.2795
vn 0.4608 -0.6301 0.6250
vn 0.3070 -0.3733 0.8754
vn 0.1066 -0.0599 0.9925
vn 0.0364 0.2918 0.9558
vn 0.1071 0.6281 0.7707
vn 0.1615 0.8686 0.4684
vn 0.1913 0.9770 0.0948
vn 0.1907 -0.9366 0.2940
vn 0.1610 -0.7536 0.6373
vn 0.1067 -0.4558 0.8836
vn 0.0362 -0.0888 0.9954
vn -0.0398 0.2920 0.9556
vn -0.1098 0.6280 0.7704
vn -0.1630 0.8686 0.4679
vn -0.1914 0.9770 0.0941
vn -0.1919 -0.9366 0.2933
vn -0.1634 -0.7535 0.6368
vn -0.1100 -0.4560 0.8832
vn -0.0399 -0.0888 0.9953
vn -0.1101 0.2630 0.9585
vn -0.3100 0.5455 0.7786
vn -0.4627 0.7452 0.4801
vn -0.5450 0.8314 0.1086
vn -0.5455 -0.7908 0.2775
vn -0.4631 -0.6300 0.6233
vn -0.3102 -0.3733 0.8743
vn -0.1102 -0.0598 0.9921
vn 0.5558 0.8269 -0.0851
vn 0.8313 -0.5526 0.0590
vn -0.5554 0.8270 -0.0871
vn 0.6905 0.5169 0.5060
vn 0.4606 0.3931 0.7958
vn 0.1605 0.2093 0.9646
vn 0.8145 -0.1039 0.5708
vn 0.5433 -0.0217 0.8392
vn 0.1897 0.0637 0.9798
vn 0.8149 -0.5219 0.2519
vn 0.4604 -0.2210 0.8598
vn 0.1604 -0.0064 0.9870
vn -0.1639 0.2092 0.9640
vn -0.4633 0.3932 0.7942
vn -0.8157 0.5622 0.1361
vn -0.1931 0.1394 0.9712
vn -0.5464 0.1940 0.8148
vn -0.8165 0.2189 0.5343
vn -0.5464 -0.0216 0.8372
vn -0.1639 -0.0060 0.9865
vn -0.4635 -0.2210 0.8581
vn 0.5447 0.8313 0.1106
vn 0.4612 0.7450 0.4819
vn 0.3073 0.5457 0.7796
vn 0.1067 0.2628 0.9589
vn 0.3071 -0.3734 0.8754
vn 0.5444 -0.7909 0.2795
vn 0.1912 0.9770 0.0948
vn 0.1615 0.8686 0.4685
vn 0.1071 0.6280 0.7708
vn 0.0364 0.2921 0.9557
vn 0.0362 -0.0890 0.9954
vn 0.1067 -0.4558 0.8837
vn -0.1915 0.9770 0.0941
vn -0.1098 0.6281 0.7704
vn -0.0398 0.2919 0.9556
vn -0.0398 -0.0887 0.9953
vn -0.1100 -0.4558 0.8833
vn -0.1634 -0.7536 0.6367
vn -0.4627 0.7453 0.4801
vn -0.3100 0.5455 0.7787
vn -0.1100 0.2628 0.9585
vn -0.1101 -0.0595 0.9921
vn -0.3103 -0.3734 0.8742
vn -0.4631 -0.6301 0.6233
vn -0.5455 -0.7909 0.2775
vn 0.0018 0.1035 -0.9946
vn -0.8316 0.5525 0.0560
vn -0.9808 0.1940 0.0184
vn -0.9807 -0.1941 -0.0220
vn -0.8313 -0.5527 -0.0590
vn 0.8313 0.5527 0.0590
vn 0.9807 0.1941 0.0220
vn 0.9808 -0.1940 -0.0184
vn 0.8316 -0.5525 -0.0560
vn -0.5558 0.8270 0.0851
vn -0.5553 -0.8270 -0.0871
vn -0.1954 0.9755 0.1012
vn -0.1948 -0.9755 -0.1019
vn 0.1948 0.9755 0.1019
vn 0.1953 -0.9755 -0.1012
vn 0.5553 0.8270 0.0871
vn 0.5558 -0.8270 -0.0851
vn -0.5446 0.6085 -0.5772
vn -0.7118 0.3595 -0.6034
vn -0.7704 0.0658 -0.6341
vn -0.7116 -0.2279 -0.6646
vn -0.5443 -0.4768 -0.6902
vn 0.5466 0.6086 -0.5752
vn 0.7139 0.3596 -0.6009
vn 0.7727 0.0659 -0.6313
vn 0.7140 -0.2277 -0.6620
vn 0.5469 -0.4767 -0.6882
vn -0.2943 0.7748 -0.5595
vn -0.2939 -0.6432 -0.7071
vn 0.0009 0.8333 -0.5528
vn 0.0013 -0.7015 -0.7126
vn 0.2962 0.7749 -0.5584
vn 0.2966 -0.6431 -0.7060
vn -0.5469 0.4767 0.6882
vn -0.7140 0.2277 0.6620
vn -0.7727 -0.0659 0.6313
vn -0.7139 -0.3596 0.6009
vn -0.5466 -0.6086 0.5752
vn 0.5443 0.4768 0.6902
vn 0.7116 0.2279 0.6646
vn 0.7704 -0.0658 0.6341
vn 0.7118 -0.3595 0.6034
vn 0.5446 -0.6085 0.5772
vn -0.2966 0.6431 0.7060
vn -0.2962 -0.7749 0.5584
vn -0.0013 0.7015 0.7126
vn -0.0009 -0.8333 0.5528
vn 0.2939 0.6432 0.7071
vn 0.2943 -0.7748 0.5595
vn -0.7073 0.7033 0.0719
vn -0.9240 0.3806 0.0380
vn -1.0000 -0.0001 -0.0018
vn -0.9238 -0.3807 -0.0413
vn -0.7069 -0.7034 -0.0745
vn 0.9238 0.3807 0.0413
vn 0.7069 0.7034 0.0745
vn 1.0000 0.0001 0.0018
vn 0.9240 -0.3806 -0.0380
vn 0.7073 -0.7032 -0.0719
vn -0.3829 0.9189 0.0950
vn -0.3824 -0.9189 -0.0964
vn -0.0003 0.9946 0.1035
vn 0.0003 -0.9946 -0.1035
vn 0.3824 0.9189 0.0964
vn 0.3829 -0.9189 -0.0950
vn -0.5893 0.3175 0.7429
vn -0.6948 0.0639 0.7163
vn -0.6948 -0.2105 0.6878
vn -0.5891 -0.4640 0.6616
vn 0.5866 0.3176 0.7451
vn 0.6922 0.0640 0.7188
vn 0.6923 -0.2104 0.6903
vn 0.5868 -0.4639 0.6637
vn -0.3943 0.5115 0.7635
vn -0.3940 -0.6580 0.6417
vn -0.1394 0.6166 0.7749
vn -0.1390 -0.7630 0.6312
vn 0.1365 0.6166 0.7754
vn 0.1369 -0.7630 0.6317
vn 0.3914 0.5116 0.7649
vn 0.3917 -0.6580 0.6431
vn -0.5868 0.4639 -0.6637
vn -0.6923 0.2104 -0.6903
vn -0.6922 -0.0640 -0.7188
vn -0.5866 -0.3176 -0.7450
vn 0.5891 0.4640 -0.6616
vn 0.6948 0.2105 -0.6878
vn 0.6948 -0.0639 -0.7163
vn 0.5893 -0.3175 -0.7429
vn -0.3917 0.6580 -0.6431
vn -0.3914 -0.5116 -0.7649
vn -0.1369 0.7630 -0.6318
vn -0.1365 -0.6166 -0.7754
vn 0.1390 0.7630 -0.6312
vn 0.1394 -0.6166 -0.7749
vn 0.3940 0.6580 -0.6417
vn 0.3943 -0.5115 -0.7635
vn 0.0018 0.1036 -0.9946
vn 0.1954 -0.9755 -0.1012
vn -0.0018 -0.1036 0.9946
vn -0.0018 -0.1035 0.9946
vn -0.6116 0.4411 -0.6568
vn -0.6114 -0.2966 -0.7336
vn 0.6139 0.4412 -0.6546
vn 0.6141 -0.2965 -0.7314
vn -0.3698 0.6817 -0.6313
vn -0.3694 -0.5372 -0.7582
vn 0.3719 0.6817 -0.6300
vn 0.3723 -0.5372 -0.7569
vn 0.6054 -0.3558 -0.7120
vn 0.6051 0.4951 -0.6234
vn -0.6027 -0.3559 -0.7142
vn -0.6030 0.4950 -0.6256
vn 0.4291 -0.5311 -0.7306
vn 0.4288 0.6705 -0.6055
vn -0.4264 -0.5312 -0.7321
vn -0.4267 0.6704 -0.6070
vn -0.7225 -0.2280 -0.6527
vn 0.2951 0.7845 -0.5455
vn 0.2954 -0.6552 -0.6953
vn -0.7227 0.3571 -0.5918
vn 0.7249 -0.2278 -0.6501
vn -0.2932 0.7844 -0.5465
vn -0.2928 -0.6552 -0.6964
vn 0.7248 0.3573 -0.5891
vn -0.8231 0.5616 -0.0848
vn -0.9708 0.2066 -0.1220
vn -0.9707 -0.1776 -0.1620
vn -0.8228 -0.5325 -0.1987
vn 0.8233 0.5617 -0.0818
vn 0.9712 0.2068 -0.1185
vn 0.9713 -0.1774 -0.1585
vn 0.8236 -0.5324 -0.1957
vn -0.5500 0.8333 -0.0560
vn -0.5496 -0.8042 -0.2265
vn -0.1932 0.9804 -0.0400
vn -0.1926 -0.9512 -0.2411
vn 0.1931 0.9804 -0.0393
vn 0.1936 -0.9512 -0.2404
vn 0.5501 0.8334 -0.0540
vn 0.5505 -0.8041 -0.2245
vn 0.8313 0.5526 0.0590
vn -0.5554 -0.8270 -0.0871
vn 0.8133 0.5197 0.2617
vn -0.3777 0.8881 0.2621
vn 0.8534 0.4275 0.2983
vn 0.3608 0.8828 0.3009
vn 0.4551 0.8234 0.3388
vn 0.9103 -0.3926 0.1311
vn 0.9088 -0.3809 0.1704
vn -0.3620 0.8827 0.2996
vn -0.8196 -0.5622 0.1103
vn -0.7705 -0.6065 0.1961
vn -0.5830 -0.7930 0.1770
vn -0.5476 -0.8326 0.0826
vn 0.5432 0.7882 0.2891
vn -0.8143 0.5196 0.2587
vn -0.9109 0.3575 0.2059
vn -0.8545 0.4273 0.2952
vn -0.5444 0.7882 0.2872
vn -0.9093 -0.3810 0.1671
vn -0.9107 -0.3927 0.1278
vn 0.3766 0.8881 0.2635
vn 0.8193 -0.5621 0.1133
vn 0.7699 -0.6064 0.1989
vn 0.5825 -0.7929 0.1791
vn 0.5475 -0.8325 0.0846
vn -0.4565 0.8234 0.3372
vn 0.5470 0.7975 0.2543
vn -0.9095 0.3379 0.2419
vn 0.5820 0.7393 0.3386
vn 0.7696 0.5528 0.3195
vn -0.4560 -0.8754 0.1603
vn 0.3613 -0.9256 0.1127
vn -0.5481 0.7975 0.2524
vn -0.5439 -0.8307 0.1186
vn 0.3771 -0.9231 0.0749
vn -0.8543 -0.4794 0.2008
vn -0.8140 -0.5621 0.1461
vn 0.8190 0.5271 0.2267
vn 0.9101 0.3577 0.2092
vn -0.5834 0.7392 0.3365
vn 0.9086 0.3381 0.2452
vn -0.8199 0.5270 0.2237
vn 0.5436 -0.8306 0.1206
vn -0.3772 -0.9232 0.0735
vn 0.4556 -0.8753 0.1620
vn -0.3615 -0.9257 0.1114
vn 0.8536 -0.4793 0.2039
vn 0.8136 -0.5620 0.1491
vn -0.7708 0.5527 0.3168
vn -0.1604 0.2093 -0.9646
vn -0.4605 0.3930 -0.7959
vn -0.6904 0.5170 -0.5060
vn -0.8153 0.5621 -0.1391
vn -0.1896 0.1394 -0.9719
vn -0.5434 0.1939 -0.8168
vn -0.8145 0.2188 -0.5373
vn -0.9616 0.2104 -0.1760
vn -0.1896 0.0637 -0.9798
vn -0.5434 -0.0217 -0.8392
vn -0.8144 -0.1038 -0.5709
vn -0.9615 -0.1702 -0.2156
vn -0.1604 -0.0062 -0.9870
vn -0.4603 -0.2210 -0.8598
vn -0.6902 -0.4019 -0.6017
vn -0.8150 -0.5219 -0.2519
vn 0.8157 0.5623 -0.1361
vn 0.6922 0.5170 -0.5035
vn 0.4633 0.3931 -0.7942
vn 0.1640 0.2093 -0.9640
vn 0.9622 0.2106 -0.1725
vn 0.8164 0.2189 -0.5343
vn 0.5464 0.1940 -0.8148
vn 0.1931 0.1395 -0.9712
vn 0.9623 -0.1700 -0.2121
vn 0.8165 -0.1038 -0.5679
vn 0.5465 -0.0217 -0.8372
vn 0.1931 0.0637 -0.9791
vn 0.8160 -0.5217 -0.2490
vn 0.6925 -0.4019 -0.5991
vn 0.4635 -0.2208 -0.8581
vn 0.1640 -0.0062 -0.9864
vn -0.1066 0.2628 -0.9589
vn -0.3073 0.5455 -0.7797
vn -0.4611 0.7451 -0.4818
vn -0.5448 0.8313 -0.1106
vn -0.5443 -0.7910 -0.2795
vn -0.4608 -0.6301 -0.6250
vn -0.3070 -0.3733 -0.8754
vn -0.1066 -0.0599 -0.9925
vn -0.0364 0.2918 -0.9558
vn -0.1070 0.6281 -0.7707
vn -0.1615 0.8686 -0.4684
vn -0.1913 0.9770 -0.0948
vn -0.1907 -0.9366 -0.2940
vn -0.1610 -0.7536 -0.6373
vn -0.1067 -0.4558 -0.8836
vn -0.0362 -0.0888 -0.9954
vn 0.0398 0.2920 -0.9556
vn 0.1098 0.6280 -0.7705
vn 0.1630 0.8686 -0.4679
vn 0.1914 0.9770 -0.0941
vn 0.1919 -0.9366 -0.2933
vn 0.1634 -0.7535 -0.6368
vn 0.1100 -0.4560 -0.8832
vn 0.0399 -0.0888 -0.9953
vn 0.1101 0.2629 -0.9585
vn 0.3100 0.5456 -0.7786
vn 0.4627 0.7452 -0.4801
vn 0.5450 0.8314 -0.1086
vn 0.5455 -0.7908 -0.2775
vn 0.4631 -0.6300 -0.6233
vn 0.3102 -0.3733 -0.8743
vn 0.1102 -0.0598 -0.9921
vn -0.5558 0.8269 0.0851
vn -0.8313 -0.5526 -0.0590
vn 0.5554 0.8270 0.0871
vn -0.1953 0.9755 0.1012
vn -0.4606 0.3930 -0.7959
vn -0.1605 0.2093 -0.9646
vn -0.8145 -0.1039 -0.5708
vn -0.5433 -0.0217 -0.8392
vn -0.1897 0.0637 -0.9798
vn -0.8150 -0.5218 -0.2519
vn -0.6902 -0.4021 -0.6017
vn -0.4604 -0.2211 -0.8598
vn -0.1604 -0.0063 -0.9870
vn 0.1639 0.2092 -0.9640
vn 0.4633 0.3932 -0.7942
vn 0.6922 0.5171 -0.5035
vn 0.8157 0.5622 -0.1361
vn 0.1931 0.1394 -0.9712
vn 0.8165 0.2189 -0.5343
vn 0.5464 -0.0216 -0.8372
vn 0.1639 -0.0060 -0.9865
vn 0.4635 -0.2210 -0.8581
vn -0.5447 0.8313 -0.1106
vn -0.4612 0.7450 -0.4819
vn -0.3073 0.5457 -0.7796
vn -0.1067 0.2628 -0.9589
vn -0.3071 -0.3734 -0.8754
vn -0.5444 -0.7909 -0.2795
vn -0.1615 0.8686 -0.4685
vn -0.1071 0.6280 -0.7708
vn -0.0364 0.2919 -0.9558
vn -0.0362 -0.0890 -0.9954
vn -0.1067 -0.4558 -0.8837
vn 0.1098 0.6281 -0.7704
vn 0.0398 0.2919 -0.9556
vn 0.0398 -0.0887 -0.9953
vn 0.1100 -0.4559 -0.8832
vn 0.1634 -0.7536 -0.6367
vn 0.4627 0.7452 -0.4802
vn 0.1100 0.2628 -0.9585
vn 0.1101 -0.0595 -0.9921
vn 0.3103 -0.3735 -0.8742
vn 0.4631 -0.6301 -0.6233
vn 0.5455 -0.7909 -0.2775
vn 0.9946 0.1035 0.0018
vn -0.0560 0.5525 -0.8316
vn -0.0184 0.1940 -0.9808
vn 0.0220 -0.1941 -0.9807
vn 0.0590 -0.5527 -0.8313
vn -0.0590 0.5527 0.8313
vn -0.0220 0.1941 0.9807
vn 0.0184 -0.1940 0.9808
vn 0.0560 -0.5525 0.8316
vn -0.0851 0.8270 -0.5558
vn 0.0871 -0.8270 -0.5553
vn -0.1012 0.9755 -0.1954
vn 0.1019 -0.9755 -0.1948
vn -0.1019 0.9755 0.1948
vn 0.1012 -0.9755 0.1953
vn -0.0871 0.8270 0.5553
vn 0.0851 -0.8270 0.5558
vn 0.5772 0.6085 -0.5446
vn 0.6034 0.3595 -0.7118
vn 0.6341 0.0658 -0.7704
vn 0.6646 -0.2279 -0.7116
vn 0.6902 -0.4768 -0.5443
vn 0.5753 0.6086 0.5466
vn 0.6009 0.3596 0.7139
vn 0.6313 0.0659 0.7727
vn 0.6620 -0.2277 0.7141
vn 0.6882 -0.4767 0.5469
vn 0.5595 0.7748 -0.2943
vn 0.7071 -0.6431 -0.2939
vn 0.5528 0.8333 0.0009
vn 0.7126 -0.7015 0.0014
vn 0.5584 0.7749 0.2962
vn 0.7060 -0.6431 0.2966
vn -0.6882 0.4767 -0.5469
vn -0.6620 0.2278 -0.7140
vn -0.6313 -0.0659 -0.7727
vn -0.6009 -0.3596 -0.7139
vn -0.5753 -0.6086 -0.5466
vn -0.6902 0.4768 0.5443
vn -0.6646 0.2279 0.7116
vn -0.6341 -0.0658 0.7704
vn -0.6035 -0.3595 0.7118
vn -0.5772 -0.6085 0.5446
vn -0.7060 0.6431 -0.2966
vn -0.5584 -0.7749 -0.2962
vn -0.7126 0.7015 -0.0013
vn -0.5528 -0.8333 -0.0009
vn -0.7071 0.6431 0.2939
vn -0.5595 -0.7748 0.2943
vn -0.0719 0.7032 -0.7073
vn -0.0380 0.3806 -0.9240
vn 0.0018 -0.0001 -1.0000
vn 0.0413 -0.3807 -0.9238
vn 0.0745 -0.7034 -0.7069
vn -0.0413 0.3807 0.9238
vn -0.0745 0.7034 0.7069
vn -0.0018 0.0001 1.0000
vn 0.0380 -0.3806 0.9240
vn 0.0719 -0.7033 0.7073
vn -0.0950 0.9189 -0.3829
vn 0.0964 -0.9189 -0.3824
vn -0.1035 0.9946 -0.0003
vn 0.1035 -0.9946 0.0003
vn -0.0964 0.9189 0.3824
vn 0.0950 -0.9189 0.3829
vn -0.7429 0.3175 -0.5893
vn -0.7163 0.0639 -0.6948
vn -0.6878 -0.2105 -0.6947
vn -0.6616 -0.4640 -0.5891
vn -0.7450 0.3176 0.5866
vn -0.7188 0.0640 0.6922
vn -0.6903 -0.2104 0.6923
vn -0.6637 -0.4639 0.5868
vn -0.7635 0.5115 -0.3943
vn -0.6417 -0.6580 -0.3940
vn -0.7749 0.6166 -0.1394
vn -0.6312 -0.7630 -0.1390
vn -0.7754 0.6166 0.1365
vn -0.6317 -0.7630 0.1369
vn -0.7649 0.5116 0.3914
vn -0.6431 -0.6580 0.3917
vn 0.6637 0.4639 -0.5868
vn 0.6903 0.2104 -0.6923
vn 0.7188 -0.0640 -0.6922
vn 0.7451 -0.3176 -0.5866
vn 0.6616 0.4640 0.5891
vn 0.6878 0.2105 0.6947
vn 0.7163 -0.0639 0.6948
vn 0.7429 -0.3175 0.5893
vn 0.6431 0.6580 -0.3917
vn 0.7649 -0.5116 -0.3914
vn 0.6317 0.7630 -0.1369
vn 0.7754 -0.6166 -0.1365
vn 0.6312 0.7630 0.1390
vn 0.7749 -0.6166 0.1394
vn 0.6417 0.6580 0.3940
vn 0.7635 -0.5115 0.3943
vn -0.0590 0.5526 0.8313
vn -0.1012 0.9755 -0.1953
vn -0.9946 -0.1035 -0.0018
vn 0.6568 0.4411 -0.6116
vn 0.7336 -0.2966 -0.6114
vn 0.6546 0.4411 0.6139
vn 0.7314 -0.2965 0.6141
vn 0.6313 0.6817 -0.3698
vn 0.7582 -0.5372 -0.3694
vn 0.6300 0.6818 0.3719
vn 0.7569 -0.5372 0.3723
vn 0.7120 -0.3558 0.6054
vn 0.6234 0.4951 0.6051
vn 0.7142 -0.3559 -0.6027
vn 0.6256 0.4950 -0.6030
vn 0.7306 -0.5311 0.4291
vn 0.6055 0.6705 0.4288
vn 0.7321 -0.5312 -0.4264
vn 0.6070 0.6704 -0.4267
vn 0.6527 -0.2280 -0.7225
vn 0.5454 0.7845 0.2951
vn 0.6953 -0.6552 0.2955
vn 0.5918 0.3571 -0.7227
vn 0.6501 -0.2279 0.7249
vn 0.5465 0.7844 -0.2932
vn 0.6964 -0.6552 -0.2928
vn 0.5891 0.3573 0.7248
vn 0.0848 0.5616 -0.8231
vn 0.1220 0.2066 -0.9708
vn 0.1620 -0.1776 -0.9707
vn 0.1987 -0.5325 -0.8228
vn 0.0818 0.5617 0.8233
vn 0.1185 0.2068 0.9712
vn 0.1585 -0.1774 0.9713
vn 0.1957 -0.5324 0.8236
vn 0.0560 0.8333 -0.5500
vn 0.2265 -0.8042 -0.5496
vn 0.0400 0.9804 -0.1932
vn 0.2411 -0.9512 -0.1926
vn 0.0393 0.9804 0.1931
vn 0.2404 -0.9512 0.1937
vn 0.0540 0.8334 0.5501
vn 0.2245 -0.8041 0.5505
vn 0.1012 -0.9755 0.1954
vn -0.2617 0.5197 0.8133
vn -0.2621 0.8881 -0.3777
vn -0.2983 0.4275 0.8534
vn -0.3009 0.8828 0.3608
vn -0.3388 0.8234 0.4552
vn -0.1311 -0.3926 0.9103
vn -0.1704 -0.3809 0.9088
vn -0.2996 0.8827 -0.3620
vn -0.1103 -0.5622 -0.8196
vn -0.1961 -0.6065 -0.7705
vn -0.1770 -0.7930 -0.5830
vn -0.0826 -0.8326 -0.5476
vn -0.2891 0.7883 0.5432
vn -0.2587 0.5196 -0.8143
vn -0.2059 0.3575 -0.9109
vn -0.2952 0.4273 -0.8545
vn -0.2872 0.7882 -0.5444
vn -0.1671 -0.3810 -0.9093
vn -0.1278 -0.3927 -0.9107
vn -0.2635 0.8881 0.3766
vn -0.1133 -0.5621 0.8193
vn -0.1989 -0.6064 0.7699
vn -0.1791 -0.7929 0.5825
vn -0.0846 -0.8325 0.5475
vn -0.3372 0.8234 -0.4565
vn -0.2543 0.7976 0.5470
vn -0.2419 0.3379 -0.9095
vn -0.3386 0.7393 0.5820
vn -0.3195 0.5528 0.7696
vn -0.1603 -0.8754 -0.4560
vn -0.1127 -0.9256 0.3613
vn -0.2523 0.7975 -0.5481
vn -0.1186 -0.8307 -0.5439
vn -0.0749 -0.9231 0.3771
vn -0.2008 -0.4794 -0.8543
vn -0.1461 -0.5621 -0.8140
vn -0.2267 0.5271 0.8190
vn -0.2092 0.3577 0.9101
vn -0.3365 0.7392 -0.5834
vn -0.2452 0.3381 0.9086
vn -0.2237 0.5270 -0.8199
vn -0.1206 -0.8306 0.5436
vn -0.0735 -0.9232 -0.3772
vn -0.1620 -0.8753 0.4556
vn -0.1114 -0.9257 -0.3615
vn -0.2039 -0.4793 0.8536
vn -0.1491 -0.5620 0.8136
vn -0.3168 0.5527 -0.7709
vn 0.9646 0.2093 -0.1604
vn 0.7959 0.3931 -0.4605
vn 0.5060 0.5169 -0.6905
vn 0.1391 0.5621 -0.8153
vn 0.9719 0.1394 -0.1896
vn 0.8168 0.1939 -0.5434
vn 0.5373 0.2188 -0.8145
vn 0.1760 0.2104 -0.9616
vn 0.9798 0.0637 -0.1896
vn 0.8392 -0.0218 -0.5434
vn 0.5709 -0.1039 -0.8144
vn 0.2156 -0.1702 -0.9615
vn 0.9870 -0.0063 -0.1603
vn 0.8598 -0.2209 -0.4604
vn 0.6017 -0.4020 -0.6902
vn 0.2519 -0.5218 -0.8150
vn 0.1361 0.5622 0.8157
vn 0.5035 0.5170 0.6922
vn 0.7942 0.3931 0.4634
vn 0.9640 0.2094 0.1639
vn 0.1725 0.2106 0.9622
vn 0.5343 0.2189 0.8165
vn 0.8148 0.1939 0.5463
vn 0.9712 0.1394 0.1931
vn 0.2121 -0.1700 0.9623
vn 0.5679 -0.1037 0.8165
vn 0.8372 -0.0217 0.5465
vn 0.9791 0.0637 0.1931
vn 0.2490 -0.5217 0.8160
vn 0.5991 -0.4019 0.6925
vn 0.8581 -0.2209 0.4635
vn 0.9864 -0.0062 0.1640
vn 0.9589 0.2628 -0.1066
vn 0.7797 0.5456 -0.3073
vn 0.4819 0.7451 -0.4611
vn 0.1106 0.8313 -0.5447
vn 0.2795 -0.7909 -0.5443
vn 0.6250 -0.6301 -0.4608
vn 0.8754 -0.3734 -0.3070
vn 0.9925 -0.0598 -0.1067
vn 0.9558 0.2918 -0.0364
vn 0.7708 0.6281 -0.1071
vn 0.4684 0.8686 -0.1614
vn 0.0948 0.9770 -0.1913
vn 0.2940 -0.9366 -0.1907
vn 0.6373 -0.7536 -0.1610
vn 0.8836 -0.4559 -0.1068
vn 0.9954 -0.0888 -0.0362
vn 0.9556 0.2919 0.0398
vn 0.7704 0.6280 0.1098
vn 0.4678 0.8687 0.1630
vn 0.0941 0.9770 0.1914
vn 0.2933 -0.9365 0.1920
vn 0.6367 -0.7536 0.1634
vn 0.8832 -0.4559 0.1100
vn 0.9953 -0.0888 0.0398
vn 0.9585 0.2630 0.1100
vn 0.7786 0.5456 0.3100
vn 0.4802 0.7452 0.4627
vn 0.1086 0.8313 0.5451
vn 0.2775 -0.7909 0.5455
vn 0.6233 -0.6301 0.4632
vn 0.8743 -0.3733 0.3103
vn 0.9921 -0.0598 0.1102
vn -0.0871 0.8271 0.5553
vn 0.7958 0.3931 -0.4606
vn 0.9646 0.2094 -0.1604
vn 0.5372 0.2188 -0.8146
vn 0.9719 0.1394 -0.1895
vn 0.5708 -0.1039 -0.8145
vn 0.8393 -0.0217 -0.5432
vn 0.9798 0.0637 -0.1897
vn 0.8597 -0.2210 -0.4604
vn 0.9870 -0.0063 -0.1604
vn 0.9640 0.2093 0.1638
vn 0.7942 0.3931 0.4635
vn 0.9712 0.1394 0.1930
vn 0.9791 0.0637 0.1930
vn 0.8372 -0.0217 0.5464
vn 0.5678 -0.1037 0.8166
vn 0.9865 -0.0061 0.1637
vn 0.8581 -0.2208 0.4636
vn 0.4818 0.7451 -0.4611
vn 0.7797 0.5455 -0.3074
vn 0.9589 0.2629 -0.1067
vn 0.9925 -0.0598 -0.1068
vn 0.2795 -0.7910 -0.5443
vn 0.0947 0.9770 -0.1913
vn 0.4685 0.8686 -0.1614
vn 0.7708 0.6280 -0.1071
vn 0.8836 -0.4559 -0.1067
vn 0.0941 0.9770 0.1915
vn 0.4679 0.8686 0.1630
vn 0.7704 0.6281 0.1098
vn 0.9556 0.2918 0.0398
vn 0.9953 -0.0887 0.0399
vn 0.2933 -0.9366 0.1919
vn 0.1086 0.8313 0.5450
vn 0.7786 0.5456 0.3101
vn 0.9586 0.2628 0.1099
vn 0.9921 -0.0596 0.1101
vn 0.8742 -0.3733 0.3104
vn 0.6233 -0.6301 0.4631
vn 0.2775 -0.7909 0.5454
vn 0.9946 0.1036 0.0018
vn 0.0871 -0.8270 -0.5554
vn -0.9946 0.1035 -0.0018
vn 0.0560 0.5525 0.8316
vn 0.0184 0.1940 0.9808
vn -0.0220 -0.1941 0.9807
vn -0.0590 -0.5527 0.8313
vn 0.0590 0.5527 -0.8313
vn 0.0220 0.1941 -0.9807
vn -0.0184 -0.1940 -0.9808
vn -0.0560 -0.5525 -0.8316
vn 0.0851 0.8270 0.5558
vn -0.0871 -0.8270 0.5553
vn 0.1012 0.9755 0.1954
vn -0.1019 -0.9755 0.1948
vn 0.1019 0.9755 -0.1948
vn -0.1012 -0.9755 -0.1953
vn 0.0871 0.8270 -0.5553
vn -0.0851 -0.8270 -0.5558
vn -0.5772 0.6085 0.5446
vn -0.6035 0.3595 0.7118
vn -0.6341 0.0658 0.7704
vn -0.6646 -0.2279 0.7116
vn -0.6902 -0.4768 0.5443
vn -0.5753 0.6086 -0.5466
vn -0.6009 0.3596 -0.7139
vn -0.6313 0.0659 -0.7727
vn -0.6620 -0.2277 -0.7141
vn -0.6882 -0.4767 -0.5469
vn -0.5595 0.7748 0.2943
vn -0.7071 -0.6431 0.2939
vn -0.5528 0.8333 -0.0009
vn -0.7126 -0.7015 -0.0014
vn -0.5584 0.7749 -0.2962
vn -0.7060 -0.6431 -0.2966
vn 0.6882 0.4767 0.5469
vn 0.6620 0.2278 0.7140
vn 0.6313 -0.0659 0.7727
vn 0.6009 -0.3596 0.7139
vn 0.5753 -0.6086 0.5466
vn 0.6902 0.4768 -0.5443
vn 0.6646 0.2279 -0.7116
vn 0.6341 -0.0658 -0.7704
vn 0.6035 -0.3595 -0.7118
vn 0.5772 -0.6085 -0.5446
vn 0.7060 0.6431 0.2966
vn 0.5584 -0.7749 0.2962
vn 0.7126 0.7015 0.0013
vn 0.5528 -0.8333 0.0009
vn 0.7071 0.6431 -0.2939
vn 0.5595 -0.7748 -0.2943
vn 0.0719 0.7032 0.7073
vn 0.0380 0.3806 0.9240
vn -0.0018 -0.0001 1.0000
vn -0.0413 -0.3807 0.9238
vn -0.0745 -0.7034 0.7069
vn 0.0413 0.3807 -0.9238
vn 0.0745 0.7034 -0.7069
vn 0.0018 0.0001 -1.0000
vn -0.0380 -0.3806 -0.9240
vn -0.0719 -0.7033 -0.7073
vn 0.0950 0.9189 0.3829
vn -0.0964 -0.9189 0.3824
vn 0.1035 0.9946 0.0003
vn -0.1035 -0.9946 -0.0003
vn 0.0964 0.9189 -0.3824
vn -0.0950 -0.9189 -0.3829
vn 0.7429 0.3175 0.5893
vn 0.7163 0.0639 0.6948
vn 0.6878 -0.2105 0.6947
vn 0.6616 -0.4640 0.5891
vn 0.7450 0.3176 -0.5866
vn 0.7188 0.0640 -0.6922
vn 0.6903 -0.2104 -0.6923
vn 0.6637 -0.4639 -0.5868
vn 0.7635 0.5115 0.3943
vn 0.6417 -0.6580 0.3939
vn 0.7749 0.6166 0.1394
vn 0.6312 -0.7630 0.1390
vn 0.7754 0.6166 -0.1365
vn 0.6317 -0.7630 -0.1369
vn 0.7649 0.5116 -0.3914
vn 0.6431 -0.6580 -0.3917
vn -0.6637 0.4639 0.5868
vn -0.6903 0.2104 0.6923
vn -0.7188 -0.0640 0.6922
vn -0.7451 -0.3176 0.5866
vn -0.6616 0.4640 -0.5891
vn -0.6878 0.2105 -0.6947
vn -0.7163 -0.0639 -0.6948
vn -0.7429 -0.3175 -0.5893
vn -0.6431 0.6580 0.3917
vn -0.7649 -0.5116 0.3914
vn -0.6317 0.7630 0.1369
vn -0.7754 -0.6166 0.1365
vn -0.6312 0.7630 -0.1390
vn -0.7749 -0.6166 -0.1394
vn -0.6417 0.6580 -0.3940
vn -0.7635 -0.5115 -0.3943
vn 0.0590 0.5526 -0.8313
vn 0.1012 0.9755 0.1953
vn 0.9946 -0.1035 0.0018
vn -0.6568 0.4411 0.6116
vn -0.7336 -0.2966 0.6114
vn -0.6546 0.4411 -0.6139
vn -0.7314 -0.2965 -0.6141
vn -0.6313 0.6817 0.3698
vn -0.7582 -0.5372 0.3694
vn -0.6300 0.6818 -0.3719
vn -0.7569 -0.5372 -0.3723
vn -0.7120 -0.3558 -0.6054
vn -0.6234 0.4951 -0.6051
vn -0.7142 -0.3559 0.6027
vn -0.6256 0.4950 0.6030
vn -0.7306 -0.5311 -0.4291
vn -0.6055 0.6705 -0.4288
vn -0.7321 -0.5312 0.4264
vn -0.6070 0.6704 0.4267
vn -0.6527 -0.2280 0.7225
vn -0.5454 0.7845 -0.2951
vn -0.6953 -0.6552 -0.2955
vn -0.5918 0.3571 0.7227
vn -0.6501 -0.2279 -0.7249
vn -0.5465 0.7844 0.2932
vn -0.6964 -0.6552 0.2928
vn -0.5891 0.3573 -0.7248
vn -0.0848 0.5616 0.8231
vn -0.1220 0.2066 0.9708
vn -0.1620 -0.1776 0.9707
vn -0.1987 -0.5325 0.8228
vn -0.0818 0.5617 -0.8233
vn -0.1185 0.2068 -0.9712
vn -0.1585 -0.1774 -0.9713
vn -0.1957 -0.5324 -0.8236
vn -0.0560 0.8333 0.5500
vn -0.2265 -0.8042 0.5496
vn -0.0400 0.9804 0.1932
vn -0.2411 -0.9512 0.1926
vn -0.0393 0.9804 -0.1931
vn -0.2404 -0.9512 -0.1937
vn -0.0540 0.8334 -0.5501
vn -0.2245 -0.8041 -0.5505
vn -0.1012 -0.9755 -0.1954
vn 0.2617 0.5197 -0.8133
vn 0.2621 0.8881 0.3777
vn 0.2983 0.4275 -0.8534
vn 0.3009 0.8828 -0.3608
vn 0.3388 0.8234 -0.4552
vn 0.1311 -0.3926 -0.9103
vn 0.1704 -0.3809 -0.9088
vn 0.2996 0.8827 0.3620
vn 0.1103 -0.5622 0.8196
vn 0.1961 -0.6065 0.7705
vn 0.1770 -0.7930 0.5830
vn 0.0826 -0.8326 0.5476
vn 0.2891 0.7883 -0.5432
vn 0.2587 0.5196 0.8143
vn 0.2059 0.3575 0.9109
vn 0.2952 0.4273 0.8545
vn 0.2872 0.7882 0.5444
vn 0.1671 -0.3810 0.9093
vn 0.1278 -0.3927 0.9107
vn 0.2635 0.8881 -0.3766
vn 0.1133 -0.5621 -0.8193
vn 0.1989 -0.6064 -0.7699
vn 0.1791 -0.7929 -0.5825
vn 0.0846 -0.8325 -0.5475
vn 0.3372 0.8234 0.4565
vn 0.2543 0.7976 -0.5470
vn 0.2419 0.3379 0.9095
vn 0.3386 0.7393 -0.5820
vn 0.3195 0.5528 -0.7696
vn 0.1603 -0.8754 0.4560
vn 0.1127 -0.9256 -0.3613
vn 0.2524 0.7975 0.5481
vn 0.1186 -0.8307 0.5439
vn 0.0749 -0.9231 -0.3771
vn 0.2008 -0.4794 0.8543
vn 0.1461 -0.5621 0.8140
vn 0.2267 0.5271 -0.8190
vn 0.2092 0.3577 -0.9101
vn 0.3365 0.7392 0.5834
vn 0.2452 0.3381 -0.9086
vn 0.2237 0.5270 0.8199
vn 0.1206 -0.8306 -0.5436
vn 0.0735 -0.9232 0.3772
vn 0.1620 -0.8753 -0.4556
vn 0.1114 -0.9257 0.3615
vn 0.2039 -0.4793 -0.8536
vn 0.1491 -0.5620 -0.8136
vn 0.3168 0.5527 0.7709
vn -0.9646 0.2093 0.1604
vn -0.7959 0.3931 0.4605
vn -0.5060 0.5169 0.6905
vn -0.1391 0.5621 0.8153
vn -0.9719 0.1394 0.1896
vn -0.8168 0.1939 0.5434
vn -0.5373 0.2188 0.8145
vn -0.1760 0.2104 0.9616
vn -0.9798 0.0637 0.1896
vn -0.8392 -0.0218 0.5434
vn -0.5709 -0.1039 0.8144
vn -0.2156 -0.1702 0.9615
vn -0.9870 -0.0063 0.1603
vn -0.8598 -0.2209 0.4604
vn -0.6017 -0.4020 0.6902
vn -0.2519 -0.5218 0.8150
vn -0.1361 0.5622 -0.8157
vn -0.5035 0.5170 -0.6922
vn -0.7942 0.3931 -0.4634
vn -0.9640 0.2094 -0.1639
vn -0.1725 0.2106 -0.9622
vn -0.5343 0.2189 -0.8165
vn -0.8148 0.1939 -0.5463
vn -0.9712 0.1394 -0.1931
vn -0.2121 -0.1700 -0.9623
vn -0.5679 -0.1037 -0.8165
vn -0.8372 -0.0217 -0.5465
vn -0.9791 0.0637 -0.1931
vn -0.2490 -0.5217 -0.8160
vn -0.5991 -0.4019 -0.6925
vn -0.8581 -0.2209 -0.4635
vn -0.9864 -0.0062 -0.1640
vn -0.9589 0.2628 0.1066
vn -0.7797 0.5456 0.3073
vn -0.4819 0.7451 0.4611
vn -0.1106 0.8313 0.5447
vn -0.2795 -0.7909 0.5443
vn -0.6250 -0.6301 0.4608
vn -0.8754 -0.3734 0.3070
vn -0.9925 -0.0598 0.1067
vn -0.9558 0.2918 0.0364
vn -0.7708 0.6281 0.1071
vn -0.4684 0.8686 0.1614
vn -0.0948 0.9770 0.1913
vn -0.2940 -0.9366 0.1907
vn -0.6373 -0.7536 0.1610
vn -0.8836 -0.4559 0.1068
vn -0.9954 -0.0888 0.0362
vn -0.9556 0.2919 -0.0398
vn -0.7704 0.6280 -0.1098
vn -0.4678 0.8686 -0.1630
vn -0.0941 0.9770 -0.1914
vn -0.2933 -0.9365 -0.1920
vn -0.6368 -0.7536 -0.1634
vn -0.8832 -0.4559 -0.1100
vn -0.9953 -0.0888 -0.0398
vn -0.9585 0.2630 -0.1100
vn -0.7786 0.5456 -0.3100
vn -0.4802 0.7452 -0.4627
vn -0.1086 0.8313 -0.5451
vn -0.2775 -0.7909 -0.5455
vn -0.6233 -0.6301 -0.4632
vn -0.8743 -0.3733 -0.3103
vn -0.9921 -0.0598 -0.1102
vn 0.0871 0.8271 -0.5553
vn -0.7958 0.3931 0.4606
vn -0.9646 0.2094 0.1604
vn -0.5372 0.2188 0.8146
vn -0.9719 0.1394 0.1895
vn -0.5708 -0.1039 0.8145
vn -0.8393 -0.0217 0.5432
vn -0.9798 0.0637 0.1897
vn -0.8598 -0.2210 0.4604
vn -0.9870 -0.0063 0.1604
vn -0.9640 0.2093 -0.1638
vn -0.7942 0.3931 -0.4635
vn -0.9712 0.1394 -0.1930
vn -0.9791 0.0637 -0.1930
vn -0.8372 -0.0217 -0.5464
vn -0.5678 -0.1037 -0.8166
vn -0.9865 -0.0061 -0.1637
vn -0.8581 -0.2208 -0.4636
vn -0.7797 0.5455 0.3074
vn -0.9589 0.2629 0.1067
vn -0.9925 -0.0598 0.1068
vn -0.2795 -0.7910 0.5443
vn -0.0947 0.9770 0.1913
vn -0.4685 0.8686 0.1614
vn -0.7708 0.6280 0.1071
vn -0.8836 -0.4559 0.1067
vn -0.0941 0.9770 -0.1915
vn -0.4679 0.8686 -0.1630
vn -0.7704 0.6281 -0.1098
vn -0.9556 0.2918 -0.0398
vn -0.9953 -0.0887 -0.0398
vn -0.6367 -0.7536 -0.1634
vn -0.2933 -0.9366 -0.1919
vn -0.1086 0.8313 -0.5450
vn -0.7786 0.5456 -0.3101
vn -0.9586 0.2628 -0.1099
vn -0.9921 -0.0596 -0.1101
vn -0.8742 -0.3733 -0.3104
vn -0.6233 -0.6301 -0.4631
vn -0.2775 -0.7909 -0.5454
vn -0.9946 0.1036 -0.0018
vn -0.0871 -0.8270 0.5554
vt 0.638680 0.844130
vt 0.637220 0.854357
vt 0.635760 0.864584
vt 0.634300 0.874811
vt 0.632840 0.885038
vt 0.632840 0.885038
vt 0.638680 0.844130
vt 0.638680 0.844130
vt 0.638459 0.845680
vt 0.638680 0.844130
vt 0.638680 0.844130
vt 0.638680 0.844130
vt 0.638459 0.845680
vt 0.633061 0.883487
vt 0.632840 0.885038
vt 0.632840 0.885038
vt 0.632840 0.885038
vt 0.632840 0.885038
vt 0.632840 0.885038
vt 0.633061 0.883487
vt 0.636999 0.855907
vt 0.637220 0.854357
vt 0.637441 0.852806
vt 0.636999 0.855907
vt 0.637441 0.852806
vt 0.635539 0.866134
vt 0.635760 0.864584
vt 0.635981 0.863033
vt 0.635539 0.866134
vt 0.635981 0.863033
vt 0.634078 0.876361
vt 0.634521 0.873260
vt 0.634078 0.876361
vt 0.634521 0.873260
vt 0.638680 0.844130
vt 0.638459 0.845680
vt 0.633061 0.883487
vt 0.632840 0.885038
vt 0.632840 0.885038
vt 0.633061 0.883487
vt 0.637441 0.852806
vt 0.637441 0.852806
vt 0.635539 0.866134
vt 0.635981 0.863033
vt 0.635981 0.863033
vt 0.634078 0.876361
vt 0.634521 0.873260
vt 0.634300 0.874811
vt 0.634300 0.874811
vt 0.000000 0.000000
vt 0.638680 0.844130
vt 0.638665 0.844233
vt 0.638676 0.844157
vt 0.638680 0.844130
vt 0.638680 0.844130
vt 0.638676 0.844157
vt 0.632843 0.885011
vt 0.632854 0.884934
vt 0.632854 0.884934
vt 0.637220 0.854357
vt 0.637220 0.854357
vt 0.635760 0.864584
vt 0.635760 0.864584
vt 0.635760 0.864584
vt 0.634300 0.874811
vt 0.634300 0.874811
vt 0.638680 0.844130
vt 0.638683 0.844107
vt 0.638680 0.844130
vt 0.638683 0.844107
vt 0.632836 0.885061
vt 0.632840 0.885038
vt 0.632836 0.885061
vt 0.635760 0.864584
vt 0.635760 0.864584
vt 0.634300 0.874811
vt 0.634300 0.874811
vt 0.634300 0.874811
s 0
usemtl Material.030
f 145/1/1 153/2/1 45/3/1 155/4/1 149/5/1 150/5/1 40/6/1 151/6/1 152/5/1 156/4/1 46/3/1 154/2/1 148/7/1 147/8/1 35/8/1 146/8/1
f 17/1/2 18/8/2 2/8/2 1/1/2
f 18/8/3 19/8/3 3/8/3 2/8/3
f 19/8/4 20/8/4 4/8/4 3/8/4
f 20/8/5 21/7/5 5/7/5 4/8/5
f 23/5/6 22/5/6 6/5/6 7/5/6
f 24/6/7 23/5/7 7/5/7 8/6/7
f 25/6/8 24/6/8 8/6/8 9/6/8
f 26/5/9 25/6/9 9/6/9 10/5/9
f 27/2/10 17/1/10 1/1/10 11/2/10
f 21/7/11 28/2/11 12/2/11 5/7/11
f 29/3/12 27/2/12 11/2/12 13/3/12
f 28/2/13 30/3/13 14/3/13 12/2/13
f 31/4/14 29/3/14 13/3/14 15/4/14
f 30/3/15 32/4/15 16/4/15 14/3/15
f 22/5/16 31/4/16 15/4/16 6/5/16
f 32/4/17 26/5/17 10/5/17 16/4/17
f 49/9/18 157/1/18 51/10/18
f 52/1/19 53/7/19 158/8/19
f 55/11/20 56/10/20 57/8/20
f 58/7/21 59/12/21 159/1/21
f 61/13/22 62/8/22 160/8/22
f 64/14/23 65/15/23 162/5/23
f 67/5/24 161/5/24 69/16/24
f 70/16/25 71/17/25 72/15/25
f 73/18/26 164/6/26 75/19/26
f 76/20/27 163/5/27 78/6/27
f 79/21/28 165/22/28 81/23/28
f 82/24/29 83/25/29 166/22/29
f 85/26/30 86/27/30 87/28/30
f 88/29/31 89/30/31 90/27/31
f 91/31/32 167/4/32 93/32/32
f 94/33/33 95/34/33 168/4/33
f 97/9/34 98/1/34 99/10/34
f 100/8/35 101/35/35 102/7/35
f 103/35/36 104/8/36 105/8/36
f 106/10/37 107/10/37 108/8/37
f 109/36/38 110/8/38 111/7/38
f 112/37/39 113/6/39 114/38/39
f 115/5/40 116/5/40 117/5/40
f 118/6/41 119/39/41 120/6/41
f 121/16/42 122/16/42 123/5/42
f 124/40/43 125/5/43 126/5/43
f 127/21/44 128/41/44 129/22/44
f 130/24/45 131/22/45 132/42/45
f 133/43/46 134/44/46 135/27/46
f 136/26/47 137/27/47 138/45/47
f 139/46/48 140/47/48 141/48/48
f 142/33/49 143/49/49 144/47/49
f 97/9/50 49/9/50 51/10/50 98/1/50
f 52/1/51 100/8/51 102/7/51 53/7/51
f 55/11/52 103/35/52 105/8/52 56/10/52
f 58/7/53 106/10/53 108/8/53 59/12/53
f 61/13/54 109/36/54 111/7/54 62/8/54
f 115/5/55 67/5/55 69/16/55 116/5/55
f 64/14/56 112/37/56 114/38/56 65/15/56
f 118/6/57 70/16/57 72/15/57 119/39/57
f 121/16/58 73/18/58 75/19/58 122/16/58
f 124/40/59 76/20/59 78/6/59 125/5/59
f 127/21/60 79/21/60 81/23/60 128/41/60
f 82/24/61 130/24/61 132/42/61 83/25/61
f 133/43/62 85/26/62 87/28/62 134/44/62
f 88/29/63 136/26/63 138/45/63 89/30/63
f 139/46/64 91/31/64 93/32/64 140/47/64
f 94/33/65 142/33/65 144/47/65 95/34/65
f 98/1/66 102/7/66 101/35/66 99/10/66
f 100/8/67 105/8/67 104/8/67 101/35/67
f 103/35/68 108/8/68 107/10/68 104/8/68
f 106/10/69 111/7/69 110/8/69 107/10/69
f 113/6/70 117/5/70 116/5/70 114/38/70
f 117/5/71 120/6/71 119/39/71 115/5/71
f 120/6/72 123/5/72 122/16/72 118/6/72
f 123/5/73 126/5/73 125/5/73 121/16/73
f 128/41/74 97/9/74 99/10/74 129/22/74
f 131/22/75 110/8/75 109/36/75 132/42/75
f 134/44/76 127/21/76 129/22/76 135/27/76
f 137/27/77 131/22/77 130/24/77 138/45/77
f 140/47/78 133/43/78 135/27/78 141/48/78
f 143/49/79 137/27/79 136/26/79 144/47/79
f 112/37/80 139/46/80 141/48/80 113/6/80
f 126/5/81 143/49/81 142/33/81 124/40/81
f 157/1/82 158/8/82 53/7/82 51/10/82
f 158/8/83 57/8/83 56/10/83 52/1/83
f 57/8/84 159/1/84 59/12/84 55/11/84
f 159/1/85 160/8/85 62/8/85 58/7/85
f 65/15/86 69/16/86 161/5/86 162/5/86
f 67/5/87 72/15/87 71/17/87 161/5/87
f 70/16/88 75/19/88 164/6/88 71/17/88
f 73/18/89 78/6/89 163/5/89 164/6/89
f 165/22/90 157/1/90 49/9/90 81/23/90
f 83/25/91 61/13/91 160/8/91 166/22/91
f 86/27/92 165/22/92 79/21/92 87/28/92
f 89/30/93 82/24/93 166/22/93 90/27/93
f 167/4/94 86/27/94 85/26/94 93/32/94
f 95/34/95 88/29/95 90/27/95 168/4/95
f 162/5/96 167/4/96 91/31/96 64/14/96
f 76/20/97 94/33/97 168/4/97 163/5/97
f 81/23/10 49/9/10 97/9/10 128/41/10
f 51/10/2 53/7/2 102/7/2 98/1/2
f 52/1/3 56/10/3 105/8/3 100/8/3
f 57/8/1 158/8/1 170/8/1 171/8/1
f 55/11/4 59/12/4 108/8/4 103/35/4
f 159/1/98 57/8/98 171/8/98 172/8/98
f 58/7/5 62/8/5 111/7/5 106/10/5
f 61/13/11 83/25/11 132/42/11 109/36/11
f 64/14/16 91/31/16 139/46/16 112/37/16
f 69/16/6 65/15/6 114/38/6 116/5/6
f 72/15/7 67/5/7 115/5/7 119/39/7
f 161/5/1 71/17/1 176/6/1 175/5/1
f 75/19/8 70/16/8 118/6/8 122/16/8
f 71/17/98 164/6/98 177/6/98 176/6/98
f 78/6/9 73/18/9 121/16/9 125/5/9
f 94/33/17 76/20/17 124/40/17 142/33/17
f 87/28/99 79/21/99 127/21/99 134/44/99
f 165/22/98 86/27/98 181/3/98 179/2/98
f 82/24/13 89/30/13 138/45/13 130/24/13
f 90/27/1 166/22/1 180/2/1 182/3/1
f 93/32/14 85/26/14 133/43/14 140/47/14
f 86/27/1 167/4/1 183/4/1 181/3/1
f 88/29/15 95/34/15 144/47/15 136/26/15
f 168/4/98 90/27/98 182/3/98 184/4/98
f 101/35/100 104/8/100 19/8/100 18/8/100
f 104/8/101 107/10/101 20/8/101 19/8/101
f 120/6/100 117/5/100 23/5/100 24/6/100
f 123/5/101 120/6/101 24/6/101 25/6/101
f 135/27/100 129/22/100 27/2/100 29/3/100
f 131/22/101 137/27/101 30/3/101 28/2/101
f 141/48/101 135/27/101 29/3/101 31/4/101
f 137/27/101 143/49/101 32/4/101 30/3/101
f 34/8/102 33/1/102 169/1/102 170/8/102
f 37/7/103 36/8/103 172/8/103 173/7/103
f 38/5/104 39/5/104 175/5/104 174/5/104
f 41/6/105 42/5/105 178/5/105 177/6/105
f 33/1/106 43/2/106 179/2/106 169/1/106
f 44/2/107 37/7/107 173/7/107 180/2/107
f 47/4/108 38/5/108 174/5/108 183/4/108
f 42/5/109 48/4/109 184/4/109 178/5/109
f 50/1/110 54/8/110 158/8/110 157/1/110
f 60/1/111 63/8/111 160/8/111 159/1/111
f 68/5/112 66/5/112 162/5/112 161/5/112
f 77/5/113 74/6/113 164/6/113 163/5/113
f 80/22/114 50/1/114 157/1/114 165/22/114
f 63/8/115 84/22/115 166/22/115 160/8/115
f 66/5/116 92/4/116 167/4/116 162/5/116
f 96/4/117 77/5/117 163/5/117 168/4/117
f 43/2/118 80/22/118 165/22/118 179/2/118
f 54/8/119 34/8/119 170/8/119 158/8/119
f 36/8/120 60/1/120 159/1/120 172/8/120
f 84/22/121 44/2/121 180/2/121 166/22/121
f 92/4/122 47/4/122 183/4/122 167/4/122
f 39/5/123 68/5/123 161/5/123 175/5/123
f 74/6/124 41/6/124 177/6/124 164/6/124
f 48/4/125 96/4/125 168/4/125 184/4/125
f 185/1/126 186/8/126 170/8/126 169/1/126
f 186/8/127 187/8/127 171/8/127 170/8/127
f 187/8/128 188/8/128 172/8/128 171/8/128
f 188/8/129 189/7/129 173/7/129 172/8/129
f 191/5/130 190/5/130 174/5/130 175/5/130
f 192/6/131 191/5/131 175/5/131 176/6/131
f 193/6/132 192/6/132 176/6/132 177/6/132
f 194/5/133 193/6/133 177/6/133 178/5/133
f 195/2/134 185/1/134 169/1/134 179/2/134
f 189/7/135 196/2/135 180/2/135 173/7/135
f 197/3/136 195/2/136 179/2/136 181/3/136
f 196/2/137 198/3/137 182/3/137 180/2/137
f 199/4/138 197/3/138 181/3/138 183/4/138
f 198/3/139 200/4/139 184/4/139 182/3/139
f 190/5/140 199/4/140 183/4/140 174/5/140
f 200/4/141 194/5/141 178/5/141 184/4/141
f 201/1/2 202/8/2 186/8/2 185/1/2
f 202/8/3 203/8/3 187/8/3 186/8/3
f 203/8/4 204/8/4 188/8/4 187/8/4
f 204/8/5 205/7/5 189/7/5 188/8/5
f 207/5/142 206/5/142 190/5/142 191/5/142
f 208/6/7 207/5/7 191/5/7 192/6/7
f 209/6/8 208/6/8 192/6/8 193/6/8
f 210/5/9 209/6/9 193/6/9 194/5/9
f 211/2/10 201/1/10 185/1/10 195/2/10
f 205/7/143 212/2/143 196/2/143 189/7/143
f 213/3/99 211/2/99 195/2/99 197/3/99
f 212/2/13 214/3/13 198/3/13 196/2/13
f 215/4/14 213/3/14 197/3/14 199/4/14
f 214/3/15 216/4/15 200/4/15 198/3/15
f 206/5/16 215/4/16 199/4/16 190/5/16
f 216/4/17 210/5/17 194/5/17 200/4/17
f 217/1/2 218/8/2 202/8/2 201/1/2
f 218/8/3 219/8/3 203/8/3 202/8/3
f 219/8/4 220/8/4 204/8/4 203/8/4
f 220/8/5 221/7/5 205/7/5 204/8/5
f 223/5/142 222/5/142 206/5/142 207/5/142
f 224/6/7 223/5/7 207/5/7 208/6/7
f 225/6/8 224/6/8 208/6/8 209/6/8
f 226/5/9 225/6/9 209/6/9 210/5/9
f 227/2/10 217/1/10 201/1/10 211/2/10
f 221/7/11 228/2/11 212/2/11 205/7/11
f 229/3/99 227/2/99 211/2/99 213/3/99
f 228/2/13 230/3/13 214/3/13 212/2/13
f 231/4/14 229/3/14 213/3/14 215/4/14
f 230/3/15 232/4/15 216/4/15 214/3/15
f 222/5/16 231/4/16 215/4/16 206/5/16
f 232/4/17 226/5/17 210/5/17 216/4/17
f 22/50/144 23/50/144 39/50/144
f 117/50/145 68/50/145 23/50/145
f 22/50/146 39/50/146 38/50/146
f 34/50/147 54/50/147 18/50/147
f 38/50/148 47/50/148 22/50/148
f 92/50/149 141/50/149 31/50/149
f 47/50/150 92/50/150 31/50/150
f 68/50/151 39/50/151 23/50/151
f 68/50/152 117/50/152 113/50/152
f 66/50/153 68/50/153 113/50/153
f 92/50/154 66/50/154 113/50/154
f 92/50/155 113/50/155 141/50/155
f 47/50/156 31/50/156 22/50/156
f 34/50/157 18/50/157 17/50/157
f 28/50/158 84/50/158 131/50/158
f 33/50/159 34/50/159 17/50/159
f 27/50/160 43/50/160 17/50/160
f 80/50/161 43/50/161 27/50/161
f 129/50/162 80/50/162 27/50/162
f 54/50/163 101/50/163 18/50/163
f 99/50/164 101/50/164 54/50/164
f 99/50/165 54/50/165 50/50/165
f 99/50/166 50/50/166 80/50/166
f 129/50/167 99/50/167 80/50/167
f 43/50/168 33/50/168 17/50/168
f 84/50/169 110/50/169 131/50/169
f 28/50/170 44/50/170 84/50/170
f 63/50/171 110/50/171 84/50/171
f 63/50/172 60/50/172 110/50/172
f 21/50/173 37/50/173 44/50/173
f 36/50/174 20/50/174 60/50/174
f 126/50/175 96/50/175 143/50/175
f 28/50/176 21/50/176 44/50/176
f 20/50/177 107/50/177 60/50/177
f 21/50/178 36/50/178 37/50/178
f 20/50/179 36/50/179 21/50/179
f 60/50/180 107/50/180 110/50/180
f 96/50/181 32/50/181 143/50/181
f 126/50/182 77/50/182 96/50/182
f 48/50/183 32/50/183 96/50/183
f 123/50/184 74/50/184 126/50/184
f 26/50/185 32/50/185 48/50/185
f 123/50/186 25/50/186 74/50/186
f 42/50/187 26/50/187 48/50/187
f 25/50/188 41/50/188 74/50/188
f 41/50/189 26/50/189 42/50/189
f 41/50/190 25/50/190 26/50/190
f 74/50/191 77/50/191 126/50/191
f 234/51/192 238/8/192 240/8/192 237/1/192
f 237/1/193 240/8/193 241/1/193 236/52/193
f 236/52/194 241/1/194 242/8/194 235/53/194
f 235/53/195 242/8/195 239/8/195 233/1/195
f 238/8/196 243/8/196 245/35/196 240/8/196
f 240/8/197 245/35/197 246/8/197 241/1/197
f 241/1/198 246/8/198 247/54/198 242/8/198
f 242/8/199 247/54/199 244/10/199 239/8/199
f 243/8/200 248/8/200 250/35/200 245/35/200
f 245/35/201 250/35/201 251/8/201 246/8/201
f 246/8/202 251/8/202 252/1/202 247/54/202
f 247/54/203 252/1/203 249/8/203 244/10/203
f 248/8/204 253/7/204 255/55/204 250/35/204
f 250/35/205 255/55/205 256/52/205 251/8/205
f 251/8/206 256/52/206 257/56/206 252/1/206
f 252/1/207 257/56/207 254/11/207 249/8/207
f 259/15/208 263/38/208 265/5/208 262/57/208
f 262/57/209 265/5/209 266/15/209 261/58/209
f 261/58/210 266/15/210 267/15/210 260/5/210
f 260/5/211 267/15/211 264/15/211 258/38/211
f 263/38/212 268/16/212 270/15/212 265/5/212
f 265/5/213 270/15/213 271/6/213 266/15/213
f 266/15/214 271/6/214 272/6/214 267/15/214
f 267/15/215 272/6/215 269/19/215 264/15/215
f 268/16/216 273/6/216 275/38/216 270/15/216
f 270/15/217 275/38/217 276/19/217 271/6/217
f 271/6/218 276/19/218 277/6/218 272/6/218
f 272/6/219 277/6/219 274/5/219 269/19/219
f 273/6/220 278/5/220 280/57/220 275/38/220
f 275/38/221 280/57/221 281/59/221 276/19/221
f 276/19/222 281/59/222 282/5/222 277/6/222
f 277/6/223 282/5/223 279/5/223 274/5/223
f 284/2/224 234/51/224 237/1/224 287/2/224
f 287/2/225 237/1/225 236/52/225 286/2/225
f 286/2/226 236/52/226 235/53/226 285/60/226
f 285/60/227 235/53/227 233/1/227 283/2/227
f 289/2/228 254/11/228 257/56/228 292/61/228
f 292/61/229 257/56/229 256/52/229 291/2/229
f 291/2/230 256/52/230 255/55/230 290/2/230
f 290/2/231 255/55/231 253/7/231 288/2/231
f 294/62/232 284/2/232 287/2/232 297/3/232
f 297/3/233 287/2/233 286/2/233 296/3/233
f 296/3/234 286/2/234 285/60/234 295/63/234
f 295/63/235 285/60/235 283/2/235 293/63/235
f 299/64/236 289/2/236 292/61/236 302/3/236
f 302/3/237 292/61/237 291/2/237 301/62/237
f 301/62/238 291/2/238 290/2/238 300/3/238
f 300/3/239 290/2/239 288/2/239 298/3/239
f 304/65/240 294/62/240 297/3/240 307/4/240
f 307/4/241 297/3/241 296/3/241 306/4/241
f 306/4/242 296/3/242 295/63/242 305/4/242
f 305/4/243 295/63/243 293/63/243 303/48/243
f 309/4/244 299/64/244 302/3/244 312/66/244
f 312/66/245 302/3/245 301/62/245 311/49/245
f 311/49/246 301/62/246 300/3/246 310/4/246
f 310/4/247 300/3/247 298/3/247 308/4/247
f 258/38/248 304/65/248 307/4/248 260/5/248
f 260/5/249 307/4/249 306/4/249 261/58/249
f 261/58/250 306/4/250 305/4/250 262/57/250
f 262/57/251 305/4/251 303/48/251 259/15/251
f 278/5/252 309/4/252 312/66/252 280/57/252
f 280/57/253 312/66/253 311/49/253 281/59/253
f 281/59/254 311/49/254 310/4/254 282/5/254
f 282/5/255 310/4/255 308/4/255 279/5/255
f 233/1/2 239/8/2 218/8/2 217/1/2
f 283/2/256 233/1/256 217/1/256 227/2/256
f 239/8/3 244/10/3 219/8/3 218/8/3
f 244/10/4 249/8/4 220/8/4 219/8/4
f 249/8/257 254/11/257 221/7/257 220/8/257
f 254/11/143 289/2/143 228/2/143 221/7/143
f 259/15/258 303/48/258 231/4/258 222/5/258
f 263/38/142 259/15/142 222/5/142 223/5/142
f 268/16/7 263/38/7 223/5/7 224/6/7
f 273/6/8 268/16/8 224/6/8 225/6/8
f 278/5/9 273/6/9 225/6/9 226/5/9
f 309/4/17 278/5/17 226/5/17 232/4/17
f 293/63/12 283/2/12 227/2/12 229/3/12
f 289/2/13 299/64/13 230/3/13 228/2/13
f 303/48/14 293/63/14 229/3/14 231/4/14
f 299/64/15 309/4/15 232/4/15 230/3/15
f 314/67/195 318/8/195 320/1/195 317/68/195
f 317/68/259 320/1/259 321/8/259 316/1/259
f 316/1/260 321/8/260 322/8/260 315/1/260
f 315/1/261 322/8/261 319/1/261 313/1/261
f 318/8/199 323/8/199 325/8/199 320/1/199
f 320/1/198 325/8/198 326/8/198 321/8/198
f 321/8/197 326/8/197 327/8/197 322/8/197
f 322/8/196 327/8/196 324/8/196 319/1/196
f 323/8/203 328/54/203 330/54/203 325/8/203
f 325/8/262 330/54/262 331/8/262 326/8/262
f 326/8/263 331/8/263 332/8/263 327/8/263
f 327/8/264 332/8/264 329/69/264 324/8/264
f 328/54/265 333/69/265 335/70/265 330/54/265
f 330/54/206 335/70/206 336/7/206 331/8/206
f 331/8/266 336/7/266 337/51/266 332/8/266
f 332/8/267 337/51/267 334/69/267 329/69/267
f 339/38/268 343/15/268 345/5/268 342/15/268
f 342/15/269 345/5/269 346/5/269 341/5/269
f 341/5/209 346/5/209 347/15/209 340/71/209
f 340/71/270 347/15/270 344/15/270 338/38/270
f 343/15/271 348/19/271 350/15/271 345/5/271
f 345/5/272 350/15/272 351/6/272 346/5/272
f 346/5/273 351/6/273 352/5/273 347/15/273
f 347/15/212 352/5/212 349/39/212 344/15/212
f 348/19/219 353/16/219 355/5/219 350/15/219
f 350/15/274 355/5/274 356/6/274 351/6/274
f 351/6/217 356/6/217 357/72/217 352/5/217
f 352/5/216 357/72/216 354/6/216 349/39/216
f 353/16/275 358/38/275 360/5/275 355/5/275
f 355/5/276 360/5/276 361/5/276 356/6/276
f 356/6/221 361/5/221 362/73/221 357/72/221
f 357/72/220 362/73/220 359/15/220 354/6/220
f 364/22/277 314/67/277 317/68/277 367/2/277
f 367/2/278 317/68/278 316/1/278 366/2/278
f 366/2/279 316/1/279 315/1/279 365/2/279
f 365/2/280 315/1/280 313/1/280 363/2/280
f 369/2/231 334/69/231 337/51/231 372/2/231
f 372/2/281 337/51/281 336/7/281 371/2/281
f 371/2/229 336/7/229 335/70/229 370/22/229
f 370/22/282 335/70/282 333/69/282 368/2/282
f 374/3/283 364/22/283 367/2/283 377/74/283
f 377/74/284 367/2/284 366/2/284 376/3/284
f 376/3/285 366/2/285 365/2/285 375/62/285
f 375/62/286 365/2/286 363/2/286 373/3/286
f 379/63/287 369/2/287 372/2/287 382/62/287
f 382/62/288 372/2/288 371/2/288 381/3/288
f 381/3/237 371/2/237 370/22/237 380/75/237
f 380/75/236 370/22/236 368/2/236 378/62/236
f 384/76/289 374/3/289 377/74/289 387/77/289
f 387/77/242 377/74/242 376/3/242 386/4/242
f 386/4/290 376/3/290 375/62/290 385/76/290
f 385/76/291 375/62/291 373/3/291 383/65/291
f 389/78/292 379/63/292 382/62/292 392/78/292
f 392/78/293 382/62/293 381/3/293 391/4/293
f 391/4/294 381/3/294 380/75/294 390/77/294
f 390/77/244 380/75/244 378/62/244 388/78/244
f 338/38/251 384/76/251 387/77/251 340/71/251
f 340/71/295 387/77/295 386/4/295 341/5/295
f 341/5/296 386/4/296 385/76/296 342/15/296
f 342/15/297 385/76/297 383/65/297 339/38/297
f 358/38/298 389/78/298 392/78/298 360/5/298
f 360/5/299 392/78/299 391/4/299 361/5/299
f 361/5/300 391/4/300 390/77/300 362/73/300
f 362/73/301 390/77/301 388/78/301 359/15/301
f 313/1/98 319/1/98 238/8/98 234/51/98
f 153/2/10 145/1/10 314/67/10 364/22/10
f 145/1/2 146/8/2 318/8/2 314/67/2
f 363/2/98 313/1/98 234/51/98 284/2/98
f 319/1/98 324/8/98 243/8/98 238/8/98
f 146/8/3 35/8/3 323/8/3 318/8/3
f 324/8/1 329/69/1 248/8/1 243/8/1
f 35/8/4 147/8/4 328/54/4 323/8/4
f 329/69/98 334/69/98 253/7/98 248/8/98
f 147/8/5 148/7/5 333/69/5 328/54/5
f 334/69/98 369/2/98 288/2/98 253/7/98
f 148/7/11 154/2/11 368/2/11 333/69/11
f 343/15/98 339/38/98 258/38/98 264/15/98
f 150/5/6 149/5/6 338/38/6 344/15/6
f 339/38/98 383/65/98 304/65/98 258/38/98
f 149/5/16 155/4/16 384/76/16 338/38/16
f 40/6/7 150/5/7 344/15/7 349/39/7
f 348/19/1 343/15/1 264/15/1 269/19/1
f 151/6/8 40/6/8 349/39/8 354/6/8
f 353/16/98 348/19/98 269/19/98 274/5/98
f 152/5/9 151/6/9 354/6/9 359/15/9
f 358/38/1 353/16/1 274/5/1 279/5/1
f 156/4/17 152/5/17 359/15/17 388/78/17
f 389/78/1 358/38/1 279/5/1 308/4/1
f 45/3/99 153/2/99 364/22/99 374/3/99
f 373/3/98 363/2/98 284/2/98 294/62/98
f 369/2/98 379/63/98 298/3/98 288/2/98
f 154/2/13 46/3/13 378/62/13 368/2/13
f 155/4/14 45/3/14 374/3/14 384/76/14
f 383/65/1 373/3/1 294/62/1 304/65/1
f 379/63/1 389/78/1 308/4/1 298/3/1
f 46/3/15 156/4/15 388/78/15 378/62/15
usemtl Material.034
f 537/1/302 545/2/302 437/3/302 547/4/302 541/5/302 542/5/302 432/6/302 543/6/302 544/5/302 548/4/302 438/3/302 546/2/302 540/7/302 539/8/302 427/8/302 538/8/302
f 409/1/303 410/8/303 394/8/303 393/1/303
f 410/8/304 411/8/304 395/8/304 394/8/304
f 411/8/305 412/8/305 396/8/305 395/8/305
f 412/8/306 413/7/306 397/7/306 396/8/306
f 415/5/307 414/5/307 398/5/307 399/5/307
f 416/6/308 415/5/308 399/5/308 400/6/308
f 417/6/309 416/6/309 400/6/309 401/6/309
f 418/5/310 417/6/310 401/6/310 402/5/310
f 419/2/311 409/1/311 393/1/311 403/2/311
f 413/7/312 420/2/312 404/2/312 397/7/312
f 421/3/313 419/2/313 403/2/313 405/3/313
f 420/2/314 422/3/314 406/3/314 404/2/314
f 423/4/315 421/3/315 405/3/315 407/4/315
f 422/3/316 424/4/316 408/4/316 406/3/316
f 414/5/317 423/4/317 407/4/317 398/5/317
f 424/4/318 418/5/318 402/5/318 408/4/318
f 441/9/319 549/1/319 443/10/319
f 444/1/320 445/7/320 550/8/320
f 447/11/321 448/10/321 449/8/321
f 450/7/322 451/12/322 551/1/322
f 453/13/323 454/8/323 552/8/323
f 456/14/324 457/15/324 554/5/324
f 459/5/325 553/5/325 461/16/325
f 462/16/326 463/17/326 464/15/326
f 465/18/327 556/6/327 467/19/327
f 468/20/328 555/5/328 470/6/328
f 471/21/329 557/22/329 473/23/329
f 474/24/330 475/25/330 558/22/330
f 477/26/331 478/27/331 479/28/331
f 480/29/332 481/30/332 482/27/332
f 483/31/333 559/4/333 485/32/333
f 486/33/334 487/34/334 560/4/334
f 489/9/335 490/1/335 491/10/335
f 492/8/336 493/35/336 494/7/336
f 495/35/337 496/8/337 497/8/337
f 498/10/338 499/10/338 500/8/338
f 501/36/339 502/8/339 503/7/339
f 504/37/340 505/6/340 506/38/340
f 507/5/341 508/5/341 509/5/341
f 510/6/342 511/39/342 512/6/342
f 513/16/343 514/16/343 515/5/343
f 516/40/344 517/5/344 518/5/344
f 519/21/345 520/41/345 521/22/345
f 522/24/346 523/22/346 524/42/346
f 525/43/347 526/44/347 527/27/347
f 528/26/348 529/27/348 530/45/348
f 531/46/349 532/47/349 533/48/349
f 534/33/350 535/49/350 536/47/350
f 489/9/351 441/9/351 443/10/351 490/1/351
f 444/1/352 492/8/352 494/7/352 445/7/352
f 447/11/353 495/35/353 497/8/353 448/10/353
f 450/7/354 498/10/354 500/8/354 451/12/354
f 453/13/355 501/36/355 503/7/355 454/8/355
f 507/5/356 459/5/356 461/16/356 508/5/356
f 456/14/357 504/37/357 506/38/357 457/15/357
f 510/6/358 462/16/358 464/15/358 511/39/358
f 513/16/359 465/18/359 467/19/359 514/16/359
f 516/40/360 468/20/360 470/6/360 517/5/360
f 519/21/361 471/21/361 473/23/361 520/41/361
f 474/24/362 522/24/362 524/42/362 475/25/362
f 525/43/363 477/26/363 479/28/363 526/44/363
f 480/29/364 528/26/364 530/45/364 481/30/364
f 531/46/365 483/31/365 485/32/365 532/47/365
f 486/33/366 534/33/366 536/47/366 487/34/366
f 490/1/367 494/7/367 493/35/367 491/10/367
f 492/8/368 497/8/368 496/8/368 493/35/368
f 495/35/369 500/8/369 499/10/369 496/8/369
f 498/10/370 503/7/370 502/8/370 499/10/370
f 505/6/371 509/5/371 508/5/371 506/38/371
f 509/5/372 512/6/372 511/39/372 507/5/372
f 512/6/373 515/5/373 514/16/373 510/6/373
f 515/5/374 518/5/374 517/5/374 513/16/374
f 520/41/375 489/9/375 491/10/375 521/22/375
f 523/22/376 502/8/376 501/36/376 524/42/376
f 526/44/377 519/21/377 521/22/377 527/27/377
f 529/27/378 523/22/378 522/24/378 530/45/378
f 532/47/379 525/43/379 527/27/379 533/48/379
f 535/49/380 529/27/380 528/26/380 536/47/380
f 504/37/381 531/46/381 533/48/381 505/6/381
f 518/5/382 535/49/382 534/33/382 516/40/382
f 549/1/383 550/8/383 445/7/383 443/10/383
f 550/8/384 449/8/384 448/10/384 444/1/384
f 449/8/385 551/1/385 451/12/385 447/11/385
f 551/1/386 552/8/386 454/8/386 450/7/386
f 457/15/387 461/16/387 553/5/387 554/5/387
f 459/5/388 464/15/388 463/17/388 553/5/388
f 462/16/389 467/19/389 556/6/389 463/17/389
f 465/18/390 470/6/390 555/5/390 556/6/390
f 557/22/391 549/1/391 441/9/391 473/23/391
f 475/25/392 453/13/392 552/8/392 558/22/392
f 478/27/393 557/22/393 471/21/393 479/28/393
f 481/30/394 474/24/394 558/22/394 482/27/394
f 559/4/395 478/27/395 477/26/395 485/32/395
f 487/34/396 480/29/396 482/27/396 560/4/396
f 554/5/397 559/4/397 483/31/397 456/14/397
f 468/20/398 486/33/398 560/4/398 555/5/398
f 473/23/311 441/9/311 489/9/311 520/41/311
f 443/10/303 445/7/303 494/7/303 490/1/303
f 444/1/304 448/10/304 497/8/304 492/8/304
f 449/8/302 550/8/302 562/8/302 563/8/302
f 447/11/305 451/12/305 500/8/305 495/35/305
f 551/1/399 449/8/399 563/8/399 564/8/399
f 450/7/306 454/8/306 503/7/306 498/10/306
f 453/13/312 475/25/312 524/42/312 501/36/312
f 456/14/317 483/31/317 531/46/317 504/37/317
f 461/16/307 457/15/307 506/38/307 508/5/307
f 464/15/308 459/5/308 507/5/308 511/39/308
f 553/5/302 463/17/302 568/6/302 567/5/302
f 467/19/309 462/16/309 510/6/309 514/16/309
f 463/17/399 556/6/399 569/6/399 568/6/399
f 470/6/310 465/18/310 513/16/310 517/5/310
f 486/33/318 468/20/318 516/40/318 534/33/318
f 479/28/313 471/21/313 519/21/313 526/44/313
f 557/22/399 478/27/399 573/3/399 571/2/399
f 474/24/314 481/30/314 530/45/314 522/24/314
f 482/27/302 558/22/302 572/2/302 574/3/302
f 485/32/315 477/26/315 525/43/315 532/47/315
f 478/27/302 559/4/302 575/4/302 573/3/302
f 480/29/400 487/34/400 536/47/400 528/26/400
f 560/4/302 482/27/302 574/3/302 576/4/302
f 493/35/401 496/8/401 411/8/401 410/8/401
f 496/8/402 499/10/402 412/8/402 411/8/402
f 512/6/401 509/5/401 415/5/401 416/6/401
f 515/5/402 512/6/402 416/6/402 417/6/402
f 527/27/402 521/22/402 419/2/402 421/3/402
f 523/22/401 529/27/401 422/3/401 420/2/401
f 533/48/402 527/27/402 421/3/402 423/4/402
f 529/27/402 535/49/402 424/4/402 422/3/402
f 426/8/403 425/1/403 561/1/403 562/8/403
f 429/7/404 428/8/404 564/8/404 565/7/404
f 430/5/405 431/5/405 567/5/405 566/5/405
f 433/6/406 434/5/406 570/5/406 569/6/406
f 425/1/407 435/2/407 571/2/407 561/1/407
f 436/2/408 429/7/408 565/7/408 572/2/408
f 439/4/409 430/5/409 566/5/409 575/4/409
f 434/5/410 440/4/410 576/4/410 570/5/410
f 442/1/411 446/8/411 550/8/411 549/1/411
f 452/1/412 455/8/412 552/8/412 551/1/412
f 460/5/413 458/5/413 554/5/413 553/5/413
f 469/5/414 466/6/414 556/6/414 555/5/414
f 472/22/415 442/1/415 549/1/415 557/22/415
f 455/8/416 476/22/416 558/22/416 552/8/416
f 458/5/417 484/4/417 559/4/417 554/5/417
f 488/4/418 469/5/418 555/5/418 560/4/418
f 435/2/419 472/22/419 557/22/419 571/2/419
f 446/8/420 426/8/420 562/8/420 550/8/420
f 428/8/421 452/1/421 551/1/421 564/8/421
f 476/22/422 436/2/422 572/2/422 558/22/422
f 484/4/423 439/4/423 575/4/423 559/4/423
f 431/5/424 460/5/424 553/5/424 567/5/424
f 466/6/425 433/6/425 569/6/425 556/6/425
f 440/4/426 488/4/426 560/4/426 576/4/426
f 577/1/427 578/8/427 562/8/427 561/1/427
f 578/8/428 579/8/428 563/8/428 562/8/428
f 579/8/429 580/8/429 564/8/429 563/8/429
f 580/8/430 581/7/430 565/7/430 564/8/430
f 583/5/431 582/5/431 566/5/431 567/5/431
f 584/6/432 583/5/432 567/5/432 568/6/432
f 585/6/433 584/6/433 568/6/433 569/6/433
f 586/5/434 585/6/434 569/6/434 570/5/434
f 587/2/435 577/1/435 561/1/435 571/2/435
f 581/7/436 588/2/436 572/2/436 565/7/436
f 589/3/437 587/2/437 571/2/437 573/3/437
f 588/2/438 590/3/438 574/3/438 572/2/438
f 591/4/439 589/3/439 573/3/439 575/4/439
f 590/3/440 592/4/440 576/4/440 574/3/440
f 582/5/441 591/4/441 575/4/441 566/5/441
f 592/4/442 586/5/442 570/5/442 576/4/442
f 593/1/303 594/8/303 578/8/303 577/1/303
f 594/8/304 595/8/304 579/8/304 578/8/304
f 595/8/305 596/8/305 580/8/305 579/8/305
f 596/8/306 597/7/306 581/7/306 580/8/306
f 599/5/443 598/5/443 582/5/443 583/5/443
f 600/6/308 599/5/308 583/5/308 584/6/308
f 601/6/309 600/6/309 584/6/309 585/6/309
f 602/5/310 601/6/310 585/6/310 586/5/310
f 603/2/311 593/1/311 577/1/311 587/2/311
f 597/7/444 604/2/444 588/2/444 581/7/444
f 605/3/313 603/2/313 587/2/313 589/3/313
f 604/2/314 606/3/314 590/3/314 588/2/314
f 607/4/315 605/3/315 589/3/315 591/4/315
f 606/3/316 608/4/316 592/4/316 590/3/316
f 598/5/317 607/4/317 591/4/317 582/5/317
f 608/4/318 602/5/318 586/5/318 592/4/318
f 609/1/303 610/8/303 594/8/303 593/1/303
f 610/8/304 611/8/304 595/8/304 594/8/304
f 611/8/305 612/8/305 596/8/305 595/8/305
f 612/8/306 613/7/306 597/7/306 596/8/306
f 615/5/443 614/5/443 598/5/443 599/5/443
f 616/6/308 615/5/308 599/5/308 600/6/308
f 617/6/309 616/6/309 600/6/309 601/6/309
f 618/5/310 617/6/310 601/6/310 602/5/310
f 619/2/311 609/1/311 593/1/311 603/2/311
f 613/7/312 620/2/312 604/2/312 597/7/312
f 621/3/313 619/2/313 603/2/313 605/3/313
f 620/2/314 622/3/314 606/3/314 604/2/314
f 623/4/315 621/3/315 605/3/315 607/4/315
f 622/3/316 624/4/316 608/4/316 606/3/316
f 614/5/317 623/4/317 607/4/317 598/5/317
f 624/4/318 618/5/318 602/5/318 608/4/318
f 414/50/445 415/50/445 431/50/445
f 509/50/446 460/50/446 415/50/446
f 414/50/447 431/50/447 430/50/447
f 426/50/448 446/50/448 410/50/448
f 430/50/449 439/50/449 414/50/449
f 484/50/450 533/50/450 423/50/450
f 439/50/451 484/50/451 423/50/451
f 460/50/452 431/50/452 415/50/452
f 460/50/453 509/50/453 505/50/453
f 458/50/454 460/50/454 505/50/454
f 484/50/455 458/50/455 505/50/455
f 484/50/456 505/50/456 533/50/456
f 439/50/457 423/50/457 414/50/457
f 426/50/458 410/50/458 409/50/458
f 420/50/459 476/50/459 523/50/459
f 425/50/460 426/50/460 409/50/460
f 419/50/461 435/50/461 409/50/461
f 472/50/462 435/50/462 419/50/462
f 521/50/463 472/50/463 419/50/463
f 446/50/464 493/50/464 410/50/464
f 491/50/465 493/50/465 446/50/465
f 491/50/466 446/50/466 442/50/466
f 491/50/467 442/50/467 472/50/467
f 521/50/468 491/50/468 472/50/468
f 435/50/469 425/50/469 409/50/469
f 476/50/470 502/50/470 523/50/470
f 420/50/471 436/50/471 476/50/471
f 455/50/472 502/50/472 476/50/472
f 455/50/473 452/50/473 502/50/473
f 413/50/474 429/50/474 436/50/474
f 428/50/475 412/50/475 452/50/475
f 518/50/476 488/50/476 535/50/476
f 420/50/477 413/50/477 436/50/477
f 412/50/478 499/50/478 452/50/478
f 413/50/479 428/50/479 429/50/479
f 412/50/480 428/50/480 413/50/480
f 452/50/481 499/50/481 502/50/481
f 488/50/482 424/50/482 535/50/482
f 518/50/483 469/50/483 488/50/483
f 440/50/484 424/50/484 488/50/484
f 515/50/485 466/50/485 518/50/485
f 418/50/486 424/50/486 440/50/486
f 515/50/487 417/50/487 466/50/487
f 434/50/488 418/50/488 440/50/488
f 417/50/489 433/50/489 466/50/489
f 433/50/490 418/50/490 434/50/490
f 433/50/491 417/50/491 418/50/491
f 466/50/492 469/50/492 518/50/492
f 626/51/493 630/8/493 632/8/493 629/1/493
f 629/1/494 632/8/494 633/1/494 628/52/494
f 628/52/495 633/1/495 634/8/495 627/53/495
f 627/53/496 634/8/496 631/8/496 625/1/496
f 630/8/497 635/8/497 637/35/497 632/8/497
f 632/8/498 637/35/498 638/8/498 633/1/498
f 633/1/499 638/8/499 639/54/499 634/8/499
f 634/8/500 639/54/500 636/10/500 631/8/500
f 635/8/501 640/8/501 642/35/501 637/35/501
f 637/35/502 642/35/502 643/8/502 638/8/502
f 638/8/503 643/8/503 644/1/503 639/54/503
f 639/54/504 644/1/504 641/8/504 636/10/504
f 640/8/505 645/7/505 647/55/505 642/35/505
f 642/35/506 647/55/506 648/52/506 643/8/506
f 643/8/507 648/52/507 649/56/507 644/1/507
f 644/1/508 649/56/508 646/11/508 641/8/508
f 651/15/509 655/38/509 657/5/509 654/57/509
f 654/57/510 657/5/510 658/15/510 653/58/510
f 653/58/511 658/15/511 659/15/511 652/5/511
f 652/5/512 659/15/512 656/15/512 650/38/512
f 655/38/513 660/16/513 662/15/513 657/5/513
f 657/5/514 662/15/514 663/6/514 658/15/514
f 658/15/515 663/6/515 664/6/515 659/15/515
f 659/15/516 664/6/516 661/19/516 656/15/516
f 660/16/517 665/6/517 667/38/517 662/15/517
f 662/15/518 667/38/518 668/19/518 663/6/518
f 663/6/519 668/19/519 669/6/519 664/6/519
f 664/6/520 669/6/520 666/5/520 661/19/520
f 665/6/521 670/5/521 672/57/521 667/38/521
f 667/38/522 672/57/522 673/59/522 668/19/522
f 668/19/523 673/59/523 674/5/523 669/6/523
f 669/6/524 674/5/524 671/5/524 666/5/524
f 676/2/525 626/51/525 629/1/525 679/2/525
f 679/2/526 629/1/526 628/52/526 678/2/526
f 678/2/527 628/52/527 627/53/527 677/60/527
f 677/60/528 627/53/528 625/1/528 675/2/528
f 681/2/529 646/11/529 649/56/529 684/61/529
f 684/61/530 649/56/530 648/52/530 683/2/530
f 683/2/531 648/52/531 647/55/531 682/2/531
f 682/2/532 647/55/532 645/7/532 680/2/532
f 686/62/533 676/2/533 679/2/533 689/3/533
f 689/3/534 679/2/534 678/2/534 688/3/534
f 688/3/535 678/2/535 677/60/535 687/63/535
f 687/63/536 677/60/536 675/2/536 685/63/536
f 691/64/537 681/2/537 684/61/537 694/3/537
f 694/3/538 684/61/538 683/2/538 693/62/538
f 693/62/539 683/2/539 682/2/539 692/3/539
f 692/3/540 682/2/540 680/2/540 690/3/540
f 696/65/541 686/62/541 689/3/541 699/4/541
f 699/4/542 689/3/542 688/3/542 698/4/542
f 698/4/543 688/3/543 687/63/543 697/4/543
f 697/4/544 687/63/544 685/63/544 695/48/544
f 701/4/545 691/64/545 694/3/545 704/66/545
f 704/66/546 694/3/546 693/62/546 703/49/546
f 703/49/547 693/62/547 692/3/547 702/4/547
f 702/4/548 692/3/548 690/3/548 700/4/548
f 650/38/549 696/65/549 699/4/549 652/5/549
f 652/5/550 699/4/550 698/4/550 653/58/550
f 653/58/551 698/4/551 697/4/551 654/57/551
f 654/57/552 697/4/552 695/48/552 651/15/552
f 670/5/553 701/4/553 704/66/553 672/57/553
f 672/57/554 704/66/554 703/49/554 673/59/554
f 673/59/555 703/49/555 702/4/555 674/5/555
f 674/5/556 702/4/556 700/4/556 671/5/556
f 625/1/303 631/8/303 610/8/303 609/1/303
f 675/2/557 625/1/557 609/1/557 619/2/557
f 631/8/304 636/10/304 611/8/304 610/8/304
f 636/10/305 641/8/305 612/8/305 611/8/305
f 641/8/558 646/11/558 613/7/558 612/8/558
f 646/11/444 681/2/444 620/2/444 613/7/444
f 651/15/559 695/48/559 623/4/559 614/5/559
f 655/38/443 651/15/443 614/5/443 615/5/443
f 660/16/308 655/38/308 615/5/308 616/6/308
f 665/6/309 660/16/309 616/6/309 617/6/309
f 670/5/310 665/6/310 617/6/310 618/5/310
f 701/4/318 670/5/318 618/5/318 624/4/318
f 685/63/560 675/2/560 619/2/560 621/3/560
f 681/2/314 691/64/314 622/3/314 620/2/314
f 695/48/315 685/63/315 621/3/315 623/4/315
f 691/64/400 701/4/400 624/4/400 622/3/400
f 706/67/496 710/8/496 712/1/496 709/68/496
f 709/68/495 712/1/495 713/8/495 708/1/495
f 708/1/561 713/8/561 714/8/561 707/1/561
f 707/1/562 714/8/562 711/1/562 705/1/562
f 710/8/500 715/8/500 717/8/500 712/1/500
f 712/1/499 717/8/499 718/8/499 713/8/499
f 713/8/498 718/8/498 719/8/498 714/8/498
f 714/8/497 719/8/497 716/8/497 711/1/497
f 715/8/504 720/54/504 722/54/504 717/8/504
f 717/8/563 722/54/563 723/8/563 718/8/563
f 718/8/564 723/8/564 724/8/564 719/8/564
f 719/8/565 724/8/565 721/69/565 716/8/565
f 720/54/566 725/69/566 727/70/566 722/54/566
f 722/54/567 727/70/567 728/7/567 723/8/567
f 723/8/568 728/7/568 729/51/568 724/8/568
f 724/8/569 729/51/569 726/69/569 721/69/569
f 731/38/570 735/15/570 737/5/570 734/15/570
f 734/15/571 737/5/571 738/5/571 733/5/571
f 733/5/572 738/5/572 739/15/572 732/71/572
f 732/71/573 739/15/573 736/15/573 730/38/573
f 735/15/574 740/19/574 742/15/574 737/5/574
f 737/5/515 742/15/515 743/6/515 738/5/515
f 738/5/575 743/6/575 744/5/575 739/15/575
f 739/15/513 744/5/513 741/39/513 736/15/513
f 740/19/520 745/16/520 747/5/520 742/15/520
f 742/15/576 747/5/576 748/6/576 743/6/576
f 743/6/518 748/6/518 749/72/518 744/5/518
f 744/5/517 749/72/517 746/6/517 741/39/517
f 745/16/577 750/38/577 752/5/577 747/5/577
f 747/5/578 752/5/578 753/5/578 748/6/578
f 748/6/522 753/5/522 754/73/522 749/72/522
f 749/72/521 754/73/521 751/15/521 746/6/521
f 756/22/579 706/67/579 709/68/579 759/2/579
f 759/2/580 709/68/580 708/1/580 758/2/580
f 758/2/581 708/1/581 707/1/581 757/2/581
f 757/2/582 707/1/582 705/1/582 755/2/582
f 761/2/532 726/69/532 729/51/532 764/2/532
f 764/2/583 729/51/583 728/7/583 763/2/583
f 763/2/530 728/7/530 727/70/530 762/22/530
f 762/22/584 727/70/584 725/69/584 760/2/584
f 766/3/536 756/22/536 759/2/536 769/74/536
f 769/74/585 759/2/585 758/2/585 768/3/585
f 768/3/586 758/2/586 757/2/586 767/62/586
f 767/62/587 757/2/587 755/2/587 765/3/587
f 771/63/588 761/2/588 764/2/588 774/62/588
f 774/62/589 764/2/589 763/2/589 773/3/589
f 773/3/538 763/2/538 762/22/538 772/75/538
f 772/75/537 762/22/537 760/2/537 770/62/537
f 776/76/544 766/3/544 769/74/544 779/77/544
f 779/77/543 769/74/543 768/3/543 778/4/543
f 778/4/590 768/3/590 767/62/590 777/76/590
f 777/76/591 767/62/591 765/3/591 775/65/591
f 781/78/592 771/63/592 774/62/592 784/78/592
f 784/78/593 774/62/593 773/3/593 783/4/593
f 783/4/594 773/3/594 772/75/594 782/77/594
f 782/77/545 772/75/545 770/62/545 780/78/545
f 730/38/552 776/76/552 779/77/552 732/71/552
f 732/71/595 779/77/595 778/4/595 733/5/595
f 733/5/550 778/4/550 777/76/550 734/15/550
f 734/15/596 777/76/596 775/65/596 731/38/596
f 750/38/597 781/78/597 784/78/597 752/5/597
f 752/5/598 784/78/598 783/4/598 753/5/598
f 753/5/599 783/4/599 782/77/599 754/73/599
f 754/73/600 782/77/600 780/78/600 751/15/600
f 705/1/399 711/1/399 630/8/399 626/51/399
f 545/2/311 537/1/311 706/67/311 756/22/311
f 537/1/303 538/8/303 710/8/303 706/67/303
f 755/2/399 705/1/399 626/51/399 676/2/399
f 711/1/399 716/8/399 635/8/399 630/8/399
f 538/8/304 427/8/304 715/8/304 710/8/304
f 716/8/302 721/69/302 640/8/302 635/8/302
f 427/8/305 539/8/305 720/54/305 715/8/305
f 721/69/302 726/69/302 645/7/302 640/8/302
f 539/8/306 540/7/306 725/69/306 720/54/306
f 726/69/399 761/2/399 680/2/399 645/7/399
f 540/7/312 546/2/312 760/2/312 725/69/312
f 735/15/399 731/38/399 650/38/399 656/15/399
f 542/5/307 541/5/307 730/38/307 736/15/307
f 731/38/399 775/65/399 696/65/399 650/38/399
f 541/5/317 547/4/317 776/76/317 730/38/317
f 432/6/308 542/5/308 736/15/308 741/39/308
f 740/19/302 735/15/302 656/15/302 661/19/302
f 543/6/309 432/6/309 741/39/309 746/6/309
f 745/16/399 740/19/399 661/19/399 666/5/399
f 544/5/310 543/6/310 746/6/310 751/15/310
f 750/38/399 745/16/399 666/5/399 671/5/399
f 548/4/318 544/5/318 751/15/318 780/78/318
f 781/78/302 750/38/302 671/5/302 700/4/302
f 437/3/313 545/2/313 756/22/313 766/3/313
f 765/3/399 755/2/399 676/2/399 686/62/399
f 761/2/399 771/63/399 690/3/399 680/2/399
f 546/2/314 438/3/314 770/62/314 760/2/314
f 547/4/315 437/3/315 766/3/315 776/76/315
f 775/65/302 765/3/302 686/62/302 696/65/302
f 771/63/302 781/78/302 700/4/302 690/3/302
f 438/3/400 548/4/400 780/78/400 770/62/400
usemtl Material.035
f 929/1/601 937/2/601 829/3/601 939/4/601 933/5/601 934/5/601 824/6/601 935/6/601 936/5/601 940/4/601 830/3/601 938/2/601 932/7/601 931/8/601 819/8/601 930/8/601
f 801/1/602 802/8/602 786/8/602 785/1/602
f 802/8/603 803/8/603 787/8/603 786/8/603
f 803/8/604 804/8/604 788/8/604 787/8/604
f 804/8/605 805/7/605 789/7/605 788/8/605
f 807/5/606 806/5/606 790/5/606 791/5/606
f 808/6/607 807/5/607 791/5/607 792/6/607
f 809/6/608 808/6/608 792/6/608 793/6/608
f 810/5/609 809/6/609 793/6/609 794/5/609
f 811/2/610 801/1/610 785/1/610 795/2/610
f 805/7/611 812/2/611 796/2/611 789/7/611
f 813/3/612 811/2/612 795/2/612 797/3/612
f 812/2/613 814/3/613 798/3/613 796/2/613
f 815/4/614 813/3/614 797/3/614 799/4/614
f 814/3/615 816/4/615 800/4/615 798/3/615
f 806/5/616 815/4/616 799/4/616 790/5/616
f 816/4/617 810/5/617 794/5/617 800/4/617
f 833/9/618 941/1/618 835/10/618
f 836/1/619 837/7/619 942/8/619
f 839/11/620 840/10/620 841/8/620
f 842/7/621 843/12/621 943/1/621
f 845/13/622 846/8/622 944/8/622
f 848/14/623 849/15/623 946/5/623
f 851/5/624 945/5/624 853/16/624
f 854/16/625 855/17/625 856/15/625
f 857/18/626 948/6/626 859/19/626
f 860/20/627 947/5/627 862/6/627
f 863/21/628 949/22/628 865/23/628
f 866/24/629 867/25/629 950/22/629
f 869/26/630 870/27/630 871/28/630
f 872/29/631 873/30/631 874/27/631
f 875/31/632 951/4/632 877/32/632
f 878/33/633 879/34/633 952/4/633
f 881/9/634 882/1/634 883/10/634
f 884/8/635 885/35/635 886/7/635
f 887/35/636 888/8/636 889/8/636
f 890/10/637 891/10/637 892/8/637
f 893/36/638 894/8/638 895/7/638
f 896/37/639 897/6/639 898/38/639
f 899/5/640 900/5/640 901/5/640
f 902/6/641 903/39/641 904/6/641
f 905/16/642 906/16/642 907/5/642
f 908/40/643 909/5/643 910/5/643
f 911/21/644 912/41/644 913/22/644
f 914/24/645 915/22/645 916/42/645
f 917/43/646 918/44/646 919/27/646
f 920/26/647 921/27/647 922/45/647
f 923/46/648 924/47/648 925/48/648
f 926/33/649 927/49/649 928/47/649
f 881/9/650 833/9/650 835/10/650 882/1/650
f 836/1/651 884/8/651 886/7/651 837/7/651
f 839/11/652 887/35/652 889/8/652 840/10/652
f 842/7/653 890/10/653 892/8/653 843/12/653
f 845/13/654 893/36/654 895/7/654 846/8/654
f 899/5/655 851/5/655 853/16/655 900/5/655
f 848/14/656 896/37/656 898/38/656 849/15/656
f 902/6/657 854/16/657 856/15/657 903/39/657
f 905/16/658 857/18/658 859/19/658 906/16/658
f 908/40/659 860/20/659 862/6/659 909/5/659
f 911/21/660 863/21/660 865/23/660 912/41/660
f 866/24/661 914/24/661 916/42/661 867/25/661
f 917/43/662 869/26/662 871/28/662 918/44/662
f 872/29/663 920/26/663 922/45/663 873/30/663
f 923/46/664 875/31/664 877/32/664 924/47/664
f 878/33/665 926/33/665 928/47/665 879/34/665
f 882/1/666 886/7/666 885/35/666 883/10/666
f 884/8/667 889/8/667 888/8/667 885/35/667
f 887/35/668 892/8/668 891/10/668 888/8/668
f 890/10/669 895/7/669 894/8/669 891/10/669
f 897/6/670 901/5/670 900/5/670 898/38/670
f 901/5/671 904/6/671 903/39/671 899/5/671
f 904/6/672 907/5/672 906/16/672 902/6/672
f 907/5/673 910/5/673 909/5/673 905/16/673
f 912/41/674 881/9/674 883/10/674 913/22/674
f 915/22/675 894/8/675 893/36/675 916/42/675
f 918/44/676 911/21/676 913/22/676 919/27/676
f 921/27/677 915/22/677 914/24/677 922/45/677
f 924/47/678 917/43/678 919/27/678 925/48/678
f 927/49/679 921/27/679 920/26/679 928/47/679
f 896/37/680 923/46/680 925/48/680 897/6/680
f 910/5/681 927/49/681 926/33/681 908/40/681
f 941/1/682 942/8/682 837/7/682 835/10/682
f 942/8/683 841/8/683 840/10/683 836/1/683
f 841/8/684 943/1/684 843/12/684 839/11/684
f 943/1/685 944/8/685 846/8/685 842/7/685
f 849/15/686 853/16/686 945/5/686 946/5/686
f 851/5/687 856/15/687 855/17/687 945/5/687
f 854/16/688 859/19/688 948/6/688 855/17/688
f 857/18/689 862/6/689 947/5/689 948/6/689
f 949/22/690 941/1/690 833/9/690 865/23/690
f 867/25/691 845/13/691 944/8/691 950/22/691
f 870/27/692 949/22/692 863/21/692 871/28/692
f 873/30/693 866/24/693 950/22/693 874/27/693
f 951/4/694 870/27/694 869/26/694 877/32/694
f 879/34/695 872/29/695 874/27/695 952/4/695
f 946/5/696 951/4/696 875/31/696 848/14/696
f 860/20/697 878/33/697 952/4/697 947/5/697
f 865/23/610 833/9/610 881/9/610 912/41/610
f 835/10/602 837/7/602 886/7/602 882/1/602
f 836/1/603 840/10/603 889/8/603 884/8/603
f 841/8/601 942/8/601 954/8/601 955/8/601
f 839/11/604 843/12/604 892/8/604 887/35/604
f 943/1/601 841/8/601 955/8/601 956/8/601
f 842/7/605 846/8/605 895/7/605 890/10/605
f 845/13/611 867/25/611 916/42/611 893/36/611
f 848/14/616 875/31/616 923/46/616 896/37/616
f 853/16/698 849/15/698 898/38/698 900/5/698
f 856/15/607 851/5/607 899/5/607 903/39/607
f 945/5/601 855/17/601 960/6/601 959/5/601
f 859/19/608 854/16/608 902/6/608 906/16/608
f 855/17/601 948/6/601 961/6/601 960/6/601
f 862/6/609 857/18/609 905/16/609 909/5/609
f 878/33/617 860/20/617 908/40/617 926/33/617
f 871/28/699 863/21/699 911/21/699 918/44/699
f 949/22/601 870/27/601 965/3/601 963/2/601
f 866/24/613 873/30/613 922/45/613 914/24/613
f 874/27/601 950/22/601 964/2/601 966/3/601
f 877/32/614 869/26/614 917/43/614 924/47/614
f 870/27/601 951/4/601 967/4/601 965/3/601
f 872/29/615 879/34/615 928/47/615 920/26/615
f 952/4/601 874/27/601 966/3/601 968/4/601
f 885/35/700 888/8/700 803/8/700 802/8/700
f 888/8/700 891/10/700 804/8/700 803/8/700
f 904/6/700 901/5/700 807/5/700 808/6/700
f 907/5/700 904/6/700 808/6/700 809/6/700
f 919/27/700 913/22/700 811/2/700 813/3/700
f 915/22/700 921/27/700 814/3/700 812/2/700
f 925/48/700 919/27/700 813/3/700 815/4/700
f 921/27/700 927/49/700 816/4/700 814/3/700
f 818/8/701 817/1/701 953/1/701 954/8/701
f 821/7/702 820/8/702 956/8/702 957/7/702
f 822/5/703 823/5/703 959/5/703 958/5/703
f 825/6/704 826/5/704 962/5/704 961/6/704
f 817/1/705 827/2/705 963/2/705 953/1/705
f 828/2/706 821/7/706 957/7/706 964/2/706
f 831/4/707 822/5/707 958/5/707 967/4/707
f 826/5/708 832/4/708 968/4/708 962/5/708
f 834/1/709 838/8/709 942/8/709 941/1/709
f 844/1/710 847/8/710 944/8/710 943/1/710
f 852/5/711 850/5/711 946/5/711 945/5/711
f 861/5/712 858/6/712 948/6/712 947/5/712
f 864/22/713 834/1/713 941/1/713 949/22/713
f 847/8/714 868/22/714 950/22/714 944/8/714
f 850/5/715 876/4/715 951/4/715 946/5/715
f 880/4/716 861/5/716 947/5/716 952/4/716
f 827/2/717 864/22/717 949/22/717 963/2/717
f 838/8/718 818/8/718 954/8/718 942/8/718
f 820/8/719 844/1/719 943/1/719 956/8/719
f 868/22/720 828/2/720 964/2/720 950/22/720
f 876/4/721 831/4/721 967/4/721 951/4/721
f 823/5/722 852/5/722 945/5/722 959/5/722
f 858/6/723 825/6/723 961/6/723 948/6/723
f 832/4/724 880/4/724 952/4/724 968/4/724
f 969/1/725 970/8/725 954/8/725 953/1/725
f 970/8/726 971/8/726 955/8/726 954/8/726
f 971/8/727 972/8/727 956/8/727 955/8/727
f 972/8/728 973/7/728 957/7/728 956/8/728
f 975/5/729 974/5/729 958/5/729 959/5/729
f 976/6/730 975/5/730 959/5/730 960/6/730
f 977/6/731 976/6/731 960/6/731 961/6/731
f 978/5/732 977/6/732 961/6/732 962/5/732
f 979/2/733 969/1/733 953/1/733 963/2/733
f 973/7/734 980/2/734 964/2/734 957/7/734
f 981/3/735 979/2/735 963/2/735 965/3/735
f 980/2/736 982/3/736 966/3/736 964/2/736
f 983/4/737 981/3/737 965/3/737 967/4/737
f 982/3/738 984/4/738 968/4/738 966/3/738
f 974/5/739 983/4/739 967/4/739 958/5/739
f 984/4/740 978/5/740 962/5/740 968/4/740
f 985/1/602 986/8/602 970/8/602 969/1/602
f 986/8/603 987/8/603 971/8/603 970/8/603
f 987/8/604 988/8/604 972/8/604 971/8/604
f 988/8/605 989/7/605 973/7/605 972/8/605
f 991/5/606 990/5/606 974/5/606 975/5/606
f 992/6/607 991/5/607 975/5/607 976/6/607
f 993/6/608 992/6/608 976/6/608 977/6/608
f 994/5/609 993/6/609 977/6/609 978/5/609
f 995/2/610 985/1/610 969/1/610 979/2/610
f 989/7/611 996/2/611 980/2/611 973/7/611
f 997/3/612 995/2/612 979/2/612 981/3/612
f 996/2/613 998/3/613 982/3/613 980/2/613
f 999/4/614 997/3/614 981/3/614 983/4/614
f 998/3/741 1000/4/741 984/4/741 982/3/741
f 990/5/616 999/4/616 983/4/616 974/5/616
f 1000/4/617 994/5/617 978/5/617 984/4/617
f 1001/1/602 1002/8/602 986/8/602 985/1/602
f 1002/8/603 1003/8/603 987/8/603 986/8/603
f 1003/8/604 1004/8/604 988/8/604 987/8/604
f 1004/8/605 1005/7/605 989/7/605 988/8/605
f 1007/5/698 1006/5/698 990/5/698 991/5/698
f 1008/6/607 1007/5/607 991/5/607 992/6/607
f 1009/6/608 1008/6/608 992/6/608 993/6/608
f 1010/5/609 1009/6/609 993/6/609 994/5/609
f 1011/2/610 1001/1/610 985/1/610 995/2/610
f 1005/7/611 1012/2/611 996/2/611 989/7/611
f 1013/3/612 1011/2/612 995/2/612 997/3/612
f 1012/2/613 1014/3/613 998/3/613 996/2/613
f 1015/4/614 1013/3/614 997/3/614 999/4/614
f 1014/3/741 1016/4/741 1000/4/741 998/3/741
f 1006/5/616 1015/4/616 999/4/616 990/5/616
f 1016/4/617 1010/5/617 994/5/617 1000/4/617
f 806/50/742 807/50/742 823/50/742
f 901/50/743 852/50/743 807/50/743
f 806/50/744 823/50/744 822/50/744
f 818/50/745 838/50/745 802/50/745
f 822/50/746 831/50/746 806/50/746
f 876/50/747 925/50/747 815/50/747
f 831/50/748 876/50/748 815/50/748
f 852/50/749 823/50/749 807/50/749
f 852/50/750 901/50/750 897/50/750
f 850/50/751 852/50/751 897/50/751
f 876/50/752 850/50/752 897/50/752
f 876/50/753 897/50/753 925/50/753
f 831/50/754 815/50/754 806/50/754
f 818/50/755 802/50/755 801/50/755
f 812/50/756 868/50/756 915/50/756
f 817/50/757 818/50/757 801/50/757
f 811/50/758 827/50/758 801/50/758
f 864/50/759 827/50/759 811/50/759
f 913/50/760 864/50/760 811/50/760
f 838/50/761 885/50/761 802/50/761
f 883/50/762 885/50/762 838/50/762
f 883/50/763 838/50/763 834/50/763
f 883/50/764 834/50/764 864/50/764
f 913/50/765 883/50/765 864/50/765
f 827/50/766 817/50/766 801/50/766
f 868/50/767 894/50/767 915/50/767
f 812/50/768 828/50/768 868/50/768
f 847/50/769 894/50/769 868/50/769
f 847/50/770 844/50/770 894/50/770
f 805/50/771 821/50/771 828/50/771
f 820/50/772 804/50/772 844/50/772
f 910/50/773 880/50/773 927/50/773
f 812/50/774 805/50/774 828/50/774
f 804/50/775 891/50/775 844/50/775
f 805/50/776 820/50/776 821/50/776
f 804/50/777 820/50/777 805/50/777
f 844/50/778 891/50/778 894/50/778
f 880/50/779 816/50/779 927/50/779
f 910/50/780 861/50/780 880/50/780
f 832/50/781 816/50/781 880/50/781
f 907/50/782 858/50/782 910/50/782
f 810/50/783 816/50/783 832/50/783
f 907/50/784 809/50/784 858/50/784
f 826/50/785 810/50/785 832/50/785
f 809/50/786 825/50/786 858/50/786
f 825/50/787 810/50/787 826/50/787
f 825/50/788 809/50/788 810/50/788
f 858/50/789 861/50/789 910/50/789
f 1018/51/790 1022/8/790 1024/8/790 1021/1/790
f 1021/1/791 1024/8/791 1025/1/791 1020/52/791
f 1020/52/792 1025/1/792 1026/8/792 1019/53/792
f 1019/53/793 1026/8/793 1023/8/793 1017/1/793
f 1022/8/794 1027/8/794 1029/35/794 1024/8/794
f 1024/8/795 1029/35/795 1030/8/795 1025/1/795
f 1025/1/796 1030/8/796 1031/54/796 1026/8/796
f 1026/8/797 1031/54/797 1028/10/797 1023/8/797
f 1027/8/798 1032/8/798 1034/35/798 1029/35/798
f 1029/35/799 1034/35/799 1035/8/799 1030/8/799
f 1030/8/800 1035/8/800 1036/1/800 1031/54/800
f 1031/54/801 1036/1/801 1033/8/801 1028/10/801
f 1032/8/802 1037/7/802 1039/55/802 1034/35/802
f 1034/35/803 1039/55/803 1040/52/803 1035/8/803
f 1035/8/804 1040/52/804 1041/56/804 1036/1/804
f 1036/1/805 1041/56/805 1038/11/805 1033/8/805
f 1043/15/806 1047/38/806 1049/5/806 1046/57/806
f 1046/57/807 1049/5/807 1050/15/807 1045/58/807
f 1045/58/808 1050/15/808 1051/15/808 1044/5/808
f 1044/5/809 1051/15/809 1048/15/809 1042/38/809
f 1047/38/810 1052/16/810 1054/15/810 1049/5/810
f 1049/5/811 1054/15/811 1055/6/811 1050/15/811
f 1050/15/812 1055/6/812 1056/6/812 1051/15/812
f 1051/15/813 1056/6/813 1053/19/813 1048/15/813
f 1052/16/814 1057/6/814 1059/38/814 1054/15/814
f 1054/15/815 1059/38/815 1060/19/815 1055/6/815
f 1055/6/816 1060/19/816 1061/6/816 1056/6/816
f 1056/6/817 1061/6/817 1058/5/817 1053/19/817
f 1057/6/818 1062/5/818 1064/57/818 1059/38/818
f 1059/38/819 1064/57/819 1065/59/819 1060/19/819
f 1060/19/820 1065/59/820 1066/5/820 1061/6/820
f 1061/6/821 1066/5/821 1063/5/821 1058/5/821
f 1068/2/822 1018/51/822 1021/1/822 1071/2/822
f 1071/2/823 1021/1/823 1020/52/823 1070/2/823
f 1070/2/824 1020/52/824 1019/53/824 1069/60/824
f 1069/60/825 1019/53/825 1017/1/825 1067/2/825
f 1073/2/826 1038/11/826 1041/56/826 1076/61/826
f 1076/61/827 1041/56/827 1040/52/827 1075/2/827
f 1075/2/828 1040/52/828 1039/55/828 1074/2/828
f 1074/2/829 1039/55/829 1037/7/829 1072/2/829
f 1078/62/830 1068/2/830 1071/2/830 1081/3/830
f 1081/3/831 1071/2/831 1070/2/831 1080/3/831
f 1080/3/832 1070/2/832 1069/60/832 1079/63/832
f 1079/63/833 1069/60/833 1067/2/833 1077/63/833
f 1083/64/834 1073/2/834 1076/61/834 1086/3/834
f 1086/3/835 1076/61/835 1075/2/835 1085/62/835
f 1085/62/836 1075/2/836 1074/2/836 1084/3/836
f 1084/3/837 1074/2/837 1072/2/837 1082/3/837
f 1088/65/838 1078/62/838 1081/3/838 1091/4/838
f 1091/4/839 1081/3/839 1080/3/839 1090/4/839
f 1090/4/840 1080/3/840 1079/63/840 1089/4/840
f 1089/4/841 1079/63/841 1077/63/841 1087/48/841
f 1093/4/842 1083/64/842 1086/3/842 1096/66/842
f 1096/66/843 1086/3/843 1085/62/843 1095/49/843
f 1095/49/844 1085/62/844 1084/3/844 1094/4/844
f 1094/4/845 1084/3/845 1082/3/845 1092/4/845
f 1042/38/846 1088/65/846 1091/4/846 1044/5/846
f 1044/5/847 1091/4/847 1090/4/847 1045/58/847
f 1045/58/848 1090/4/848 1089/4/848 1046/57/848
f 1046/57/849 1089/4/849 1087/48/849 1043/15/849
f 1062/5/850 1093/4/850 1096/66/850 1064/57/850
f 1064/57/851 1096/66/851 1095/49/851 1065/59/851
f 1065/59/852 1095/49/852 1094/4/852 1066/5/852
f 1066/5/853 1094/4/853 1092/4/853 1063/5/853
f 1017/1/602 1023/8/602 1002/8/602 1001/1/602
f 1067/2/610 1017/1/610 1001/1/610 1011/2/610
f 1023/8/603 1028/10/603 1003/8/603 1002/8/603
f 1028/10/604 1033/8/604 1004/8/604 1003/8/604
f 1033/8/605 1038/11/605 1005/7/605 1004/8/605
f 1038/11/611 1073/2/611 1012/2/611 1005/7/611
f 1043/15/854 1087/48/854 1015/4/854 1006/5/854
f 1047/38/606 1043/15/606 1006/5/606 1007/5/606
f 1052/16/607 1047/38/607 1007/5/607 1008/6/607
f 1057/6/608 1052/16/608 1008/6/608 1009/6/608
f 1062/5/609 1057/6/609 1009/6/609 1010/5/609
f 1093/4/617 1062/5/617 1010/5/617 1016/4/617
f 1077/63/612 1067/2/612 1011/2/612 1013/3/612
f 1073/2/613 1083/64/613 1014/3/613 1012/2/613
f 1087/48/614 1077/63/614 1013/3/614 1015/4/614
f 1083/64/615 1093/4/615 1016/4/615 1014/3/615
f 1098/67/793 1102/8/793 1104/1/793 1101/68/793
f 1101/68/792 1104/1/792 1105/8/792 1100/1/792
f 1100/1/855 1105/8/855 1106/8/855 1099/1/855
f 1099/1/856 1106/8/856 1103/1/856 1097/1/856
f 1102/8/797 1107/8/797 1109/8/797 1104/1/797
f 1104/1/857 1109/8/857 1110/8/857 1105/8/857
f 1105/8/795 1110/8/795 1111/8/795 1106/8/795
f 1106/8/858 1111/8/858 1108/8/858 1103/1/858
f 1107/8/801 1112/54/801 1114/54/801 1109/8/801
f 1109/8/859 1114/54/859 1115/8/859 1110/8/859
f 1110/8/860 1115/8/860 1116/8/860 1111/8/860
f 1111/8/861 1116/8/861 1113/69/861 1108/8/861
f 1112/54/805 1117/69/805 1119/70/805 1114/54/805
f 1114/54/804 1119/70/804 1120/7/804 1115/8/804
f 1115/8/862 1120/7/862 1121/51/862 1116/8/862
f 1116/8/863 1121/51/863 1118/69/863 1113/69/863
f 1123/38/864 1127/15/864 1129/5/864 1126/15/864
f 1126/15/865 1129/5/865 1130/5/865 1125/5/865
f 1125/5/807 1130/5/807 1131/15/807 1124/71/807
f 1124/71/806 1131/15/806 1128/15/806 1122/38/806
f 1127/15/866 1132/19/866 1134/15/866 1129/5/866
f 1129/5/812 1134/15/812 1135/6/812 1130/5/812
f 1130/5/811 1135/6/811 1136/5/811 1131/15/811
f 1131/15/810 1136/5/810 1133/39/810 1128/15/810
f 1132/19/867 1137/16/867 1139/5/867 1134/15/867
f 1134/15/868 1139/5/868 1140/6/868 1135/6/868
f 1135/6/869 1140/6/869 1141/72/869 1136/5/869
f 1136/5/814 1141/72/814 1138/6/814 1133/39/814
f 1137/16/870 1142/38/870 1144/5/870 1139/5/870
f 1139/5/871 1144/5/871 1145/5/871 1140/6/871
f 1140/6/819 1145/5/819 1146/73/819 1141/72/819
f 1141/72/818 1146/73/818 1143/15/818 1138/6/818
f 1148/22/825 1098/67/825 1101/68/825 1151/2/825
f 1151/2/872 1101/68/872 1100/1/872 1150/2/872
f 1150/2/873 1100/1/873 1099/1/873 1149/2/873
f 1149/2/874 1099/1/874 1097/1/874 1147/2/874
f 1153/2/875 1118/69/875 1121/51/875 1156/2/875
f 1156/2/828 1121/51/828 1120/7/828 1155/2/828
f 1155/2/827 1120/7/827 1119/70/827 1154/22/827
f 1154/22/876 1119/70/876 1117/69/876 1152/2/876
f 1158/3/877 1148/22/877 1151/2/877 1161/74/877
f 1161/74/878 1151/2/878 1150/2/878 1160/3/878
f 1160/3/879 1150/2/879 1149/2/879 1159/62/879
f 1159/62/830 1149/2/830 1147/2/830 1157/3/830
f 1163/63/837 1153/2/837 1156/2/837 1166/62/837
f 1166/62/880 1156/2/880 1155/2/880 1165/3/880
f 1165/3/835 1155/2/835 1154/22/835 1164/75/835
f 1164/75/834 1154/22/834 1152/2/834 1162/62/834
f 1168/76/881 1158/3/881 1161/74/881 1171/77/881
f 1171/77/882 1161/74/882 1160/3/882 1170/4/882
f 1170/4/883 1160/3/883 1159/62/883 1169/76/883
f 1169/76/884 1159/62/884 1157/3/884 1167/65/884
f 1173/78/885 1163/63/885 1166/62/885 1176/78/885
f 1176/78/844 1166/62/844 1165/3/844 1175/4/844
f 1175/4/843 1165/3/843 1164/75/843 1174/77/843
f 1174/77/886 1164/75/886 1162/62/886 1172/78/886
f 1122/38/887 1168/76/887 1171/77/887 1124/71/887
f 1124/71/848 1171/77/848 1170/4/848 1125/5/848
f 1125/5/888 1170/4/888 1169/76/888 1126/15/888
f 1126/15/889 1169/76/889 1167/65/889 1123/38/889
f 1142/38/890 1173/78/890 1176/78/890 1144/5/890
f 1144/5/891 1176/78/891 1175/4/891 1145/5/891
f 1145/5/892 1175/4/892 1174/77/892 1146/73/892
f 1146/73/893 1174/77/893 1172/78/893 1143/15/893
f 1097/1/894 1103/1/894 1022/8/894 1018/51/894
f 937/2/610 929/1/610 1098/67/610 1148/22/610
f 929/1/602 930/8/602 1102/8/602 1098/67/602
f 1147/2/601 1097/1/601 1018/51/601 1068/2/601
f 1103/1/894 1108/8/894 1027/8/894 1022/8/894
f 930/8/603 819/8/603 1107/8/603 1102/8/603
f 1108/8/601 1113/69/601 1032/8/601 1027/8/601
f 819/8/604 931/8/604 1112/54/604 1107/8/604
f 1113/69/601 1118/69/601 1037/7/601 1032/8/601
f 931/8/605 932/7/605 1117/69/605 1112/54/605
f 1118/69/894 1153/2/894 1072/2/894 1037/7/894
f 932/7/895 938/2/895 1152/2/895 1117/69/895
f 1127/15/601 1123/38/601 1042/38/601 1048/15/601
f 934/5/606 933/5/606 1122/38/606 1128/15/606
f 1123/38/894 1167/65/894 1088/65/894 1042/38/894
f 933/5/616 939/4/616 1168/76/616 1122/38/616
f 824/6/607 934/5/607 1128/15/607 1133/39/607
f 1132/19/601 1127/15/601 1048/15/601 1053/19/601
f 935/6/608 824/6/608 1133/39/608 1138/6/608
f 1137/16/894 1132/19/894 1053/19/894 1058/5/894
f 936/5/609 935/6/609 1138/6/609 1143/15/609
f 1142/38/894 1137/16/894 1058/5/894 1063/5/894
f 940/4/617 936/5/617 1143/15/617 1172/78/617
f 1173/78/601 1142/38/601 1063/5/601 1092/4/601
f 829/3/699 937/2/699 1148/22/699 1158/3/699
f 1157/3/894 1147/2/894 1068/2/894 1078/62/894
f 1153/2/894 1163/63/894 1082/3/894 1072/2/894
f 938/2/613 830/3/613 1162/62/613 1152/2/613
f 939/4/614 829/3/614 1158/3/614 1168/76/614
f 1167/65/894 1157/3/894 1078/62/894 1088/65/894
f 1163/63/894 1173/78/894 1092/4/894 1082/3/894
f 830/3/741 940/4/741 1172/78/741 1162/62/741
usemtl Material.036
f 1321/1/896 1329/2/896 1221/3/896 1331/4/896 1325/5/896 1326/5/896 1216/6/896 1327/6/896 1328/5/896 1332/4/896 1222/3/896 1330/2/896 1324/7/896 1323/8/896 1211/8/896 1322/8/896
f 1193/1/897 1194/8/897 1178/8/897 1177/1/897
f 1194/8/898 1195/8/898 1179/8/898 1178/8/898
f 1195/8/899 1196/8/899 1180/8/899 1179/8/899
f 1196/8/900 1197/7/900 1181/7/900 1180/8/900
f 1199/5/901 1198/5/901 1182/5/901 1183/5/901
f 1200/6/902 1199/5/902 1183/5/902 1184/6/902
f 1201/6/903 1200/6/903 1184/6/903 1185/6/903
f 1202/5/904 1201/6/904 1185/6/904 1186/5/904
f 1203/2/905 1193/1/905 1177/1/905 1187/2/905
f 1197/7/906 1204/2/906 1188/2/906 1181/7/906
f 1205/3/907 1203/2/907 1187/2/907 1189/3/907
f 1204/2/908 1206/3/908 1190/3/908 1188/2/908
f 1207/4/909 1205/3/909 1189/3/909 1191/4/909
f 1206/3/910 1208/4/910 1192/4/910 1190/3/910
f 1198/5/911 1207/4/911 1191/4/911 1182/5/911
f 1208/4/912 1202/5/912 1186/5/912 1192/4/912
f 1225/9/913 1333/1/913 1227/10/913
f 1228/1/914 1229/7/914 1334/8/914
f 1231/11/915 1232/10/915 1233/8/915
f 1234/7/916 1235/12/916 1335/1/916
f 1237/13/917 1238/8/917 1336/8/917
f 1240/14/918 1241/15/918 1338/5/918
f 1243/5/919 1337/5/919 1245/16/919
f 1246/16/920 1247/17/920 1248/15/920
f 1249/18/921 1340/6/921 1251/19/921
f 1252/20/922 1339/5/922 1254/6/922
f 1255/21/923 1341/22/923 1257/23/923
f 1258/24/924 1259/25/924 1342/22/924
f 1261/26/925 1262/27/925 1263/28/925
f 1264/29/926 1265/30/926 1266/27/926
f 1267/31/927 1343/4/927 1269/32/927
f 1270/33/928 1271/34/928 1344/4/928
f 1273/9/929 1274/1/929 1275/10/929
f 1276/8/930 1277/35/930 1278/7/930
f 1279/35/931 1280/8/931 1281/8/931
f 1282/10/932 1283/10/932 1284/8/932
f 1285/36/933 1286/8/933 1287/7/933
f 1288/37/934 1289/6/934 1290/38/934
f 1291/5/935 1292/5/935 1293/5/935
f 1294/6/936 1295/39/936 1296/6/936
f 1297/16/937 1298/16/937 1299/5/937
f 1300/40/938 1301/5/938 1302/5/938
f 1303/21/939 1304/41/939 1305/22/939
f 1306/24/940 1307/22/940 1308/42/940
f 1309/43/941 1310/44/941 1311/27/941
f 1312/26/942 1313/27/942 1314/45/942
f 1315/46/943 1316/47/943 1317/48/943
f 1318/33/944 1319/49/944 1320/47/944
f 1273/9/945 1225/9/945 1227/10/945 1274/1/945
f 1228/1/946 1276/8/946 1278/7/946 1229/7/946
f 1231/11/947 1279/35/947 1281/8/947 1232/10/947
f 1234/7/948 1282/10/948 1284/8/948 1235/12/948
f 1237/13/949 1285/36/949 1287/7/949 1238/8/949
f 1291/5/950 1243/5/950 1245/16/950 1292/5/950
f 1240/14/951 1288/37/951 1290/38/951 1241/15/951
f 1294/6/952 1246/16/952 1248/15/952 1295/39/952
f 1297/16/953 1249/18/953 1251/19/953 1298/16/953
f 1300/40/954 1252/20/954 1254/6/954 1301/5/954
f 1303/21/955 1255/21/955 1257/23/955 1304/41/955
f 1258/24/956 1306/24/956 1308/42/956 1259/25/956
f 1309/43/957 1261/26/957 1263/28/957 1310/44/957
f 1264/29/958 1312/26/958 1314/45/958 1265/30/958
f 1315/46/959 1267/31/959 1269/32/959 1316/47/959
f 1270/33/960 1318/33/960 1320/47/960 1271/34/960
f 1274/1/961 1278/7/961 1277/35/961 1275/10/961
f 1276/8/962 1281/8/962 1280/8/962 1277/35/962
f 1279/35/963 1284/8/963 1283/10/963 1280/8/963
f 1282/10/964 1287/7/964 1286/8/964 1283/10/964
f 1289/6/965 1293/5/965 1292/5/965 1290/38/965
f 1293/5/966 1296/6/966 1295/39/966 1291/5/966
f 1296/6/967 1299/5/967 1298/16/967 1294/6/967
f 1299/5/968 1302/5/968 1301/5/968 1297/16/968
f 1304/41/969 1273/9/969 1275/10/969 1305/22/969
f 1307/22/970 1286/8/970 1285/36/970 1308/42/970
f 1310/44/971 1303/21/971 1305/22/971 1311/27/971
f 1313/27/972 1307/22/972 1306/24/972 1314/45/972
f 1316/47/973 1309/43/973 1311/27/973 1317/48/973
f 1319/49/974 1313/27/974 1312/26/974 1320/47/974
f 1288/37/975 1315/46/975 1317/48/975 1289/6/975
f 1302/5/976 1319/49/976 1318/33/976 1300/40/976
f 1333/1/977 1334/8/977 1229/7/977 1227/10/977
f 1334/8/978 1233/8/978 1232/10/978 1228/1/978
f 1233/8/979 1335/1/979 1235/12/979 1231/11/979
f 1335/1/980 1336/8/980 1238/8/980 1234/7/980
f 1241/15/981 1245/16/981 1337/5/981 1338/5/981
f 1243/5/982 1248/15/982 1247/17/982 1337/5/982
f 1246/16/983 1251/19/983 1340/6/983 1247/17/983
f 1249/18/984 1254/6/984 1339/5/984 1340/6/984
f 1341/22/985 1333/1/985 1225/9/985 1257/23/985
f 1259/25/986 1237/13/986 1336/8/986 1342/22/986
f 1262/27/987 1341/22/987 1255/21/987 1263/28/987
f 1265/30/988 1258/24/988 1342/22/988 1266/27/988
f 1343/4/989 1262/27/989 1261/26/989 1269/32/989
f 1271/34/990 1264/29/990 1266/27/990 1344/4/990
f 1338/5/991 1343/4/991 1267/31/991 1240/14/991
f 1252/20/992 1270/33/992 1344/4/992 1339/5/992
f 1257/23/905 1225/9/905 1273/9/905 1304/41/905
f 1227/10/897 1229/7/897 1278/7/897 1274/1/897
f 1228/1/898 1232/10/898 1281/8/898 1276/8/898
f 1233/8/896 1334/8/896 1346/8/896 1347/8/896
f 1231/11/899 1235/12/899 1284/8/899 1279/35/899
f 1335/1/896 1233/8/896 1347/8/896 1348/8/896
f 1234/7/900 1238/8/900 1287/7/900 1282/10/900
f 1237/13/906 1259/25/906 1308/42/906 1285/36/906
f 1240/14/911 1267/31/911 1315/46/911 1288/37/911
f 1245/16/993 1241/15/993 1290/38/993 1292/5/993
f 1248/15/902 1243/5/902 1291/5/902 1295/39/902
f 1337/5/896 1247/17/896 1352/6/896 1351/5/896
f 1251/19/903 1246/16/903 1294/6/903 1298/16/903
f 1247/17/896 1340/6/896 1353/6/896 1352/6/896
f 1254/6/904 1249/18/904 1297/16/904 1301/5/904
f 1270/33/912 1252/20/912 1300/40/912 1318/33/912
f 1263/28/994 1255/21/994 1303/21/994 1310/44/994
f 1341/22/896 1262/27/896 1357/3/896 1355/2/896
f 1258/24/908 1265/30/908 1314/45/908 1306/24/908
f 1266/27/896 1342/22/896 1356/2/896 1358/3/896
f 1269/32/909 1261/26/909 1309/43/909 1316/47/909
f 1262/27/896 1343/4/896 1359/4/896 1357/3/896
f 1264/29/910 1271/34/910 1320/47/910 1312/26/910
f 1344/4/896 1266/27/896 1358/3/896 1360/4/896
f 1277/35/995 1280/8/995 1195/8/995 1194/8/995
f 1280/8/995 1283/10/995 1196/8/995 1195/8/995
f 1296/6/995 1293/5/995 1199/5/995 1200/6/995
f 1299/5/995 1296/6/995 1200/6/995 1201/6/995
f 1311/27/995 1305/22/995 1203/2/995 1205/3/995
f 1307/22/995 1313/27/995 1206/3/995 1204/2/995
f 1317/48/995 1311/27/995 1205/3/995 1207/4/995
f 1313/27/995 1319/49/995 1208/4/995 1206/3/995
f 1210/8/996 1209/1/996 1345/1/996 1346/8/996
f 1213/7/997 1212/8/997 1348/8/997 1349/7/997
f 1214/5/998 1215/5/998 1351/5/998 1350/5/998
f 1217/6/999 1218/5/999 1354/5/999 1353/6/999
f 1209/1/1000 1219/2/1000 1355/2/1000 1345/1/1000
f 1220/2/1001 1213/7/1001 1349/7/1001 1356/2/1001
f 1223/4/1002 1214/5/1002 1350/5/1002 1359/4/1002
f 1218/5/1003 1224/4/1003 1360/4/1003 1354/5/1003
f 1226/1/1004 1230/8/1004 1334/8/1004 1333/1/1004
f 1236/1/1005 1239/8/1005 1336/8/1005 1335/1/1005
f 1244/5/1006 1242/5/1006 1338/5/1006 1337/5/1006
f 1253/5/1007 1250/6/1007 1340/6/1007 1339/5/1007
f 1256/22/1008 1226/1/1008 1333/1/1008 1341/22/1008
f 1239/8/1009 1260/22/1009 1342/22/1009 1336/8/1009
f 1242/5/1010 1268/4/1010 1343/4/1010 1338/5/1010
f 1272/4/1011 1253/5/1011 1339/5/1011 1344/4/1011
f 1219/2/1012 1256/22/1012 1341/22/1012 1355/2/1012
f 1230/8/1013 1210/8/1013 1346/8/1013 1334/8/1013
f 1212/8/1014 1236/1/1014 1335/1/1014 1348/8/1014
f 1260/22/1015 1220/2/1015 1356/2/1015 1342/22/1015
f 1268/4/1016 1223/4/1016 1359/4/1016 1343/4/1016
f 1215/5/1017 1244/5/1017 1337/5/1017 1351/5/1017
f 1250/6/1018 1217/6/1018 1353/6/1018 1340/6/1018
f 1224/4/1019 1272/4/1019 1344/4/1019 1360/4/1019
f 1361/1/1020 1362/8/1020 1346/8/1020 1345/1/1020
f 1362/8/1021 1363/8/1021 1347/8/1021 1346/8/1021
f 1363/8/1022 1364/8/1022 1348/8/1022 1347/8/1022
f 1364/8/1023 1365/7/1023 1349/7/1023 1348/8/1023
f 1367/5/1024 1366/5/1024 1350/5/1024 1351/5/1024
f 1368/6/1025 1367/5/1025 1351/5/1025 1352/6/1025
f 1369/6/1026 1368/6/1026 1352/6/1026 1353/6/1026
f 1370/5/1027 1369/6/1027 1353/6/1027 1354/5/1027
f 1371/2/1028 1361/1/1028 1345/1/1028 1355/2/1028
f 1365/7/1029 1372/2/1029 1356/2/1029 1349/7/1029
f 1373/3/1030 1371/2/1030 1355/2/1030 1357/3/1030
f 1372/2/1031 1374/3/1031 1358/3/1031 1356/2/1031
f 1375/4/1032 1373/3/1032 1357/3/1032 1359/4/1032
f 1374/3/1033 1376/4/1033 1360/4/1033 1358/3/1033
f 1366/5/1034 1375/4/1034 1359/4/1034 1350/5/1034
f 1376/4/1035 1370/5/1035 1354/5/1035 1360/4/1035
f 1377/1/897 1378/8/897 1362/8/897 1361/1/897
f 1378/8/898 1379/8/898 1363/8/898 1362/8/898
f 1379/8/899 1380/8/899 1364/8/899 1363/8/899
f 1380/8/900 1381/7/900 1365/7/900 1364/8/900
f 1383/5/901 1382/5/901 1366/5/901 1367/5/901
f 1384/6/902 1383/5/902 1367/5/902 1368/6/902
f 1385/6/903 1384/6/903 1368/6/903 1369/6/903
f 1386/5/904 1385/6/904 1369/6/904 1370/5/904
f 1387/2/905 1377/1/905 1361/1/905 1371/2/905
f 1381/7/906 1388/2/906 1372/2/906 1365/7/906
f 1389/3/907 1387/2/907 1371/2/907 1373/3/907
f 1388/2/908 1390/3/908 1374/3/908 1372/2/908
f 1391/4/909 1389/3/909 1373/3/909 1375/4/909
f 1390/3/1036 1392/4/1036 1376/4/1036 1374/3/1036
f 1382/5/911 1391/4/911 1375/4/911 1366/5/911
f 1392/4/912 1386/5/912 1370/5/912 1376/4/912
f 1393/1/897 1394/8/897 1378/8/897 1377/1/897
f 1394/8/898 1395/8/898 1379/8/898 1378/8/898
f 1395/8/899 1396/8/899 1380/8/899 1379/8/899
f 1396/8/900 1397/7/900 1381/7/900 1380/8/900
f 1399/5/993 1398/5/993 1382/5/993 1383/5/993
f 1400/6/902 1399/5/902 1383/5/902 1384/6/902
f 1401/6/903 1400/6/903 1384/6/903 1385/6/903
f 1402/5/904 1401/6/904 1385/6/904 1386/5/904
f 1403/2/905 1393/1/905 1377/1/905 1387/2/905
f 1397/7/906 1404/2/906 1388/2/906 1381/7/906
f 1405/3/907 1403/2/907 1387/2/907 1389/3/907
f 1404/2/908 1406/3/908 1390/3/908 1388/2/908
f 1407/4/909 1405/3/909 1389/3/909 1391/4/909
f 1406/3/1036 1408/4/1036 1392/4/1036 1390/3/1036
f 1398/5/911 1407/4/911 1391/4/911 1382/5/911
f 1408/4/912 1402/5/912 1386/5/912 1392/4/912
f 1198/50/1037 1199/50/1037 1215/50/1037
f 1293/50/1038 1244/50/1038 1199/50/1038
f 1198/50/1039 1215/50/1039 1214/50/1039
f 1210/50/1040 1230/50/1040 1194/50/1040
f 1214/50/1041 1223/50/1041 1198/50/1041
f 1268/50/1042 1317/50/1042 1207/50/1042
f 1223/50/1043 1268/50/1043 1207/50/1043
f 1244/50/1044 1215/50/1044 1199/50/1044
f 1244/50/1045 1293/50/1045 1289/50/1045
f 1242/50/1046 1244/50/1046 1289/50/1046
f 1268/50/1047 1242/50/1047 1289/50/1047
f 1268/50/1048 1289/50/1048 1317/50/1048
f 1223/50/1049 1207/50/1049 1198/50/1049
f 1210/50/1050 1194/50/1050 1193/50/1050
f 1204/50/1051 1260/50/1051 1307/50/1051
f 1209/50/1052 1210/50/1052 1193/50/1052
f 1203/50/1053 1219/50/1053 1193/50/1053
f 1256/50/1054 1219/50/1054 1203/50/1054
f 1305/50/1055 1256/50/1055 1203/50/1055
f 1230/50/1056 1277/50/1056 1194/50/1056
f 1275/50/1057 1277/50/1057 1230/50/1057
f 1275/50/1058 1230/50/1058 1226/50/1058
f 1275/50/1059 1226/50/1059 1256/50/1059
f 1305/50/1060 1275/50/1060 1256/50/1060
f 1219/50/1061 1209/50/1061 1193/50/1061
f 1260/50/1062 1286/50/1062 1307/50/1062
f 1204/50/1063 1220/50/1063 1260/50/1063
f 1239/50/1064 1286/50/1064 1260/50/1064
f 1239/50/1065 1236/50/1065 1286/50/1065
f 1197/50/1066 1213/50/1066 1220/50/1066
f 1212/50/1067 1196/50/1067 1236/50/1067
f 1302/50/1068 1272/50/1068 1319/50/1068
f 1204/50/1069 1197/50/1069 1220/50/1069
f 1196/50/1070 1283/50/1070 1236/50/1070
f 1197/50/1071 1212/50/1071 1213/50/1071
f 1196/50/1072 1212/50/1072 1197/50/1072
f 1236/50/1073 1283/50/1073 1286/50/1073
f 1272/50/1074 1208/50/1074 1319/50/1074
f 1302/50/1075 1253/50/1075 1272/50/1075
f 1224/50/1076 1208/50/1076 1272/50/1076
f 1299/50/1077 1250/50/1077 1302/50/1077
f 1202/50/1078 1208/50/1078 1224/50/1078
f 1299/50/1079 1201/50/1079 1250/50/1079
f 1218/50/1080 1202/50/1080 1224/50/1080
f 1201/50/1081 1217/50/1081 1250/50/1081
f 1217/50/1082 1202/50/1082 1218/50/1082
f 1217/50/1083 1201/50/1083 1202/50/1083
f 1250/50/1084 1253/50/1084 1302/50/1084
f 1410/51/1085 1414/8/1085 1416/8/1085 1413/1/1085
f 1413/1/1086 1416/8/1086 1417/1/1086 1412/52/1086
f 1412/52/1087 1417/1/1087 1418/8/1087 1411/53/1087
f 1411/53/1088 1418/8/1088 1415/8/1088 1409/1/1088
f 1414/8/1089 1419/8/1089 1421/35/1089 1416/8/1089
f 1416/8/1090 1421/35/1090 1422/8/1090 1417/1/1090
f 1417/1/1091 1422/8/1091 1423/54/1091 1418/8/1091
f 1418/8/1092 1423/54/1092 1420/10/1092 1415/8/1092
f 1419/8/1093 1424/8/1093 1426/35/1093 1421/35/1093
f 1421/35/1094 1426/35/1094 1427/8/1094 1422/8/1094
f 1422/8/1095 1427/8/1095 1428/1/1095 1423/54/1095
f 1423/54/1096 1428/1/1096 1425/8/1096 1420/10/1096
f 1424/8/1097 1429/7/1097 1431/55/1097 1426/35/1097
f 1426/35/1098 1431/55/1098 1432/52/1098 1427/8/1098
f 1427/8/1099 1432/52/1099 1433/56/1099 1428/1/1099
f 1428/1/1100 1433/56/1100 1430/11/1100 1425/8/1100
f 1435/15/1101 1439/38/1101 1441/5/1101 1438/57/1101
f 1438/57/1102 1441/5/1102 1442/15/1102 1437/58/1102
f 1437/58/1103 1442/15/1103 1443/15/1103 1436/5/1103
f 1436/5/1104 1443/15/1104 1440/15/1104 1434/38/1104
f 1439/38/1105 1444/16/1105 1446/15/1105 1441/5/1105
f 1441/5/1106 1446/15/1106 1447/6/1106 1442/15/1106
f 1442/15/1107 1447/6/1107 1448/6/1107 1443/15/1107
f 1443/15/1108 1448/6/1108 1445/19/1108 1440/15/1108
f 1444/16/1109 1449/6/1109 1451/38/1109 1446/15/1109
f 1446/15/1110 1451/38/1110 1452/19/1110 1447/6/1110
f 1447/6/1111 1452/19/1111 1453/6/1111 1448/6/1111
f 1448/6/1112 1453/6/1112 1450/5/1112 1445/19/1112
f 1449/6/1113 1454/5/1113 1456/57/1113 1451/38/1113
f 1451/38/1114 1456/57/1114 1457/59/1114 1452/19/1114
f 1452/19/1115 1457/59/1115 1458/5/1115 1453/6/1115
f 1453/6/1116 1458/5/1116 1455/5/1116 1450/5/1116
f 1460/2/1117 1410/51/1117 1413/1/1117 1463/2/1117
f 1463/2/1118 1413/1/1118 1412/52/1118 1462/2/1118
f 1462/2/1119 1412/52/1119 1411/53/1119 1461/60/1119
f 1461/60/1120 1411/53/1120 1409/1/1120 1459/2/1120
f 1465/2/1121 1430/11/1121 1433/56/1121 1468/61/1121
f 1468/61/1122 1433/56/1122 1432/52/1122 1467/2/1122
f 1467/2/1123 1432/52/1123 1431/55/1123 1466/2/1123
f 1466/2/1124 1431/55/1124 1429/7/1124 1464/2/1124
f 1470/62/1125 1460/2/1125 1463/2/1125 1473/3/1125
f 1473/3/1126 1463/2/1126 1462/2/1126 1472/3/1126
f 1472/3/1127 1462/2/1127 1461/60/1127 1471/63/1127
f 1471/63/1128 1461/60/1128 1459/2/1128 1469/63/1128
f 1475/64/1129 1465/2/1129 1468/61/1129 1478/3/1129
f 1478/3/1130 1468/61/1130 1467/2/1130 1477/62/1130
f 1477/62/1131 1467/2/1131 1466/2/1131 1476/3/1131
f 1476/3/1132 1466/2/1132 1464/2/1132 1474/3/1132
f 1480/65/1133 1470/62/1133 1473/3/1133 1483/4/1133
f 1483/4/1134 1473/3/1134 1472/3/1134 1482/4/1134
f 1482/4/1135 1472/3/1135 1471/63/1135 1481/4/1135
f 1481/4/1136 1471/63/1136 1469/63/1136 1479/48/1136
f 1485/4/1137 1475/64/1137 1478/3/1137 1488/66/1137
f 1488/66/1138 1478/3/1138 1477/62/1138 1487/49/1138
f 1487/49/1139 1477/62/1139 1476/3/1139 1486/4/1139
f 1486/4/1140 1476/3/1140 1474/3/1140 1484/4/1140
f 1434/38/1141 1480/65/1141 1483/4/1141 1436/5/1141
f 1436/5/1142 1483/4/1142 1482/4/1142 1437/58/1142
f 1437/58/1143 1482/4/1143 1481/4/1143 1438/57/1143
f 1438/57/1144 1481/4/1144 1479/48/1144 1435/15/1144
f 1454/5/1145 1485/4/1145 1488/66/1145 1456/57/1145
f 1456/57/1146 1488/66/1146 1487/49/1146 1457/59/1146
f 1457/59/1147 1487/49/1147 1486/4/1147 1458/5/1147
f 1458/5/1148 1486/4/1148 1484/4/1148 1455/5/1148
f 1409/1/897 1415/8/897 1394/8/897 1393/1/897
f 1459/2/905 1409/1/905 1393/1/905 1403/2/905
f 1415/8/898 1420/10/898 1395/8/898 1394/8/898
f 1420/10/899 1425/8/899 1396/8/899 1395/8/899
f 1425/8/900 1430/11/900 1397/7/900 1396/8/900
f 1430/11/906 1465/2/906 1404/2/906 1397/7/906
f 1435/15/1149 1479/48/1149 1407/4/1149 1398/5/1149
f 1439/38/901 1435/15/901 1398/5/901 1399/5/901
f 1444/16/902 1439/38/902 1399/5/902 1400/6/902
f 1449/6/903 1444/16/903 1400/6/903 1401/6/903
f 1454/5/904 1449/6/904 1401/6/904 1402/5/904
f 1485/4/912 1454/5/912 1402/5/912 1408/4/912
f 1469/63/907 1459/2/907 1403/2/907 1405/3/907
f 1465/2/908 1475/64/908 1406/3/908 1404/2/908
f 1479/48/909 1469/63/909 1405/3/909 1407/4/909
f 1475/64/910 1485/4/910 1408/4/910 1406/3/910
f 1490/67/1088 1494/8/1088 1496/1/1088 1493/68/1088
f 1493/68/1087 1496/1/1087 1497/8/1087 1492/1/1087
f 1492/1/1150 1497/8/1150 1498/8/1150 1491/1/1150
f 1491/1/1151 1498/8/1151 1495/1/1151 1489/1/1151
f 1494/8/1092 1499/8/1092 1501/8/1092 1496/1/1092
f 1496/1/1152 1501/8/1152 1502/8/1152 1497/8/1152
f 1497/8/1090 1502/8/1090 1503/8/1090 1498/8/1090
f 1498/8/1153 1503/8/1153 1500/8/1153 1495/1/1153
f 1499/8/1096 1504/54/1096 1506/54/1096 1501/8/1096
f 1501/8/1154 1506/54/1154 1507/8/1154 1502/8/1154
f 1502/8/1155 1507/8/1155 1508/8/1155 1503/8/1155
f 1503/8/1156 1508/8/1156 1505/69/1156 1500/8/1156
f 1504/54/1100 1509/69/1100 1511/70/1100 1506/54/1100
f 1506/54/1099 1511/70/1099 1512/7/1099 1507/8/1099
f 1507/8/1157 1512/7/1157 1513/51/1157 1508/8/1157
f 1508/8/1158 1513/51/1158 1510/69/1158 1505/69/1158
f 1515/38/1159 1519/15/1159 1521/5/1159 1518/15/1159
f 1518/15/1160 1521/5/1160 1522/5/1160 1517/5/1160
f 1517/5/1102 1522/5/1102 1523/15/1102 1516/71/1102
f 1516/71/1101 1523/15/1101 1520/15/1101 1514/38/1101
f 1519/15/1161 1524/19/1161 1526/15/1161 1521/5/1161
f 1521/5/1107 1526/15/1107 1527/6/1107 1522/5/1107
f 1522/5/1106 1527/6/1106 1528/5/1106 1523/15/1106
f 1523/15/1105 1528/5/1105 1525/39/1105 1520/15/1105
f 1524/19/1162 1529/16/1162 1531/5/1162 1526/15/1162
f 1526/15/1163 1531/5/1163 1532/6/1163 1527/6/1163
f 1527/6/1164 1532/6/1164 1533/72/1164 1528/5/1164
f 1528/5/1109 1533/72/1109 1530/6/1109 1525/39/1109
f 1529/16/1165 1534/38/1165 1536/5/1165 1531/5/1165
f 1531/5/1166 1536/5/1166 1537/5/1166 1532/6/1166
f 1532/6/1114 1537/5/1114 1538/73/1114 1533/72/1114
f 1533/72/1113 1538/73/1113 1535/15/1113 1530/6/1113
f 1540/22/1120 1490/67/1120 1493/68/1120 1543/2/1120
f 1543/2/1119 1493/68/1119 1492/1/1119 1542/2/1119
f 1542/2/1167 1492/1/1167 1491/1/1167 1541/2/1167
f 1541/2/1168 1491/1/1168 1489/1/1168 1539/2/1168
f 1545/2/1169 1510/69/1169 1513/51/1169 1548/2/1169
f 1548/2/1123 1513/51/1123 1512/7/1123 1547/2/1123
f 1547/2/1122 1512/7/1122 1511/70/1122 1546/22/1122
f 1546/22/1170 1511/70/1170 1509/69/1170 1544/2/1170
f 1550/3/1171 1540/22/1171 1543/2/1171 1553/74/1171
f 1553/74/1172 1543/2/1172 1542/2/1172 1552/3/1172
f 1552/3/1173 1542/2/1173 1541/2/1173 1551/62/1173
f 1551/62/1125 1541/2/1125 1539/2/1125 1549/3/1125
f 1555/63/1132 1545/2/1132 1548/2/1132 1558/62/1132
f 1558/62/1174 1548/2/1174 1547/2/1174 1557/3/1174
f 1557/3/1130 1547/2/1130 1546/22/1130 1556/75/1130
f 1556/75/1129 1546/22/1129 1544/2/1129 1554/62/1129
f 1560/76/1175 1550/3/1175 1553/74/1175 1563/77/1175
f 1563/77/1176 1553/74/1176 1552/3/1176 1562/4/1176
f 1562/4/1177 1552/3/1177 1551/62/1177 1561/76/1177
f 1561/76/1178 1551/62/1178 1549/3/1178 1559/65/1178
f 1565/78/1179 1555/63/1179 1558/62/1179 1568/78/1179
f 1568/78/1139 1558/62/1139 1557/3/1139 1567/4/1139
f 1567/4/1180 1557/3/1180 1556/75/1180 1566/77/1180
f 1566/77/1181 1556/75/1181 1554/62/1181 1564/78/1181
f 1514/38/1182 1560/76/1182 1563/77/1182 1516/71/1182
f 1516/71/1143 1563/77/1143 1562/4/1143 1517/5/1143
f 1517/5/1183 1562/4/1183 1561/76/1183 1518/15/1183
f 1518/15/1184 1561/76/1184 1559/65/1184 1515/38/1184
f 1534/38/1185 1565/78/1185 1568/78/1185 1536/5/1185
f 1536/5/1186 1568/78/1186 1567/4/1186 1537/5/1186
f 1537/5/1187 1567/4/1187 1566/77/1187 1538/73/1187
f 1538/73/1188 1566/77/1188 1564/78/1188 1535/15/1188
f 1489/1/1189 1495/1/1189 1414/8/1189 1410/51/1189
f 1329/2/905 1321/1/905 1490/67/905 1540/22/905
f 1321/1/897 1322/8/897 1494/8/897 1490/67/897
f 1539/2/896 1489/1/896 1410/51/896 1460/2/896
f 1495/1/1189 1500/8/1189 1419/8/1189 1414/8/1189
f 1322/8/898 1211/8/898 1499/8/898 1494/8/898
f 1500/8/896 1505/69/896 1424/8/896 1419/8/896
f 1211/8/899 1323/8/899 1504/54/899 1499/8/899
f 1505/69/896 1510/69/896 1429/7/896 1424/8/896
f 1323/8/900 1324/7/900 1509/69/900 1504/54/900
f 1510/69/1189 1545/2/1189 1464/2/1189 1429/7/1189
f 1324/7/1190 1330/2/1190 1544/2/1190 1509/69/1190
f 1519/15/896 1515/38/896 1434/38/896 1440/15/896
f 1326/5/901 1325/5/901 1514/38/901 1520/15/901
f 1515/38/1189 1559/65/1189 1480/65/1189 1434/38/1189
f 1325/5/911 1331/4/911 1560/76/911 1514/38/911
f 1216/6/902 1326/5/902 1520/15/902 1525/39/902
f 1524/19/896 1519/15/896 1440/15/896 1445/19/896
f 1327/6/903 1216/6/903 1525/39/903 1530/6/903
f 1529/16/1189 1524/19/1189 1445/19/1189 1450/5/1189
f 1328/5/904 1327/6/904 1530/6/904 1535/15/904
f 1534/38/1189 1529/16/1189 1450/5/1189 1455/5/1189
f 1332/4/912 1328/5/912 1535/15/912 1564/78/912
f 1565/78/896 1534/38/896 1455/5/896 1484/4/896
f 1221/3/994 1329/2/994 1540/22/994 1550/3/994
f 1549/3/1189 1539/2/1189 1460/2/1189 1470/62/1189
f 1545/2/1189 1555/63/1189 1474/3/1189 1464/2/1189
f 1330/2/908 1222/3/908 1554/62/908 1544/2/908
f 1331/4/909 1221/3/909 1550/3/909 1560/76/909
f 1559/65/1189 1549/3/1189 1470/62/1189 1480/65/1189
f 1555/63/1189 1565/78/1189 1484/4/1189 1474/3/1189
f 1222/3/1036 1332/4/1036 1564/78/1036 1554/62/1036
