# Blender 5.2.0 LTS
# www.blender.org
mtllib g.mtl
o Cube.030
v 94.523468 15.692568 1.612800
v 94.523468 15.692568 -1.612800
v 92.387199 15.692568 -0.523464
v 93.476532 15.692568 1.612800
v 93.476532 15.692568 -1.612800
v 95.612801 15.692568 0.523464
v 95.612801 15.692568 -0.523464
v 92.387199 15.692568 0.523464
v 94.485153 14.878282 1.494760
v 94.485153 14.878282 -1.494760
v 92.505241 14.878282 -0.485152
v 93.514847 14.878282 1.494760
v 93.514847 14.878282 -1.494760
v 95.494759 14.878282 0.485152
v 95.494759 14.878282 -0.485152
v 92.505241 14.878282 0.485152
v 94.489944 14.980067 1.509515
v 94.494728 15.081853 1.524270
v 94.499519 15.183639 1.539025
v 94.504311 15.285425 1.553780
v 94.509094 15.387211 1.568535
v 94.513885 15.488997 1.583290
v 94.518677 15.590782 1.598045
v 94.489944 14.980067 -1.509515
v 94.494728 15.081853 -1.524270
v 94.499519 15.183639 -1.539025
v 94.504311 15.285425 -1.553780
v 94.509094 15.387211 -1.568535
v 94.513885 15.488997 -1.583290
v 94.518677 15.590782 -1.598045
v 93.510056 14.980067 1.509515
v 93.505272 15.081853 1.524270
v 93.500481 15.183639 1.539025
v 93.495689 15.285425 1.553780
v 93.490906 15.387211 1.568535
v 93.486115 15.488997 1.583290
v 93.481323 15.590782 1.598045
v 95.509514 14.980067 -0.489941
v 95.524269 15.081853 -0.494730
v 95.539024 15.183639 -0.499519
v 95.553780 15.285425 -0.504308
v 95.568535 15.387211 -0.509097
v 95.583290 15.488997 -0.513886
v 95.598045 15.590782 -0.518675
v 95.612801 15.692568 -0.392598
v 95.612801 15.692568 -0.261732
v 95.612801 15.692568 -0.130866
v 95.612801 15.692568 0.000000
v 95.612801 15.692568 0.130866
v 95.612801 15.692568 0.261732
v 95.612801 15.692568 0.392598
v 94.392601 15.692568 1.612800
v 94.261734 15.692568 1.612800
v 94.130867 15.692568 1.612800
v 94.000000 15.692568 1.612800
v 93.869133 15.692568 1.612800
v 93.738266 15.692568 1.612800
v 93.607399 15.692568 1.612800
v 92.387199 15.692568 0.392598
v 92.387199 15.692568 0.261732
v 92.387199 15.692568 0.130866
v 92.387199 15.692568 0.000000
v 92.387199 15.692568 -0.130866
v 92.387199 15.692568 -0.261732
v 92.387199 15.692568 -0.392598
v 93.607399 15.692568 -1.612800
v 93.738266 15.692568 -1.612800
v 93.869133 15.692568 -1.612800
v 94.000000 15.692568 -1.612800
v 94.130867 15.692568 -1.612800
v 94.261734 15.692568 -1.612800
v 94.392601 15.692568 -1.612800
v 92.401955 15.590782 -0.518675
v 92.416710 15.488996 -0.513886
v 92.431465 15.387210 -0.509097
v 92.446220 15.285424 -0.504308
v 92.460976 15.183639 -0.499519
v 92.475731 15.081853 -0.494730
v 92.490486 14.980067 -0.489941
v 93.481323 15.590782 -1.598045
v 93.486115 15.488996 -1.583290
v 93.490906 15.387210 -1.568535
v 93.495689 15.285424 -1.553780
v 93.500481 15.183639 -1.539025
v 93.505272 15.081853 -1.524270
v 93.510056 14.980067 -1.509515
v 95.598045 15.590782 0.518675
v 95.583290 15.488996 0.513886
v 95.568535 15.387210 0.509097
v 95.553780 15.285424 0.504308
v 95.539024 15.183639 0.499519
v 95.524269 15.081853 0.494730
v 95.509514 14.980067 0.489941
v 92.401955 15.590782 0.518675
v 92.416710 15.488996 0.513886
v 92.431465 15.387210 0.509097
v 92.446220 15.285424 0.504308
v 92.460976 15.183639 0.499519
v 92.475731 15.081853 0.494730
v 92.490486 14.980067 0.489941
v 93.636139 14.878282 -1.494760
v 93.757423 14.878282 -1.494760
v 93.878716 14.878282 -1.494760
v 94.000000 14.878282 -1.494760
v 94.121284 14.878282 -1.494760
v 94.242577 14.878282 -1.494760
v 94.363861 14.878282 -1.494760
v 92.505241 14.878282 0.363864
v 92.505241 14.878282 0.242576
v 92.505241 14.878282 0.121288
v 92.505241 14.878282 -0.000000
v 92.505241 14.878282 -0.121288
v 92.505241 14.878282 -0.242576
v 92.505241 14.878282 -0.363864
v 94.363861 14.878282 1.494760
v 94.242577 14.878282 1.494760
v 94.121284 14.878282 1.494760
v 94.000000 14.878282 1.494760
v 93.878716 14.878282 1.494760
v 93.757423 14.878282 1.494760
v 93.636139 14.878282 1.494760
v 95.494759 14.878282 -0.363864
v 95.494759 14.878282 -0.242576
v 95.494759 14.878282 -0.121288
v 95.494759 14.878282 0.000000
v 95.494759 14.878282 0.121288
v 95.494759 14.878282 0.242576
v 95.494759 14.878282 0.363864
v 94.367455 14.980067 -1.509515
v 94.389008 15.590782 -1.598045
v 94.244972 14.980067 -1.509515
v 94.165123 15.154483 -1.320986
v 94.215744 15.229459 -1.331854
v 94.233521 15.317899 -1.344675
v 94.215744 15.406338 -1.357495
v 94.165123 15.481314 -1.368363
v 94.259338 15.590782 -1.598045
v 94.122482 14.980067 -1.509515
v 94.089363 15.104386 -1.313724
v 94.124878 15.213996 -1.329613
v 94.126076 15.315782 -1.344368
v 94.127274 15.417567 -1.359123
v 94.102173 15.531666 -1.589476
v 94.129669 15.590782 -1.598045
v 94.000000 14.980067 -1.509515
v 94.000000 15.086794 -1.311173
v 94.000000 15.213996 -1.329613
v 94.000000 15.315782 -1.344368
v 94.000000 15.417567 -1.359123
v 94.000000 15.551780 -1.592391
v 94.000000 15.590782 -1.598045
v 93.877518 14.980067 -1.509515
v 93.910637 15.104386 -1.313724
v 93.875122 15.213996 -1.329613
v 93.873924 15.315782 -1.344368
v 93.872726 15.417566 -1.359123
v 93.897827 15.531666 -1.589476
v 93.870331 15.590782 -1.598045
v 93.755028 14.980067 -1.509515
v 93.834877 15.154483 -1.320986
v 93.784256 15.229459 -1.331854
v 93.766479 15.317898 -1.344675
v 93.784256 15.406338 -1.357495
v 93.834877 15.481314 -1.368363
v 93.740662 15.590782 -1.598045
v 93.632545 14.980067 -1.509515
v 93.610992 15.590782 -1.598045
v 92.490486 14.980067 -0.367456
v 92.401955 15.590782 -0.389007
v 92.490486 14.980067 -0.244971
v 92.679016 15.154484 -0.165123
v 92.668144 15.229459 -0.215744
v 92.655327 15.317899 -0.233519
v 92.642502 15.406338 -0.215744
v 92.631638 15.481313 -0.165123
v 92.401955 15.590782 -0.259338
v 92.490486 14.980067 -0.122485
v 92.686279 15.104386 -0.089364
v 92.670387 15.213996 -0.124880
v 92.655632 15.315782 -0.126077
v 92.640877 15.417566 -0.127274
v 92.410522 15.531666 -0.102176
v 92.401955 15.590782 -0.129669
v 92.490486 14.980067 -0.000000
v 92.688828 15.086795 -0.000000
v 92.670387 15.213996 -0.000000
v 92.655632 15.315782 0.000000
v 92.640877 15.417566 0.000000
v 92.407608 15.551780 0.000000
v 92.401955 15.590782 0.000000
v 92.490486 14.980067 0.122485
v 92.686279 15.104386 0.089364
v 92.670387 15.213996 0.124880
v 92.655632 15.315782 0.126077
v 92.640877 15.417566 0.127274
v 92.410522 15.531666 0.102176
v 92.401955 15.590782 0.129669
v 92.490486 14.980067 0.244971
v 92.679016 15.154484 0.165123
v 92.668144 15.229459 0.215744
v 92.655327 15.317898 0.233519
v 92.642502 15.406338 0.215744
v 92.631638 15.481314 0.165123
v 92.401955 15.590782 0.259338
v 92.490486 14.980067 0.367456
v 92.401955 15.590782 0.389007
v 93.632545 14.980067 1.509515
v 93.610992 15.590782 1.598045
v 93.755028 14.980067 1.509515
v 93.834877 15.154484 1.320986
v 93.784256 15.229459 1.331854
v 93.766479 15.317899 1.344674
v 93.784256 15.406338 1.357495
v 93.834877 15.481314 1.368363
v 93.740662 15.590782 1.598045
v 93.877518 14.980067 1.509515
v 93.910637 15.104386 1.313724
v 93.875122 15.213996 1.329613
v 93.873924 15.315782 1.344368
v 93.872726 15.417567 1.359123
v 93.897827 15.531666 1.589476
v 93.870331 15.590782 1.598045
v 94.000000 14.980067 1.509515
v 94.000000 15.086795 1.311173
v 94.000000 15.213996 1.329613
v 94.000000 15.315782 1.344368
v 94.000000 15.417567 1.359123
v 94.000000 15.551780 1.592391
v 94.000000 15.590782 1.598045
v 94.122482 14.980067 1.509515
v 94.089363 15.104386 1.313724
v 94.124878 15.213996 1.329613
v 94.126076 15.315782 1.344368
v 94.127274 15.417567 1.359123
v 94.102173 15.531666 1.589476
v 94.129669 15.590782 1.598045
v 94.244972 14.980067 1.509515
v 94.165123 15.154483 1.320986
v 94.215744 15.229459 1.331854
v 94.233521 15.317899 1.344674
v 94.215744 15.406338 1.357495
v 94.165123 15.481314 1.368363
v 94.259338 15.590782 1.598045
v 94.367455 14.980067 1.509515
v 94.389008 15.590782 1.598045
v 95.509514 14.980067 0.367456
v 95.598045 15.590782 0.389007
v 95.509514 14.980067 0.244971
v 95.320984 15.154484 0.165123
v 95.331856 15.229459 0.215744
v 95.344673 15.317899 0.233519
v 95.357498 15.406338 0.215744
v 95.368362 15.481314 0.165123
v 95.598045 15.590782 0.259338
v 95.509514 14.980067 0.122485
v 95.313721 15.104386 0.089364
v 95.329613 15.213996 0.124880
v 95.344368 15.315782 0.126077
v 95.359123 15.417567 0.127274
v 95.589478 15.531666 0.102177
v 95.598045 15.590782 0.129669
v 95.509514 14.980067 0.000000
v 95.311172 15.086795 -0.000000
v 95.329613 15.213996 0.000000
v 95.344368 15.315782 0.000000
v 95.359123 15.417567 0.000000
v 95.592392 15.551780 0.000000
v 95.598045 15.590782 0.000000
v 95.509514 14.980067 -0.122485
v 95.313721 15.104386 -0.089364
v 95.329613 15.213996 -0.124880
v 95.344368 15.315782 -0.126077
v 95.359123 15.417567 -0.127274
v 95.589478 15.531666 -0.102176
v 95.598045 15.590782 -0.129669
v 95.509514 14.980067 -0.244971
v 95.320984 15.154484 -0.165123
v 95.331856 15.229459 -0.215744
v 95.344673 15.317899 -0.233519
v 95.357498 15.406338 -0.215744
v 95.368362 15.481314 -0.165123
v 95.598045 15.590782 -0.259338
v 95.509514 14.980067 -0.367456
v 95.598045 15.590782 -0.389007
v 94.188797 15.100698 -1.527002
v 94.246674 15.186422 -1.539428
v 94.266998 15.287541 -1.554087
v 94.246674 15.388661 -1.568745
v 94.188797 15.474386 -1.581172
v 93.811203 15.100697 -1.527002
v 93.753326 15.186422 -1.539428
v 93.733002 15.287541 -1.554087
v 93.753326 15.388661 -1.568745
v 93.811203 15.474386 -1.581172
v 94.102173 15.043417 -1.518698
v 94.089363 15.531410 -1.375626
v 94.000000 15.023304 -1.515783
v 94.000000 15.549003 -1.378176
v 93.897827 15.043417 -1.518698
v 93.910637 15.531410 -1.375626
v 92.473000 15.100697 -0.188798
v 92.460571 15.186422 -0.246676
v 92.445915 15.287541 -0.267000
v 92.431252 15.388661 -0.246676
v 92.418831 15.474386 -0.188797
v 92.473000 15.100697 0.188797
v 92.460571 15.186422 0.246676
v 92.445915 15.287541 0.267000
v 92.431252 15.388661 0.246676
v 92.418831 15.474386 0.188798
v 92.481300 15.043417 -0.102177
v 92.624374 15.531410 -0.089364
v 92.484215 15.023304 -0.000000
v 92.621826 15.549002 0.000000
v 92.481300 15.043417 0.102176
v 92.624374 15.531410 0.089364
v 93.811203 15.100698 1.527002
v 93.753326 15.186422 1.539428
v 93.733002 15.287541 1.554087
v 93.753326 15.388661 1.568745
v 93.811203 15.474386 1.581172
v 94.188797 15.100698 1.527002
v 94.246674 15.186422 1.539428
v 94.266998 15.287541 1.554087
v 94.246674 15.388661 1.568745
v 94.188797 15.474386 1.581172
v 93.897827 15.043418 1.518698
v 93.910637 15.531410 1.375625
v 94.000000 15.023304 1.515783
v 94.000000 15.549003 1.378176
v 94.102173 15.043418 1.518698
v 94.089363 15.531410 1.375625
v 95.527000 15.100698 0.188797
v 95.539429 15.186422 0.246676
v 95.554085 15.287541 0.267000
v 95.568748 15.388661 0.246676
v 95.581169 15.474386 0.188798
v 95.527000 15.100698 -0.188797
v 95.539429 15.186422 -0.246676
v 95.554085 15.287541 -0.267000
v 95.568748 15.388661 -0.246676
v 95.581169 15.474386 -0.188797
v 95.518700 15.043418 0.102176
v 95.375626 15.531410 0.089364
v 95.515785 15.023304 -0.000000
v 95.378174 15.549003 0.000000
v 95.518700 15.043418 -0.102176
v 95.375626 15.531410 -0.089364
v 94.371048 15.081853 -1.524270
v 94.374641 15.183639 -1.539025
v 94.378235 15.285424 -1.553780
v 94.381821 15.387211 -1.568535
v 94.385414 15.488997 -1.583290
v 93.628952 15.081853 -1.524270
v 93.625359 15.183639 -1.539025
v 93.621765 15.285424 -1.553780
v 93.618179 15.387210 -1.568535
v 93.614586 15.488996 -1.583290
v 92.475731 15.081853 -0.371048
v 92.460976 15.183639 -0.374640
v 92.446220 15.285424 -0.378231
v 92.431465 15.387210 -0.381823
v 92.416710 15.488996 -0.385415
v 92.475731 15.081853 0.371048
v 92.460976 15.183639 0.374640
v 92.446220 15.285424 0.378231
v 92.431465 15.387210 0.381823
v 92.416710 15.488996 0.385415
v 93.628952 15.081853 1.524270
v 93.625359 15.183639 1.539025
v 93.621765 15.285425 1.553780
v 93.618179 15.387211 1.568535
v 93.614586 15.488997 1.583290
v 94.371048 15.081853 1.524270
v 94.374641 15.183639 1.539025
v 94.378235 15.285425 1.553780
v 94.381821 15.387211 1.568535
v 94.385414 15.488997 1.583290
v 95.524269 15.081853 0.371048
v 95.539024 15.183639 0.374640
v 95.553780 15.285424 0.378231
v 95.568535 15.387210 0.381823
v 95.583290 15.488996 0.385415
v 95.524269 15.081853 -0.371048
v 95.539024 15.183639 -0.374640
v 95.553780 15.285425 -0.378231
v 95.568535 15.387211 -0.381823
v 95.583290 15.488997 -0.385415
v 94.409950 15.095946 -1.556107
v 94.408630 15.058654 -1.550701
v 94.380096 15.079566 -1.537842
v 94.413536 15.197727 -1.570861
v 94.412224 15.160435 -1.565455
v 94.383690 15.181352 -1.552597
v 94.417130 15.299507 -1.585616
v 94.415817 15.262217 -1.580210
v 94.387283 15.283138 -1.567352
v 94.420723 15.401289 -1.600370
v 94.419403 15.363997 -1.594964
v 94.390869 15.384924 -1.582107
v 94.424316 15.503070 -1.615124
v 94.422997 15.465779 -1.609719
v 94.394463 15.486710 -1.596862
v 93.590050 15.095946 -1.556107
v 93.619904 15.079566 -1.537842
v 93.591370 15.058654 -1.550701
v 93.586464 15.197727 -1.570861
v 93.616310 15.181352 -1.552597
v 93.587776 15.160435 -1.565455
v 93.582870 15.299507 -1.585616
v 93.612717 15.283137 -1.567352
v 93.584183 15.262216 -1.580210
v 93.579277 15.401288 -1.600370
v 93.609123 15.384923 -1.582107
v 93.580597 15.363997 -1.594964
v 93.575684 15.503070 -1.615124
v 93.605537 15.486710 -1.596862
v 93.577003 15.465778 -1.609718
v 92.443893 15.095946 -0.409948
v 92.449295 15.058654 -0.408632
v 92.462158 15.079566 -0.380098
v 92.429138 15.197727 -0.413539
v 92.434547 15.160435 -0.412223
v 92.447403 15.181352 -0.383689
v 92.414383 15.299507 -0.417131
v 92.419792 15.262216 -0.415815
v 92.432648 15.283137 -0.387281
v 92.399628 15.401288 -0.420723
v 92.405037 15.363997 -0.419407
v 92.417892 15.384923 -0.390873
v 92.384872 15.503069 -0.424314
v 92.390282 15.465778 -0.422998
v 92.403137 15.486710 -0.394465
v 92.443893 15.095946 0.409948
v 92.462158 15.079566 0.380098
v 92.449295 15.058654 0.408632
v 92.429138 15.197727 0.413539
v 92.447403 15.181352 0.383689
v 92.434547 15.160435 0.412223
v 92.414383 15.299507 0.417131
v 92.432648 15.283137 0.387281
v 92.419792 15.262216 0.415815
v 92.399628 15.401288 0.420723
v 92.417892 15.384923 0.390873
v 92.405037 15.363997 0.419407
v 92.384872 15.503069 0.424314
v 92.403137 15.486710 0.394465
v 92.390282 15.465778 0.422998
v 93.590050 15.095946 1.556107
v 93.591370 15.058654 1.550701
v 93.619904 15.079567 1.537842
v 93.586464 15.197727 1.570861
v 93.587776 15.160435 1.565455
v 93.616310 15.181353 1.552597
v 93.582870 15.299508 1.585616
v 93.584183 15.262217 1.580210
v 93.612717 15.283138 1.567352
v 93.579277 15.401289 1.600370
v 93.580597 15.363997 1.594964
v 93.609123 15.384924 1.582107
v 93.575684 15.503070 1.615124
v 93.577003 15.465779 1.609719
v 93.605537 15.486710 1.596862
v 94.409950 15.095946 1.556107
v 94.380096 15.079567 1.537842
v 94.408630 15.058654 1.550701
v 94.413536 15.197727 1.570861
v 94.383690 15.181353 1.552597
v 94.412224 15.160435 1.565455
v 94.417130 15.299508 1.585616
v 94.387283 15.283138 1.567352
v 94.415817 15.262217 1.580210
v 94.420723 15.401289 1.600370
v 94.390869 15.384924 1.582107
v 94.419403 15.363997 1.594964
v 94.424316 15.503070 1.615124
v 94.394463 15.486710 1.596862
v 94.422997 15.465779 1.609719
v 95.556107 15.095946 0.409948
v 95.550697 15.058654 0.408632
v 95.537842 15.079566 0.380098
v 95.570862 15.197727 0.413539
v 95.565453 15.160435 0.412224
v 95.552597 15.181352 0.383689
v 95.585617 15.299507 0.417131
v 95.580208 15.262216 0.415815
v 95.567352 15.283137 0.387281
v 95.600372 15.401288 0.420723
v 95.594963 15.363997 0.419407
v 95.582108 15.384923 0.390873
v 95.615128 15.503070 0.424314
v 95.609718 15.465778 0.422998
v 95.596863 15.486710 0.394465
v 95.556107 15.095946 -0.409948
v 95.537842 15.079567 -0.380098
v 95.550697 15.058654 -0.408632
v 95.570862 15.197727 -0.413539
v 95.552597 15.181353 -0.383689
v 95.565453 15.160435 -0.412223
v 95.585617 15.299508 -0.417131
v 95.567352 15.283138 -0.387281
v 95.580208 15.262217 -0.415815
v 95.600372 15.401289 -0.420723
v 95.582108 15.384924 -0.390873
v 95.594963 15.363997 -0.419407
v 95.615128 15.503070 -0.424314
v 95.596863 15.486710 -0.394465
v 95.609718 15.465779 -0.422998
v 94.481514 15.610074 1.630636
v 94.479736 15.572396 1.625174
v 94.509628 15.589225 1.611723
v 94.513977 15.681632 1.625119
v 94.483414 15.650503 1.636496
v 94.509628 15.589225 -1.611723
v 94.479736 15.572395 -1.625174
v 94.481514 15.610074 -1.630636
v 94.483414 15.650503 -1.636496
v 94.513977 15.681632 -1.625119
v 93.490372 15.589225 1.611723
v 93.520264 15.572396 1.625174
v 93.518486 15.610074 1.630636
v 93.516586 15.650503 1.636496
v 93.486023 15.681632 1.625119
v 95.630638 15.610074 -0.481511
v 95.625175 15.572396 -0.479738
v 95.611725 15.589225 -0.509630
v 95.625122 15.681632 -0.513978
v 95.636497 15.650503 -0.483413
v 95.636497 15.650502 0.416890
v 95.636497 15.650502 0.378009
v 95.625122 15.681631 0.392598
v 95.625122 15.681632 0.513978
v 95.636497 15.650502 0.483413
v 93.583107 15.650503 1.636496
v 93.621994 15.650503 1.636496
v 93.607399 15.681632 1.625119
v 92.363503 15.650502 -0.416890
v 92.363503 15.650502 -0.378009
v 92.374878 15.681632 -0.392598
v 92.374878 15.681632 -0.513978
v 92.363503 15.650502 -0.483413
v 94.416893 15.650503 -1.636496
v 94.378006 15.650503 -1.636496
v 94.392601 15.681632 -1.625119
v 92.464645 14.952809 -0.450586
v 92.459023 14.991570 -0.452410
v 92.476807 14.978510 -0.480896
v 92.490326 14.885269 -0.476509
v 92.470573 14.911886 -0.448661
v 93.519104 14.978510 -1.523193
v 93.547592 14.991570 -1.540977
v 93.549416 14.952809 -1.535358
v 93.551338 14.911886 -1.529425
v 93.523491 14.885269 -1.509677
v 95.535355 14.952809 0.450586
v 95.540977 14.991570 0.452410
v 95.523193 14.978510 0.480896
v 95.509674 14.885269 0.476509
v 95.529427 14.911886 0.448661
v 92.476807 14.978510 0.480896
v 92.459023 14.991570 0.452410
v 92.464645 14.952809 0.450586
v 92.470573 14.911886 0.448661
v 92.490326 14.885269 0.476509
v 94.363861 14.885269 -1.509677
v 94.350494 14.911886 -1.529425
v 94.390366 14.911886 -1.529425
v 94.448662 14.911886 -1.529425
v 94.476509 14.885269 -1.509677
v 92.490326 14.885269 -0.363864
v 92.470573 14.911886 -0.350491
v 92.470573 14.911886 -0.390366
v 93.636139 14.885269 1.509677
v 93.649506 14.911886 1.529425
v 93.609634 14.911886 1.529425
v 93.551338 14.911886 1.529425
v 93.523491 14.885269 1.509677
v 95.509674 14.885269 0.363864
v 95.529427 14.911886 0.350491
v 95.529427 14.911886 0.390366
v 94.448662 14.911886 1.529425
v 94.476509 14.885269 1.509677
v 94.480896 14.978510 1.523193
v 94.452408 14.991570 1.540977
v 94.450584 14.952810 1.535358
v 94.485687 15.080296 1.537948
v 94.457359 15.096819 1.556234
v 94.455605 15.059519 1.550826
v 94.490471 15.182081 1.552703
v 94.462151 15.198609 1.570989
v 94.460396 15.161309 1.565582
v 94.495262 15.283868 1.567458
v 94.466942 15.300400 1.585745
v 94.465187 15.263101 1.580338
v 94.500053 15.385653 1.582213
v 94.471733 15.402189 1.600501
v 94.469978 15.364891 1.595094
v 94.504837 15.487439 1.596968
v 94.476517 15.503980 1.615256
v 94.474762 15.466681 1.609849
v 94.450584 14.952810 -1.535358
v 94.452408 14.991570 -1.540977
v 94.480896 14.978510 -1.523193
v 94.455605 15.059519 -1.550826
v 94.457359 15.096819 -1.556234
v 94.485687 15.080296 -1.537948
v 94.460396 15.161309 -1.565582
v 94.462151 15.198609 -1.570989
v 94.490471 15.182081 -1.552703
v 94.465187 15.263101 -1.580338
v 94.466942 15.300400 -1.585745
v 94.495262 15.283868 -1.567458
v 94.469978 15.364891 -1.595094
v 94.471733 15.402189 -1.600501
v 94.500053 15.385653 -1.582213
v 94.474762 15.466681 -1.609849
v 94.476517 15.503980 -1.615256
v 94.504837 15.487439 -1.596968
v 93.549416 14.952810 1.535358
v 93.547592 14.991570 1.540977
v 93.519104 14.978510 1.523193
v 93.544395 15.059519 1.550826
v 93.542641 15.096819 1.556234
v 93.514313 15.080296 1.537948
v 93.539604 15.161309 1.565582
v 93.537849 15.198609 1.570989
v 93.509529 15.182081 1.552703
v 93.534813 15.263101 1.580338
v 93.533058 15.300400 1.585745
v 93.504738 15.283868 1.567458
v 93.530022 15.364891 1.595094
v 93.528267 15.402189 1.600500
v 93.499947 15.385653 1.582213
v 93.525238 15.466681 1.609849
v 93.523483 15.503980 1.615256
v 93.495155 15.487439 1.596968
v 95.529427 14.911886 -0.448661
v 95.509674 14.885269 -0.476509
v 95.523193 14.978510 -0.480896
v 95.540977 14.991570 -0.452410
v 95.535355 14.952810 -0.450586
v 95.537949 15.080296 -0.485685
v 95.556236 15.096819 -0.457362
v 95.550827 15.059519 -0.455607
v 95.552704 15.182081 -0.490474
v 95.570992 15.198609 -0.462151
v 95.565582 15.161309 -0.460396
v 95.567459 15.283868 -0.495263
v 95.585747 15.300400 -0.466940
v 95.580338 15.263101 -0.465185
v 95.582214 15.385653 -0.500052
v 95.600502 15.402189 -0.471730
v 95.595093 15.364891 -0.469975
v 95.596970 15.487439 -0.504841
v 95.615257 15.503980 -0.476519
v 95.609848 15.466681 -0.474764
v 95.625122 15.681632 -0.392598
v 95.636497 15.650503 -0.378009
v 95.636497 15.650503 -0.416890
v 95.625122 15.681632 -0.261732
v 95.636497 15.650503 -0.242189
v 95.636497 15.650503 -0.279867
v 95.625122 15.681632 -0.130866
v 95.636497 15.650503 -0.111685
v 95.636497 15.650503 -0.149343
v 95.625122 15.681632 0.000000
v 95.636497 15.650502 0.018826
v 95.636497 15.650502 -0.018826
v 95.625122 15.681632 0.130866
v 95.636497 15.650503 0.149343
v 95.636497 15.650503 0.111685
v 95.625122 15.681632 0.261732
v 95.636497 15.650502 0.279867
v 95.636497 15.650502 0.242190
v 94.392601 15.681632 1.625119
v 94.378006 15.650503 1.636496
v 94.416893 15.650503 1.636496
v 94.261734 15.681632 1.625119
v 94.242188 15.650503 1.636496
v 94.279869 15.650503 1.636496
v 94.130867 15.681632 1.625119
v 94.111687 15.650503 1.636496
v 94.149345 15.650503 1.636496
v 94.000000 15.681632 1.625119
v 93.981171 15.650503 1.636496
v 94.018829 15.650503 1.636496
v 93.869133 15.681632 1.625119
v 93.850655 15.650503 1.636496
v 93.888313 15.650503 1.636496
v 93.738266 15.681632 1.625119
v 93.720131 15.650503 1.636496
v 93.757812 15.650503 1.636496
v 92.363503 15.650502 0.483413
v 92.374878 15.681632 0.513978
v 92.374878 15.681632 0.392598
v 92.363503 15.650502 0.378009
v 92.363503 15.650502 0.416890
v 92.374878 15.681632 0.261732
v 92.363503 15.650502 0.242189
v 92.363503 15.650502 0.279867
v 92.374878 15.681632 0.130866
v 92.363503 15.650502 0.111685
v 92.363503 15.650502 0.149343
v 92.374878 15.681632 0.000000
v 92.363503 15.650502 -0.018826
v 92.363503 15.650502 0.018826
v 92.374878 15.681632 -0.130866
v 92.363503 15.650502 -0.149343
v 92.363503 15.650502 -0.111685
v 92.374878 15.681632 -0.261732
v 92.363503 15.650502 -0.279867
v 92.363503 15.650502 -0.242189
v 93.516586 15.650502 -1.636496
v 93.486023 15.681632 -1.625119
v 93.607399 15.681632 -1.625119
v 93.621994 15.650502 -1.636496
v 93.583107 15.650502 -1.636496
v 93.738266 15.681632 -1.625119
v 93.757812 15.650502 -1.636496
v 93.720131 15.650502 -1.636496
v 93.869133 15.681632 -1.625119
v 93.888313 15.650502 -1.636496
v 93.850655 15.650502 -1.636496
v 94.000000 15.681632 -1.625119
v 94.018829 15.650502 -1.636496
v 93.981171 15.650502 -1.636496
v 94.130867 15.681632 -1.625119
v 94.149345 15.650503 -1.636496
v 94.111687 15.650503 -1.636496
v 94.261734 15.681632 -1.625119
v 94.279869 15.650503 -1.636496
v 94.242188 15.650503 -1.636496
v 92.388275 15.589225 -0.509630
v 92.374825 15.572395 -0.479738
v 92.369362 15.610073 -0.481511
v 92.403030 15.487438 -0.504841
v 92.390152 15.466681 -0.474764
v 92.384743 15.503980 -0.476519
v 92.417786 15.385653 -0.500052
v 92.404907 15.364891 -0.469975
v 92.399498 15.402189 -0.471730
v 92.432541 15.283867 -0.495263
v 92.419662 15.263100 -0.465185
v 92.414253 15.300400 -0.466940
v 92.447296 15.182081 -0.490474
v 92.434418 15.161309 -0.460396
v 92.429008 15.198609 -0.462151
v 92.462051 15.080296 -0.485685
v 92.449173 15.059519 -0.455607
v 92.443764 15.096819 -0.457362
v 93.518486 15.610073 -1.630636
v 93.520264 15.572395 -1.625174
v 93.490372 15.589225 -1.611723
v 93.523483 15.503980 -1.615256
v 93.525238 15.466681 -1.609849
v 93.495155 15.487438 -1.596968
v 93.528267 15.402189 -1.600500
v 93.530022 15.364891 -1.595094
v 93.499947 15.385653 -1.582213
v 93.533058 15.300400 -1.585745
v 93.534813 15.263100 -1.580338
v 93.504738 15.283867 -1.567458
v 93.537849 15.198609 -1.570989
v 93.539604 15.161309 -1.565582
v 93.509529 15.182081 -1.552703
v 93.542641 15.096819 -1.556234
v 93.544395 15.059519 -1.550826
v 93.514313 15.080296 -1.537948
v 95.611725 15.589225 0.509630
v 95.625175 15.572395 0.479738
v 95.630638 15.610074 0.481511
v 95.596970 15.487439 0.504841
v 95.609848 15.466681 0.474764
v 95.615257 15.503980 0.476519
v 95.582214 15.385653 0.500052
v 95.595093 15.364891 0.469975
v 95.600502 15.402189 0.471730
v 95.567459 15.283867 0.495263
v 95.580338 15.263100 0.465186
v 95.585747 15.300400 0.466940
v 95.552704 15.182081 0.490474
v 95.565582 15.161309 0.460396
v 95.570992 15.198609 0.462151
v 95.537949 15.080296 0.485685
v 95.550827 15.059519 0.455607
v 95.556236 15.096819 0.457362
v 92.369362 15.610073 0.481511
v 92.374825 15.572395 0.479738
v 92.388275 15.589225 0.509630
v 92.384743 15.503980 0.476519
v 92.390152 15.466681 0.474764
v 92.403030 15.487438 0.504841
v 92.399498 15.402189 0.471730
v 92.404907 15.364891 0.469975
v 92.417786 15.385653 0.500052
v 92.414253 15.300400 0.466940
v 92.419662 15.263100 0.465185
v 92.432541 15.283867 0.495263
v 92.429008 15.198609 0.462151
v 92.434418 15.161309 0.460396
v 92.447296 15.182081 0.490474
v 92.443764 15.096819 0.457362
v 92.449173 15.059519 0.455607
v 92.462051 15.080296 0.485685
v 93.609634 14.911886 -1.529425
v 93.649506 14.911886 -1.529425
v 93.636139 14.885269 -1.509677
v 93.737885 14.911886 -1.529425
v 93.775558 14.911886 -1.529425
v 93.757423 14.885269 -1.509677
v 93.859528 14.911886 -1.529425
v 93.897186 14.911886 -1.529425
v 93.878716 14.885269 -1.509677
v 93.981171 14.911886 -1.529426
v 94.018829 14.911886 -1.529426
v 94.000000 14.885269 -1.509677
v 94.102814 14.911886 -1.529425
v 94.140472 14.911886 -1.529425
v 94.121284 14.885269 -1.509677
v 94.224442 14.911886 -1.529426
v 94.262115 14.911886 -1.529425
v 94.242577 14.885269 -1.509677
v 92.470573 14.911886 0.390366
v 92.470573 14.911886 0.350491
v 92.490326 14.885269 0.363864
v 92.470573 14.911886 0.262119
v 92.470573 14.911886 0.224441
v 92.490326 14.885269 0.242576
v 92.470573 14.911886 0.140469
v 92.470573 14.911886 0.102811
v 92.490326 14.885269 0.121288
v 92.470573 14.911886 0.018826
v 92.470573 14.911886 -0.018826
v 92.490326 14.885269 -0.000000
v 92.470573 14.911886 -0.102811
v 92.470573 14.911886 -0.140469
v 92.490326 14.885269 -0.121288
v 92.470573 14.911886 -0.224441
v 92.470573 14.911886 -0.262119
v 92.490326 14.885269 -0.242576
v 94.390366 14.911886 1.529425
v 94.350494 14.911886 1.529425
v 94.363861 14.885269 1.509677
v 94.262115 14.911886 1.529425
v 94.224442 14.911886 1.529425
v 94.242577 14.885269 1.509677
v 94.140472 14.911886 1.529425
v 94.102814 14.911886 1.529425
v 94.121284 14.885269 1.509677
v 94.018829 14.911886 1.529425
v 93.981171 14.911886 1.529425
v 94.000000 14.885269 1.509677
v 93.897186 14.911886 1.529425
v 93.859528 14.911886 1.529425
v 93.878716 14.885269 1.509677
v 93.775558 14.911886 1.529425
v 93.737885 14.911886 1.529425
v 93.757423 14.885269 1.509677
v 95.529427 14.911886 -0.390366
v 95.529427 14.911886 -0.350491
v 95.509674 14.885269 -0.363864
v 95.529427 14.911886 -0.262119
v 95.529427 14.911886 -0.224441
v 95.509674 14.885269 -0.242576
v 95.529427 14.911886 -0.140469
v 95.529427 14.911886 -0.102811
v 95.509674 14.885269 -0.121288
v 95.529427 14.911886 -0.018826
v 95.529427 14.911886 0.018826
v 95.509674 14.885269 0.000000
v 95.529427 14.911886 0.102811
v 95.529427 14.911886 0.140469
v 95.509674 14.885269 0.121288
v 95.529427 14.911886 0.224441
v 95.529427 14.911886 0.262119
v 95.509674 14.885269 0.242576
v 94.359695 14.938003 -1.533211
v 94.376198 14.969131 -1.521834
v 94.405876 14.980485 -1.539369
v 94.400589 14.940899 -1.533631
v 94.384811 15.624386 -1.632710
v 94.424400 15.621669 -1.632316
v 94.427139 15.583075 -1.626722
v 94.398384 15.597770 -1.612962
v 93.640305 14.938003 -1.533211
v 93.599411 14.940899 -1.533631
v 93.594124 14.980484 -1.539370
v 93.623802 14.969131 -1.521834
v 93.615189 15.624386 -1.632710
v 93.601616 15.597770 -1.612962
v 93.572861 15.583075 -1.626722
v 93.575600 15.621669 -1.632316
v 94.225426 14.938003 -1.533211
v 94.244972 14.969131 -1.521834
v 94.263107 14.938003 -1.533211
v 94.241203 15.624386 -1.632711
v 94.278877 15.624386 -1.632710
v 94.259338 15.597770 -1.612962
v 94.103302 14.938003 -1.533211
v 94.122482 14.969131 -1.521834
v 94.140961 14.938003 -1.533211
v 94.111191 15.624386 -1.632710
v 94.148849 15.624386 -1.632710
v 94.129669 15.597770 -1.612962
v 93.981171 14.938003 -1.533211
v 94.000000 14.969131 -1.521834
v 94.018829 14.938003 -1.533211
v 93.981171 15.624386 -1.632710
v 94.018829 15.624386 -1.632710
v 94.000000 15.597770 -1.612962
v 93.859039 14.938003 -1.533211
v 93.877518 14.969131 -1.521834
v 93.896698 14.938003 -1.533211
v 93.851151 15.624386 -1.632710
v 93.888809 15.624386 -1.632710
v 93.870331 15.597770 -1.612962
v 93.736893 14.938003 -1.533211
v 93.755028 14.969131 -1.521834
v 93.774574 14.938003 -1.533211
v 93.721123 15.624386 -1.632710
v 93.758797 15.624386 -1.632710
v 93.740662 15.597770 -1.612962
v 92.466789 14.938003 -0.359693
v 92.478165 14.969131 -0.376201
v 92.460632 14.980484 -0.405874
v 92.466370 14.940899 -0.400588
v 92.367287 15.624386 -0.384809
v 92.367683 15.621669 -0.424398
v 92.373276 15.583075 -0.427137
v 92.387039 15.597770 -0.398384
v 92.466789 14.938003 0.359693
v 92.466370 14.940899 0.400588
v 92.460632 14.980484 0.405874
v 92.478165 14.969131 0.376201
v 92.367287 15.624386 0.384809
v 92.387039 15.597770 0.398384
v 92.373276 15.583075 0.427137
v 92.367683 15.621669 0.424398
v 92.466789 14.938003 -0.225428
v 92.478165 14.969131 -0.244971
v 92.466789 14.938003 -0.263106
v 92.367287 15.624386 -0.241203
v 92.367287 15.624386 -0.278880
v 92.387039 15.597770 -0.259338
v 92.466789 14.938003 -0.103304
v 92.478165 14.969131 -0.122485
v 92.466789 14.938003 -0.140962
v 92.367287 15.624386 -0.111192
v 92.367287 15.624386 -0.148850
v 92.387039 15.597770 -0.129669
v 92.466789 14.938003 0.018826
v 92.478165 14.969131 -0.000000
v 92.466789 14.938003 -0.018826
v 92.367287 15.624386 0.018826
v 92.367287 15.624386 -0.018826
v 92.387039 15.597770 0.000000
v 92.466789 14.938003 0.140962
v 92.478165 14.969131 0.122485
v 92.466789 14.938003 0.103304
v 92.367287 15.624386 0.148850
v 92.367287 15.624386 0.111192
v 92.387039 15.597770 0.129669
v 92.466789 14.938003 0.263106
v 92.478165 14.969131 0.244971
v 92.466789 14.938003 0.225428
v 92.367287 15.624386 0.278880
v 92.367287 15.624386 0.241203
v 92.387039 15.597770 0.259338
v 93.640305 14.938003 1.533211
v 93.623802 14.969131 1.521834
v 93.594124 14.980485 1.539369
v 93.599411 14.940899 1.533631
v 93.615189 15.624387 1.632711
v 93.575600 15.621669 1.632317
v 93.572861 15.583075 1.626722
v 93.601616 15.597770 1.612962
v 94.359695 14.938003 1.533211
v 94.400589 14.940899 1.533631
v 94.405876 14.980485 1.539370
v 94.376198 14.969131 1.521834
v 94.384811 15.624387 1.632710
v 94.398384 15.597770 1.612962
v 94.427139 15.583075 1.626722
v 94.424400 15.621669 1.632317
v 93.774574 14.938003 1.533211
v 93.755028 14.969131 1.521834
v 93.736893 14.938003 1.533211
v 93.758797 15.624387 1.632710
v 93.721123 15.624387 1.632710
v 93.740662 15.597770 1.612962
v 93.896698 14.938003 1.533211
v 93.877518 14.969131 1.521834
v 93.859039 14.938003 1.533211
v 93.888809 15.624387 1.632710
v 93.851151 15.624387 1.632710
v 93.870331 15.597770 1.612962
v 94.018829 14.938003 1.533211
v 94.000000 14.969131 1.521834
v 93.981171 14.938003 1.533211
v 94.018829 15.624387 1.632710
v 93.981171 15.624387 1.632710
v 94.000000 15.597770 1.612962
v 94.140961 14.938003 1.533211
v 94.122482 14.969131 1.521834
v 94.103302 14.938003 1.533211
v 94.148849 15.624387 1.632710
v 94.111191 15.624387 1.632710
v 94.129669 15.597770 1.612962
v 94.263107 14.938003 1.533211
v 94.244972 14.969131 1.521834
v 94.225426 14.938003 1.533211
v 94.278877 15.624387 1.632710
v 94.241203 15.624387 1.632710
v 94.259338 15.597770 1.612962
v 95.533211 14.938003 0.359693
v 95.521835 14.969131 0.376201
v 95.539368 14.980484 0.405874
v 95.533630 14.940899 0.400588
v 95.632713 15.624387 0.384809
v 95.632317 15.621669 0.424398
v 95.626724 15.583075 0.427137
v 95.612961 15.597770 0.398384
v 95.533211 14.938003 -0.359693
v 95.533630 14.940899 -0.400588
v 95.539368 14.980485 -0.405874
v 95.521835 14.969131 -0.376201
v 95.632713 15.624387 -0.384809
v 95.612961 15.597770 -0.398384
v 95.626724 15.583075 -0.427137
v 95.632317 15.621669 -0.424398
v 95.533211 14.938003 0.225428
v 95.521835 14.969131 0.244971
v 95.533211 14.938003 0.263106
v 95.632713 15.624387 0.241203
v 95.632713 15.624387 0.278881
v 95.612961 15.597770 0.259338
v 95.533211 14.938003 0.103304
v 95.521835 14.969131 0.122485
v 95.533211 14.938003 0.140962
v 95.632713 15.624387 0.111192
v 95.632713 15.624387 0.148850
v 95.612961 15.597770 0.129669
v 95.533211 14.938003 -0.018826
v 95.521835 14.969131 0.000000
v 95.533211 14.938003 0.018826
v 95.632713 15.624387 -0.018826
v 95.632713 15.624387 0.018826
v 95.612961 15.597770 0.000000
v 95.533211 14.938003 -0.140962
v 95.521835 14.969131 -0.122485
v 95.533211 14.938003 -0.103304
v 95.632713 15.624387 -0.148850
v 95.632713 15.624387 -0.111192
v 95.612961 15.597770 -0.129669
v 95.533211 14.938003 -0.263106
v 95.521835 14.969131 -0.244971
v 95.533211 14.938003 -0.225428
v 95.632713 15.624387 -0.278880
v 95.632713 15.624387 -0.241203
v 95.612961 15.597770 -0.259338
vn -0.0000 -0.1435 -0.9897
vn -0.9897 -0.1435 -0.0000
vn -0.0000 -0.1435 0.9897
vn 0.9897 -0.1435 -0.0000
vn -0.8216 0.5213 -0.2305
vn -0.9692 0.1688 -0.1794
vn -0.9692 -0.2128 -0.1241
vn -0.8216 -0.5653 -0.0730
vn 0.8216 0.5213 -0.2305
vn 0.9692 0.1688 -0.1794
vn 0.9692 -0.2128 -0.1241
vn 0.8216 -0.5653 -0.0730
vn -0.5490 0.7911 -0.2696
vn -0.5490 -0.8351 -0.0339
vn -0.1928 0.9372 -0.2908
vn -0.1928 -0.9812 -0.0127
vn 0.1928 0.9372 -0.2908
vn 0.1928 -0.9812 -0.0127
vn 0.5490 0.7911 -0.2696
vn 0.5490 -0.8351 -0.0339
vn -0.2305 0.5213 0.8216
vn -0.1794 0.1688 0.9692
vn -0.1241 -0.2128 0.9692
vn -0.0730 -0.5653 0.8216
vn -0.2305 0.5213 -0.8216
vn -0.1794 0.1688 -0.9692
vn -0.1241 -0.2128 -0.9692
vn -0.0730 -0.5653 -0.8216
vn -0.2696 0.7911 0.5490
vn -0.0339 -0.8351 0.5490
vn -0.2908 0.9372 0.1928
vn -0.0127 -0.9812 0.1928
vn -0.2908 0.9372 -0.1928
vn -0.0127 -0.9812 -0.1928
vn -0.2696 0.7911 -0.5490
vn -0.0339 -0.8351 -0.5490
vn 0.8216 0.5213 0.2305
vn 0.9692 0.1688 0.1794
vn 0.9692 -0.2128 0.1241
vn 0.8216 -0.5653 0.0730
vn -0.8216 0.5213 0.2305
vn -0.9692 0.1688 0.1794
vn -0.9692 -0.2128 0.1241
vn -0.8216 -0.5653 0.0730
vn 0.5490 0.7911 0.2696
vn 0.5490 -0.8351 0.0339
vn 0.1928 0.9372 0.2908
vn 0.1928 -0.9812 0.0127
vn -0.1928 0.9372 0.2908
vn -0.1928 -0.9812 0.0127
vn -0.5490 0.7911 0.2696
vn -0.5490 -0.8351 0.0339
vn 0.2305 0.5213 -0.8216
vn 0.1794 0.1688 -0.9692
vn 0.1241 -0.2128 -0.9692
vn 0.0730 -0.5653 -0.8216
vn 0.2305 0.5213 0.8216
vn 0.1794 0.1688 0.9692
vn 0.1241 -0.2128 0.9692
vn 0.0730 -0.5653 0.8216
vn 0.2696 0.7911 -0.5490
vn 0.0339 -0.8351 -0.5490
vn 0.2908 0.9372 -0.1928
vn 0.0127 -0.9812 -0.1928
vn 0.2908 0.9372 0.1928
vn 0.0127 -0.9812 0.1928
vn 0.2696 0.7911 0.5490
vn 0.0339 -0.8351 0.5490
vn -0.4742 -0.1099 -0.8735
vn 0.4742 -0.1099 -0.8735
vn -0.8735 -0.1099 0.4742
vn -0.8735 -0.1099 -0.4742
vn 0.4742 -0.1099 0.8735
vn -0.4742 -0.1099 0.8735
vn 0.8735 -0.1099 -0.4742
vn 0.8735 -0.1099 0.4742
vn 0.4740 -0.1481 0.8680
vn 0.4740 -0.1481 -0.8680
vn -0.4740 -0.1481 0.8680
vn 0.8680 -0.1481 -0.4740
vn 0.9392 0.3433 -0.0000
vn -0.0000 0.3433 0.9392
vn -0.9392 0.3433 -0.0000
vn -0.0000 0.3433 -0.9392
vn -0.8680 -0.1481 -0.4740
vn -0.4740 -0.1481 -0.8680
vn 0.8680 -0.1481 0.4740
vn -0.8680 -0.1481 0.4740
vn -0.0000 -0.5959 -0.8031
vn -0.8031 -0.5959 -0.0000
vn -0.0000 -0.5959 0.8031
vn 0.8031 -0.5959 -0.0000
vn -0.2736 0.1600 -0.9484
vn -0.2741 -0.4072 -0.8712
vn 0.2736 0.1600 -0.9484
vn 0.2741 -0.4072 -0.8712
vn -0.9484 0.1600 0.2736
vn -0.8712 -0.4072 0.2741
vn -0.9484 0.1600 -0.2736
vn -0.8712 -0.4072 -0.2741
vn 0.2736 0.1600 0.9484
vn 0.2741 -0.4072 0.8712
vn -0.2736 0.1600 0.9484
vn -0.2741 -0.4072 0.8712
vn 0.9484 0.1600 -0.2736
vn 0.8712 -0.4072 -0.2741
vn 0.9484 0.1600 0.2736
vn 0.8712 -0.4072 0.2741
vn -0.8348 -0.0500 -0.5482
vn 0.8348 -0.0500 -0.5482
vn -0.5482 -0.0500 0.8348
vn -0.5482 -0.0500 -0.8348
vn 0.8348 -0.0500 0.5482
vn -0.8348 -0.0500 0.5482
vn 0.5482 -0.0500 -0.8348
vn 0.5482 -0.0500 0.8348
vn 0.8344 -0.1173 0.5385
vn -0.0000 0.7478 0.6639
vn 0.8344 -0.1173 -0.5385
vn -0.0000 0.7478 -0.6639
vn -0.8344 -0.1173 0.5385
vn 0.5385 -0.1173 -0.8344
vn 0.6639 0.7478 -0.0000
vn 0.5385 -0.1173 0.8344
vn -0.6639 0.7478 -0.0000
vn -0.5385 -0.1173 -0.8344
vn -0.4242 -0.9056 -0.0000
vn -0.8344 -0.1173 -0.5385
vn -0.0000 -0.9056 -0.4242
vn 0.4242 -0.9056 -0.0000
vn -0.5385 -0.1173 0.8344
vn -0.0000 -0.9056 0.4242
vt 0.669408 0.449836
vt 0.685673 0.455958
vt 0.669408 0.449836
vt 0.701938 0.462080
vt 0.692759 0.458626
vt 0.704602 0.463083
vt 0.690031 0.457599
vt 0.701938 0.462080
vt 0.689529 0.457410
vt 0.701938 0.462080
vt 0.690726 0.457860
vt 0.704642 0.463098
vt 0.692814 0.458646
vt 0.701938 0.462080
vt 0.718202 0.468202
vt 0.718202 0.468202
vt 0.718202 0.468202
vt 0.718202 0.468202
vt 0.734467 0.474324
vt 0.734467 0.474324
vt 0.731118 0.473064
vt 0.734467 0.474324
vt 0.731012 0.473024
vt 0.734467 0.474324
vt 0.750732 0.480446
vt 0.743645 0.477779
vt 0.746374 0.478806
vt 0.746876 0.478995
vt 0.745679 0.478544
vt 0.743591 0.477758
vt 0.750732 0.480446
vt 0.766997 0.486568
vt 0.766997 0.486568
vt 0.875000 0.594572
vt 0.875000 0.604715
vt 0.875000 0.604715
vt 0.875000 0.614857
vt 0.875000 0.609134
vt 0.875000 0.616519
vt 0.875000 0.607432
vt 0.875000 0.607119
vt 0.875000 0.607866
vt 0.875000 0.616544
vt 0.875000 0.609168
vt 0.875000 0.625000
vt 0.875000 0.635143
vt 0.875000 0.633054
vt 0.875000 0.635143
vt 0.875000 0.632988
vt 0.875000 0.645286
vt 0.875000 0.640866
vt 0.875000 0.642568
vt 0.875000 0.642881
vt 0.875000 0.642135
vt 0.875000 0.640832
vt 0.875000 0.645285
vt 0.875000 0.655428
vt 0.875000 0.655428
vt 0.766997 0.763432
vt 0.750732 0.769554
vt 0.750732 0.769554
vt 0.766997 0.763432
vt 0.734467 0.775676
vt 0.743645 0.772221
vt 0.731803 0.776679
vt 0.746374 0.771194
vt 0.734467 0.775676
vt 0.746875 0.771005
vt 0.745679 0.771456
vt 0.731762 0.776694
vt 0.743590 0.772242
vt 0.718202 0.781798
vt 0.718202 0.781798
vt 0.701937 0.787920
vt 0.705286 0.786659
vt 0.701937 0.787920
vt 0.705392 0.786619
vt 0.701937 0.787920
vt 0.685673 0.794042
vt 0.685673 0.794042
vt 0.692759 0.791374
vt 0.690031 0.792401
vt 0.689529 0.792590
vt 0.690726 0.792140
vt 0.692814 0.791354
vt 0.685673 0.794042
vt 0.669408 0.800164
vt 0.669408 0.800164
vt 0.625000 0.655428
vt 0.625000 0.645286
vt 0.625000 0.655428
vt 0.625000 0.645285
vt 0.625000 0.645285
vt 0.625000 0.655428
vt 0.625000 0.635143
vt 0.625000 0.640866
vt 0.625000 0.633481
vt 0.625000 0.642568
vt 0.625000 0.642881
vt 0.625000 0.642134
vt 0.625000 0.633456
vt 0.625000 0.640832
vt 0.625000 0.635143
vt 0.625000 0.635143
vt 0.625000 0.625000
vt 0.625000 0.625000
vt 0.625000 0.614857
vt 0.625000 0.616946
vt 0.625000 0.614857
vt 0.625000 0.617012
vt 0.625000 0.604714
vt 0.625000 0.604715
vt 0.625000 0.609134
vt 0.625000 0.607432
vt 0.625000 0.607119
vt 0.625000 0.607866
vt 0.625000 0.609168
vt 0.625000 0.594572
vt 0.664387 0.447946
vt 0.664366 0.447938
vt 0.668216 0.449388
vt 0.664435 0.447964
vt 0.664415 0.447957
vt 0.668228 0.449392
vt 0.664482 0.447982
vt 0.664463 0.447975
vt 0.668239 0.449396
vt 0.664529 0.448000
vt 0.664509 0.447992
vt 0.668250 0.449400
vt 0.664575 0.448017
vt 0.664555 0.448009
vt 0.668261 0.449404
vt 0.772017 0.488458
vt 0.768188 0.487017
vt 0.772039 0.488466
vt 0.771969 0.488440
vt 0.768177 0.487013
vt 0.771990 0.488448
vt 0.771922 0.488422
vt 0.768166 0.487008
vt 0.771942 0.488430
vt 0.771876 0.488405
vt 0.768155 0.487004
vt 0.771895 0.488412
vt 0.771830 0.488387
vt 0.768144 0.487000
vt 0.771850 0.488395
vt 0.875000 0.591441
vt 0.875000 0.591428
vt 0.875000 0.593829
vt 0.875000 0.591471
vt 0.875000 0.591458
vt 0.875000 0.593836
vt 0.875000 0.591500
vt 0.875000 0.591488
vt 0.875000 0.593843
vt 0.875000 0.591529
vt 0.875000 0.591517
vt 0.875000 0.593850
vt 0.875000 0.591558
vt 0.875000 0.591545
vt 0.875000 0.593856
vt 0.875000 0.658559
vt 0.875000 0.656172
vt 0.875000 0.658573
vt 0.875000 0.658529
vt 0.875000 0.656164
vt 0.875000 0.658542
vt 0.875000 0.658500
vt 0.875000 0.656157
vt 0.875000 0.658512
vt 0.875000 0.658471
vt 0.875000 0.656151
vt 0.875000 0.658483
vt 0.875000 0.658442
vt 0.875000 0.656144
vt 0.875000 0.658455
vt 0.772017 0.761542
vt 0.772038 0.761534
vt 0.768188 0.762983
vt 0.771969 0.761560
vt 0.771989 0.761552
vt 0.768177 0.762987
vt 0.771922 0.761578
vt 0.771942 0.761570
vt 0.768166 0.762991
vt 0.771876 0.761595
vt 0.771895 0.761588
vt 0.768155 0.762996
vt 0.771830 0.761612
vt 0.771850 0.761605
vt 0.768144 0.763000
vt 0.664387 0.802054
vt 0.668216 0.800612
vt 0.664366 0.802062
vt 0.664435 0.802036
vt 0.668228 0.800608
vt 0.664415 0.802043
vt 0.664482 0.802018
vt 0.668239 0.800604
vt 0.664463 0.802025
vt 0.664529 0.802000
vt 0.668250 0.800600
vt 0.664509 0.802008
vt 0.664575 0.801983
vt 0.668261 0.800596
vt 0.664555 0.801991
vt 0.625000 0.658559
vt 0.625000 0.658572
vt 0.625000 0.656171
vt 0.625000 0.658529
vt 0.625000 0.658542
vt 0.625000 0.656164
vt 0.625000 0.658500
vt 0.625000 0.658512
vt 0.625000 0.656157
vt 0.625000 0.658471
vt 0.625000 0.658483
vt 0.625000 0.656150
vt 0.625000 0.658442
vt 0.625000 0.658454
vt 0.625000 0.656144
vt 0.625000 0.591441
vt 0.625000 0.593829
vt 0.625000 0.591428
vt 0.625000 0.591471
vt 0.625000 0.593836
vt 0.625000 0.591458
vt 0.625000 0.591500
vt 0.625000 0.593843
vt 0.625000 0.591488
vt 0.625000 0.591529
vt 0.625000 0.593850
vt 0.625000 0.591517
vt 0.625000 0.591558
vt 0.625000 0.593856
vt 0.625000 0.591545
vt 0.657932 0.804484
vt 0.657950 0.804476
vt 0.654280 0.805858
vt 0.654280 0.444142
vt 0.657950 0.445524
vt 0.657932 0.445517
vt 0.782125 0.757737
vt 0.778454 0.759119
vt 0.778473 0.759112
vt 0.625000 0.587415
vt 0.625000 0.587427
vt 0.625000 0.585138
vt 0.625000 0.657422
vt 0.625000 0.654397
vt 0.625000 0.655453
vt 0.770193 0.762228
vt 0.765343 0.764054
vt 0.767036 0.763417
vt 0.875000 0.592578
vt 0.875000 0.595603
vt 0.875000 0.594547
vt 0.666211 0.448633
vt 0.671062 0.450459
vt 0.669368 0.449821
vt 0.875000 0.587606
vt 0.875000 0.587593
vt 0.875000 0.585179
vt 0.782058 0.492237
vt 0.778188 0.490781
vt 0.778167 0.490773
vt 0.625000 0.662394
vt 0.625000 0.662407
vt 0.625000 0.664821
vt 0.875000 0.664821
vt 0.875000 0.662407
vt 0.875000 0.662394
vt 0.669450 0.449852
vt 0.671372 0.450575
vt 0.666046 0.448571
vt 0.875000 0.594598
vt 0.875000 0.595796
vt 0.875000 0.592475
vt 0.766954 0.763447
vt 0.765033 0.764171
vt 0.770359 0.762166
vt 0.625000 0.655402
vt 0.625000 0.654204
vt 0.625000 0.657525
vt 0.654347 0.805833
vt 0.658216 0.804376
vt 0.658238 0.804368
vt 0.654335 0.805837
vt 0.658165 0.804396
vt 0.658185 0.804388
vt 0.654324 0.805842
vt 0.658117 0.804414
vt 0.658137 0.804406
vt 0.654312 0.805846
vt 0.658070 0.804432
vt 0.658090 0.804424
vt 0.654301 0.805850
vt 0.658024 0.804449
vt 0.658043 0.804442
vt 0.654291 0.805854
vt 0.657978 0.804466
vt 0.657997 0.804459
vt 0.658238 0.445632
vt 0.658216 0.445624
vt 0.654347 0.444167
vt 0.658185 0.445612
vt 0.658165 0.445604
vt 0.654335 0.444163
vt 0.658137 0.445594
vt 0.658117 0.445586
vt 0.654324 0.444158
vt 0.658090 0.445576
vt 0.658070 0.445569
vt 0.654312 0.444154
vt 0.658043 0.445558
vt 0.658024 0.445551
vt 0.654301 0.444150
vt 0.657997 0.445541
vt 0.657978 0.445534
vt 0.654291 0.444146
vt 0.778167 0.759227
vt 0.778188 0.759219
vt 0.782058 0.757763
vt 0.778219 0.759208
vt 0.778239 0.759200
vt 0.782070 0.757758
vt 0.778267 0.759189
vt 0.778287 0.759182
vt 0.782081 0.757754
vt 0.778315 0.759171
vt 0.778335 0.759164
vt 0.782092 0.757750
vt 0.778361 0.759154
vt 0.778381 0.759147
vt 0.782103 0.757746
vt 0.778407 0.759137
vt 0.778426 0.759129
vt 0.782114 0.757741
vt 0.625000 0.585179
vt 0.625000 0.587593
vt 0.625000 0.587606
vt 0.625000 0.585172
vt 0.625000 0.587561
vt 0.625000 0.587573
vt 0.625000 0.585165
vt 0.625000 0.587531
vt 0.625000 0.587543
vt 0.625000 0.585158
vt 0.625000 0.587501
vt 0.625000 0.587514
vt 0.625000 0.585151
vt 0.625000 0.587472
vt 0.625000 0.587485
vt 0.625000 0.585144
vt 0.625000 0.587444
vt 0.625000 0.587456
vt 0.625000 0.594547
vt 0.625000 0.595603
vt 0.625000 0.592578
vt 0.625000 0.604698
vt 0.625000 0.606165
vt 0.625000 0.603234
vt 0.625000 0.614849
vt 0.625000 0.616315
vt 0.625000 0.613385
vt 0.625000 0.626464
vt 0.625000 0.623535
vt 0.625000 0.635151
vt 0.625000 0.636615
vt 0.625000 0.633685
vt 0.625000 0.645302
vt 0.625000 0.646765
vt 0.625000 0.643834
vt 0.669368 0.800179
vt 0.671062 0.799541
vt 0.666211 0.801367
vt 0.685646 0.794052
vt 0.688000 0.793166
vt 0.683299 0.794935
vt 0.701924 0.787925
vt 0.704275 0.787040
vt 0.699577 0.788808
vt 0.718202 0.781798
vt 0.720551 0.780914
vt 0.715854 0.782682
vt 0.734480 0.775671
vt 0.736828 0.774787
vt 0.732130 0.776555
vt 0.750758 0.769544
vt 0.753105 0.768660
vt 0.748405 0.770429
vt 0.875000 0.655453
vt 0.875000 0.654397
vt 0.875000 0.657422
vt 0.875000 0.645302
vt 0.875000 0.643835
vt 0.875000 0.646766
vt 0.875000 0.635151
vt 0.875000 0.633685
vt 0.875000 0.636615
vt 0.875000 0.625000
vt 0.875000 0.623536
vt 0.875000 0.626465
vt 0.875000 0.614849
vt 0.875000 0.613385
vt 0.875000 0.616315
vt 0.875000 0.604698
vt 0.875000 0.603235
vt 0.875000 0.606166
vt 0.767036 0.486583
vt 0.765343 0.485946
vt 0.770194 0.487772
vt 0.750758 0.480456
vt 0.748405 0.479571
vt 0.753105 0.481340
vt 0.734480 0.474329
vt 0.732130 0.473445
vt 0.736828 0.475213
vt 0.715854 0.467318
vt 0.720551 0.469086
vt 0.701924 0.462075
vt 0.699577 0.461192
vt 0.704275 0.462960
vt 0.685646 0.455948
vt 0.683299 0.455065
vt 0.688000 0.456834
vt 0.875000 0.585138
vt 0.875000 0.587427
vt 0.875000 0.587415
vt 0.875000 0.585144
vt 0.875000 0.587456
vt 0.875000 0.587444
vt 0.875000 0.585151
vt 0.875000 0.587485
vt 0.875000 0.587472
vt 0.875000 0.585158
vt 0.875000 0.587514
vt 0.875000 0.587501
vt 0.875000 0.585165
vt 0.875000 0.587543
vt 0.875000 0.587531
vt 0.875000 0.585172
vt 0.875000 0.587574
vt 0.875000 0.587561
vt 0.778473 0.490888
vt 0.778454 0.490881
vt 0.782125 0.492263
vt 0.778426 0.490870
vt 0.778407 0.490863
vt 0.782114 0.492259
vt 0.778381 0.490853
vt 0.778361 0.490846
vt 0.782103 0.492254
vt 0.778335 0.490836
vt 0.778315 0.490828
vt 0.782092 0.492250
vt 0.778288 0.490818
vt 0.778267 0.490811
vt 0.782081 0.492246
vt 0.778239 0.490800
vt 0.778219 0.490792
vt 0.782070 0.492242
vt 0.625000 0.664862
vt 0.625000 0.662573
vt 0.625000 0.662585
vt 0.625000 0.664855
vt 0.625000 0.662544
vt 0.625000 0.662556
vt 0.625000 0.664849
vt 0.625000 0.662515
vt 0.625000 0.662527
vt 0.625000 0.664842
vt 0.625000 0.662486
vt 0.625000 0.662499
vt 0.625000 0.664835
vt 0.625000 0.662457
vt 0.625000 0.662469
vt 0.625000 0.664828
vt 0.625000 0.662427
vt 0.625000 0.662439
vt 0.875000 0.662585
vt 0.875000 0.662573
vt 0.875000 0.664862
vt 0.875000 0.662556
vt 0.875000 0.662544
vt 0.875000 0.664856
vt 0.875000 0.662528
vt 0.875000 0.662515
vt 0.875000 0.664849
vt 0.875000 0.662499
vt 0.875000 0.662486
vt 0.875000 0.664842
vt 0.875000 0.662469
vt 0.875000 0.662457
vt 0.875000 0.664835
vt 0.875000 0.662439
vt 0.875000 0.662426
vt 0.875000 0.664828
vt 0.770359 0.487834
vt 0.765033 0.485829
vt 0.766955 0.486552
vt 0.753224 0.481384
vt 0.748191 0.479490
vt 0.750704 0.480436
vt 0.736970 0.475266
vt 0.731940 0.473373
vt 0.734453 0.474319
vt 0.720717 0.469149
vt 0.715688 0.467256
vt 0.718202 0.468202
vt 0.704465 0.463031
vt 0.699435 0.461138
vt 0.701952 0.462085
vt 0.688214 0.456915
vt 0.683181 0.455020
vt 0.685701 0.455969
vt 0.875000 0.657525
vt 0.875000 0.654204
vt 0.875000 0.655402
vt 0.875000 0.646839
vt 0.875000 0.643701
vt 0.875000 0.645268
vt 0.875000 0.636703
vt 0.875000 0.633567
vt 0.875000 0.635134
vt 0.875000 0.626568
vt 0.875000 0.623432
vt 0.875000 0.616433
vt 0.875000 0.613297
vt 0.875000 0.614866
vt 0.875000 0.606299
vt 0.875000 0.603161
vt 0.875000 0.604732
vt 0.666046 0.801429
vt 0.671371 0.799425
vt 0.669450 0.800148
vt 0.683181 0.794980
vt 0.688214 0.793085
vt 0.685701 0.794031
vt 0.699435 0.788862
vt 0.704465 0.786968
vt 0.701952 0.787914
vt 0.715688 0.782744
vt 0.720717 0.780851
vt 0.731940 0.776627
vt 0.736970 0.774734
vt 0.734453 0.775681
vt 0.748191 0.770510
vt 0.753224 0.768616
vt 0.750704 0.769564
vt 0.625000 0.592475
vt 0.625000 0.595796
vt 0.625000 0.594598
vt 0.625000 0.603161
vt 0.625000 0.606299
vt 0.625000 0.604732
vt 0.625000 0.613297
vt 0.625000 0.616433
vt 0.625000 0.614866
vt 0.625000 0.623432
vt 0.625000 0.626568
vt 0.625000 0.633567
vt 0.625000 0.636703
vt 0.625000 0.635134
vt 0.625000 0.643701
vt 0.625000 0.646839
vt 0.625000 0.645268
vt 0.670262 0.450158
vt 0.668199 0.449381
vt 0.664329 0.447924
vt 0.664826 0.448112
vt 0.670102 0.450097
vt 0.665140 0.448230
vt 0.664609 0.448030
vt 0.668277 0.449410
vt 0.766142 0.486247
vt 0.771578 0.488293
vt 0.772076 0.488480
vt 0.768206 0.487023
vt 0.766303 0.486307
vt 0.768128 0.486994
vt 0.771795 0.488375
vt 0.771264 0.488175
vt 0.688159 0.456894
vt 0.685645 0.455948
vt 0.683136 0.455003
vt 0.688050 0.456853
vt 0.683342 0.455081
vt 0.685699 0.455968
vt 0.704435 0.463020
vt 0.701923 0.462075
vt 0.699415 0.461131
vt 0.704302 0.462970
vt 0.699596 0.461199
vt 0.701951 0.462085
vt 0.720712 0.469147
vt 0.715693 0.467257
vt 0.720555 0.469088
vt 0.715850 0.467317
vt 0.736990 0.475274
vt 0.734481 0.474330
vt 0.731969 0.473384
vt 0.736808 0.475206
vt 0.732103 0.473434
vt 0.734454 0.474319
vt 0.753269 0.481401
vt 0.750760 0.480457
vt 0.748245 0.479510
vt 0.753062 0.481324
vt 0.748355 0.479552
vt 0.750706 0.480436
vt 0.875000 0.595105
vt 0.875000 0.593818
vt 0.875000 0.591404
vt 0.875000 0.591715
vt 0.875000 0.595004
vt 0.875000 0.591910
vt 0.875000 0.591579
vt 0.875000 0.593866
vt 0.875000 0.654895
vt 0.875000 0.658285
vt 0.875000 0.658596
vt 0.875000 0.656182
vt 0.875000 0.654996
vt 0.875000 0.656134
vt 0.875000 0.658421
vt 0.875000 0.658090
vt 0.875000 0.606265
vt 0.875000 0.604697
vt 0.875000 0.603132
vt 0.875000 0.606197
vt 0.875000 0.603261
vt 0.875000 0.604731
vt 0.875000 0.616415
vt 0.875000 0.614849
vt 0.875000 0.613284
vt 0.875000 0.616332
vt 0.875000 0.613397
vt 0.875000 0.614866
vt 0.875000 0.626565
vt 0.875000 0.623435
vt 0.875000 0.626467
vt 0.875000 0.623533
vt 0.875000 0.636716
vt 0.875000 0.635152
vt 0.875000 0.633585
vt 0.875000 0.636603
vt 0.875000 0.633668
vt 0.875000 0.635135
vt 0.875000 0.646868
vt 0.875000 0.645303
vt 0.875000 0.643735
vt 0.875000 0.646739
vt 0.875000 0.643803
vt 0.875000 0.645269
vt 0.766142 0.763753
vt 0.768206 0.762977
vt 0.772076 0.761520
vt 0.771578 0.761707
vt 0.766303 0.763693
vt 0.771264 0.761825
vt 0.771795 0.761625
vt 0.768128 0.763006
vt 0.670262 0.799842
vt 0.664826 0.801888
vt 0.664329 0.802076
vt 0.668199 0.800619
vt 0.670102 0.799903
vt 0.668277 0.800590
vt 0.664610 0.801970
vt 0.665140 0.801770
vt 0.748245 0.770490
vt 0.750760 0.769543
vt 0.753269 0.768599
vt 0.748355 0.770448
vt 0.753062 0.768676
vt 0.750706 0.769564
vt 0.731969 0.776616
vt 0.734481 0.775670
vt 0.736990 0.774726
vt 0.732103 0.776566
vt 0.736808 0.774794
vt 0.734454 0.775681
vt 0.715692 0.782743
vt 0.720712 0.780853
vt 0.715850 0.782683
vt 0.720555 0.780912
vt 0.699415 0.788869
vt 0.701923 0.787925
vt 0.704435 0.786980
vt 0.699596 0.788801
vt 0.704302 0.787030
vt 0.701951 0.787915
vt 0.683135 0.794997
vt 0.685645 0.794053
vt 0.688159 0.793106
vt 0.683342 0.794919
vt 0.688050 0.793147
vt 0.685699 0.794032
vt 0.625000 0.654895
vt 0.625000 0.656182
vt 0.625000 0.658596
vt 0.625000 0.658285
vt 0.625000 0.654996
vt 0.625000 0.658090
vt 0.625000 0.658420
vt 0.625000 0.656134
vt 0.625000 0.595105
vt 0.625000 0.591715
vt 0.625000 0.591404
vt 0.625000 0.593818
vt 0.625000 0.595004
vt 0.625000 0.593866
vt 0.625000 0.591579
vt 0.625000 0.591910
vt 0.625000 0.643735
vt 0.625000 0.645303
vt 0.625000 0.646868
vt 0.625000 0.643803
vt 0.625000 0.646739
vt 0.625000 0.645269
vt 0.625000 0.633585
vt 0.625000 0.635152
vt 0.625000 0.636716
vt 0.625000 0.633668
vt 0.625000 0.636603
vt 0.625000 0.635134
vt 0.625000 0.623435
vt 0.625000 0.626565
vt 0.625000 0.623533
vt 0.625000 0.626467
vt 0.625000 0.613284
vt 0.625000 0.614849
vt 0.625000 0.616415
vt 0.625000 0.613397
vt 0.625000 0.616332
vt 0.625000 0.614865
vt 0.625000 0.603132
vt 0.625000 0.604697
vt 0.625000 0.606265
vt 0.625000 0.603261
vt 0.625000 0.606197
vt 0.625000 0.604731
vt 0.654272 0.805861
vt 0.657917 0.804489
vt 0.657917 0.445511
vt 0.654272 0.444139
vt 0.778487 0.759107
vt 0.782132 0.757735
vt 0.625000 0.585133
vt 0.625000 0.587406
vt 0.625000 0.664867
vt 0.625000 0.662594
vt 0.875000 0.585133
vt 0.875000 0.587406
vt 0.875000 0.585185
vt 0.875000 0.587616
vt 0.778151 0.490767
vt 0.782049 0.492234
vt 0.625000 0.664815
vt 0.625000 0.662384
vt 0.875000 0.662384
vt 0.875000 0.664815
vt 0.658254 0.445638
vt 0.654355 0.444170
vt 0.778151 0.759233
vt 0.782049 0.757766
vt 0.654355 0.805830
vt 0.658254 0.804362
vt 0.625000 0.585185
vt 0.625000 0.587616
vt 0.875000 0.664867
vt 0.875000 0.662594
vt 0.782132 0.492265
vt 0.778487 0.490893
vt 0.653143 0.806286
vt 0.653143 0.806286
vt 0.653143 0.443714
vt 0.653143 0.443714
vt 0.783261 0.757310
vt 0.783261 0.757309
vt 0.625000 0.584429
vt 0.625000 0.665571
vt 0.875000 0.584429
vt 0.685673 0.455958
vt 0.783262 0.492690
vt 0.625000 0.665571
vt 0.875000 0.665571
vt 0.653143 0.806286
vt 0.653143 0.443714
vt 0.875000 0.665571
vt 0.875000 0.655428
vt 0.875000 0.645286
vt 0.783262 0.492690
vt 0.783262 0.492690
vt 0.783262 0.492690
vt 0.625000 0.665571
vt 0.625000 0.665571
vt 0.875000 0.665571
s 0
usemtl Material.024
f 129/1/1 131/2/1 285/2/1 349/1/1
f 349/1/1 285/2/1 286/2/1 350/1/1
f 350/1/1 286/2/1 287/2/1 351/1/1
f 351/1/1 287/2/1 288/2/1 352/1/1
f 352/1/1 288/2/1 289/2/1 353/3/1
f 353/3/1 289/2/1 137/2/1 130/1/1
f 131/2/1 138/4/1 295/4/1 285/2/1
f 132/5/1 139/6/1 140/4/1 133/7/1
f 133/7/1 140/4/1 141/8/1 134/9/1
f 134/9/1 141/8/1 142/10/1 135/11/1
f 135/11/1 142/10/1 296/12/1 136/13/1
f 289/2/1 143/10/1 144/14/1 137/2/1
f 138/4/1 145/15/1 297/15/1 295/4/1
f 139/6/1 146/16/1 147/17/1 140/4/1
f 140/4/1 147/17/1 148/17/1 141/8/1
f 141/8/1 148/17/1 149/17/1 142/10/1
f 142/10/1 149/17/1 298/18/1 296/12/1
f 143/10/1 150/17/1 151/15/1 144/14/1
f 145/15/1 152/19/1 299/20/1 297/15/1
f 146/16/1 153/21/1 154/20/1 147/17/1
f 147/17/1 154/20/1 155/22/1 148/17/1
f 148/17/1 155/22/1 156/22/1 149/17/1
f 149/17/1 156/22/1 300/23/1 298/18/1
f 150/17/1 157/24/1 158/24/1 151/15/1
f 152/19/1 159/25/1 290/25/1 299/20/1
f 153/21/1 160/26/1 161/27/1 154/20/1
f 154/20/1 161/27/1 162/28/1 155/22/1
f 155/22/1 162/28/1 163/29/1 156/22/1
f 156/22/1 163/29/1 164/30/1 300/23/1
f 157/24/1 294/31/1 165/31/1 158/24/1
f 159/25/1 166/32/1 354/32/1 290/25/1
f 290/25/1 354/32/1 355/32/1 291/25/1
f 291/25/1 355/32/1 356/32/1 292/31/1
f 292/31/1 356/32/1 357/33/1 293/31/1
f 293/31/1 357/33/1 358/33/1 294/31/1
f 294/31/1 358/33/1 167/33/1 165/31/1
f 168/34/2 170/35/2 301/36/2 359/34/2
f 359/34/2 301/36/2 302/35/2 360/34/2
f 360/34/2 302/35/2 303/35/2 361/34/2
f 361/34/2 303/35/2 304/35/2 362/34/2
f 362/34/2 304/35/2 305/35/2 363/34/2
f 363/34/2 305/35/2 176/35/2 169/34/2
f 170/35/2 177/37/2 311/37/2 301/36/2
f 171/38/2 178/39/2 179/37/2 172/40/2
f 172/40/2 179/37/2 180/37/2 173/41/2
f 173/41/2 180/37/2 181/37/2 174/42/2
f 174/42/2 181/37/2 312/43/2 175/44/2
f 305/35/2 182/37/2 183/37/2 176/35/2
f 177/37/2 184/45/2 313/45/2 311/37/2
f 178/39/2 185/45/2 186/45/2 179/37/2
f 179/37/2 186/45/2 187/45/2 180/37/2
f 180/37/2 187/45/2 188/45/2 181/37/2
f 181/37/2 188/45/2 314/45/2 312/43/2
f 182/37/2 189/45/2 190/45/2 183/37/2
f 184/45/2 191/46/2 315/46/2 313/45/2
f 185/45/2 192/47/2 193/46/2 186/45/2
f 186/45/2 193/46/2 194/48/2 187/45/2
f 187/45/2 194/48/2 195/48/2 188/45/2
f 188/45/2 195/48/2 316/49/2 314/45/2
f 189/45/2 196/46/2 197/46/2 190/45/2
f 191/46/2 198/50/2 306/50/2 315/46/2
f 192/47/2 199/51/2 200/52/2 193/46/2
f 193/46/2 200/52/2 201/53/2 194/48/2
f 194/48/2 201/53/2 202/54/2 195/48/2
f 195/48/2 202/54/2 203/55/2 316/49/2
f 196/46/2 310/56/2 204/56/2 197/46/2
f 198/50/2 205/57/2 364/58/2 306/50/2
f 306/50/2 364/58/2 365/57/2 307/50/2
f 307/50/2 365/57/2 366/58/2 308/50/2
f 308/50/2 366/58/2 367/58/2 309/50/2
f 309/50/2 367/58/2 368/57/2 310/56/2
f 310/56/2 368/57/2 206/57/2 204/56/2
f 207/59/3 209/60/3 317/60/3 369/59/3
f 369/59/3 317/60/3 318/60/3 370/59/3
f 370/59/3 318/60/3 319/61/3 371/62/3
f 371/62/3 319/61/3 320/61/3 372/62/3
f 372/62/3 320/61/3 321/60/3 373/59/3
f 373/59/3 321/60/3 215/60/3 208/59/3
f 209/60/3 216/63/3 327/63/3 317/60/3
f 210/64/3 217/65/3 218/63/3 211/66/3
f 211/66/3 218/63/3 219/67/3 212/68/3
f 212/68/3 219/67/3 220/63/3 213/69/3
f 213/69/3 220/63/3 328/70/3 214/71/3
f 321/60/3 221/63/3 222/63/3 215/60/3
f 216/63/3 223/72/3 329/72/3 327/63/3
f 217/65/3 224/72/3 225/72/3 218/63/3
f 218/63/3 225/72/3 226/72/3 219/67/3
f 219/67/3 226/72/3 227/72/3 220/63/3
f 220/63/3 227/72/3 330/73/3 328/70/3
f 221/63/3 228/73/3 229/72/3 222/63/3
f 223/72/3 230/74/3 331/74/3 329/72/3
f 224/72/3 231/75/3 232/76/3 225/72/3
f 225/72/3 232/76/3 233/76/3 226/72/3
f 226/72/3 233/76/3 234/76/3 227/72/3
f 227/72/3 234/76/3 332/77/3 330/73/3
f 228/73/3 235/76/3 236/78/3 229/72/3
f 230/74/3 237/79/3 322/80/3 331/74/3
f 231/75/3 238/81/3 239/82/3 232/76/3
f 232/76/3 239/82/3 240/83/3 233/76/3
f 233/76/3 240/83/3 241/84/3 234/76/3
f 234/76/3 241/84/3 242/85/3 332/77/3
f 235/76/3 326/86/3 243/79/3 236/78/3
f 237/79/3 244/87/3 374/87/3 322/80/3
f 322/80/3 374/87/3 375/88/3 323/80/3
f 323/80/3 375/88/3 376/87/3 324/80/3
f 324/80/3 376/87/3 377/87/3 325/79/3
f 325/79/3 377/87/3 378/88/3 326/86/3
f 326/86/3 378/88/3 245/88/3 243/79/3
f 246/89/4 248/90/4 333/90/4 379/89/4
f 379/89/4 333/90/4 334/90/4 380/91/4
f 380/91/4 334/90/4 335/90/4 381/91/4
f 381/91/4 335/90/4 336/92/4 382/91/4
f 382/91/4 336/92/4 337/93/4 383/94/4
f 383/94/4 337/93/4 254/93/4 247/94/4
f 248/90/4 255/95/4 343/95/4 333/90/4
f 249/96/4 256/97/4 257/95/4 250/98/4
f 250/98/4 257/95/4 258/95/4 251/99/4
f 251/99/4 258/95/4 259/95/4 252/100/4
f 252/100/4 259/95/4 344/101/4 253/102/4
f 337/93/4 260/103/4 261/104/4 254/93/4
f 255/95/4 262/105/4 345/105/4 343/95/4
f 256/97/4 263/105/4 264/105/4 257/95/4
f 257/95/4 264/105/4 265/105/4 258/95/4
f 258/95/4 265/105/4 266/105/4 259/95/4
f 259/95/4 266/105/4 346/106/4 344/101/4
f 260/103/4 267/106/4 268/106/4 261/104/4
f 262/105/4 269/107/4 347/107/4 345/105/4
f 263/105/4 270/108/4 271/109/4 264/105/4
f 264/105/4 271/109/4 272/109/4 265/105/4
f 265/105/4 272/109/4 273/109/4 266/105/4
f 266/105/4 273/109/4 348/110/4 346/106/4
f 267/106/4 274/109/4 275/109/4 268/106/4
f 269/107/4 276/111/4 338/112/4 347/107/4
f 270/108/4 277/113/4 278/114/4 271/109/4
f 271/109/4 278/114/4 279/115/4 272/109/4
f 272/109/4 279/115/4 280/116/4 273/109/4
f 273/109/4 280/116/4 281/117/4 348/110/4
f 274/109/4 342/111/4 282/111/4 275/109/4
f 276/111/4 283/118/4 384/118/4 338/112/4
f 338/112/4 384/118/4 385/118/4 339/111/4
f 339/111/4 385/118/4 386/118/4 340/111/4
f 340/111/4 386/118/4 387/118/4 341/111/4
f 341/111/4 387/118/4 388/118/4 342/111/4
f 342/111/4 388/118/4 284/118/4 282/111/4
f 132/5/5 133/7/5 286/2/5 285/2/5
f 133/7/6 134/9/6 287/2/6 286/2/6
f 134/9/7 135/11/7 288/2/7 287/2/7
f 135/11/8 136/13/8 289/2/8 288/2/8
f 161/27/9 160/26/9 290/25/9 291/25/9
f 162/28/10 161/27/10 291/25/10 292/31/10
f 163/29/11 162/28/11 292/31/11 293/31/11
f 164/30/12 163/29/12 293/31/12 294/31/12
f 139/6/13 132/5/13 285/2/13 295/4/13
f 136/13/14 296/12/14 143/10/14 289/2/14
f 146/16/15 139/6/15 295/4/15 297/15/15
f 296/12/16 298/18/16 150/17/16 143/10/16
f 153/21/17 146/16/17 297/15/17 299/20/17
f 298/18/18 300/23/18 157/24/18 150/17/18
f 160/26/19 153/21/19 299/20/19 290/25/19
f 300/23/20 164/30/20 294/31/20 157/24/20
f 171/38/21 172/40/21 302/35/21 301/36/21
f 172/40/22 173/41/22 303/35/22 302/35/22
f 173/41/23 174/42/23 304/35/23 303/35/23
f 174/42/24 175/44/24 305/35/24 304/35/24
f 200/52/25 199/51/25 306/50/25 307/50/25
f 201/53/26 200/52/26 307/50/26 308/50/26
f 202/54/27 201/53/27 308/50/27 309/50/27
f 203/55/28 202/54/28 309/50/28 310/56/28
f 178/39/29 171/38/29 301/36/29 311/37/29
f 175/44/30 312/43/30 182/37/30 305/35/30
f 185/45/31 178/39/31 311/37/31 313/45/31
f 312/43/32 314/45/32 189/45/32 182/37/32
f 192/47/33 185/45/33 313/45/33 315/46/33
f 314/45/34 316/49/34 196/46/34 189/45/34
f 199/51/35 192/47/35 315/46/35 306/50/35
f 316/49/36 203/55/36 310/56/36 196/46/36
f 210/64/37 211/66/37 318/60/37 317/60/37
f 211/66/38 212/68/38 319/61/38 318/60/38
f 212/68/39 213/69/39 320/61/39 319/61/39
f 213/69/40 214/71/40 321/60/40 320/61/40
f 239/82/41 238/81/41 322/80/41 323/80/41
f 240/83/42 239/82/42 323/80/42 324/80/42
f 241/84/43 240/83/43 324/80/43 325/79/43
f 242/85/44 241/84/44 325/79/44 326/86/44
f 217/65/45 210/64/45 317/60/45 327/63/45
f 214/71/46 328/70/46 221/63/46 321/60/46
f 224/72/47 217/65/47 327/63/47 329/72/47
f 328/70/48 330/73/48 228/73/48 221/63/48
f 231/75/49 224/72/49 329/72/49 331/74/49
f 330/73/50 332/77/50 235/76/50 228/73/50
f 238/81/51 231/75/51 331/74/51 322/80/51
f 332/77/52 242/85/52 326/86/52 235/76/52
f 249/96/53 250/98/53 334/90/53 333/90/53
f 250/98/54 251/99/54 335/90/54 334/90/54
f 251/99/55 252/100/55 336/92/55 335/90/55
f 252/100/56 253/102/56 337/93/56 336/92/56
f 278/114/57 277/113/57 338/112/57 339/111/57
f 279/115/58 278/114/58 339/111/58 340/111/58
f 280/116/59 279/115/59 340/111/59 341/111/59
f 281/117/60 280/116/60 341/111/60 342/111/60
f 256/97/61 249/96/61 333/90/61 343/95/61
f 253/102/62 344/101/62 260/103/62 337/93/62
f 263/105/63 256/97/63 343/95/63 345/105/63
f 344/101/64 346/106/64 267/106/64 260/103/64
f 270/108/65 263/105/65 345/105/65 347/107/65
f 346/106/66 348/110/66 274/109/66 267/106/66
f 277/113/67 270/108/67 347/107/67 338/112/67
f 348/110/68 281/117/68 342/111/68 274/109/68
f 389/119/69 390/120/69 391/121/69
f 392/122/69 393/123/69 394/124/69
f 395/125/69 396/126/69 397/127/69
f 398/128/69 399/129/69 400/130/69
f 401/131/69 402/132/69 403/133/69
f 404/134/70 405/135/70 406/136/70
f 407/137/70 408/138/70 409/139/70
f 410/140/70 411/141/70 412/142/70
f 413/143/70 414/144/70 415/145/70
f 416/146/70 417/147/70 418/148/70
f 419/149/71 420/150/71 421/151/71
f 422/152/71 423/153/71 424/154/71
f 425/155/71 426/156/71 427/157/71
f 428/158/71 429/159/71 430/160/71
f 431/161/71 432/162/71 433/163/71
f 434/164/72 435/165/72 436/166/72
f 437/167/72 438/168/72 439/169/72
f 440/170/72 441/171/72 442/172/72
f 443/173/72 444/174/72 445/175/72
f 446/176/72 447/177/72 448/178/72
f 449/179/73 450/180/73 451/181/73
f 452/182/73 453/183/73 454/184/73
f 455/185/73 456/186/73 457/187/73
f 458/188/73 459/189/73 460/190/73
f 461/191/73 462/192/73 463/193/73
f 464/194/74 465/195/74 466/196/74
f 467/197/74 468/198/74 469/199/74
f 470/200/74 471/201/74 472/202/74
f 473/203/74 474/204/74 475/205/74
f 476/206/74 477/207/74 478/208/74
f 479/209/75 480/210/75 481/211/75
f 482/212/75 483/213/75 484/214/75
f 485/215/75 486/216/75 487/217/75
f 488/218/75 489/219/75 490/220/75
f 491/221/75 492/222/75 493/223/75
f 494/224/76 495/225/76 496/226/76
f 497/227/76 498/228/76 499/229/76
f 500/230/76 501/231/76 502/232/76
f 503/233/76 504/234/76 505/235/76
f 506/236/76 507/237/76 508/238/76
f 509/239/77 510/240/77 511/241/77
f 514/242/78 515/243/78 516/244/78
f 519/245/79 520/246/79 521/247/79
f 524/248/80 525/249/80 526/250/80
f 529/251/81 530/252/81 531/253/81
f 534/254/82 535/255/82 536/256/82
f 537/257/83 538/258/83 539/259/83
f 542/260/84 543/261/84 544/262/84
f 545/263/85 546/264/85 547/265/85
f 550/266/86 551/267/86 552/268/86
f 555/269/87 556/270/87 557/271/87
f 560/272/88 561/273/88 562/274/88
f 565/275/89 566/276/89 567/277/89
f 570/278/90 571/279/90 572/280/90
f 573/281/91 574/282/91 575/283/91
f 578/284/92 579/285/92 580/286/92
f 583/287/77 584/288/77 585/289/77
f 586/290/77 587/291/77 588/292/77
f 589/293/77 590/294/77 591/295/77
f 592/296/77 593/297/77 594/298/77
f 595/299/77 596/300/77 597/301/77
f 598/302/77 599/303/77 600/304/77
f 601/305/78 602/306/78 603/307/78
f 604/308/78 605/309/78 606/310/78
f 607/311/78 608/312/78 609/313/78
f 610/314/78 611/315/78 612/316/78
f 613/317/78 614/318/78 615/319/78
f 616/320/78 617/321/78 618/322/78
f 619/323/79 620/324/79 621/325/79
f 622/326/79 623/327/79 624/328/79
f 625/329/79 626/330/79 627/331/79
f 628/332/79 629/333/79 630/334/79
f 631/335/79 632/336/79 633/337/79
f 634/338/79 635/339/79 636/340/79
f 639/341/80 640/342/80 641/343/80
f 642/344/80 643/345/80 644/346/80
f 645/347/80 646/348/80 647/349/80
f 648/350/80 649/351/80 650/352/80
f 651/353/80 652/354/80 653/355/80
f 654/356/80 655/357/80 656/358/80
f 657/359/81 658/360/81 659/361/81
f 660/362/81 661/363/81 662/364/81
f 663/365/81 664/366/81 665/367/81
f 666/105/81 667/368/81 668/369/81
f 669/370/81 670/371/81 671/372/81
f 672/373/81 673/374/81 674/375/81
f 675/376/82 676/377/82 677/378/82
f 678/379/82 679/380/82 680/381/82
f 681/382/82 682/383/82 683/384/82
f 684/385/82 685/386/82 686/387/82
f 687/388/82 688/389/82 689/390/82
f 690/391/82 691/392/82 692/393/82
f 695/394/83 696/395/83 697/396/83
f 698/397/83 699/398/83 700/399/83
f 701/400/83 702/401/83 703/402/83
f 704/403/83 705/404/83 706/405/83
f 707/406/83 708/407/83 709/408/83
f 710/409/83 711/410/83 712/411/83
f 715/412/84 716/413/84 717/414/84
f 718/415/84 719/416/84 720/417/84
f 721/418/84 722/419/84 723/420/84
f 724/15/84 725/421/84 726/422/84
f 727/423/84 728/424/84 729/425/84
f 730/426/84 731/427/84 732/428/84
f 733/429/85 734/430/85 735/431/85
f 736/432/85 737/433/85 738/434/85
f 739/435/85 740/436/85 741/437/85
f 742/438/85 743/439/85 744/440/85
f 745/441/85 746/442/85 747/443/85
f 748/444/85 749/445/85 750/446/85
f 751/447/86 752/448/86 753/449/86
f 754/450/86 755/451/86 756/452/86
f 757/453/86 758/454/86 759/455/86
f 760/456/86 761/457/86 762/458/86
f 763/459/86 764/460/86 765/461/86
f 766/462/86 767/463/86 768/464/86
f 769/465/87 770/466/87 771/467/87
f 772/468/87 773/469/87 774/470/87
f 775/471/87 776/472/87 777/473/87
f 778/474/87 779/475/87 780/476/87
f 781/477/87 782/478/87 783/479/87
f 784/480/87 785/481/87 786/482/87
f 787/483/88 788/484/88 789/485/88
f 790/486/88 791/487/88 792/488/88
f 793/489/88 794/490/88 795/491/88
f 796/492/88 797/493/88 798/494/88
f 799/495/88 800/496/88 801/497/88
f 802/498/88 803/499/88 804/500/88
f 805/501/89 806/502/89 807/503/89
f 808/504/89 809/505/89 810/506/89
f 811/507/89 812/508/89 813/509/89
f 814/510/89 815/511/89 816/512/89
f 817/513/89 818/514/89 819/515/89
f 820/516/89 821/517/89 822/518/89
f 823/519/90 824/520/90 825/521/90
f 826/522/90 827/523/90 828/524/90
f 829/525/90 830/526/90 831/527/90
f 832/528/90 833/529/90 834/45/90
f 835/530/90 836/531/90 837/532/90
f 838/533/90 839/534/90 840/535/90
f 841/536/91 842/537/91 843/538/91
f 844/539/91 845/540/91 846/541/91
f 847/542/91 848/543/91 849/544/91
f 850/545/91 851/546/91 852/385/91
f 853/547/91 854/548/91 855/549/91
f 856/550/91 857/551/91 858/552/91
f 859/553/92 860/554/92 861/555/92
f 862/556/92 863/557/92 864/558/92
f 865/559/92 866/560/92 867/561/92
f 868/562/92 869/563/92 870/105/92
f 871/564/92 872/565/92 873/566/92
f 874/567/92 875/568/92 876/569/92
f 877/570/93 878/571/93 879/572/93 880/573/93
f 881/574/94 882/575/94 883/576/94 884/577/94
f 885/578/95 886/579/95 887/580/95 888/581/95
f 889/582/96 890/583/96 891/584/96 892/585/96
f 893/586/84 894/587/84 895/588/84
f 896/589/89 897/590/89 898/591/89
f 899/592/84 900/593/84 901/594/84
f 902/595/89 903/596/89 904/597/89
f 905/598/84 906/512/84 907/599/84
f 908/600/89 909/601/89 910/15/89
f 911/602/84 912/603/84 913/604/84
f 914/605/89 915/606/89 916/607/89
f 917/608/84 918/609/84 919/610/84
f 920/611/89 921/612/89 922/613/89
f 923/614/97 924/615/97 925/616/97 926/617/97
f 927/618/98 928/619/98 929/620/98 930/621/98
f 931/622/99 932/623/99 933/624/99 934/625/99
f 935/626/100 936/627/100 937/628/100 938/629/100
f 939/630/83 940/631/83 941/632/83
f 942/633/90 943/634/90 944/635/90
f 945/636/83 946/637/83 947/638/83
f 948/639/90 949/640/90 950/641/90
f 951/642/83 952/403/83 953/643/83
f 954/644/90 955/645/90 956/45/90
f 957/646/83 958/647/83 959/648/83
f 960/649/90 961/650/90 962/651/90
f 963/652/83 964/653/83 965/654/83
f 966/655/90 967/656/90 968/657/90
f 969/658/101 970/659/101 971/660/101 972/661/101
f 973/662/102 974/663/102 975/664/102 976/665/102
f 977/666/103 978/667/103 979/668/103 980/669/103
f 981/670/104 982/671/104 983/672/104 984/673/104
f 985/674/82 986/675/82 987/676/82
f 988/677/91 989/678/91 990/679/91
f 991/680/82 992/681/82 993/682/82
f 994/683/91 995/684/91 996/685/91
f 997/686/82 998/385/82 999/687/82
f 1000/688/91 1001/689/91 1002/385/91
f 1003/690/82 1004/691/82 1005/692/82
f 1006/693/91 1007/694/91 1008/695/91
f 1009/696/82 1010/697/82 1011/698/82
f 1012/699/91 1013/700/91 1014/701/91
f 1015/702/105 1016/703/105 1017/704/105 1018/705/105
f 1019/706/106 1020/707/106 1021/708/106 1022/709/106
f 1023/710/107 1024/711/107 1025/712/107 1026/713/107
f 1027/714/108 1028/715/108 1029/716/108 1030/717/108
f 1031/718/81 1032/719/81 1033/720/81
f 1034/721/92 1035/722/92 1036/723/92
f 1037/724/81 1038/725/81 1039/726/81
f 1040/727/92 1041/728/92 1042/729/92
f 1043/730/81 1044/105/81 1045/731/81
f 1046/732/92 1047/733/92 1048/106/92
f 1049/734/81 1050/735/81 1051/736/81
f 1052/737/92 1053/738/92 1054/739/92
f 1055/740/81 1056/741/81 1057/742/81
f 1058/743/92 1059/744/92 1060/745/92
f 511/241/77 512/746/77 513/747/77 509/239/77
f 516/244/78 517/748/78 518/749/78 514/242/78
f 521/247/79 522/750/79 523/751/79 519/245/79
f 526/250/80 527/752/80 528/753/80 524/248/80
f 531/253/81 532/754/81 533/755/81 529/251/81
f 536/256/82 523/751/82 522/750/82 534/254/82
f 539/259/83 540/756/83 541/757/83 537/257/83
f 544/262/84 518/749/84 517/748/84 542/260/84
f 547/265/85 548/758/85 549/759/85 545/263/85
f 552/268/86 553/760/86 554/761/86 550/266/86
f 557/271/87 558/762/87 559/763/87 555/269/87
f 562/274/88 563/764/88 564/765/88 560/272/88
f 567/277/89 568/766/89 569/767/89 565/275/89
f 572/280/90 549/759/90 548/758/90 570/278/90
f 575/283/91 576/768/91 577/769/91 573/281/91
f 580/286/92 559/763/92 558/762/92 578/284/92
f 582/770/77 583/287/77 585/289/77 581/771/77
f 583/287/77 586/290/77 588/292/77 584/288/77
f 586/290/77 589/293/77 591/295/77 587/291/77
f 589/293/77 592/296/77 594/298/77 590/294/77
f 592/296/77 595/299/77 597/301/77 593/297/77
f 595/299/77 598/302/77 600/304/77 596/300/77
f 598/302/77 511/241/77 510/240/77 599/303/77
f 568/766/78 601/305/78 603/307/78 569/767/78
f 602/306/78 604/308/78 606/310/78 603/307/78
f 605/309/78 607/311/78 609/313/78 606/310/78
f 608/312/78 610/314/78 612/316/78 609/313/78
f 611/315/78 613/317/78 615/319/78 612/316/78
f 614/318/78 616/320/78 618/322/78 615/319/78
f 617/321/78 515/243/78 514/242/78 618/322/78
f 576/768/79 619/323/79 621/325/79 577/769/79
f 620/324/79 622/326/79 624/328/79 621/325/79
f 623/327/79 625/329/79 627/331/79 624/328/79
f 626/330/79 628/332/79 630/334/79 627/331/79
f 629/333/79 631/335/79 633/337/79 630/334/79
f 632/336/79 634/338/79 636/340/79 633/337/79
f 635/339/79 520/246/79 519/245/79 636/340/79
f 638/772/80 639/341/80 641/343/80 637/773/80
f 639/341/80 642/344/80 644/346/80 640/342/80
f 642/344/80 645/347/80 647/349/80 643/345/80
f 645/347/80 648/350/80 650/352/80 646/348/80
f 648/350/80 651/353/80 653/355/80 649/351/80
f 651/353/80 654/356/80 656/358/80 652/354/80
f 654/356/80 526/250/80 525/249/80 655/357/80
f 527/752/81 657/359/81 659/361/81 528/753/81
f 657/359/81 660/362/81 662/364/81 658/360/81
f 660/362/81 663/365/81 665/367/81 661/363/81
f 663/365/81 666/105/81 668/369/81 664/366/81
f 666/105/81 669/370/81 671/372/81 667/368/81
f 669/370/81 672/373/81 674/375/81 670/371/81
f 672/373/81 531/253/81 530/252/81 673/374/81
f 512/746/82 675/376/82 677/378/82 513/747/82
f 675/376/82 678/379/82 680/381/82 676/377/82
f 678/379/82 681/382/82 683/384/82 679/380/82
f 681/382/82 684/385/82 686/387/82 682/383/82
f 684/385/82 687/388/82 689/390/82 685/386/82
f 687/388/82 690/391/82 692/393/82 688/389/82
f 690/391/82 536/256/82 535/255/82 691/392/82
f 694/774/83 695/394/83 697/396/83 693/775/83
f 695/394/83 698/397/83 700/399/83 696/395/83
f 698/397/83 701/400/83 703/402/83 699/398/83
f 701/400/83 704/403/83 706/405/83 702/401/83
f 704/403/83 707/406/83 709/408/83 705/404/83
f 707/406/83 710/409/83 712/411/83 708/407/83
f 710/409/83 539/259/83 538/258/83 711/410/83
f 714/776/84 715/412/84 717/414/84 713/777/84
f 715/412/84 718/415/84 720/417/84 716/413/84
f 718/415/84 721/418/84 723/420/84 719/416/84
f 721/418/84 724/15/84 726/422/84 722/419/84
f 724/15/84 727/423/84 729/425/84 725/421/84
f 727/423/84 730/426/84 732/428/84 728/424/84
f 730/426/84 544/262/84 543/261/84 731/427/84
f 540/756/85 733/429/85 735/431/85 541/757/85
f 733/429/85 736/432/85 738/434/85 734/430/85
f 736/432/85 739/435/85 741/437/85 737/433/85
f 739/435/85 742/438/85 744/440/85 740/436/85
f 742/438/85 745/441/85 747/443/85 743/439/85
f 745/441/85 748/444/85 750/446/85 746/442/85
f 748/444/85 547/265/85 546/264/85 749/445/85
f 713/777/86 751/447/86 753/449/86 714/776/86
f 752/448/86 754/450/86 756/452/86 753/449/86
f 755/451/86 757/453/86 759/455/86 756/452/86
f 758/454/86 760/456/86 762/458/86 759/455/86
f 761/457/86 763/459/86 765/461/86 762/458/86
f 764/460/86 766/462/86 768/464/86 765/461/86
f 767/463/86 551/267/86 550/266/86 768/464/86
f 532/754/87 769/465/87 771/467/87 533/755/87
f 769/465/87 772/468/87 774/470/87 770/466/87
f 772/468/87 775/471/87 777/473/87 773/469/87
f 775/471/87 778/474/87 780/476/87 776/472/87
f 778/474/87 781/477/87 783/479/87 779/475/87
f 781/477/87 784/480/87 786/482/87 782/478/87
f 784/480/87 557/271/87 556/270/87 785/481/87
f 693/775/88 787/483/88 789/485/88 694/774/88
f 788/484/88 790/486/88 792/488/88 789/485/88
f 791/487/88 793/489/88 795/491/88 792/488/88
f 794/490/88 796/492/88 798/494/88 795/491/88
f 797/493/88 799/495/88 801/497/88 798/494/88
f 800/496/88 802/498/88 804/500/88 801/497/88
f 803/499/88 561/273/88 560/272/88 804/500/88
f 553/760/89 805/501/89 807/503/89 554/761/89
f 806/502/89 808/504/89 810/506/89 807/503/89
f 809/505/89 811/507/89 813/509/89 810/506/89
f 812/508/89 814/510/89 816/512/89 813/509/89
f 815/511/89 817/513/89 819/515/89 816/512/89
f 818/514/89 820/516/89 822/518/89 819/515/89
f 821/517/89 566/276/89 565/275/89 822/518/89
f 563/764/90 823/519/90 825/521/90 564/765/90
f 824/520/90 826/522/90 828/524/90 825/521/90
f 827/523/90 829/525/90 831/527/90 828/524/90
f 830/526/90 832/528/90 834/45/90 831/527/90
f 833/529/90 835/530/90 837/532/90 834/45/90
f 836/531/90 838/533/90 840/535/90 837/532/90
f 839/534/90 571/279/90 570/278/90 840/535/90
f 581/771/91 841/536/91 843/538/91 582/770/91
f 842/537/91 844/539/91 846/541/91 843/538/91
f 845/540/91 847/542/91 849/544/91 846/541/91
f 848/543/91 850/545/91 852/385/91 849/544/91
f 851/546/91 853/547/91 855/549/91 852/385/91
f 854/548/91 856/550/91 858/552/91 855/549/91
f 857/551/91 574/282/91 573/281/91 858/552/91
f 637/773/92 859/553/92 861/555/92 638/772/92
f 860/554/92 862/556/92 864/558/92 861/555/92
f 863/557/92 865/559/92 867/561/92 864/558/92
f 866/560/92 868/562/92 870/105/92 867/561/92
f 869/563/92 871/564/92 873/566/92 870/105/92
f 872/565/92 874/567/92 876/569/92 873/566/92
f 875/568/92 579/285/92 578/284/92 876/569/92
f 881/574/1 543/261/1 542/260/1 882/575/1
f 566/276/1 877/570/1 880/573/1 567/277/1
f 896/589/1 732/428/1 731/427/1 897/590/1
f 820/516/1 893/586/1 895/588/1 821/517/1
f 902/595/1 729/425/1 728/424/1 903/596/1
f 817/513/1 899/592/1 901/594/1 818/514/1
f 908/600/1 726/422/1 725/421/1 909/601/1
f 814/510/1 905/598/1 907/599/1 815/511/1
f 914/605/1 723/420/1 722/419/1 915/606/1
f 811/507/1 911/602/1 913/604/1 812/508/1
f 920/611/1 720/417/1 719/416/1 921/612/1
f 808/504/1 917/608/1 919/610/1 809/505/1
f 892/585/1 717/414/1 716/413/1 889/582/1
f 805/501/1 886/579/1 885/578/1 806/502/1
f 879/572/1 602/306/1 601/305/1 880/573/1
f 389/119/1 605/309/1 604/308/1 390/120/1
f 392/122/1 608/312/1 607/311/1 393/123/1
f 395/125/1 611/315/1 610/314/1 396/126/1
f 398/128/1 614/318/1 613/317/1 399/129/1
f 401/131/1 617/321/1 616/320/1 402/132/1
f 882/575/1 516/244/1 515/243/1 883/576/1
f 551/267/1 887/580/1 886/579/1 552/268/1
f 766/462/1 404/134/1 406/136/1 767/463/1
f 763/459/1 407/137/1 409/139/1 764/460/1
f 760/456/1 410/140/1 412/142/1 761/457/1
f 757/453/1 413/143/1 415/145/1 758/454/1
f 754/450/1 416/146/1 418/148/1 755/451/1
f 751/447/1 892/585/1 891/584/1 752/448/1
f 927/618/2 538/258/2 537/257/2 928/619/2
f 571/279/2 923/614/2 926/617/2 572/280/2
f 942/633/2 712/411/2 711/410/2 943/634/2
f 838/533/2 939/630/2 941/632/2 839/534/2
f 948/639/2 709/408/2 708/407/2 949/640/2
f 835/530/2 945/636/2 947/638/2 836/531/2
f 954/644/2 706/405/2 705/404/2 955/645/2
f 832/528/2 951/642/2 953/643/2 833/529/2
f 960/649/2 703/402/2 702/401/2 961/650/2
f 829/525/2 957/646/2 959/648/2 830/526/2
f 966/655/2 700/399/2 699/398/2 967/656/2
f 826/522/2 963/652/2 965/654/2 827/523/2
f 938/629/2 697/396/2 696/395/2 935/626/2
f 823/519/2 932/623/2 931/622/2 824/520/2
f 925/616/2 546/264/2 545/263/2 926/617/2
f 419/149/2 750/446/2 749/445/2 420/150/2
f 422/152/2 747/443/2 746/442/2 423/153/2
f 425/155/2 744/440/2 743/439/2 426/156/2
f 428/158/2 741/437/2 740/436/2 429/159/2
f 431/161/2 738/434/2 737/433/2 432/162/2
f 928/619/2 735/431/2 734/430/2 929/620/2
f 561/273/2 933/624/2 932/623/2 562/274/2
f 802/498/2 434/164/2 436/166/2 803/499/2
f 799/495/2 437/167/2 439/169/2 800/496/2
f 796/492/2 440/170/2 442/172/2 797/493/2
f 793/489/2 443/173/2 445/175/2 794/490/2
f 790/486/2 446/176/2 448/178/2 791/487/2
f 787/483/2 938/629/2 937/628/2 788/484/2
f 973/662/3 535/255/3 534/254/3 974/663/3
f 574/282/3 969/658/3 972/661/3 575/283/3
f 988/677/3 692/393/3 691/392/3 989/678/3
f 856/550/3 985/674/3 987/676/3 857/551/3
f 994/683/3 689/390/3 688/389/3 995/684/3
f 853/547/3 991/680/3 993/682/3 854/548/3
f 1000/688/3 686/387/3 685/386/3 1001/689/3
f 850/545/3 997/686/3 999/687/3 851/546/3
f 1006/693/3 683/384/3 682/383/3 1007/694/3
f 847/542/3 1003/690/3 1005/692/3 848/543/3
f 1012/699/3 680/381/3 679/380/3 1013/700/3
f 844/539/3 1009/696/3 1011/698/3 845/540/3
f 984/673/3 677/378/3 676/377/3 981/670/3
f 841/536/3 978/667/3 977/666/3 842/537/3
f 971/660/3 620/324/3 619/323/3 972/661/3
f 449/179/3 623/327/3 622/326/3 450/180/3
f 452/182/3 626/330/3 625/329/3 453/183/3
f 455/185/3 629/333/3 628/332/3 456/186/3
f 458/188/3 632/336/3 631/335/3 459/189/3
f 461/191/3 635/339/3 634/338/3 462/192/3
f 974/663/3 521/247/3 520/246/3 975/664/3
f 584/288/3 979/668/3 978/667/3 585/289/3
f 587/291/3 464/194/3 466/196/3 588/292/3
f 590/294/3 467/197/3 469/199/3 591/295/3
f 593/297/3 470/200/3 472/202/3 594/298/3
f 596/300/3 473/203/3 475/205/3 597/301/3
f 599/303/3 476/206/3 478/208/3 600/304/3
f 509/239/3 984/673/3 983/672/3 510/240/3
f 1019/706/4 530/252/4 529/251/4 1020/707/4
f 579/285/4 1015/702/4 1018/705/4 580/286/4
f 1034/721/4 674/375/4 673/374/4 1035/722/4
f 874/567/4 1031/718/4 1033/720/4 875/568/4
f 1040/727/4 671/372/4 670/371/4 1041/728/4
f 871/564/4 1037/724/4 1039/726/4 872/565/4
f 1046/732/4 668/369/4 667/368/4 1047/733/4
f 868/562/4 1043/730/4 1045/731/4 869/563/4
f 1052/737/4 665/367/4 664/366/4 1053/738/4
f 865/559/4 1049/734/4 1051/736/4 866/560/4
f 1058/743/4 662/364/4 661/363/4 1059/744/4
f 862/556/4 1055/740/4 1057/742/4 863/557/4
f 1030/717/4 659/361/4 658/360/4 1027/714/4
f 859/553/4 1024/711/4 1023/710/4 860/554/4
f 1017/704/4 556/270/4 555/269/4 1018/705/4
f 479/209/4 786/482/4 785/481/4 480/210/4
f 482/212/4 783/479/4 782/478/4 483/213/4
f 485/215/4 780/476/4 779/475/4 486/216/4
f 488/218/4 777/473/4 776/472/4 489/219/4
f 491/221/4 774/470/4 773/469/4 492/222/4
f 1020/707/4 771/467/4 770/466/4 1021/708/4
f 640/342/4 1025/712/4 1024/711/4 641/343/4
f 643/345/4 494/224/4 496/226/4 644/346/4
f 646/348/4 497/227/4 499/229/4 647/349/4
f 649/351/4 500/230/4 502/232/4 650/352/4
f 652/354/4 503/233/4 505/235/4 653/355/4
f 655/357/4 506/236/4 508/238/4 656/358/4
f 524/248/4 1030/717/4 1029/716/4 525/249/4
f 878/571/69 391/121/69 390/120/69 879/572/69
f 391/121/69 394/124/69 393/123/69 389/119/69
f 394/124/69 397/127/69 396/126/69 392/122/69
f 397/127/69 400/130/69 399/129/69 395/125/69
f 400/130/69 403/133/69 402/132/69 398/128/69
f 403/133/69 884/577/69 883/576/69 401/131/69
f 887/580/70 406/136/70 405/135/70 888/581/70
f 404/134/70 409/139/70 408/138/70 405/135/70
f 407/137/70 412/142/70 411/141/70 408/138/70
f 410/140/70 415/145/70 414/144/70 411/141/70
f 413/143/70 418/148/70 417/147/70 414/144/70
f 416/146/70 891/584/70 890/583/70 417/147/70
f 894/587/84 878/571/84 877/570/84 895/588/84
f 897/590/89 881/574/89 884/577/89 898/591/89
f 900/593/84 894/587/84 893/586/84 901/594/84
f 903/596/89 896/589/89 898/591/89 904/597/89
f 906/512/84 900/593/84 899/592/84 907/599/84
f 909/601/89 902/595/89 904/597/89 910/15/89
f 912/603/84 906/512/84 905/598/84 913/604/84
f 915/606/89 908/600/89 910/15/89 916/607/89
f 918/609/84 912/603/84 911/602/84 919/610/84
f 921/612/89 914/605/89 916/607/89 922/613/89
f 888/581/84 918/609/84 917/608/84 885/578/84
f 889/582/89 920/611/89 922/613/89 890/583/89
f 924/615/71 421/151/71 420/150/71 925/616/71
f 421/151/71 424/154/71 423/153/71 419/149/71
f 424/154/71 427/157/71 426/156/71 422/152/71
f 427/157/71 430/160/71 429/159/71 425/155/71
f 430/160/71 433/163/71 432/162/71 428/158/71
f 433/163/71 930/621/71 929/620/71 431/161/71
f 933/624/72 436/166/72 435/165/72 934/625/72
f 434/164/72 439/169/72 438/168/72 435/165/72
f 437/167/72 442/172/72 441/171/72 438/168/72
f 440/170/72 445/175/72 444/174/72 441/171/72
f 443/173/72 448/178/72 447/177/72 444/174/72
f 446/176/72 937/628/72 936/627/72 447/177/72
f 940/631/83 924/615/83 923/614/83 941/632/83
f 943/634/90 927/618/90 930/621/90 944/635/90
f 946/637/83 940/631/83 939/630/83 947/638/83
f 949/640/90 942/633/90 944/635/90 950/641/90
f 952/403/83 946/637/83 945/636/83 953/643/83
f 955/645/90 948/639/90 950/641/90 956/45/90
f 958/647/83 952/403/83 951/642/83 959/648/83
f 961/650/90 954/644/90 956/45/90 962/651/90
f 964/653/83 958/647/83 957/646/83 965/654/83
f 967/656/90 960/649/90 962/651/90 968/657/90
f 934/625/83 964/653/83 963/652/83 931/622/83
f 935/626/90 966/655/90 968/657/90 936/627/90
f 970/659/73 451/181/73 450/180/73 971/660/73
f 451/181/73 454/184/73 453/183/73 449/179/73
f 454/184/73 457/187/73 456/186/73 452/182/73
f 457/187/73 460/190/73 459/189/73 455/185/73
f 460/190/73 463/193/73 462/192/73 458/188/73
f 463/193/73 976/665/73 975/664/73 461/191/73
f 979/668/74 466/196/74 465/195/74 980/669/74
f 464/194/74 469/199/74 468/198/74 465/195/74
f 467/197/74 472/202/74 471/201/74 468/198/74
f 470/200/74 475/205/74 474/204/74 471/201/74
f 473/203/74 478/208/74 477/207/74 474/204/74
f 476/206/74 983/672/74 982/671/74 477/207/74
f 986/675/82 970/659/82 969/658/82 987/676/82
f 989/678/91 973/662/91 976/665/91 990/679/91
f 992/681/82 986/675/82 985/674/82 993/682/82
f 995/684/91 988/677/91 990/679/91 996/685/91
f 998/385/82 992/681/82 991/680/82 999/687/82
f 1001/689/91 994/683/91 996/685/91 1002/385/91
f 1004/691/82 998/385/82 997/686/82 1005/692/82
f 1007/694/91 1000/688/91 1002/385/91 1008/695/91
f 1010/697/82 1004/691/82 1003/690/82 1011/698/82
f 1013/700/91 1006/693/91 1008/695/91 1014/701/91
f 980/669/82 1010/697/82 1009/696/82 977/666/82
f 981/670/91 1012/699/91 1014/701/91 982/671/91
f 1016/703/75 481/211/75 480/210/75 1017/704/75
f 481/211/75 484/214/75 483/213/75 479/209/75
f 484/214/75 487/217/75 486/216/75 482/212/75
f 487/217/75 490/220/75 489/219/75 485/215/75
f 490/220/75 493/223/75 492/222/75 488/218/75
f 493/223/75 1022/709/75 1021/708/75 491/221/75
f 1025/712/76 496/226/76 495/225/76 1026/713/76
f 494/224/76 499/229/76 498/228/76 495/225/76
f 497/227/76 502/232/76 501/231/76 498/228/76
f 500/230/76 505/235/76 504/234/76 501/231/76
f 503/233/76 508/238/76 507/237/76 504/234/76
f 506/236/76 1029/716/76 1028/715/76 507/237/76
f 1032/719/81 1016/703/81 1015/702/81 1033/720/81
f 1035/722/92 1019/706/92 1022/709/92 1036/723/92
f 1038/725/81 1032/719/81 1031/718/81 1039/726/81
f 1041/728/92 1034/721/92 1036/723/92 1042/729/92
f 1044/105/81 1038/725/81 1037/724/81 1045/731/81
f 1047/733/92 1040/727/92 1042/729/92 1048/106/92
f 1050/735/81 1044/105/81 1043/730/81 1051/736/81
f 1053/738/92 1046/732/92 1048/106/92 1054/739/92
f 1056/741/81 1050/735/81 1049/734/81 1057/742/81
f 1059/744/92 1052/737/92 1054/739/92 1060/745/92
f 1026/713/81 1056/741/81 1055/740/81 1023/710/81
f 1027/714/92 1058/743/92 1060/745/92 1028/715/92
f 605/309/1 389/119/1 393/123/1 607/311/1
f 394/124/109 391/121/109 349/1/109 350/1/109
f 602/306/1 879/572/1 390/120/1 604/308/1
f 391/121/109 878/571/109 129/1/109 349/1/109
f 608/312/1 392/122/1 396/126/1 610/314/1
f 397/127/109 394/124/109 350/1/109 351/1/109
f 611/315/1 395/125/1 399/129/1 613/317/1
f 400/130/109 397/127/109 351/1/109 352/1/109
f 614/318/1 398/128/1 402/132/1 616/320/1
f 403/133/109 400/130/109 352/1/109 353/3/109
f 617/321/1 401/131/1 883/576/1 515/243/1
f 884/577/109 403/133/109 353/3/109 130/1/109
f 404/134/1 766/462/1 764/460/1 409/139/1
f 887/580/1 551/267/1 767/463/1 406/136/1
f 405/135/110 408/138/110 355/32/110 354/32/110
f 888/581/110 405/135/110 354/32/110 166/32/110
f 407/137/1 763/459/1 761/457/1 412/142/1
f 408/138/110 411/141/110 356/32/110 355/32/110
f 410/140/1 760/456/1 758/454/1 415/145/1
f 411/141/110 414/144/110 357/33/110 356/32/110
f 413/143/1 757/453/1 755/451/1 418/148/1
f 414/144/110 417/147/110 358/33/110 357/33/110
f 416/146/1 754/450/1 752/448/1 891/584/1
f 417/147/110 890/583/110 167/33/110 358/33/110
f 750/446/2 419/149/2 423/153/2 746/442/2
f 424/154/111 421/151/111 359/34/111 360/34/111
f 546/264/2 925/616/2 420/150/2 749/445/2
f 421/151/111 924/615/111 168/34/111 359/34/111
f 747/443/2 422/152/2 426/156/2 743/439/2
f 427/157/111 424/154/111 360/34/111 361/34/111
f 744/440/2 425/155/2 429/159/2 740/436/2
f 430/160/111 427/157/111 361/34/111 362/34/111
f 741/437/2 428/158/2 432/162/2 737/433/2
f 433/163/111 430/160/111 362/34/111 363/34/111
f 738/434/2 431/161/2 929/620/2 734/430/2
f 930/621/111 433/163/111 363/34/111 169/34/111
f 434/164/2 802/498/2 800/496/2 439/169/2
f 933/624/2 561/273/2 803/499/2 436/166/2
f 435/165/112 438/168/112 365/57/112 364/58/112
f 934/625/112 435/165/112 364/58/112 205/57/112
f 437/167/2 799/495/2 797/493/2 442/172/2
f 438/168/112 441/171/112 366/58/112 365/57/112
f 440/170/2 796/492/2 794/490/2 445/175/2
f 441/171/112 444/174/112 367/58/112 366/58/112
f 443/173/2 793/489/2 791/487/2 448/178/2
f 444/174/112 447/177/112 368/57/112 367/58/112
f 446/176/2 790/486/2 788/484/2 937/628/2
f 447/177/112 936/627/112 206/57/112 368/57/112
f 623/327/3 449/179/3 453/183/3 625/329/3
f 454/184/113 451/181/113 369/59/113 370/59/113
f 620/324/3 971/660/3 450/180/3 622/326/3
f 451/181/113 970/659/113 207/59/113 369/59/113
f 626/330/3 452/182/3 456/186/3 628/332/3
f 457/187/113 454/184/113 370/59/113 371/62/113
f 629/333/3 455/185/3 459/189/3 631/335/3
f 460/190/113 457/187/113 371/62/113 372/62/113
f 632/336/3 458/188/3 462/192/3 634/338/3
f 463/193/113 460/190/113 372/62/113 373/59/113
f 635/339/3 461/191/3 975/664/3 520/246/3
f 976/665/113 463/193/113 373/59/113 208/59/113
f 464/194/3 587/291/3 591/295/3 469/199/3
f 979/668/3 584/288/3 588/292/3 466/196/3
f 465/195/114 468/198/114 375/88/114 374/87/114
f 980/669/114 465/195/114 374/87/114 244/87/114
f 467/197/3 590/294/3 594/298/3 472/202/3
f 468/198/114 471/201/114 376/87/114 375/88/114
f 470/200/3 593/297/3 597/301/3 475/205/3
f 471/201/114 474/204/114 377/87/114 376/87/114
f 473/203/3 596/300/3 600/304/3 478/208/3
f 474/204/114 477/207/114 378/88/114 377/87/114
f 476/206/3 599/303/3 510/240/3 983/672/3
f 477/207/114 982/671/114 245/88/114 378/88/114
f 786/482/4 479/209/4 483/213/4 782/478/4
f 484/214/115 481/211/115 379/89/115 380/91/115
f 556/270/4 1017/704/4 480/210/4 785/481/4
f 481/211/115 1016/703/115 246/89/115 379/89/115
f 783/479/4 482/212/4 486/216/4 779/475/4
f 487/217/115 484/214/115 380/91/115 381/91/115
f 780/476/4 485/215/4 489/219/4 776/472/4
f 490/220/115 487/217/115 381/91/115 382/91/115
f 777/473/4 488/218/4 492/222/4 773/469/4
f 493/223/115 490/220/115 382/91/115 383/94/115
f 774/470/4 491/221/4 1021/708/4 770/466/4
f 1022/709/115 493/223/115 383/94/115 247/94/115
f 494/224/4 643/345/4 647/349/4 499/229/4
f 1025/712/4 640/342/4 644/346/4 496/226/4
f 495/225/116 498/228/116 385/118/116 384/118/116
f 1026/713/116 495/225/116 384/118/116 283/118/116
f 497/227/4 646/348/4 650/352/4 502/232/4
f 498/228/116 501/231/116 386/118/116 385/118/116
f 500/230/4 649/351/4 653/355/4 505/235/4
f 501/231/116 504/234/116 387/118/116 386/118/116
f 503/233/4 652/354/4 656/358/4 508/238/4
f 504/234/116 507/237/116 388/118/116 387/118/116
f 506/236/4 655/357/4 525/249/4 1029/716/4
f 507/237/116 1028/715/116 284/118/116 388/118/116
f 512/746/117 511/241/117 23/778/117 1/778/117
f 984/673/3 509/239/3 513/747/3 677/378/3
f 511/241/117 598/302/117 22/779/117 23/778/117
f 675/376/118 512/746/118 1/778/118 52/87/118
f 514/242/119 518/749/119 2/780/119 30/780/119
f 516/244/1 882/575/1 542/260/1 517/748/1
f 618/322/119 514/242/119 30/780/119 29/781/119
f 518/749/120 544/262/120 72/1/120 2/780/120
f 519/245/121 523/751/121 4/782/121 37/782/121
f 521/247/3 974/663/3 534/254/3 522/750/3
f 636/340/121 519/245/121 37/782/121 36/783/121
f 523/751/118 536/256/118 58/59/118 4/782/118
f 527/752/122 526/250/122 44/784/122 7/784/122
f 1030/717/4 524/248/4 528/753/4 659/361/4
f 526/250/122 654/356/122 43/784/122 44/784/122
f 657/359/123 527/752/123 7/784/123 45/118/123
f 532/754/123 531/253/123 51/94/123 6/785/123
f 771/467/4 1020/707/4 529/251/4 533/755/4
f 531/253/123 672/373/123 50/93/123 51/94/123
f 1019/706/4 1035/722/4 673/374/4 530/252/4
f 769/465/124 532/754/124 6/785/124 87/785/124
f 536/256/118 690/391/118 57/60/118 58/59/118
f 973/662/3 989/678/3 691/392/3 535/255/3
f 540/756/125 539/259/125 65/34/125 3/786/125
f 735/431/2 928/619/2 537/257/2 541/757/2
f 539/259/125 710/409/125 64/35/125 65/34/125
f 927/618/2 943/634/2 711/410/2 538/258/2
f 733/429/126 540/756/126 3/786/126 73/786/126
f 544/262/120 730/426/120 71/787/120 72/1/120
f 881/574/1 897/590/1 731/427/1 543/261/1
f 548/758/126 547/265/126 79/786/126 11/786/126
f 549/759/2 572/280/2 926/617/2 545/263/2
f 547/265/126 748/444/126 78/786/126 79/786/126
f 570/278/127 548/758/127 11/786/127 114/34/127
f 550/266/128 554/761/128 13/788/128 86/788/128
f 805/501/1 553/760/1 552/268/1 886/579/1
f 768/464/128 550/266/128 86/788/128 85/788/128
f 554/761/129 807/503/129 101/32/129 13/788/129
f 558/762/124 557/271/124 93/789/124 14/789/124
f 559/763/4 580/286/4 1018/705/4 555/269/4
f 557/271/124 784/480/124 92/789/124 93/789/124
f 578/284/130 558/762/130 14/789/130 128/89/130
f 560/272/131 564/765/131 16/790/131 100/790/131
f 823/519/2 563/764/2 562/274/2 932/623/2
f 804/500/131 560/272/131 100/790/131 99/790/131
f 564/765/127 825/521/127 108/57/127 16/790/127
f 565/275/129 569/767/129 10/780/129 107/3/129
f 566/276/1 821/517/1 895/588/1 877/570/1
f 568/766/1 567/277/1 880/573/1 601/305/1
f 822/518/129 565/275/129 107/3/129 106/2/129
f 569/767/119 603/307/119 24/780/119 10/780/119
f 571/279/2 839/534/2 941/632/2 923/614/2
f 840/535/127 570/278/127 114/34/127 113/35/127
f 573/281/132 577/769/132 12/782/132 121/59/132
f 574/282/3 857/551/3 987/676/3 969/658/3
f 576/768/3 575/283/3 972/661/3 619/323/3
f 858/552/132 573/281/132 121/59/132 120/60/132
f 577/769/121 621/325/121 31/782/121 12/782/121
f 579/285/4 875/568/4 1033/720/4 1015/702/4
f 876/569/130 578/284/130 128/89/130 127/90/130
f 583/287/117 582/770/117 9/778/117 17/778/117
f 841/536/3 581/771/3 585/289/3 978/667/3
f 582/770/132 843/538/132 115/87/132 9/778/132
f 586/290/117 583/287/117 17/778/117 18/778/117
f 589/293/117 586/290/117 18/778/117 19/791/117
f 592/296/117 589/293/117 19/791/117 20/778/117
f 595/299/117 592/296/117 20/778/117 21/778/117
f 598/302/117 595/299/117 21/778/117 22/779/117
f 603/307/119 606/310/119 25/780/119 24/780/119
f 606/310/119 609/313/119 26/792/119 25/780/119
f 609/313/119 612/316/119 27/780/119 26/792/119
f 612/316/119 615/319/119 28/780/119 27/780/119
f 615/319/119 618/322/119 29/781/119 28/780/119
f 621/325/121 624/328/121 32/782/121 31/782/121
f 624/328/121 627/331/121 33/782/121 32/782/121
f 627/331/121 630/334/121 34/782/121 33/782/121
f 630/334/121 633/337/121 35/782/121 34/782/121
f 633/337/121 636/340/121 36/783/121 35/782/121
f 639/341/122 638/772/122 15/784/122 38/784/122
f 859/553/4 637/773/4 641/343/4 1024/711/4
f 638/772/130 861/555/130 122/118/130 15/784/130
f 642/344/122 639/341/122 38/784/122 39/784/122
f 645/347/122 642/344/122 39/784/122 40/784/122
f 648/350/122 645/347/122 40/784/122 41/784/122
f 651/353/122 648/350/122 41/784/122 42/784/122
f 654/356/122 651/353/122 42/784/122 43/784/122
f 1058/743/4 1027/714/4 658/360/4 662/364/4
f 660/362/123 657/359/123 45/118/123 46/111/123
f 1052/737/4 1059/744/4 661/363/4 665/367/4
f 663/365/123 660/362/123 46/111/123 47/109/123
f 1046/732/4 1053/738/4 664/366/4 668/369/4
f 666/105/123 663/365/123 47/109/123 48/106/123
f 1040/727/4 1047/733/4 667/368/4 671/372/4
f 669/370/123 666/105/123 48/106/123 49/104/123
f 1034/721/4 1041/728/4 670/371/4 674/375/4
f 672/373/123 669/370/123 49/104/123 50/93/123
f 1012/699/3 981/670/3 676/377/3 680/381/3
f 678/379/118 675/376/118 52/87/118 53/79/118
f 1006/693/3 1013/700/3 679/380/3 683/384/3
f 681/382/118 678/379/118 53/79/118 54/74/118
f 1000/688/3 1007/694/3 682/383/3 686/387/3
f 684/385/118 681/382/118 54/74/118 55/72/118
f 994/683/3 1001/689/3 685/386/3 689/390/3
f 687/388/118 684/385/118 55/72/118 56/63/118
f 988/677/3 995/684/3 688/389/3 692/393/3
f 690/391/118 687/388/118 56/63/118 57/60/118
f 695/394/125 694/774/125 8/793/125 59/794/125
f 938/629/2 787/483/2 693/775/2 697/396/2
f 694/774/131 789/485/131 94/793/131 8/793/131
f 966/655/2 935/626/2 696/395/2 700/399/2
f 698/397/125 695/394/125 59/794/125 60/795/125
f 960/649/2 967/656/2 699/398/2 703/402/2
f 701/400/125 698/397/125 60/795/125 61/46/125
f 954/644/2 961/650/2 702/401/2 706/405/2
f 704/403/125 701/400/125 61/46/125 62/45/125
f 948/639/2 955/645/2 705/404/2 709/408/2
f 707/406/125 704/403/125 62/45/125 63/37/125
f 942/633/2 949/640/2 708/407/2 712/411/2
f 710/409/125 707/406/125 63/37/125 64/35/125
f 715/412/120 714/776/120 5/796/120 66/33/120
f 892/585/1 751/447/1 713/777/1 717/414/1
f 714/776/128 753/449/128 80/797/128 5/796/128
f 920/611/1 889/582/1 716/413/1 720/417/1
f 718/415/120 715/412/120 66/33/120 67/31/120
f 914/605/1 921/612/1 719/416/1 723/420/1
f 721/418/120 718/415/120 67/31/120 68/24/120
f 908/600/1 915/606/1 722/419/1 726/422/1
f 724/15/120 721/418/120 68/24/120 69/15/120
f 902/595/1 909/601/1 725/421/1 729/425/1
f 727/423/120 724/15/120 69/15/120 70/14/120
f 896/589/1 903/596/1 728/424/1 732/428/1
f 730/426/120 727/423/120 70/14/120 71/787/120
f 736/432/126 733/429/126 73/786/126 74/786/126
f 739/435/126 736/432/126 74/786/126 75/786/126
f 742/438/126 739/435/126 75/786/126 76/786/126
f 745/441/126 742/438/126 76/786/126 77/786/126
f 748/444/126 745/441/126 77/786/126 78/786/126
f 753/449/128 756/452/128 81/797/128 80/797/128
f 756/452/128 759/455/128 82/788/128 81/797/128
f 759/455/128 762/458/128 83/798/128 82/788/128
f 762/458/128 765/461/128 84/798/128 83/798/128
f 765/461/128 768/464/128 85/788/128 84/798/128
f 772/468/124 769/465/124 87/785/124 88/799/124
f 775/471/124 772/468/124 88/799/124 89/799/124
f 778/474/124 775/471/124 89/799/124 90/800/124
f 781/477/124 778/474/124 90/800/124 91/789/124
f 784/480/124 781/477/124 91/789/124 92/789/124
f 789/485/131 792/488/131 95/793/131 94/793/131
f 792/488/131 795/491/131 96/801/131 95/793/131
f 795/491/131 798/494/131 97/801/131 96/801/131
f 798/494/131 801/497/131 98/790/131 97/801/131
f 801/497/131 804/500/131 99/790/131 98/790/131
f 807/503/129 810/506/129 102/25/129 101/32/129
f 808/504/1 806/502/1 885/578/1 917/608/1
f 810/506/129 813/509/129 103/19/129 102/25/129
f 811/507/1 809/505/1 919/610/1 911/602/1
f 813/509/129 816/512/129 104/16/129 103/19/129
f 814/510/1 812/508/1 913/604/1 905/598/1
f 816/512/129 819/515/129 105/4/129 104/16/129
f 817/513/1 815/511/1 907/599/1 899/592/1
f 819/515/129 822/518/129 106/2/129 105/4/129
f 820/516/1 818/514/1 901/594/1 893/586/1
f 825/521/127 828/524/127 109/50/127 108/57/127
f 826/522/2 824/520/2 931/622/2 963/652/2
f 828/524/127 831/527/127 110/46/127 109/50/127
f 829/525/2 827/523/2 965/654/2 957/646/2
f 831/527/127 834/45/127 111/45/127 110/46/127
f 832/528/2 830/526/2 959/648/2 951/642/2
f 834/45/127 837/532/127 112/37/127 111/45/127
f 835/530/2 833/529/2 953/643/2 945/636/2
f 837/532/127 840/535/127 113/35/127 112/37/127
f 838/533/2 836/531/2 947/638/2 939/630/2
f 843/538/132 846/541/132 116/79/132 115/87/132
f 844/539/3 842/537/3 977/666/3 1009/696/3
f 846/541/132 849/544/132 117/74/132 116/79/132
f 847/542/3 845/540/3 1011/698/3 1003/690/3
f 849/544/132 852/385/132 118/72/132 117/74/132
f 850/545/3 848/543/3 1005/692/3 997/686/3
f 852/385/132 855/549/132 119/63/132 118/72/132
f 853/547/3 851/546/3 999/687/3 991/680/3
f 855/549/132 858/552/132 120/60/132 119/63/132
f 856/550/3 854/548/3 993/682/3 985/674/3
f 861/555/130 864/558/130 123/111/130 122/118/130
f 862/556/4 860/554/4 1023/710/4 1055/740/4
f 864/558/130 867/561/130 124/107/130 123/111/130
f 865/559/4 863/557/4 1057/742/4 1049/734/4
f 867/561/130 870/105/130 125/105/130 124/107/130
f 868/562/4 866/560/4 1051/736/4 1043/730/4
f 870/105/130 873/566/130 126/95/130 125/105/130
f 871/564/4 869/563/4 1045/731/4 1037/724/4
f 873/566/130 876/569/130 127/90/130 126/95/130
f 874/567/4 872/565/4 1039/726/4 1031/718/4
f 878/571/120 894/587/120 131/2/120 129/1/120
f 898/591/129 884/577/129 130/1/129 137/2/129
f 918/609/120 888/581/120 166/32/120 159/25/120
f 890/583/129 922/613/129 165/31/129 167/33/129
f 894/587/120 900/593/120 138/4/120 131/2/120
f 904/597/129 898/591/129 137/2/129 144/14/129
f 900/593/120 906/512/120 145/15/120 138/4/120
f 910/15/129 904/597/129 144/14/129 151/15/129
f 906/512/120 912/603/120 152/19/120 145/15/120
f 916/607/129 910/15/129 151/15/129 158/24/129
f 912/603/120 918/609/120 159/25/120 152/19/120
f 922/613/129 916/607/129 158/24/129 165/31/129
f 924/615/125 940/631/125 170/35/125 168/34/125
f 944/635/127 930/621/127 169/34/127 176/35/127
f 964/653/125 934/625/125 205/57/125 198/50/125
f 936/627/127 968/657/127 204/56/127 206/57/127
f 940/631/125 946/637/125 177/37/125 170/35/125
f 950/641/127 944/635/127 176/35/127 183/37/127
f 946/637/125 952/403/125 184/45/125 177/37/125
f 956/45/127 950/641/127 183/37/127 190/45/127
f 952/403/125 958/647/125 191/46/125 184/45/125
f 962/651/127 956/45/127 190/45/127 197/46/127
f 958/647/125 964/653/125 198/50/125 191/46/125
f 968/657/127 962/651/127 197/46/127 204/56/127
f 970/659/118 986/675/118 209/60/118 207/59/118
f 990/679/132 976/665/132 208/59/132 215/60/132
f 1010/697/118 980/669/118 244/87/118 237/79/118
f 982/671/132 1014/701/132 243/79/132 245/88/132
f 986/675/118 992/681/118 216/63/118 209/60/118
f 996/685/132 990/679/132 215/60/132 222/63/132
f 992/681/118 998/385/118 223/72/118 216/63/118
f 1002/385/132 996/685/132 222/63/132 229/72/132
f 998/385/118 1004/691/118 230/74/118 223/72/118
f 1008/695/132 1002/385/132 229/72/132 236/78/132
f 1004/691/118 1010/697/118 237/79/118 230/74/118
f 1014/701/132 1008/695/132 236/78/132 243/79/132
f 1016/703/123 1032/719/123 248/90/123 246/89/123
f 1036/723/130 1022/709/130 247/94/130 254/93/130
f 1056/741/123 1026/713/123 283/118/123 276/111/123
f 1028/715/130 1060/745/130 282/111/130 284/118/130
f 1032/719/123 1038/725/123 255/95/123 248/90/123
f 1042/729/130 1036/723/130 254/93/130 261/104/130
f 1038/725/123 1044/105/123 262/105/123 255/95/123
f 1048/106/130 1042/729/130 261/104/130 268/106/130
f 1044/105/123 1050/735/123 269/107/123 262/105/123
f 1054/739/130 1048/106/130 268/106/130 275/109/130
f 1050/735/123 1056/741/123 276/111/123 269/107/123
f 1060/745/130 1054/739/130 275/109/130 282/111/130
