# Blender 5.2.0 LTS
# www.blender.org
mtllib wat.mtl
o BézierCurve
v 93.217270 22.480000 -0.901748
v 93.222649 22.487320 -0.896783
v 93.230003 22.490000 -0.890000
v 93.237350 22.487320 -0.883217
v 93.242729 22.480000 -0.878252
v 93.244698 22.469999 -0.876434
v 93.242729 22.459999 -0.878252
v 93.237350 22.452679 -0.883217
v 93.230003 22.450001 -0.890000
v 93.222649 22.452679 -0.896783
v 93.217270 22.459999 -0.901748
v 93.215302 22.469999 -0.903566
v 93.246788 22.480000 -0.933397
v 93.252083 22.487320 -0.928344
v 93.259315 22.490000 -0.921441
v 93.266556 22.487320 -0.914538
v 93.271851 22.480000 -0.909485
v 93.273788 22.469999 -0.907636
v 93.271851 22.459999 -0.909485
v 93.266556 22.452679 -0.914538
v 93.259315 22.450001 -0.921441
v 93.252083 22.452679 -0.928344
v 93.246788 22.459999 -0.933397
v 93.244843 22.469999 -0.935247
v 93.275742 22.480000 -0.963058
v 93.280869 22.487320 -0.957832
v 93.287872 22.490000 -0.950695
v 93.294876 22.487320 -0.943557
v 93.300003 22.480000 -0.938331
v 93.301880 22.469999 -0.936419
v 93.300003 22.459999 -0.938331
v 93.294876 22.452679 -0.943557
v 93.287872 22.450001 -0.950695
v 93.280869 22.452679 -0.957832
v 93.275742 22.459999 -0.963058
v 93.273865 22.469999 -0.964970
v 93.305107 22.480000 -0.990650
v 93.309952 22.487320 -0.985158
v 93.316559 22.490000 -0.977656
v 93.323174 22.487320 -0.970154
v 93.328018 22.480000 -0.964662
v 93.329788 22.469999 -0.962652
v 93.328018 22.459999 -0.964662
v 93.323174 22.452679 -0.970154
v 93.316559 22.450001 -0.977656
v 93.309952 22.452679 -0.985158
v 93.305107 22.459999 -0.990650
v 93.303337 22.469999 -0.992661
v 93.335823 22.480000 -1.016016
v 93.340248 22.487320 -1.010186
v 93.346298 22.490000 -1.002222
v 93.352341 22.487320 -0.994258
v 93.356773 22.480000 -0.988428
v 93.358391 22.469999 -0.986294
v 93.356773 22.459999 -0.988428
v 93.352341 22.452679 -0.994258
v 93.346298 22.450001 -1.002222
v 93.340248 22.452679 -1.010186
v 93.335823 22.459999 -1.016016
v 93.334198 22.469999 -1.018150
v 93.368759 22.480000 -1.038955
v 93.372658 22.487320 -1.032756
v 93.377975 22.490000 -1.024288
v 93.383293 22.487320 -1.015820
v 93.387184 22.480000 -1.009621
v 93.388611 22.469999 -1.007352
v 93.387184 22.459999 -1.009621
v 93.383293 22.452679 -1.015820
v 93.377975 22.450001 -1.024288
v 93.372658 22.452679 -1.032756
v 93.368759 22.459999 -1.038955
v 93.367340 22.469999 -1.041224
v 93.404762 22.480000 -1.059248
v 93.408035 22.487320 -1.052698
v 93.412498 22.490000 -1.043750
v 93.416969 22.487320 -1.034803
v 93.420235 22.480000 -1.028253
v 93.421432 22.469999 -1.025855
v 93.420235 22.459999 -1.028253
v 93.416969 22.452679 -1.034803
v 93.412498 22.450001 -1.043750
v 93.408035 22.452679 -1.052698
v 93.404762 22.459999 -1.059248
v 93.403572 22.469999 -1.061645
v 93.444618 22.480000 -1.076694
v 93.447220 22.487320 -1.069851
v 93.450775 22.490000 -1.060504
v 93.454330 22.487320 -1.051156
v 93.456932 22.480000 -1.044314
v 93.457886 22.469999 -1.041809
v 93.456932 22.459999 -1.044314
v 93.454330 22.452679 -1.051156
v 93.450775 22.450001 -1.060504
v 93.447220 22.452679 -1.069851
v 93.444618 22.459999 -1.076694
v 93.443665 22.469999 -1.079198
v 93.489105 22.480000 -1.091143
v 93.491051 22.487320 -1.084085
v 93.493706 22.490000 -1.074445
v 93.496361 22.487320 -1.064804
v 93.498306 22.480000 -1.057746
v 93.499016 22.469999 -1.055163
v 93.498306 22.459999 -1.057746
v 93.496361 22.452679 -1.064804
v 93.493706 22.450001 -1.074445
v 93.491051 22.452679 -1.084085
v 93.489105 22.459999 -1.091143
v 93.488396 22.469999 -1.093726
v 93.539017 22.480000 -1.102497
v 93.540359 22.487320 -1.095300
v 93.542191 22.490000 -1.085469
v 93.544022 22.487320 -1.075638
v 93.545357 22.480000 -1.068441
v 93.545853 22.469999 -1.065807
v 93.545357 22.459999 -1.068441
v 93.544022 22.452679 -1.075638
v 93.542191 22.450001 -1.085469
v 93.540359 22.452679 -1.095300
v 93.539017 22.459999 -1.102497
v 93.538528 22.469999 -1.105131
v 93.595207 22.480000 -1.110685
v 93.596016 22.487320 -1.103410
v 93.597130 22.490000 -1.093472
v 93.598244 22.487320 -1.083534
v 93.599052 22.480000 -1.076259
v 93.599350 22.469999 -1.073596
v 93.599052 22.459999 -1.076259
v 93.598244 22.452679 -1.083534
v 93.597130 22.450001 -1.093472
v 93.596016 22.452679 -1.103410
v 93.595207 22.459999 -1.110685
v 93.594910 22.469999 -1.113348
v 93.658554 22.480000 -1.115649
v 93.658928 22.487320 -1.108338
v 93.659431 22.490000 -1.098351
v 93.659943 22.487320 -1.088364
v 93.660309 22.480000 -1.081053
v 93.660446 22.469999 -1.078377
v 93.660309 22.459999 -1.081053
v 93.659943 22.452679 -1.088364
v 93.659431 22.450001 -1.098351
v 93.658928 22.452679 -1.108338
v 93.658554 22.459999 -1.115649
v 93.658417 22.469999 -1.118325
v 93.729797 22.480000 -1.117319
v 93.729881 22.487320 -1.109999
v 93.730003 22.490000 -1.100000
v 93.730118 22.487320 -1.090001
v 93.730202 22.480000 -1.082681
v 93.730232 22.469999 -1.080001
v 93.730202 22.459999 -1.082681
v 93.730118 22.452679 -1.090001
v 93.730003 22.450001 -1.100000
v 93.729881 22.452679 -1.109999
v 93.729797 22.459999 -1.117319
v 93.729767 22.469999 -1.119999
v 93.946114 22.480000 -1.117321
v 93.946114 22.487320 -1.110000
v 93.946114 22.490000 -1.100000
v 93.946114 22.487320 -1.090000
v 93.946114 22.480000 -1.082680
v 93.946114 22.469999 -1.080000
v 93.946114 22.459999 -1.082680
v 93.946114 22.452679 -1.090000
v 93.946114 22.450001 -1.100000
v 93.946114 22.452679 -1.110000
v 93.946114 22.459999 -1.117321
v 93.946114 22.469999 -1.120000
v 94.100555 22.480000 -1.117321
v 94.100555 22.487320 -1.110000
v 94.100555 22.490000 -1.100000
v 94.100555 22.487320 -1.090000
v 94.100555 22.480000 -1.082680
v 94.100555 22.469999 -1.080000
v 94.100555 22.459999 -1.082680
v 94.100555 22.452679 -1.090000
v 94.100555 22.450001 -1.100000
v 94.100555 22.452679 -1.110000
v 94.100555 22.459999 -1.117321
v 94.100555 22.469999 -1.120000
v 94.202499 22.480000 -1.117321
v 94.202499 22.487320 -1.110000
v 94.202499 22.490000 -1.100000
v 94.202499 22.487320 -1.090000
v 94.202499 22.480000 -1.082680
v 94.202499 22.469999 -1.080000
v 94.202499 22.459999 -1.082680
v 94.202499 22.452679 -1.090000
v 94.202499 22.450001 -1.100000
v 94.202499 22.452679 -1.110000
v 94.202499 22.459999 -1.117321
v 94.202499 22.469999 -1.120000
v 94.261108 22.480000 -1.117321
v 94.261108 22.487320 -1.110000
v 94.261108 22.490000 -1.100000
v 94.261108 22.487320 -1.090000
v 94.261108 22.480000 -1.082680
v 94.261108 22.469999 -1.080000
v 94.261108 22.459999 -1.082680
v 94.261108 22.452679 -1.090000
v 94.261108 22.450001 -1.100000
v 94.261108 22.452679 -1.110000
v 94.261108 22.459999 -1.117321
v 94.261108 22.469999 -1.120000
v 94.285553 22.480000 -1.117321
v 94.285553 22.487320 -1.110000
v 94.285553 22.490000 -1.100000
v 94.285553 22.487320 -1.090000
v 94.285553 22.480000 -1.082680
v 94.285553 22.469999 -1.080000
v 94.285553 22.459999 -1.082680
v 94.285553 22.452679 -1.090000
v 94.285553 22.450001 -1.100000
v 94.285553 22.452679 -1.110000
v 94.285553 22.459999 -1.117321
v 94.285553 22.469999 -1.120000
v 94.284996 22.480000 -1.117321
v 94.284996 22.487320 -1.110000
v 94.284996 22.490000 -1.100000
v 94.284996 22.487320 -1.090000
v 94.284996 22.480000 -1.082680
v 94.284996 22.469999 -1.080000
v 94.284996 22.459999 -1.082680
v 94.284996 22.452679 -1.090000
v 94.284996 22.450001 -1.100000
v 94.284996 22.452679 -1.110000
v 94.284996 22.459999 -1.117321
v 94.284996 22.469999 -1.120000
v 94.268608 22.480000 -1.117321
v 94.268608 22.487320 -1.110000
v 94.268608 22.490000 -1.100000
v 94.268608 22.487320 -1.090000
v 94.268608 22.480000 -1.082680
v 94.268608 22.469999 -1.080000
v 94.268608 22.459999 -1.082680
v 94.268608 22.452679 -1.090000
v 94.268608 22.450001 -1.100000
v 94.268608 22.452679 -1.110000
v 94.268608 22.459999 -1.117321
v 94.268608 22.469999 -1.120000
v 94.245552 22.480000 -1.117321
v 94.245552 22.487320 -1.110000
v 94.245552 22.490000 -1.100000
v 94.245552 22.487320 -1.090000
v 94.245552 22.480000 -1.082680
v 94.245552 22.469999 -1.080000
v 94.245552 22.459999 -1.082680
v 94.245552 22.452679 -1.090000
v 94.245552 22.450001 -1.100000
v 94.245552 22.452679 -1.110000
v 94.245552 22.459999 -1.117321
v 94.245552 22.469999 -1.120000
v 94.224998 22.480000 -1.117321
v 94.224998 22.487320 -1.110000
v 94.224998 22.490000 -1.100000
v 94.224998 22.487320 -1.090000
v 94.224998 22.480000 -1.082680
v 94.224998 22.469999 -1.080000
v 94.224998 22.459999 -1.082680
v 94.224998 22.452679 -1.090000
v 94.224998 22.450001 -1.100000
v 94.224998 22.452679 -1.110000
v 94.224998 22.459999 -1.117321
v 94.224998 22.469999 -1.120000
v 94.216110 22.480000 -1.117321
v 94.216110 22.487320 -1.110000
v 94.216110 22.490000 -1.100000
v 94.216110 22.487320 -1.090000
v 94.216110 22.480000 -1.082680
v 94.216110 22.469999 -1.080000
v 94.216110 22.459999 -1.082680
v 94.216110 22.452679 -1.090000
v 94.216110 22.450001 -1.100000
v 94.216110 22.452679 -1.110000
v 94.216110 22.459999 -1.117321
v 94.216110 22.469999 -1.120000
v 94.228058 22.480000 -1.117321
v 94.228058 22.487320 -1.110000
v 94.228058 22.490000 -1.100000
v 94.228058 22.487320 -1.090000
v 94.228058 22.480000 -1.082680
v 94.228058 22.469999 -1.080000
v 94.228058 22.459999 -1.082680
v 94.228058 22.452679 -1.090000
v 94.228058 22.450001 -1.100000
v 94.228058 22.452679 -1.110000
v 94.228058 22.459999 -1.117321
v 94.228058 22.469999 -1.120000
v 94.270279 22.480000 -1.117318
v 94.270164 22.487320 -1.109999
v 94.269997 22.490000 -1.100000
v 94.269836 22.487320 -1.090001
v 94.269722 22.480000 -1.082682
v 94.269676 22.469999 -1.080003
v 94.269722 22.459999 -1.082682
v 94.269836 22.452679 -1.090001
v 94.269997 22.450001 -1.100000
v 94.270164 22.452679 -1.109999
v 94.270279 22.459999 -1.117318
v 94.270325 22.469999 -1.119997
v 94.335236 22.480000 -1.115197
v 94.334732 22.487320 -1.107893
v 94.334045 22.490000 -1.097917
v 94.333359 22.487320 -1.087940
v 94.332863 22.480000 -1.080637
v 94.332680 22.469999 -1.077964
v 94.332863 22.459999 -1.080637
v 94.333359 22.452679 -1.087940
v 94.334045 22.450001 -1.097917
v 94.334732 22.452679 -1.107893
v 94.335236 22.459999 -1.115197
v 94.335419 22.469999 -1.117870
v 94.394157 22.480000 -1.109009
v 94.393105 22.487320 -1.101765
v 94.391655 22.490000 -1.091869
v 94.390213 22.487320 -1.081974
v 94.389160 22.480000 -1.074730
v 94.388771 22.469999 -1.072079
v 94.389160 22.459999 -1.074730
v 94.390213 22.452679 -1.081974
v 94.391655 22.450001 -1.091869
v 94.393105 22.452679 -1.101765
v 94.394157 22.459999 -1.109009
v 94.394547 22.469999 -1.111660
v 94.447472 22.480000 -1.099031
v 94.445808 22.487320 -1.091901
v 94.443550 22.490000 -1.082160
v 94.441284 22.487320 -1.072420
v 94.439621 22.480000 -1.065290
v 94.439018 22.469999 -1.062680
v 94.439621 22.459999 -1.065290
v 94.441284 22.452679 -1.072420
v 94.443550 22.450001 -1.082160
v 94.445808 22.452679 -1.091901
v 94.447472 22.459999 -1.099031
v 94.448074 22.469999 -1.101641
v 94.495819 22.480000 -1.085551
v 94.493538 22.487320 -1.078595
v 94.490417 22.490000 -1.069093
v 94.487305 22.487320 -1.059591
v 94.485023 22.480000 -1.052635
v 94.484184 22.469999 -1.050089
v 94.485023 22.459999 -1.052635
v 94.487305 22.452679 -1.059591
v 94.490417 22.450001 -1.069093
v 94.493538 22.452679 -1.078595
v 94.495819 22.459999 -1.085551
v 94.496651 22.469999 -1.088097
v 94.539833 22.480000 -1.068879
v 94.536942 22.487320 -1.062155
v 94.532990 22.490000 -1.052970
v 94.529030 22.487320 -1.043785
v 94.526138 22.480000 -1.037061
v 94.525078 22.469999 -1.034600
v 94.526138 22.459999 -1.037061
v 94.529030 22.452679 -1.043785
v 94.532990 22.450001 -1.052970
v 94.536942 22.452679 -1.062155
v 94.539833 22.459999 -1.068879
v 94.540894 22.469999 -1.071340
v 94.580147 22.480000 -1.049357
v 94.576683 22.487320 -1.042907
v 94.571960 22.490000 -1.034095
v 94.567230 22.487320 -1.025283
v 94.563774 22.480000 -1.018832
v 94.562508 22.469999 -1.016471
v 94.563774 22.459999 -1.018832
v 94.567230 22.452679 -1.025283
v 94.571960 22.450001 -1.034095
v 94.576683 22.452679 -1.042907
v 94.580147 22.459999 -1.049357
v 94.581413 22.469999 -1.051719
v 94.617386 22.480000 -1.027355
v 94.613434 22.487320 -1.021190
v 94.608047 22.490000 -1.012769
v 94.602654 22.487320 -1.004348
v 94.598701 22.480000 -0.998184
v 94.597260 22.469999 -0.995927
v 94.598701 22.459999 -0.998184
v 94.602654 22.452679 -1.004348
v 94.608047 22.450001 -1.012769
v 94.613434 22.452679 -1.021190
v 94.617386 22.459999 -1.027355
v 94.618828 22.469999 -1.029611
v 94.652214 22.480000 -1.003251
v 94.647873 22.487320 -0.997353
v 94.641953 22.490000 -0.989297
v 94.636024 22.487320 -0.981241
v 94.631691 22.480000 -0.975344
v 94.630104 22.469999 -0.973185
v 94.631691 22.459999 -0.975344
v 94.636024 22.452679 -0.981241
v 94.641953 22.450001 -0.989297
v 94.647873 22.452679 -0.997353
v 94.652214 22.459999 -1.003251
v 94.653801 22.469999 -1.005410
v 94.685326 22.480000 -0.977418
v 94.680702 22.487320 -0.971739
v 94.674393 22.490000 -0.963981
v 94.668083 22.487320 -0.956224
v 94.663460 22.480000 -0.950545
v 94.661774 22.469999 -0.948467
v 94.663460 22.459999 -0.950545
v 94.668083 22.452679 -0.956224
v 94.674393 22.450001 -0.963981
v 94.680702 22.452679 -0.971739
v 94.685326 22.459999 -0.977418
v 94.687012 22.469999 -0.979496
v 94.717422 22.480000 -0.950207
v 94.712631 22.487320 -0.944678
v 94.706070 22.490000 -0.937125
v 94.699516 22.487320 -0.929572
v 94.694725 22.480000 -0.924043
v 94.692963 22.469999 -0.922019
v 94.694725 22.459999 -0.924043
v 94.699516 22.452679 -0.929572
v 94.706070 22.450001 -0.937125
v 94.712631 22.452679 -0.944678
v 94.717422 22.459999 -0.950207
v 94.719185 22.469999 -0.952230
v 94.749245 22.480000 -0.921946
v 94.744370 22.487320 -0.916487
v 94.737709 22.490000 -0.909030
v 94.731041 22.487320 -0.901573
v 94.726166 22.480000 -0.896114
v 94.724380 22.469999 -0.894116
v 94.726166 22.459999 -0.896114
v 94.731041 22.452679 -0.901573
v 94.737709 22.450001 -0.909030
v 94.744370 22.452679 -0.916487
v 94.749245 22.459999 -0.921945
v 94.751030 22.469999 -0.923944
v 94.781548 22.480000 -0.892909
v 94.776665 22.487320 -0.887453
v 94.769997 22.490000 -0.880000
v 94.763336 22.487320 -0.872547
v 94.758453 22.480000 -0.867091
v 94.756668 22.469999 -0.865094
v 94.758453 22.459999 -0.867091
v 94.763336 22.452679 -0.872547
v 94.769997 22.450001 -0.880000
v 94.776665 22.452679 -0.887453
v 94.781548 22.459999 -0.892909
v 94.783333 22.469999 -0.894906
v 94.782730 22.480000 0.901748
v 94.777351 22.487320 0.896783
v 94.769997 22.490000 0.890000
v 94.762650 22.487320 0.883217
v 94.757271 22.480000 0.878252
v 94.755302 22.469999 0.876435
v 94.757271 22.459999 0.878252
v 94.762650 22.452679 0.883217
v 94.769997 22.450001 0.890000
v 94.777351 22.452679 0.896783
v 94.782730 22.459999 0.901748
v 94.784698 22.469999 0.903566
v 94.753212 22.480000 0.933397
v 94.747917 22.487320 0.928344
v 94.740685 22.490000 0.921441
v 94.733444 22.487320 0.914538
v 94.728149 22.480000 0.909485
v 94.726212 22.469999 0.907636
v 94.728149 22.459999 0.909485
v 94.733444 22.452679 0.914538
v 94.740685 22.450001 0.921441
v 94.747917 22.452679 0.928344
v 94.753212 22.459999 0.933397
v 94.755157 22.469999 0.935247
v 94.724258 22.480000 0.963058
v 94.719131 22.487320 0.957832
v 94.712128 22.490000 0.950695
v 94.705124 22.487320 0.943557
v 94.699997 22.480000 0.938332
v 94.698120 22.469999 0.936419
v 94.699997 22.459999 0.938331
v 94.705124 22.452679 0.943557
v 94.712128 22.450001 0.950695
v 94.719131 22.452679 0.957832
v 94.724258 22.459999 0.963058
v 94.726135 22.469999 0.964970
v 94.694893 22.480000 0.990650
v 94.690048 22.487320 0.985159
v 94.683441 22.490000 0.977656
v 94.676826 22.487320 0.970154
v 94.671982 22.480000 0.964662
v 94.670212 22.469999 0.962652
v 94.671982 22.459999 0.964662
v 94.676826 22.452679 0.970154
v 94.683441 22.450001 0.977656
v 94.690048 22.452679 0.985158
v 94.694893 22.459999 0.990650
v 94.696663 22.469999 0.992661
v 94.664177 22.480000 1.016016
v 94.659752 22.487320 1.010186
v 94.653702 22.490000 1.002222
v 94.647659 22.487320 0.994258
v 94.643227 22.480000 0.988428
v 94.641609 22.469999 0.986294
v 94.643227 22.459999 0.988428
v 94.647659 22.452679 0.994258
v 94.653702 22.450001 1.002222
v 94.659752 22.452679 1.010186
v 94.664177 22.459999 1.016016
v 94.665802 22.469999 1.018150
v 94.631241 22.480000 1.038955
v 94.627342 22.487320 1.032756
v 94.622025 22.490000 1.024288
v 94.616707 22.487320 1.015820
v 94.612816 22.480000 1.009621
v 94.611389 22.469999 1.007352
v 94.612816 22.459999 1.009621
v 94.616707 22.452679 1.015820
v 94.622025 22.450001 1.024288
v 94.627342 22.452679 1.032756
v 94.631241 22.459999 1.038955
v 94.632660 22.469999 1.041224
v 94.595238 22.480000 1.059248
v 94.591965 22.487320 1.052698
v 94.587502 22.490000 1.043750
v 94.583031 22.487320 1.034803
v 94.579765 22.480000 1.028253
v 94.578568 22.469999 1.025855
v 94.579765 22.459999 1.028253
v 94.583031 22.452679 1.034803
v 94.587502 22.450001 1.043750
v 94.591965 22.452679 1.052698
v 94.595238 22.459999 1.059248
v 94.596428 22.469999 1.061645
v 94.555382 22.480000 1.076694
v 94.552780 22.487320 1.069851
v 94.549225 22.490000 1.060504
v 94.545670 22.487320 1.051156
v 94.543068 22.480000 1.044314
v 94.542114 22.469999 1.041809
v 94.543068 22.459999 1.044314
v 94.545670 22.452679 1.051156
v 94.549225 22.450001 1.060504
v 94.552780 22.452679 1.069851
v 94.555382 22.459999 1.076694
v 94.556328 22.469999 1.079198
v 94.510895 22.480000 1.091143
v 94.508949 22.487320 1.084085
v 94.506294 22.490000 1.074445
v 94.503639 22.487320 1.064804
v 94.501694 22.480000 1.057746
v 94.500984 22.469999 1.055163
v 94.501694 22.459999 1.057746
v 94.503639 22.452679 1.064804
v 94.506294 22.450001 1.074445
v 94.508949 22.452679 1.084085
v 94.510895 22.459999 1.091143
v 94.511604 22.469999 1.093726
v 94.460983 22.480000 1.102497
v 94.459641 22.487320 1.095300
v 94.457809 22.490000 1.085469
v 94.455978 22.487320 1.075638
v 94.454643 22.480000 1.068441
v 94.454147 22.469999 1.065807
v 94.454643 22.459999 1.068441
v 94.455978 22.452679 1.075638
v 94.457809 22.450001 1.085469
v 94.459641 22.452679 1.095300
v 94.460983 22.459999 1.102497
v 94.461472 22.469999 1.105131
v 94.404793 22.480000 1.110685
v 94.403984 22.487320 1.103410
v 94.402870 22.490000 1.093472
v 94.401756 22.487320 1.083534
v 94.400948 22.480000 1.076259
v 94.400650 22.469999 1.073596
v 94.400948 22.459999 1.076259
v 94.401756 22.452679 1.083534
v 94.402870 22.450001 1.093472
v 94.403984 22.452679 1.103410
v 94.404793 22.459999 1.110685
v 94.405090 22.469999 1.113348
v 94.341446 22.480000 1.115649
v 94.341072 22.487320 1.108338
v 94.340569 22.490000 1.098351
v 94.340057 22.487320 1.088364
v 94.339691 22.480000 1.081053
v 94.339554 22.469999 1.078377
v 94.339691 22.459999 1.081053
v 94.340057 22.452679 1.088364
v 94.340569 22.450001 1.098351
v 94.341072 22.452679 1.108338
v 94.341446 22.459999 1.115649
v 94.341583 22.469999 1.118325
v 94.270203 22.480000 1.117319
v 94.270119 22.487320 1.109999
v 94.269997 22.490000 1.100000
v 94.269882 22.487320 1.090001
v 94.269798 22.480000 1.082681
v 94.269768 22.469999 1.080001
v 94.269798 22.459999 1.082681
v 94.269882 22.452679 1.090001
v 94.269997 22.450001 1.100000
v 94.270119 22.452679 1.109999
v 94.270203 22.459999 1.117319
v 94.270233 22.469999 1.119999
v 94.053886 22.480000 1.117321
v 94.053886 22.487320 1.110000
v 94.053886 22.490000 1.100000
v 94.053886 22.487320 1.090000
v 94.053886 22.480000 1.082680
v 94.053886 22.469999 1.080000
v 94.053886 22.459999 1.082680
v 94.053886 22.452679 1.090000
v 94.053886 22.450001 1.100000
v 94.053886 22.452679 1.110000
v 94.053886 22.459999 1.117321
v 94.053886 22.469999 1.120000
v 93.899445 22.480000 1.117321
v 93.899445 22.487320 1.110000
v 93.899445 22.490000 1.100000
v 93.899445 22.487320 1.090000
v 93.899445 22.480000 1.082680
v 93.899445 22.469999 1.080000
v 93.899445 22.459999 1.082680
v 93.899445 22.452679 1.090000
v 93.899445 22.450001 1.100000
v 93.899445 22.452679 1.110000
v 93.899445 22.459999 1.117321
v 93.899445 22.469999 1.120000
v 93.797501 22.480000 1.117321
v 93.797501 22.487320 1.110000
v 93.797501 22.490000 1.100000
v 93.797501 22.487320 1.090000
v 93.797501 22.480000 1.082680
v 93.797501 22.469999 1.080000
v 93.797501 22.459999 1.082680
v 93.797501 22.452679 1.090000
v 93.797501 22.450001 1.100000
v 93.797501 22.452679 1.110000
v 93.797501 22.459999 1.117321
v 93.797501 22.469999 1.120000
v 93.738892 22.480000 1.117321
v 93.738892 22.487320 1.110000
v 93.738892 22.490000 1.100000
v 93.738892 22.487320 1.090000
v 93.738892 22.480000 1.082680
v 93.738892 22.469999 1.080000
v 93.738892 22.459999 1.082680
v 93.738892 22.452679 1.090000
v 93.738892 22.450001 1.100000
v 93.738892 22.452679 1.110000
v 93.738892 22.459999 1.117321
v 93.738892 22.469999 1.120000
v 93.714447 22.480000 1.117321
v 93.714447 22.487320 1.110000
v 93.714447 22.490000 1.100000
v 93.714447 22.487320 1.090000
v 93.714447 22.480000 1.082680
v 93.714447 22.469999 1.080000
v 93.714447 22.459999 1.082680
v 93.714447 22.452679 1.090000
v 93.714447 22.450001 1.100000
v 93.714447 22.452679 1.110000
v 93.714447 22.459999 1.117321
v 93.714447 22.469999 1.120000
v 93.715004 22.480000 1.117321
v 93.715004 22.487320 1.110000
v 93.715004 22.490000 1.100000
v 93.715004 22.487320 1.090000
v 93.715004 22.480000 1.082680
v 93.715004 22.469999 1.080000
v 93.715004 22.459999 1.082680
v 93.715004 22.452679 1.090000
v 93.715004 22.450001 1.100000
v 93.715004 22.452679 1.110000
v 93.715004 22.459999 1.117321
v 93.715004 22.469999 1.120000
v 93.731392 22.480000 1.117321
v 93.731392 22.487320 1.110000
v 93.731392 22.490000 1.100000
v 93.731392 22.487320 1.090000
v 93.731392 22.480000 1.082680
v 93.731392 22.469999 1.080000
v 93.731392 22.459999 1.082680
v 93.731392 22.452679 1.090000
v 93.731392 22.450001 1.100000
v 93.731392 22.452679 1.110000
v 93.731392 22.459999 1.117321
v 93.731392 22.469999 1.120000
v 93.754448 22.480000 1.117321
v 93.754448 22.487320 1.110000
v 93.754448 22.490000 1.100000
v 93.754448 22.487320 1.090000
v 93.754448 22.480000 1.082680
v 93.754448 22.469999 1.080000
v 93.754448 22.459999 1.082680
v 93.754448 22.452679 1.090000
v 93.754448 22.450001 1.100000
v 93.754448 22.452679 1.110000
v 93.754448 22.459999 1.117321
v 93.754448 22.469999 1.120000
v 93.775002 22.480000 1.117321
v 93.775002 22.487320 1.110000
v 93.775002 22.490000 1.100000
v 93.775002 22.487320 1.090000
v 93.775002 22.480000 1.082680
v 93.775002 22.469999 1.080000
v 93.775002 22.459999 1.082680
v 93.775002 22.452679 1.090000
v 93.775002 22.450001 1.100000
v 93.775002 22.452679 1.110000
v 93.775002 22.459999 1.117321
v 93.775002 22.469999 1.120000
v 93.783890 22.480000 1.117321
v 93.783890 22.487320 1.110000
v 93.783890 22.490000 1.100000
v 93.783890 22.487320 1.090000
v 93.783890 22.480000 1.082680
v 93.783890 22.469999 1.080000
v 93.783890 22.459999 1.082680
v 93.783890 22.452679 1.090000
v 93.783890 22.450001 1.100000
v 93.783890 22.452679 1.110000
v 93.783890 22.459999 1.117321
v 93.783890 22.469999 1.120000
v 93.771942 22.480000 1.117321
v 93.771942 22.487320 1.110000
v 93.771942 22.490000 1.100000
v 93.771942 22.487320 1.090000
v 93.771942 22.480000 1.082680
v 93.771942 22.469999 1.080000
v 93.771942 22.459999 1.082680
v 93.771942 22.452679 1.090000
v 93.771942 22.450001 1.100000
v 93.771942 22.452679 1.110000
v 93.771942 22.459999 1.117321
v 93.771942 22.469999 1.120000
v 93.729721 22.480000 1.117318
v 93.729836 22.487320 1.109999
v 93.730003 22.490000 1.100000
v 93.730164 22.487320 1.090001
v 93.730278 22.480000 1.082682
v 93.730324 22.469999 1.080003
v 93.730278 22.459999 1.082682
v 93.730164 22.452679 1.090001
v 93.730003 22.450001 1.100000
v 93.729836 22.452679 1.109999
v 93.729721 22.459999 1.117318
v 93.729675 22.469999 1.119997
v 93.664764 22.480000 1.115197
v 93.665268 22.487320 1.107893
v 93.665955 22.490000 1.097917
v 93.666641 22.487320 1.087940
v 93.667137 22.480000 1.080637
v 93.667320 22.469999 1.077964
v 93.667137 22.459999 1.080637
v 93.666641 22.452679 1.087940
v 93.665955 22.450001 1.097917
v 93.665268 22.452679 1.107893
v 93.664764 22.459999 1.115197
v 93.664581 22.469999 1.117870
v 93.605843 22.480000 1.109009
v 93.606895 22.487320 1.101765
v 93.608337 22.490000 1.091869
v 93.609787 22.487320 1.081974
v 93.610840 22.480000 1.074730
v 93.611229 22.469999 1.072079
v 93.610840 22.459999 1.074730
v 93.609787 22.452679 1.081974
v 93.608337 22.450001 1.091869
v 93.606895 22.452679 1.101765
v 93.605843 22.459999 1.109009
v 93.605453 22.469999 1.111660
v 93.552528 22.480000 1.099031
v 93.554192 22.487320 1.091901
v 93.556450 22.490000 1.082160
v 93.558716 22.487320 1.072420
v 93.560379 22.480000 1.065290
v 93.560982 22.469999 1.062680
v 93.560379 22.459999 1.065290
v 93.558716 22.452679 1.072420
v 93.556450 22.450001 1.082160
v 93.554192 22.452679 1.091901
v 93.552528 22.459999 1.099031
v 93.551926 22.469999 1.101641
v 93.504181 22.480000 1.085551
v 93.506462 22.487320 1.078595
v 93.509583 22.490000 1.069093
v 93.512695 22.487320 1.059591
v 93.514977 22.480000 1.052635
v 93.515816 22.469999 1.050089
v 93.514977 22.459999 1.052635
v 93.512695 22.452679 1.059591
v 93.509583 22.450001 1.069093
v 93.506462 22.452679 1.078595
v 93.504181 22.459999 1.085551
v 93.503349 22.469999 1.088097
v 93.460159 22.480000 1.068879
v 93.463058 22.487320 1.062155
v 93.467010 22.490000 1.052970
v 93.470970 22.487320 1.043785
v 93.473862 22.480000 1.037061
v 93.474922 22.469999 1.034600
v 93.473862 22.459999 1.037061
v 93.470970 22.452679 1.043785
v 93.467010 22.450001 1.052970
v 93.463058 22.452679 1.062155
v 93.460159 22.459999 1.068879
v 93.459106 22.469999 1.071340
v 93.419853 22.480000 1.049357
v 93.423317 22.487320 1.042907
v 93.428040 22.490000 1.034095
v 93.432770 22.487320 1.025283
v 93.436226 22.480000 1.018832
v 93.437492 22.469999 1.016471
v 93.436226 22.459999 1.018832
v 93.432770 22.452679 1.025283
v 93.428040 22.450001 1.034095
v 93.423317 22.452679 1.042907
v 93.419853 22.459999 1.049357
v 93.418587 22.469999 1.051719
v 93.382614 22.480000 1.027355
v 93.386566 22.487320 1.021190
v 93.391953 22.490000 1.012769
v 93.397346 22.487320 1.004348
v 93.401299 22.480000 0.998184
v 93.402740 22.469999 0.995927
v 93.401299 22.459999 0.998184
v 93.397346 22.452679 1.004348
v 93.391953 22.450001 1.012769
v 93.386566 22.452679 1.021190
v 93.382614 22.459999 1.027355
v 93.381172 22.469999 1.029611
v 93.347786 22.480000 1.003251
v 93.352127 22.487320 0.997353
v 93.358047 22.490000 0.989297
v 93.363976 22.487320 0.981241
v 93.368309 22.480000 0.975344
v 93.369896 22.469999 0.973185
v 93.368309 22.459999 0.975344
v 93.363976 22.452679 0.981241
v 93.358047 22.450001 0.989297
v 93.352127 22.452679 0.997353
v 93.347786 22.459999 1.003251
v 93.346199 22.469999 1.005410
v 93.314674 22.480000 0.977418
v 93.319298 22.487320 0.971739
v 93.325607 22.490000 0.963981
v 93.331917 22.487320 0.956224
v 93.336540 22.480000 0.950545
v 93.338226 22.469999 0.948467
v 93.336540 22.459999 0.950545
v 93.331917 22.452679 0.956224
v 93.325607 22.450001 0.963981
v 93.319298 22.452679 0.971739
v 93.314674 22.459999 0.977418
v 93.312988 22.469999 0.979496
v 93.282578 22.480000 0.950207
v 93.287369 22.487320 0.944677
v 93.293930 22.490000 0.937125
v 93.300484 22.487320 0.929572
v 93.305275 22.480000 0.924043
v 93.307037 22.469999 0.922019
v 93.305275 22.459999 0.924042
v 93.300484 22.452679 0.929572
v 93.293930 22.450001 0.937125
v 93.287369 22.452679 0.944677
v 93.282578 22.459999 0.950207
v 93.280815 22.469999 0.952230
v 93.250755 22.480000 0.921945
v 93.255630 22.487320 0.916487
v 93.262291 22.490000 0.909030
v 93.268959 22.487320 0.901573
v 93.273834 22.480000 0.896114
v 93.275620 22.469999 0.894116
v 93.273834 22.459999 0.896114
v 93.268959 22.452679 0.901573
v 93.262291 22.450001 0.909030
v 93.255630 22.452679 0.916487
v 93.250755 22.459999 0.921945
v 93.248970 22.469999 0.923944
v 93.218452 22.480000 0.892909
v 93.223335 22.487320 0.887453
v 93.230003 22.490000 0.880000
v 93.236664 22.487320 0.872547
v 93.241547 22.480000 0.867091
v 93.243332 22.469999 0.865094
v 93.241547 22.459999 0.867091
v 93.236664 22.452679 0.872547
v 93.230003 22.450001 0.880000
v 93.223335 22.452679 0.887453
v 93.218452 22.459999 0.892909
v 93.216667 22.469999 0.894906
v 93.098251 22.480000 0.782727
v 93.103218 22.487320 0.777348
v 93.110001 22.490000 0.770000
v 93.116783 22.487320 0.762652
v 93.121750 22.480000 0.757273
v 93.123566 22.469999 0.755304
v 93.121750 22.459999 0.757273
v 93.116783 22.452679 0.762652
v 93.110001 22.450001 0.770000
v 93.103218 22.452679 0.777348
v 93.098251 22.459999 0.782727
v 93.096436 22.469999 0.784696
v 93.066605 22.480000 0.753215
v 93.071655 22.487320 0.747918
v 93.078560 22.490000 0.740683
v 93.085464 22.487320 0.733447
v 93.090515 22.480000 0.728151
v 93.092361 22.469999 0.726212
v 93.090515 22.459999 0.728151
v 93.085464 22.452679 0.733447
v 93.078560 22.450001 0.740683
v 93.071655 22.452679 0.747918
v 93.066605 22.459999 0.753215
v 93.064751 22.469999 0.755154
v 93.036942 22.480000 0.724260
v 93.042168 22.487320 0.719133
v 93.049309 22.490000 0.712130
v 93.056442 22.487320 0.705126
v 93.061668 22.480000 0.699999
v 93.063583 22.469999 0.698122
v 93.061668 22.459999 0.699999
v 93.056442 22.452679 0.705126
v 93.049309 22.450001 0.712130
v 93.042168 22.452679 0.719133
v 93.036942 22.459999 0.724260
v 93.035027 22.469999 0.726137
v 93.009346 22.480000 0.694890
v 93.014839 22.487320 0.690049
v 93.022346 22.490000 0.683437
v 93.029846 22.487320 0.676825
v 93.035339 22.480000 0.671985
v 93.037346 22.469999 0.670214
v 93.035339 22.459999 0.671985
v 93.029846 22.452679 0.676825
v 93.022346 22.450001 0.683437
v 93.014839 22.452679 0.690049
v 93.009346 22.459999 0.694890
v 93.007339 22.469999 0.696661
v 92.983986 22.480000 0.664178
v 92.989815 22.487320 0.659751
v 92.997780 22.490000 0.653704
v 93.005745 22.487320 0.647656
v 93.011574 22.480000 0.643229
v 93.013702 22.469999 0.641608
v 93.011574 22.459999 0.643229
v 93.005745 22.452679 0.647656
v 92.997780 22.450001 0.653704
v 92.989815 22.452679 0.659751
v 92.983986 22.459999 0.664178
v 92.981850 22.469999 0.665799
v 92.961044 22.480000 0.631238
v 92.967247 22.487320 0.627345
v 92.975708 22.490000 0.622025
v 92.984177 22.487320 0.616706
v 92.990379 22.480000 0.612812
v 92.992645 22.469999 0.611387
v 92.990379 22.459999 0.612812
v 92.984177 22.452679 0.616706
v 92.975708 22.450001 0.622025
v 92.967247 22.452679 0.627345
v 92.961044 22.459999 0.631238
v 92.958778 22.469999 0.632664
v 92.940750 22.480000 0.595235
v 92.947304 22.487320 0.591966
v 92.956253 22.490000 0.587500
v 92.965195 22.487320 0.583034
v 92.971748 22.480000 0.579765
v 92.974144 22.469999 0.578568
v 92.971748 22.459999 0.579765
v 92.965195 22.452679 0.583034
v 92.956253 22.450001 0.587500
v 92.947304 22.452679 0.591966
v 92.940750 22.459999 0.595235
v 92.938354 22.469999 0.596432
v 92.923309 22.480000 0.555379
v 92.930145 22.487320 0.552778
v 92.939499 22.490000 0.549224
v 92.948845 22.487320 0.545671
v 92.955688 22.480000 0.543070
v 92.958191 22.469999 0.542117
v 92.955688 22.459999 0.543070
v 92.948845 22.452679 0.545671
v 92.939499 22.450001 0.549224
v 92.930145 22.452679 0.552778
v 92.923309 22.459999 0.555379
v 92.920799 22.469999 0.556332
v 92.908859 22.480000 0.510896
v 92.915916 22.487320 0.508952
v 92.925552 22.490000 0.506296
v 92.935196 22.487320 0.503641
v 92.942253 22.480000 0.501697
v 92.944839 22.469999 0.500985
v 92.942253 22.459999 0.501697
v 92.935196 22.452679 0.503641
v 92.925552 22.450001 0.506296
v 92.915916 22.452679 0.508952
v 92.908859 22.459999 0.510896
v 92.906273 22.469999 0.511608
v 92.897507 22.480000 0.460984
v 92.904701 22.487320 0.459643
v 92.914528 22.490000 0.457812
v 92.924362 22.487320 0.455982
v 92.931557 22.480000 0.454641
v 92.934196 22.469999 0.454151
v 92.931557 22.459999 0.454641
v 92.924362 22.452679 0.455982
v 92.914528 22.450001 0.457812
v 92.904701 22.452679 0.459643
v 92.897507 22.459999 0.460984
v 92.894867 22.469999 0.461474
v 92.889313 22.480000 0.404796
v 92.896591 22.487320 0.403982
v 92.906525 22.490000 0.402870
v 92.916466 22.487320 0.401759
v 92.923744 22.480000 0.400945
v 92.926407 22.469999 0.400647
v 92.923744 22.459999 0.400945
v 92.916466 22.452679 0.401759
v 92.906525 22.450001 0.402870
v 92.896591 22.452679 0.403982
v 92.889313 22.459999 0.404796
v 92.886650 22.469999 0.405094
v 92.884354 22.480000 0.341446
v 92.891663 22.487320 0.341074
v 92.901649 22.490000 0.340567
v 92.911636 22.487320 0.340060
v 92.918945 22.480000 0.339688
v 92.921623 22.469999 0.339552
v 92.918945 22.459999 0.339688
v 92.911636 22.452679 0.340060
v 92.901649 22.450001 0.340567
v 92.891663 22.452679 0.341074
v 92.884354 22.459999 0.341446
v 92.881676 22.469999 0.341582
v 92.882683 22.480000 0.270202
v 92.889999 22.487320 0.270117
v 92.900002 22.490000 0.270000
v 92.909996 22.487320 0.269883
v 92.917320 22.480000 0.269798
v 92.919998 22.469999 0.269766
v 92.917320 22.459999 0.269798
v 92.909996 22.452679 0.269883
v 92.900002 22.450001 0.270000
v 92.889999 22.452679 0.270117
v 92.882683 22.459999 0.270202
v 92.880005 22.469999 0.270234
v 92.882683 22.480000 0.053889
v 92.889999 22.487320 0.053889
v 92.900002 22.490000 0.053889
v 92.910004 22.487320 0.053889
v 92.917320 22.480000 0.053889
v 92.919998 22.469999 0.053889
v 92.917320 22.459999 0.053889
v 92.910004 22.452679 0.053889
v 92.900002 22.450001 0.053889
v 92.889999 22.452679 0.053889
v 92.882683 22.459999 0.053889
v 92.879997 22.469999 0.053889
v 92.882683 22.480000 -0.100555
v 92.889999 22.487320 -0.100555
v 92.900002 22.490000 -0.100555
v 92.910004 22.487320 -0.100555
v 92.917320 22.480000 -0.100555
v 92.919998 22.469999 -0.100555
v 92.917320 22.459999 -0.100555
v 92.910004 22.452679 -0.100555
v 92.900002 22.450001 -0.100555
v 92.889999 22.452679 -0.100555
v 92.882683 22.459999 -0.100555
v 92.879997 22.469999 -0.100555
v 92.882683 22.480000 -0.202499
v 92.889999 22.487320 -0.202499
v 92.900002 22.490000 -0.202499
v 92.910004 22.487320 -0.202499
v 92.917320 22.480000 -0.202499
v 92.919998 22.469999 -0.202499
v 92.917320 22.459999 -0.202499
v 92.910004 22.452679 -0.202499
v 92.900002 22.450001 -0.202499
v 92.889999 22.452679 -0.202499
v 92.882683 22.459999 -0.202499
v 92.879997 22.469999 -0.202499
v 92.882683 22.480000 -0.261111
v 92.889999 22.487320 -0.261111
v 92.900002 22.490000 -0.261111
v 92.910004 22.487320 -0.261111
v 92.917320 22.480000 -0.261111
v 92.919998 22.469999 -0.261111
v 92.917320 22.459999 -0.261111
v 92.910004 22.452679 -0.261111
v 92.900002 22.450001 -0.261111
v 92.889999 22.452679 -0.261111
v 92.882683 22.459999 -0.261111
v 92.879997 22.469999 -0.261111
v 92.882683 22.480000 -0.285555
v 92.889999 22.487320 -0.285555
v 92.900002 22.490000 -0.285555
v 92.910004 22.487320 -0.285555
v 92.917320 22.480000 -0.285555
v 92.919998 22.469999 -0.285555
v 92.917320 22.459999 -0.285555
v 92.910004 22.452679 -0.285555
v 92.900002 22.450001 -0.285555
v 92.889999 22.452679 -0.285555
v 92.882683 22.459999 -0.285555
v 92.879997 22.469999 -0.285555
v 92.882683 22.480000 -0.284999
v 92.889999 22.487320 -0.284999
v 92.900002 22.490000 -0.284999
v 92.910004 22.487320 -0.284999
v 92.917320 22.480000 -0.284999
v 92.919998 22.469999 -0.284999
v 92.917320 22.459999 -0.284999
v 92.910004 22.452679 -0.284999
v 92.900002 22.450001 -0.284999
v 92.889999 22.452679 -0.284999
v 92.882683 22.459999 -0.284999
v 92.879997 22.469999 -0.284999
v 92.882683 22.480000 -0.268611
v 92.889999 22.487320 -0.268611
v 92.900002 22.490000 -0.268611
v 92.910004 22.487320 -0.268611
v 92.917320 22.480000 -0.268611
v 92.919998 22.469999 -0.268611
v 92.917320 22.459999 -0.268611
v 92.910004 22.452679 -0.268611
v 92.900002 22.450001 -0.268611
v 92.889999 22.452679 -0.268611
v 92.882683 22.459999 -0.268611
v 92.879997 22.469999 -0.268611
v 92.882683 22.480000 -0.245555
v 92.889999 22.487320 -0.245555
v 92.900002 22.490000 -0.245555
v 92.910004 22.487320 -0.245555
v 92.917320 22.480000 -0.245555
v 92.919998 22.469999 -0.245555
v 92.917320 22.459999 -0.245555
v 92.910004 22.452679 -0.245555
v 92.900002 22.450001 -0.245555
v 92.889999 22.452679 -0.245555
v 92.882683 22.459999 -0.245555
v 92.879997 22.469999 -0.245555
v 92.882683 22.480000 -0.225000
v 92.889999 22.487320 -0.225000
v 92.900002 22.490000 -0.225000
v 92.910004 22.487320 -0.225000
v 92.917320 22.480000 -0.225000
v 92.919998 22.469999 -0.225000
v 92.917320 22.459999 -0.225000
v 92.910004 22.452679 -0.225000
v 92.900002 22.450001 -0.225000
v 92.889999 22.452679 -0.225000
v 92.882683 22.459999 -0.225000
v 92.879997 22.469999 -0.225000
v 92.882683 22.480000 -0.216111
v 92.889999 22.487320 -0.216111
v 92.900002 22.490000 -0.216111
v 92.910004 22.487320 -0.216111
v 92.917320 22.480000 -0.216111
v 92.919998 22.469999 -0.216111
v 92.917320 22.459999 -0.216111
v 92.910004 22.452679 -0.216111
v 92.900002 22.450001 -0.216111
v 92.889999 22.452679 -0.216111
v 92.882683 22.459999 -0.216111
v 92.879997 22.469999 -0.216111
v 92.882683 22.480000 -0.228055
v 92.889999 22.487320 -0.228055
v 92.900002 22.490000 -0.228055
v 92.910004 22.487320 -0.228055
v 92.917320 22.480000 -0.228055
v 92.919998 22.469999 -0.228055
v 92.917320 22.459999 -0.228055
v 92.910004 22.452679 -0.228055
v 92.900002 22.450001 -0.228055
v 92.889999 22.452679 -0.228055
v 92.882683 22.459999 -0.228055
v 92.879997 22.469999 -0.228055
v 92.882683 22.480000 -0.270282
v 92.889999 22.487320 -0.270163
v 92.900002 22.490000 -0.270000
v 92.909996 22.487320 -0.269837
v 92.917320 22.480000 -0.269718
v 92.919998 22.469999 -0.269675
v 92.917320 22.459999 -0.269718
v 92.909996 22.452679 -0.269837
v 92.900002 22.450001 -0.270000
v 92.889999 22.452679 -0.270163
v 92.882683 22.459999 -0.270282
v 92.880005 22.469999 -0.270325
v 92.884804 22.480000 -0.335233
v 92.892105 22.487320 -0.334731
v 92.902084 22.490000 -0.334046
v 92.912056 22.487320 -0.333361
v 92.919365 22.480000 -0.332860
v 92.922035 22.469999 -0.332676
v 92.919365 22.459999 -0.332860
v 92.912056 22.452679 -0.333361
v 92.902084 22.450001 -0.334046
v 92.892105 22.452679 -0.334731
v 92.884804 22.459999 -0.335233
v 92.882133 22.469999 -0.335416
v 92.890991 22.480000 -0.394158
v 92.898232 22.487320 -0.393101
v 92.908127 22.490000 -0.391659
v 92.918030 22.487320 -0.390216
v 92.925270 22.480000 -0.389160
v 92.927925 22.469999 -0.388773
v 92.925270 22.459999 -0.389160
v 92.918030 22.452679 -0.390216
v 92.908127 22.450001 -0.391659
v 92.898239 22.452679 -0.393101
v 92.890991 22.459999 -0.394158
v 92.888336 22.469999 -0.394544
v 92.900970 22.480000 -0.447469
v 92.908096 22.487320 -0.445811
v 92.917839 22.490000 -0.443547
v 92.927582 22.487320 -0.441282
v 92.934708 22.480000 -0.439625
v 92.937317 22.469999 -0.439018
v 92.934708 22.459999 -0.439625
v 92.927582 22.452679 -0.441282
v 92.917839 22.450001 -0.443547
v 92.908096 22.452679 -0.445811
v 92.900970 22.459999 -0.447469
v 92.898361 22.469999 -0.448076
v 92.914452 22.480000 -0.495818
v 92.921402 22.487320 -0.493537
v 92.930908 22.490000 -0.490420
v 92.940407 22.487320 -0.487303
v 92.947365 22.480000 -0.485021
v 92.949913 22.469999 -0.484186
v 92.947365 22.459999 -0.485021
v 92.940407 22.452679 -0.487303
v 92.930908 22.450001 -0.490420
v 92.921402 22.452679 -0.493537
v 92.914452 22.459999 -0.495818
v 92.911903 22.469999 -0.496654
v 92.931122 22.480000 -0.539837
v 92.937843 22.487320 -0.536942
v 92.947029 22.490000 -0.532987
v 92.956215 22.487320 -0.529033
v 92.962936 22.480000 -0.526138
v 92.965401 22.469999 -0.525079
v 92.962936 22.459999 -0.526138
v 92.956215 22.452679 -0.529033
v 92.947029 22.450001 -0.532987
v 92.937843 22.452679 -0.536942
v 92.931122 22.459999 -0.539837
v 92.928658 22.469999 -0.540896
v 92.950645 22.480000 -0.580147
v 92.957092 22.487320 -0.576686
v 92.965904 22.490000 -0.571959
v 92.974716 22.487320 -0.567232
v 92.981171 22.480000 -0.563771
v 92.983528 22.469999 -0.562504
v 92.981171 22.459999 -0.563771
v 92.974716 22.452679 -0.567232
v 92.965904 22.450001 -0.571959
v 92.957092 22.452679 -0.576686
v 92.950645 22.459999 -0.580147
v 92.948280 22.469999 -0.581414
v 92.972649 22.480000 -0.617385
v 92.978813 22.487320 -0.613437
v 92.987228 22.490000 -0.608044
v 92.995651 22.487320 -0.602651
v 93.001816 22.480000 -0.598703
v 93.004074 22.469999 -0.597258
v 93.001816 22.459999 -0.598703
v 92.995651 22.452679 -0.602651
v 92.987228 22.450001 -0.608044
v 92.978813 22.452679 -0.613437
v 92.972649 22.459999 -0.617385
v 92.970390 22.469999 -0.618830
v 92.996750 22.480000 -0.652213
v 93.002647 22.487320 -0.647876
v 93.010704 22.490000 -0.641952
v 93.018761 22.487320 -0.636027
v 93.024658 22.480000 -0.631690
v 93.026817 22.469999 -0.630103
v 93.024658 22.459999 -0.631690
v 93.018761 22.452679 -0.636027
v 93.010704 22.450001 -0.641952
v 93.002647 22.452679 -0.647876
v 92.996750 22.459999 -0.652213
v 92.994591 22.469999 -0.653800
v 93.022583 22.480000 -0.685322
v 93.028259 22.487320 -0.680702
v 93.036018 22.490000 -0.674392
v 93.043777 22.487320 -0.668081
v 93.049454 22.480000 -0.663462
v 93.051537 22.469999 -0.661771
v 93.049454 22.459999 -0.663462
v 93.043777 22.452679 -0.668081
v 93.036018 22.450001 -0.674392
v 93.028259 22.452679 -0.680702
v 93.022583 22.459999 -0.685322
v 93.020500 22.469999 -0.687013
v 93.049797 22.480000 -0.717425
v 93.055321 22.487320 -0.712627
v 93.062874 22.490000 -0.706074
v 93.070427 22.487320 -0.699520
v 93.075958 22.480000 -0.694722
v 93.077980 22.469999 -0.692966
v 93.075958 22.459999 -0.694722
v 93.070427 22.452679 -0.699520
v 93.062874 22.450001 -0.706074
v 93.055321 22.452679 -0.712627
v 93.049797 22.459999 -0.717425
v 93.047768 22.469999 -0.719181
v 93.078056 22.480000 -0.749247
v 93.083511 22.487320 -0.744370
v 93.090973 22.490000 -0.737707
v 93.098427 22.487320 -0.731044
v 93.103889 22.480000 -0.726166
v 93.105881 22.469999 -0.724381
v 93.103889 22.459999 -0.726166
v 93.098427 22.452679 -0.731044
v 93.090973 22.450001 -0.737707
v 93.083511 22.452679 -0.744369
v 93.078056 22.459999 -0.749247
v 93.076057 22.469999 -0.751032
v 93.107094 22.480000 -0.781548
v 93.112549 22.487320 -0.776667
v 93.120003 22.490000 -0.770000
v 93.127457 22.487320 -0.763333
v 93.132912 22.480000 -0.758452
v 93.134903 22.469999 -0.756665
v 93.132912 22.459999 -0.758452
v 93.127457 22.452679 -0.763333
v 93.120003 22.450001 -0.770000
v 93.112549 22.452679 -0.776667
v 93.107094 22.459999 -0.781548
v 93.105095 22.469999 -0.783335
v 94.901749 22.480000 -0.782727
v 94.896782 22.487320 -0.777348
v 94.889999 22.490000 -0.770000
v 94.883217 22.487320 -0.762652
v 94.878250 22.480000 -0.757273
v 94.876434 22.469999 -0.755304
v 94.878250 22.459999 -0.757272
v 94.883217 22.452679 -0.762652
v 94.889999 22.450001 -0.770000
v 94.896782 22.452679 -0.777348
v 94.901749 22.459999 -0.782727
v 94.903564 22.469999 -0.784696
v 94.933395 22.480000 -0.753215
v 94.928345 22.487320 -0.747918
v 94.921440 22.490000 -0.740683
v 94.914536 22.487320 -0.733447
v 94.909485 22.480000 -0.728150
v 94.907639 22.469999 -0.726212
v 94.909485 22.459999 -0.728150
v 94.914536 22.452679 -0.733447
v 94.921440 22.450001 -0.740683
v 94.928345 22.452679 -0.747918
v 94.933395 22.459999 -0.753215
v 94.935249 22.469999 -0.755153
v 94.963058 22.480000 -0.724260
v 94.957832 22.487320 -0.719133
v 94.950691 22.490000 -0.712129
v 94.943558 22.487320 -0.705126
v 94.938332 22.480000 -0.699999
v 94.936417 22.469999 -0.698122
v 94.938332 22.459999 -0.699999
v 94.943558 22.452679 -0.705126
v 94.950691 22.450001 -0.712129
v 94.957832 22.452679 -0.719133
v 94.963058 22.459999 -0.724260
v 94.964973 22.469999 -0.726137
v 94.990654 22.480000 -0.694889
v 94.985161 22.487320 -0.690049
v 94.977654 22.490000 -0.683437
v 94.970154 22.487320 -0.676825
v 94.964661 22.480000 -0.671985
v 94.962654 22.469999 -0.670213
v 94.964661 22.459999 -0.671985
v 94.970154 22.452679 -0.676825
v 94.977654 22.450001 -0.683437
v 94.985161 22.452679 -0.690049
v 94.990654 22.459999 -0.694889
v 94.992661 22.469999 -0.696661
v 95.016014 22.480000 -0.664178
v 95.010185 22.487320 -0.659751
v 95.002220 22.490000 -0.653703
v 94.994255 22.487320 -0.647656
v 94.988426 22.480000 -0.643229
v 94.986298 22.469999 -0.641608
v 94.988426 22.459999 -0.643229
v 94.994255 22.452679 -0.647656
v 95.002220 22.450001 -0.653703
v 95.010185 22.452679 -0.659751
v 95.016014 22.459999 -0.664178
v 95.018150 22.469999 -0.665799
v 95.038956 22.480000 -0.631238
v 95.032753 22.487320 -0.627344
v 95.024292 22.490000 -0.622025
v 95.015823 22.487320 -0.616706
v 95.009621 22.480000 -0.612812
v 95.007355 22.469999 -0.611387
v 95.009621 22.459999 -0.612812
v 95.015823 22.452679 -0.616706
v 95.024292 22.450001 -0.622025
v 95.032753 22.452679 -0.627344
v 95.038956 22.459999 -0.631238
v 95.041222 22.469999 -0.632663
v 95.059250 22.480000 -0.595235
v 95.052696 22.487320 -0.591965
v 95.043747 22.490000 -0.587500
v 95.034805 22.487320 -0.583034
v 95.028252 22.480000 -0.579765
v 95.025856 22.469999 -0.578568
v 95.028252 22.459999 -0.579765
v 95.034805 22.452679 -0.583034
v 95.043747 22.450001 -0.587500
v 95.052696 22.452679 -0.591965
v 95.059250 22.459999 -0.595235
v 95.061646 22.469999 -0.596431
v 95.076691 22.480000 -0.555379
v 95.069855 22.487320 -0.552778
v 95.060501 22.490000 -0.549224
v 95.051155 22.487320 -0.545671
v 95.044312 22.480000 -0.543069
v 95.041809 22.469999 -0.542117
v 95.044312 22.459999 -0.543069
v 95.051155 22.452679 -0.545671
v 95.060501 22.450001 -0.549224
v 95.069855 22.452679 -0.552778
v 95.076691 22.459999 -0.555379
v 95.079201 22.469999 -0.556331
v 95.091141 22.480000 -0.510896
v 95.084084 22.487320 -0.508952
v 95.074448 22.490000 -0.506296
v 95.064804 22.487320 -0.503640
v 95.057747 22.480000 -0.501696
v 95.055161 22.469999 -0.500985
v 95.057747 22.459999 -0.501696
v 95.064804 22.452679 -0.503640
v 95.074448 22.450001 -0.506296
v 95.084084 22.452679 -0.508952
v 95.091141 22.459999 -0.510896
v 95.093727 22.469999 -0.511607
v 95.102493 22.480000 -0.460983
v 95.095299 22.487320 -0.459643
v 95.085472 22.490000 -0.457812
v 95.075638 22.487320 -0.455981
v 95.068443 22.480000 -0.454641
v 95.065804 22.469999 -0.454151
v 95.068443 22.459999 -0.454641
v 95.075638 22.452679 -0.455981
v 95.085472 22.450001 -0.457812
v 95.095299 22.452679 -0.459643
v 95.102493 22.459999 -0.460983
v 95.105133 22.469999 -0.461474
v 95.110687 22.480000 -0.404795
v 95.103409 22.487320 -0.403982
v 95.093475 22.490000 -0.402870
v 95.083534 22.487320 -0.401758
v 95.076256 22.480000 -0.400945
v 95.073593 22.469999 -0.400647
v 95.076256 22.459999 -0.400945
v 95.083534 22.452679 -0.401758
v 95.093475 22.450001 -0.402870
v 95.103409 22.452679 -0.403982
v 95.110687 22.459999 -0.404795
v 95.113350 22.469999 -0.405093
v 95.115646 22.480000 -0.341445
v 95.108337 22.487320 -0.341074
v 95.098351 22.490000 -0.340567
v 95.088364 22.487320 -0.340059
v 95.081055 22.480000 -0.339688
v 95.078377 22.469999 -0.339552
v 95.081055 22.459999 -0.339688
v 95.088364 22.452679 -0.340059
v 95.098351 22.450001 -0.340567
v 95.108337 22.452679 -0.341074
v 95.115646 22.459999 -0.341445
v 95.118324 22.469999 -0.341581
v 95.117317 22.480000 -0.270202
v 95.110001 22.487320 -0.270116
v 95.099998 22.490000 -0.270000
v 95.090004 22.487320 -0.269883
v 95.082680 22.480000 -0.269797
v 95.080002 22.469999 -0.269766
v 95.082680 22.459999 -0.269797
v 95.090004 22.452679 -0.269883
v 95.099998 22.450001 -0.270000
v 95.110001 22.452679 -0.270116
v 95.117317 22.459999 -0.270202
v 95.119995 22.469999 -0.270233
v 95.117317 22.480000 -0.053889
v 95.110001 22.487320 -0.053889
v 95.099998 22.490000 -0.053889
v 95.089996 22.487320 -0.053889
v 95.082680 22.480000 -0.053889
v 95.080002 22.469999 -0.053889
v 95.082680 22.459999 -0.053889
v 95.089996 22.452679 -0.053889
v 95.099998 22.450001 -0.053889
v 95.110001 22.452679 -0.053889
v 95.117317 22.459999 -0.053889
v 95.120003 22.469999 -0.053889
v 95.117317 22.480000 0.100555
v 95.110001 22.487320 0.100555
v 95.099998 22.490000 0.100555
v 95.089996 22.487320 0.100555
v 95.082680 22.480000 0.100555
v 95.080002 22.469999 0.100555
v 95.082680 22.459999 0.100555
v 95.089996 22.452679 0.100555
v 95.099998 22.450001 0.100555
v 95.110001 22.452679 0.100555
v 95.117317 22.459999 0.100555
v 95.120003 22.469999 0.100555
v 95.117317 22.480000 0.202500
v 95.110001 22.487320 0.202500
v 95.099998 22.490000 0.202500
v 95.089996 22.487320 0.202500
v 95.082680 22.480000 0.202500
v 95.080002 22.469999 0.202500
v 95.082680 22.459999 0.202500
v 95.089996 22.452679 0.202500
v 95.099998 22.450001 0.202500
v 95.110001 22.452679 0.202500
v 95.117317 22.459999 0.202500
v 95.120003 22.469999 0.202500
v 95.117317 22.480000 0.261111
v 95.110001 22.487320 0.261111
v 95.099998 22.490000 0.261111
v 95.089996 22.487320 0.261111
v 95.082680 22.480000 0.261111
v 95.080002 22.469999 0.261111
v 95.082680 22.459999 0.261111
v 95.089996 22.452679 0.261111
v 95.099998 22.450001 0.261111
v 95.110001 22.452679 0.261111
v 95.117317 22.459999 0.261111
v 95.120003 22.469999 0.261111
v 95.117317 22.480000 0.285555
v 95.110001 22.487320 0.285555
v 95.099998 22.490000 0.285555
v 95.089996 22.487320 0.285555
v 95.082680 22.480000 0.285555
v 95.080002 22.469999 0.285555
v 95.082680 22.459999 0.285555
v 95.089996 22.452679 0.285555
v 95.099998 22.450001 0.285555
v 95.110001 22.452679 0.285555
v 95.117317 22.459999 0.285555
v 95.120003 22.469999 0.285555
v 95.117317 22.480000 0.285000
v 95.110001 22.487320 0.285000
v 95.099998 22.490000 0.285000
v 95.089996 22.487320 0.285000
v 95.082680 22.480000 0.285000
v 95.080002 22.469999 0.285000
v 95.082680 22.459999 0.285000
v 95.089996 22.452679 0.285000
v 95.099998 22.450001 0.285000
v 95.110001 22.452679 0.285000
v 95.117317 22.459999 0.285000
v 95.120003 22.469999 0.285000
v 95.117317 22.480000 0.268611
v 95.110001 22.487320 0.268611
v 95.099998 22.490000 0.268611
v 95.089996 22.487320 0.268611
v 95.082680 22.480000 0.268611
v 95.080002 22.469999 0.268611
v 95.082680 22.459999 0.268611
v 95.089996 22.452679 0.268611
v 95.099998 22.450001 0.268611
v 95.110001 22.452679 0.268611
v 95.117317 22.459999 0.268611
v 95.120003 22.469999 0.268611
v 95.117317 22.480000 0.245556
v 95.110001 22.487320 0.245556
v 95.099998 22.490000 0.245556
v 95.089996 22.487320 0.245556
v 95.082680 22.480000 0.245556
v 95.080002 22.469999 0.245556
v 95.082680 22.459999 0.245556
v 95.089996 22.452679 0.245556
v 95.099998 22.450001 0.245556
v 95.110001 22.452679 0.245556
v 95.117317 22.459999 0.245556
v 95.120003 22.469999 0.245556
v 95.117317 22.480000 0.225000
v 95.110001 22.487320 0.225000
v 95.099998 22.490000 0.225000
v 95.089996 22.487320 0.225000
v 95.082680 22.480000 0.225000
v 95.080002 22.469999 0.225000
v 95.082680 22.459999 0.225000
v 95.089996 22.452679 0.225000
v 95.099998 22.450001 0.225000
v 95.110001 22.452679 0.225000
v 95.117317 22.459999 0.225000
v 95.120003 22.469999 0.225000
v 95.117317 22.480000 0.216111
v 95.110001 22.487320 0.216111
v 95.099998 22.490000 0.216111
v 95.089996 22.487320 0.216111
v 95.082680 22.480000 0.216111
v 95.080002 22.469999 0.216111
v 95.082680 22.459999 0.216111
v 95.089996 22.452679 0.216111
v 95.099998 22.450001 0.216111
v 95.110001 22.452679 0.216111
v 95.117317 22.459999 0.216111
v 95.120003 22.469999 0.216111
v 95.117317 22.480000 0.228056
v 95.110001 22.487320 0.228056
v 95.099998 22.490000 0.228056
v 95.089996 22.487320 0.228056
v 95.082680 22.480000 0.228056
v 95.080002 22.469999 0.228056
v 95.082680 22.459999 0.228056
v 95.089996 22.452679 0.228056
v 95.099998 22.450001 0.228056
v 95.110001 22.452679 0.228056
v 95.117317 22.459999 0.228056
v 95.120003 22.469999 0.228056
v 95.117317 22.480000 0.270282
v 95.110001 22.487320 0.270163
v 95.099998 22.490000 0.270000
v 95.090004 22.487320 0.269838
v 95.082680 22.480000 0.269719
v 95.080002 22.469999 0.269675
v 95.082680 22.459999 0.269719
v 95.090004 22.452679 0.269838
v 95.099998 22.450001 0.270000
v 95.110001 22.452679 0.270163
v 95.117317 22.459999 0.270282
v 95.119995 22.469999 0.270326
v 95.115196 22.480000 0.335233
v 95.107895 22.487320 0.334732
v 95.097916 22.490000 0.334047
v 95.087936 22.487320 0.333362
v 95.080635 22.480000 0.332860
v 95.077965 22.469999 0.332677
v 95.080635 22.459999 0.332860
v 95.087936 22.452679 0.333362
v 95.097916 22.450001 0.334047
v 95.107895 22.452679 0.334732
v 95.115196 22.459999 0.335233
v 95.117867 22.469999 0.335417
v 95.109009 22.480000 0.394158
v 95.101761 22.487320 0.393102
v 95.091866 22.490000 0.391659
v 95.081970 22.487320 0.390216
v 95.074730 22.480000 0.389160
v 95.072075 22.469999 0.388774
v 95.074730 22.459999 0.389160
v 95.081970 22.452679 0.390216
v 95.091866 22.450001 0.391659
v 95.101761 22.452679 0.393102
v 95.109009 22.459999 0.394158
v 95.111664 22.469999 0.394545
v 95.099030 22.480000 0.447469
v 95.091904 22.487320 0.445812
v 95.082161 22.490000 0.443547
v 95.072418 22.487320 0.441283
v 95.065292 22.480000 0.439625
v 95.062683 22.469999 0.439018
v 95.065292 22.459999 0.439625
v 95.072418 22.452679 0.441283
v 95.082161 22.450001 0.443547
v 95.091904 22.452679 0.445812
v 95.099030 22.459999 0.447469
v 95.101639 22.469999 0.448076
v 95.085548 22.480000 0.495819
v 95.078598 22.487320 0.493537
v 95.069092 22.490000 0.490420
v 95.059593 22.487320 0.487303
v 95.052635 22.480000 0.485022
v 95.050087 22.469999 0.484186
v 95.052635 22.459999 0.485022
v 95.059593 22.452679 0.487303
v 95.069092 22.450001 0.490420
v 95.078598 22.452679 0.493537
v 95.085548 22.459999 0.495819
v 95.088097 22.469999 0.496654
v 95.068878 22.480000 0.539837
v 95.062157 22.487320 0.536942
v 95.052971 22.490000 0.532988
v 95.043785 22.487320 0.529033
v 95.037064 22.480000 0.526138
v 95.034599 22.469999 0.525079
v 95.037064 22.459999 0.526138
v 95.043785 22.452679 0.529033
v 95.052971 22.450001 0.532988
v 95.062157 22.452679 0.536942
v 95.068878 22.459999 0.539837
v 95.071342 22.469999 0.540897
v 95.049355 22.480000 0.580148
v 95.042908 22.487320 0.576687
v 95.034096 22.490000 0.571959
v 95.025284 22.487320 0.567232
v 95.018829 22.480000 0.563771
v 95.016472 22.469999 0.562505
v 95.018829 22.459999 0.563771
v 95.025284 22.452679 0.567232
v 95.034096 22.450001 0.571959
v 95.042908 22.452679 0.576687
v 95.049355 22.459999 0.580148
v 95.051720 22.469999 0.581414
v 95.027351 22.480000 0.617386
v 95.021187 22.487320 0.613437
v 95.012772 22.490000 0.608044
v 95.004349 22.487320 0.602651
v 94.998184 22.480000 0.598703
v 94.995926 22.469999 0.597258
v 94.998184 22.459999 0.598703
v 95.004349 22.452679 0.602651
v 95.012772 22.450001 0.608044
v 95.021187 22.452679 0.613437
v 95.027351 22.459999 0.617386
v 95.029610 22.469999 0.618831
v 95.003250 22.480000 0.652213
v 94.997353 22.487320 0.647877
v 94.989296 22.490000 0.641952
v 94.981239 22.487320 0.636028
v 94.975342 22.480000 0.631691
v 94.973183 22.469999 0.630103
v 94.975342 22.459999 0.631691
v 94.981239 22.452679 0.636028
v 94.989296 22.450001 0.641952
v 94.997353 22.452679 0.647876
v 95.003250 22.459999 0.652213
v 95.005409 22.469999 0.653801
v 94.977417 22.480000 0.685322
v 94.971741 22.487320 0.680703
v 94.963982 22.490000 0.674392
v 94.956223 22.487320 0.668082
v 94.950546 22.480000 0.663462
v 94.948463 22.469999 0.661771
v 94.950546 22.459999 0.663462
v 94.956223 22.452679 0.668082
v 94.963982 22.450001 0.674392
v 94.971741 22.452679 0.680703
v 94.977417 22.459999 0.685322
v 94.979492 22.469999 0.687013
v 94.950203 22.480000 0.717426
v 94.944679 22.487320 0.712628
v 94.937126 22.490000 0.706074
v 94.929573 22.487320 0.699520
v 94.924042 22.480000 0.694722
v 94.922020 22.469999 0.692966
v 94.924042 22.459999 0.694722
v 94.929573 22.452679 0.699520
v 94.937126 22.450001 0.706074
v 94.944679 22.452679 0.712628
v 94.950203 22.459999 0.717426
v 94.952232 22.469999 0.719182
v 94.921944 22.480000 0.749247
v 94.916489 22.487320 0.744370
v 94.909027 22.490000 0.737707
v 94.901573 22.487320 0.731044
v 94.896111 22.480000 0.726166
v 94.894119 22.469999 0.724381
v 94.896111 22.459999 0.726166
v 94.901573 22.452679 0.731044
v 94.909027 22.450001 0.737707
v 94.916489 22.452679 0.744370
v 94.921944 22.459999 0.749247
v 94.923943 22.469999 0.751033
v 94.892906 22.480000 0.781549
v 94.887451 22.487320 0.776668
v 94.879997 22.490000 0.770000
v 94.872543 22.487320 0.763333
v 94.867088 22.480000 0.758452
v 94.865097 22.469999 0.756666
v 94.867088 22.459999 0.758452
v 94.872543 22.452679 0.763333
v 94.879997 22.450001 0.770000
v 94.887451 22.452679 0.776668
v 94.892906 22.459999 0.781549
v 94.894905 22.469999 0.783335
vn -0.6335 0.4996 -0.5908
vn -0.3661 0.8657 -0.3414
vn -0.0006 1.0000 -0.0006
vn 0.3652 0.8664 0.3406
vn 0.6333 0.5003 0.5905
vn 0.7314 -0.0000 0.6820
vn 0.6333 -0.5003 0.5905
vn 0.3653 -0.8664 0.3406
vn -0.0006 -1.0000 -0.0006
vn -0.3661 -0.8657 -0.3414
vn -0.6335 -0.4996 -0.5908
vn -0.7314 -0.0000 -0.6820
vn -0.6269 0.4992 -0.5982
vn -0.3628 0.8652 -0.3461
vn -0.0014 1.0000 -0.0013
vn 0.3608 0.8668 0.3442
vn 0.6263 0.5008 0.5974
vn 0.7236 -0.0000 0.6902
vn 0.6263 -0.5008 0.5974
vn 0.3608 -0.8668 0.3442
vn -0.0014 -1.0000 -0.0013
vn -0.3628 -0.8652 -0.3461
vn -0.6269 -0.4992 -0.5982
vn -0.7235 -0.0000 -0.6903
vn -0.6071 0.4985 -0.6188
vn -0.3520 0.8645 -0.3588
vn -0.0025 1.0000 -0.0025
vn 0.3483 0.8676 0.3550
vn 0.6060 0.5015 0.6175
vn 0.7004 -0.0000 0.7137
vn 0.6060 -0.5015 0.6175
vn 0.3483 -0.8676 0.3550
vn -0.0025 -1.0000 -0.0025
vn -0.3520 -0.8645 -0.3588
vn -0.6071 -0.4985 -0.6188
vn -0.7003 -0.0000 -0.7139
vn -0.5734 0.4977 -0.6508
vn -0.3332 0.8637 -0.3781
vn -0.0035 1.0000 -0.0039
vn 0.3280 0.8683 0.3721
vn 0.5718 0.5023 0.6486
vn 0.6613 -0.0000 0.7501
vn 0.5718 -0.5023 0.6486
vn 0.3280 -0.8683 0.3721
vn -0.0035 -1.0000 -0.0039
vn -0.3332 -0.8637 -0.3781
vn -0.5734 -0.4977 -0.6508
vn -0.6611 -0.0000 -0.7503
vn -0.5247 0.4971 -0.6911
vn -0.3054 0.8631 -0.4022
vn -0.0041 1.0000 -0.0054
vn 0.2993 0.8690 0.3941
vn 0.5228 0.5030 0.6883
vn 0.6049 -0.0000 0.7963
vn 0.5228 -0.5030 0.6883
vn 0.2993 -0.8690 0.3941
vn -0.0041 -1.0000 -0.0054
vn -0.3054 -0.8631 -0.4022
vn -0.5247 -0.4971 -0.6911
vn -0.6046 -0.0000 -0.7965
vn -0.4616 0.4967 -0.7350
vn -0.2690 0.8626 -0.4283
vn -0.0042 1.0000 -0.0066
vn 0.2628 0.8694 0.4184
vn 0.4597 0.5034 0.7316
vn 0.5320 -0.0000 0.8467
vn 0.4597 -0.5034 0.7316
vn 0.2628 -0.8694 0.4184
vn -0.0042 -1.0000 -0.0066
vn -0.2690 -0.8626 -0.4283
vn -0.4616 -0.4967 -0.7350
vn -0.5318 -0.0000 -0.8469
vn -0.3876 0.4965 -0.7767
vn -0.2260 0.8624 -0.4529
vn -0.0037 1.0000 -0.0074
vn 0.2205 0.8696 0.4417
vn 0.3858 0.5036 0.7730
vn 0.4466 -0.0000 0.8947
vn 0.3858 -0.5036 0.7730
vn 0.2205 -0.8696 0.4417
vn -0.0037 -1.0000 -0.0074
vn -0.2260 -0.8624 -0.4529
vn -0.3876 -0.4965 -0.7767
vn -0.4466 -0.0000 -0.8948
vn -0.3085 0.4965 -0.8114
vn -0.1798 0.8625 -0.4730
vn -0.0029 1.0000 -0.0076
vn 0.1755 0.8695 0.4616
vn 0.3070 0.5036 0.8076
vn 0.3553 -0.0000 0.9348
vn 0.3070 -0.5036 0.8076
vn 0.1755 -0.8695 0.4616
vn -0.0029 -1.0000 -0.0076
vn -0.1798 -0.8625 -0.4730
vn -0.3085 -0.4965 -0.8113
vn -0.3554 -0.0000 -0.9347
vn -0.2305 0.4968 -0.8367
vn -0.1343 0.8628 -0.4874
vn -0.0020 1.0000 -0.0072
vn 0.1313 0.8693 0.4766
vn 0.2294 0.5033 0.8331
vn 0.2655 -0.0000 0.9641
vn 0.2294 -0.5033 0.8331
vn 0.1313 -0.8693 0.4766
vn -0.0020 -1.0000 -0.0072
vn -0.1343 -0.8628 -0.4874
vn -0.2305 -0.4968 -0.8367
vn -0.2656 -0.0000 -0.9641
vn -0.1589 0.4972 -0.8530
vn -0.0925 0.8632 -0.4963
vn -0.0012 1.0000 -0.0064
vn 0.0906 0.8688 0.4867
vn 0.1582 0.5028 0.8498
vn 0.1830 -0.0000 0.9831
vn 0.1582 -0.5028 0.8498
vn 0.0906 -0.8688 0.4867
vn -0.0012 -1.0000 -0.0064
vn -0.0925 -0.8632 -0.4963
vn -0.1589 -0.4972 -0.8530
vn -0.1832 -0.0000 -0.9831
vn -0.0965 0.4976 -0.8620
vn -0.0561 0.8637 -0.5010
vn -0.0006 1.0000 -0.0054
vn 0.0551 0.8684 0.4928
vn 0.0961 0.5024 0.8593
vn 0.1111 -0.0000 0.9938
vn 0.0961 -0.5024 0.8593
vn 0.0551 -0.8684 0.4928
vn -0.0006 -1.0000 -0.0054
vn -0.0561 -0.8637 -0.5010
vn -0.0965 -0.4976 -0.8620
vn -0.1112 -0.0000 -0.9938
vn -0.0440 0.4981 -0.8660
vn -0.0256 0.8641 -0.5027
vn -0.0002 1.0000 -0.0045
vn 0.0252 0.8680 0.4960
vn 0.0438 0.5020 0.8638
vn 0.0507 -0.0000 0.9987
vn 0.0438 -0.5020 0.8638
vn 0.0252 -0.8680 0.4960
vn -0.0002 -1.0000 -0.0045
vn -0.0256 -0.8641 -0.5027
vn -0.0440 -0.4981 -0.8660
vn -0.0508 -0.0000 -0.9987
vn -0.0102 0.4991 -0.8665
vn -0.0059 0.8652 -0.5014
vn -0.0000 1.0000 -0.0019
vn 0.0058 0.8668 0.4985
vn 0.0101 0.5008 0.8655
vn 0.0116 -0.0000 0.9999
vn 0.0101 -0.5008 0.8655
vn 0.0058 -0.8668 0.4985
vn -0.0000 -1.0000 -0.0019
vn -0.0059 -0.8652 -0.5014
vn -0.0102 -0.4992 -0.8665
vn -0.0117 -0.0000 -0.9999
vn -0.0000 0.5000 -0.8660
vn -0.0000 0.8660 -0.5000
vn -0.0000 1.0000 -0.0000
vn -0.0000 0.8660 0.5000
vn -0.0000 0.5000 0.8660
vn -0.0000 -0.0000 1.0000
vn -0.0000 -0.5000 0.8660
vn -0.0000 -0.8660 0.5000
vn -0.0000 -1.0000 -0.0000
vn -0.0000 -0.8660 -0.5000
vn -0.0000 -0.5000 -0.8660
vn -0.0000 -0.0000 -1.0000
vn -0.0000 0.2833 -0.9590
vn -0.0000 -0.6990 -0.7151
vn -0.0000 -0.7552 0.6555
vn -0.0000 0.6839 0.7295
vn -0.0000 0.0624 -0.9981
vn -0.0000 -0.3417 0.9398
vn -0.0000 0.6462 0.7632
vn -0.0000 0.0682 0.9977
vn -0.0000 -0.6908 0.7231
vn -0.0000 -0.7850 0.6195
vn -0.0000 -0.0712 0.9975
vn -0.0000 0.9665 -0.2567
vn -0.0000 -0.6040 -0.7970
vn -0.0000 -0.8988 0.4384
vn -0.0000 0.9551 0.2963
vn -0.0000 -0.0394 -0.9992
vn -0.0000 -0.9665 0.2567
vn -0.0000 0.9686 0.2485
vn -0.0000 -0.0830 -0.9965
vn -0.0000 0.6054 -0.7959
vn -0.0000 -0.9773 -0.2117
vn -0.0000 -0.0979 0.9952
vn 0.0142 0.4988 -0.8666
vn 0.0082 0.8648 -0.5020
vn 0.0001 1.0000 -0.0027
vn -0.0081 0.8672 0.4980
vn -0.0140 0.5011 0.8653
vn -0.0162 -0.0000 0.9999
vn -0.0140 -0.5011 0.8653
vn -0.0081 -0.8672 0.4980
vn 0.0001 -1.0000 -0.0027
vn 0.0082 -0.8648 -0.5020
vn 0.0142 -0.4988 -0.8666
vn 0.0164 -0.0000 -0.9999
vn 0.0595 0.4975 -0.8654
vn 0.0346 0.8635 -0.5032
vn 0.0004 1.0000 -0.0059
vn -0.0339 0.8686 0.4943
vn -0.0591 0.5026 0.8625
vn -0.0684 -0.0000 0.9977
vn -0.0591 -0.5026 0.8625
vn -0.0339 -0.8686 0.4943
vn 0.0004 -1.0000 -0.0059
vn 0.0346 -0.8635 -0.5032
vn 0.0595 -0.4975 -0.8654
vn 0.0686 -0.0000 -0.9976
vn 0.1252 0.4972 -0.8586
vn 0.0729 0.8632 -0.4996
vn 0.0010 1.0000 -0.0065
vn -0.0714 0.8689 0.4898
vn -0.1247 0.5029 0.8553
vn -0.1442 -0.0000 0.9895
vn -0.1247 -0.5029 0.8553
vn -0.0714 -0.8689 0.4898
vn 0.0010 -1.0000 -0.0065
vn 0.0729 -0.8632 -0.4996
vn 0.1252 -0.4972 -0.8586
vn 0.1443 -0.0000 -0.9895
vn 0.1965 0.4969 -0.8452
vn 0.1144 0.8629 -0.4922
vn 0.0016 1.0000 -0.0070
vn -0.1120 0.8691 0.4817
vn -0.1957 0.5031 0.8418
vn -0.2264 -0.0000 0.9740
vn -0.1957 -0.5031 0.8418
vn -0.1120 -0.8691 0.4817
vn 0.0016 -1.0000 -0.0070
vn 0.1144 -0.8629 -0.4922
vn 0.1965 -0.4969 -0.8452
vn 0.2265 -0.0000 -0.9740
vn 0.2705 0.4968 -0.8246
vn 0.1576 0.8628 -0.4803
vn 0.0023 1.0000 -0.0071
vn -0.1541 0.8692 0.4698
vn -0.2693 0.5032 0.8211
vn -0.3117 -0.0000 0.9502
vn -0.2693 -0.5032 0.8211
vn -0.1541 -0.8692 0.4698
vn 0.0023 -1.0000 -0.0071
vn 0.1576 -0.8628 -0.4803
vn 0.2705 -0.4968 -0.8246
vn 0.3117 -0.0000 -0.9502
vn 0.3432 0.4969 -0.7971
vn 0.1999 0.8629 -0.4642
vn 0.0029 1.0000 -0.0067
vn -0.1955 0.8692 0.4542
vn -0.3418 0.5032 0.7937
vn -0.3955 -0.0000 0.9185
vn -0.3418 -0.5032 0.7937
vn -0.1955 -0.8692 0.4542
vn 0.0029 -1.0000 -0.0067
vn 0.1999 -0.8629 -0.4642
vn 0.3432 -0.4969 -0.7971
vn 0.3954 -0.0000 -0.9185
vn 0.4101 0.4971 -0.7646
vn 0.2387 0.8631 -0.4451
vn 0.0032 1.0000 -0.0060
vn -0.2340 0.8690 0.4361
vn -0.4086 0.5030 0.7616
vn -0.4728 -0.0000 0.8812
vn -0.4086 -0.5030 0.7616
vn -0.2340 -0.8690 0.4361
vn 0.0032 -1.0000 -0.0060
vn 0.2387 -0.8631 -0.4451
vn 0.4101 -0.4971 -0.7646
vn 0.4727 -0.0000 -0.8812
vn 0.4678 0.4975 -0.7306
vn 0.2720 0.8635 -0.4248
vn 0.0032 1.0000 -0.0050
vn -0.2673 0.8686 0.4173
vn -0.4663 0.5026 0.7280
vn -0.5394 -0.0000 0.8420
vn -0.4663 -0.5026 0.7280
vn -0.2673 -0.8686 0.4173
vn 0.0032 -1.0000 -0.0050
vn 0.2720 -0.8635 -0.4248
vn 0.4678 -0.4975 -0.7306
vn 0.5392 -0.0000 -0.8422
vn 0.5137 0.4980 -0.6987
vn 0.2983 0.8640 -0.4057
vn 0.0028 1.0000 -0.0038
vn -0.2941 0.8681 0.3999
vn -0.5124 0.5020 0.6967
vn -0.5925 -0.0000 0.8056
vn -0.5124 -0.5020 0.6967
vn -0.2941 -0.8681 0.3999
vn 0.0028 -1.0000 -0.0038
vn 0.2983 -0.8640 -0.4057
vn 0.5137 -0.4980 -0.6987
vn 0.5924 -0.0000 -0.8057
vn 0.5470 0.4986 -0.6725
vn 0.3171 0.8646 -0.3898
vn 0.0021 1.0000 -0.0026
vn -0.3140 0.8675 0.3859
vn -0.5460 0.5014 0.6711
vn -0.6311 -0.0000 0.7757
vn -0.5460 -0.5014 0.6711
vn -0.3140 -0.8675 0.3859
vn 0.0021 -1.0000 -0.0026
vn 0.3171 -0.8646 -0.3898
vn 0.5470 -0.4986 -0.6725
vn 0.6310 -0.0000 -0.7758
vn 0.5679 0.4992 -0.6545
vn 0.3286 0.8652 -0.3787
vn 0.0012 1.0000 -0.0014
vn -0.3268 0.8668 0.3766
vn -0.5673 0.5008 0.6537
vn -0.6554 -0.0000 0.7553
vn -0.5673 -0.5008 0.6537
vn -0.3268 -0.8668 0.3766
vn 0.0012 -1.0000 -0.0014
vn 0.3286 -0.8652 -0.3787
vn 0.5679 -0.4992 -0.6545
vn 0.6554 -0.0000 -0.7553
vn 0.5771 0.4998 -0.6459
vn 0.3334 0.8658 -0.3731
vn 0.0003 1.0000 -0.0004
vn -0.3329 0.8662 0.3726
vn -0.5770 0.5002 0.6457
vn -0.6663 -0.0000 0.7457
vn -0.5770 -0.5002 0.6457
vn -0.3329 -0.8662 0.3726
vn 0.0003 -1.0000 -0.0004
vn 0.3334 -0.8658 -0.3731
vn 0.5771 -0.4998 -0.6459
vn 0.6663 -0.0000 -0.7457
vn 0.5789 0.5002 -0.6440
vn 0.3341 0.8662 -0.3716
vn -0.0003 1.0000 0.0003
vn -0.3345 0.8659 0.3721
vn -0.5790 0.4998 0.6441
vn -0.6685 -0.0000 0.7437
vn -0.5790 -0.4998 0.6441
vn -0.3345 -0.8659 0.3721
vn -0.0003 -1.0000 0.0003
vn 0.3341 -0.8662 -0.3716
vn 0.5789 -0.5002 -0.6440
vn 0.6685 -0.0000 -0.7437
vn 0.6335 0.4996 0.5908
vn 0.3661 0.8657 0.3414
vn 0.0006 1.0000 0.0006
vn -0.3652 0.8664 -0.3406
vn -0.6333 0.5003 -0.5905
vn -0.6333 -0.5003 -0.5905
vn -0.3653 -0.8664 -0.3406
vn 0.0006 -1.0000 0.0006
vn 0.3661 -0.8657 0.3414
vn 0.6335 -0.4996 0.5908
vn 0.6269 0.4992 0.5982
vn 0.3628 0.8652 0.3461
vn 0.0014 1.0000 0.0013
vn -0.3608 0.8668 -0.3442
vn -0.6263 0.5008 -0.5974
vn -0.7236 -0.0000 -0.6902
vn -0.6263 -0.5008 -0.5974
vn -0.3608 -0.8668 -0.3442
vn 0.0014 -1.0000 0.0013
vn 0.3628 -0.8652 0.3461
vn 0.6269 -0.4992 0.5982
vn 0.7235 -0.0000 0.6903
vn 0.6071 0.4985 0.6188
vn 0.3520 0.8645 0.3588
vn 0.0025 1.0000 0.0025
vn -0.3483 0.8676 -0.3550
vn -0.6060 0.5015 -0.6175
vn -0.7004 -0.0000 -0.7137
vn -0.6060 -0.5015 -0.6175
vn -0.3483 -0.8676 -0.3550
vn 0.0025 -1.0000 0.0025
vn 0.3520 -0.8645 0.3588
vn 0.6071 -0.4985 0.6188
vn 0.7003 -0.0000 0.7139
vn 0.5734 0.4977 0.6508
vn 0.3332 0.8637 0.3781
vn 0.0035 1.0000 0.0039
vn -0.3280 0.8683 -0.3721
vn -0.5718 0.5023 -0.6486
vn -0.6613 -0.0000 -0.7501
vn -0.5718 -0.5023 -0.6486
vn -0.3280 -0.8683 -0.3721
vn 0.0035 -1.0000 0.0039
vn 0.3332 -0.8637 0.3781
vn 0.5734 -0.4977 0.6508
vn 0.6611 -0.0000 0.7503
vn 0.5247 0.4971 0.6911
vn 0.3054 0.8631 0.4022
vn 0.0041 1.0000 0.0054
vn -0.2993 0.8690 -0.3941
vn -0.5228 0.5030 -0.6883
vn -0.6049 -0.0000 -0.7963
vn -0.5228 -0.5030 -0.6883
vn -0.2993 -0.8690 -0.3941
vn 0.0041 -1.0000 0.0054
vn 0.3054 -0.8631 0.4022
vn 0.5247 -0.4971 0.6911
vn 0.6046 -0.0000 0.7965
vn 0.4616 0.4967 0.7350
vn 0.2690 0.8626 0.4283
vn 0.0042 1.0000 0.0066
vn -0.2628 0.8694 -0.4184
vn -0.4597 0.5034 -0.7316
vn -0.5320 -0.0000 -0.8467
vn -0.4597 -0.5034 -0.7316
vn -0.2628 -0.8694 -0.4184
vn 0.0042 -1.0000 0.0066
vn 0.2690 -0.8626 0.4283
vn 0.4616 -0.4967 0.7350
vn 0.5318 -0.0000 0.8469
vn 0.3876 0.4965 0.7767
vn 0.2260 0.8624 0.4529
vn 0.0037 1.0000 0.0074
vn -0.2205 0.8696 -0.4417
vn -0.3858 0.5036 -0.7730
vn -0.4466 -0.0000 -0.8947
vn -0.3858 -0.5036 -0.7730
vn -0.2205 -0.8696 -0.4417
vn 0.0037 -1.0000 0.0074
vn 0.2260 -0.8624 0.4529
vn 0.3876 -0.4965 0.7767
vn 0.4466 -0.0000 0.8948
vn 0.3085 0.4965 0.8114
vn 0.1798 0.8625 0.4730
vn 0.0029 1.0000 0.0076
vn -0.1755 0.8695 -0.4616
vn -0.3070 0.5036 -0.8076
vn -0.3553 -0.0000 -0.9348
vn -0.3070 -0.5036 -0.8076
vn -0.1755 -0.8695 -0.4616
vn 0.0029 -1.0000 0.0076
vn 0.1798 -0.8625 0.4730
vn 0.3085 -0.4965 0.8113
vn 0.3554 -0.0000 0.9347
vn 0.2305 0.4968 0.8367
vn 0.1343 0.8628 0.4874
vn 0.0020 1.0000 0.0072
vn -0.1313 0.8693 -0.4766
vn -0.2294 0.5033 -0.8331
vn -0.2655 -0.0000 -0.9641
vn -0.2294 -0.5033 -0.8331
vn -0.1313 -0.8693 -0.4766
vn 0.0020 -1.0000 0.0072
vn 0.1343 -0.8628 0.4874
vn 0.2305 -0.4968 0.8367
vn 0.2656 -0.0000 0.9641
vn 0.1589 0.4972 0.8530
vn 0.0925 0.8632 0.4963
vn 0.0012 1.0000 0.0064
vn -0.0906 0.8688 -0.4867
vn -0.1582 0.5028 -0.8498
vn -0.1830 -0.0000 -0.9831
vn -0.1582 -0.5028 -0.8498
vn -0.0906 -0.8688 -0.4867
vn 0.0012 -1.0000 0.0064
vn 0.0925 -0.8632 0.4963
vn 0.1589 -0.4972 0.8530
vn 0.1832 -0.0000 0.9831
vn 0.0965 0.4976 0.8620
vn 0.0561 0.8637 0.5010
vn 0.0006 1.0000 0.0054
vn -0.0551 0.8684 -0.4928
vn -0.0961 0.5024 -0.8593
vn -0.1111 -0.0000 -0.9938
vn -0.0961 -0.5024 -0.8593
vn -0.0551 -0.8684 -0.4928
vn 0.0006 -1.0000 0.0054
vn 0.0561 -0.8637 0.5010
vn 0.0965 -0.4976 0.8620
vn 0.1112 -0.0000 0.9938
vn 0.0440 0.4981 0.8660
vn 0.0256 0.8641 0.5027
vn 0.0002 1.0000 0.0045
vn -0.0252 0.8680 -0.4960
vn -0.0438 0.5020 -0.8638
vn -0.0507 -0.0000 -0.9987
vn -0.0438 -0.5020 -0.8638
vn -0.0252 -0.8680 -0.4960
vn 0.0002 -1.0000 0.0045
vn 0.0256 -0.8641 0.5027
vn 0.0440 -0.4981 0.8660
vn 0.0508 -0.0000 0.9987
vn 0.0102 0.4991 0.8665
vn 0.0059 0.8652 0.5014
vn -0.0000 1.0000 0.0019
vn -0.0058 0.8668 -0.4985
vn -0.0101 0.5008 -0.8655
vn -0.0116 -0.0000 -0.9999
vn -0.0101 -0.5008 -0.8655
vn -0.0058 -0.8668 -0.4985
vn -0.0000 -1.0000 0.0019
vn 0.0059 -0.8652 0.5014
vn 0.0102 -0.4992 0.8665
vn 0.0117 -0.0000 0.9999
vn -0.0000 0.7836 -0.6213
vn -0.0000 0.7115 -0.7027
vn -0.0000 -0.7552 -0.6555
vn -0.0000 0.6839 -0.7295
vn -0.0000 0.0624 0.9981
vn -0.0000 -0.7868 0.6172
vn -0.0000 -0.7316 0.6817
vn -0.0000 0.0682 -0.9977
vn -0.0000 0.7776 0.6287
vn -0.0000 -0.7625 0.6470
vn -0.0000 -0.0712 -0.9975
vn -0.0000 0.9981 0.0616
vn -0.0000 -0.5943 0.8042
vn -0.0000 0.0487 0.9988
vn -0.0000 -0.9512 -0.3085
vn -0.0000 0.9773 -0.2117
vn -0.0000 -0.9971 -0.0757
vn -0.0000 0.9996 -0.0268
vn -0.0000 -0.0605 0.9982
vn -0.0000 0.5758 0.8176
vn -0.0000 -0.9929 0.1188
vn -0.0000 0.0346 -0.9994
vn -0.0142 0.4988 0.8666
vn -0.0082 0.8648 0.5020
vn -0.0001 1.0000 0.0027
vn 0.0081 0.8672 -0.4980
vn 0.0140 0.5011 -0.8653
vn 0.0162 -0.0000 -0.9999
vn 0.0140 -0.5011 -0.8653
vn 0.0081 -0.8672 -0.4980
vn -0.0001 -1.0000 0.0027
vn -0.0082 -0.8648 0.5020
vn -0.0142 -0.4988 0.8666
vn -0.0164 -0.0000 0.9999
vn -0.0595 0.4975 0.8654
vn -0.0346 0.8635 0.5032
vn -0.0004 1.0000 0.0059
vn 0.0339 0.8686 -0.4943
vn 0.0591 0.5026 -0.8625
vn 0.0684 -0.0000 -0.9977
vn 0.0591 -0.5026 -0.8625
vn 0.0339 -0.8686 -0.4943
vn -0.0004 -1.0000 0.0059
vn -0.0346 -0.8635 0.5032
vn -0.0595 -0.4975 0.8654
vn -0.0686 -0.0000 0.9976
vn -0.1252 0.4972 0.8586
vn -0.0729 0.8632 0.4996
vn -0.0010 1.0000 0.0065
vn 0.0714 0.8689 -0.4898
vn 0.1247 0.5029 -0.8553
vn 0.1442 -0.0000 -0.9895
vn 0.1247 -0.5029 -0.8553
vn 0.0714 -0.8689 -0.4898
vn -0.0010 -1.0000 0.0065
vn -0.0729 -0.8632 0.4996
vn -0.1252 -0.4972 0.8586
vn -0.1443 -0.0000 0.9895
vn -0.1965 0.4969 0.8452
vn -0.1144 0.8629 0.4922
vn -0.0016 1.0000 0.0070
vn 0.1120 0.8691 -0.4817
vn 0.1957 0.5031 -0.8418
vn 0.2264 -0.0000 -0.9740
vn 0.1957 -0.5031 -0.8418
vn 0.1120 -0.8691 -0.4817
vn -0.0016 -1.0000 0.0070
vn -0.1144 -0.8629 0.4922
vn -0.1965 -0.4969 0.8452
vn -0.2265 -0.0000 0.9740
vn -0.2705 0.4968 0.8246
vn -0.1576 0.8628 0.4803
vn -0.0023 1.0000 0.0071
vn 0.1541 0.8692 -0.4698
vn 0.2693 0.5032 -0.8211
vn 0.2693 -0.5032 -0.8211
vn 0.1541 -0.8692 -0.4698
vn -0.0023 -1.0000 0.0071
vn -0.1576 -0.8628 0.4803
vn -0.2705 -0.4968 0.8246
vn -0.3432 0.4969 0.7971
vn -0.1999 0.8629 0.4642
vn -0.0029 1.0000 0.0067
vn 0.1955 0.8692 -0.4541
vn 0.3418 0.5032 -0.7937
vn 0.3955 -0.0000 -0.9185
vn 0.3418 -0.5032 -0.7937
vn 0.1955 -0.8692 -0.4542
vn -0.0029 -1.0000 0.0067
vn -0.1999 -0.8629 0.4642
vn -0.3432 -0.4969 0.7971
vn -0.3954 -0.0000 0.9185
vn -0.4101 0.4971 0.7646
vn -0.2387 0.8631 0.4451
vn -0.0032 1.0000 0.0060
vn 0.2340 0.8690 -0.4361
vn 0.4086 0.5030 -0.7616
vn 0.4728 -0.0000 -0.8812
vn 0.4086 -0.5030 -0.7616
vn 0.2340 -0.8690 -0.4361
vn -0.0032 -1.0000 0.0060
vn -0.2387 -0.8631 0.4451
vn -0.4101 -0.4971 0.7646
vn -0.4727 -0.0000 0.8812
vn -0.4678 0.4975 0.7305
vn -0.2720 0.8635 0.4248
vn -0.0032 1.0000 0.0050
vn 0.2673 0.8686 -0.4173
vn 0.4663 0.5026 -0.7280
vn 0.5394 -0.0000 -0.8420
vn 0.4663 -0.5026 -0.7280
vn 0.2673 -0.8686 -0.4173
vn -0.0032 -1.0000 0.0050
vn -0.2720 -0.8635 0.4248
vn -0.4678 -0.4975 0.7305
vn -0.5392 -0.0000 0.8422
vn -0.5137 0.4980 0.6987
vn -0.2983 0.8640 0.4057
vn -0.0028 1.0000 0.0038
vn 0.2941 0.8681 -0.3999
vn 0.5124 0.5020 -0.6967
vn 0.5925 -0.0000 -0.8056
vn 0.5124 -0.5020 -0.6967
vn 0.2941 -0.8681 -0.3999
vn -0.0028 -1.0000 0.0038
vn -0.2983 -0.8640 0.4057
vn -0.5137 -0.4980 0.6987
vn -0.5924 -0.0000 0.8057
vn -0.5470 0.4986 0.6725
vn -0.3171 0.8646 0.3898
vn -0.0021 1.0000 0.0026
vn 0.3140 0.8675 -0.3859
vn 0.5460 0.5014 -0.6711
vn 0.6311 -0.0000 -0.7757
vn 0.5460 -0.5014 -0.6711
vn 0.3140 -0.8675 -0.3859
vn -0.0021 -1.0000 0.0026
vn -0.3171 -0.8646 0.3898
vn -0.5470 -0.4986 0.6725
vn -0.6310 -0.0000 0.7758
vn -0.5679 0.4992 0.6545
vn -0.3286 0.8652 0.3787
vn -0.0012 1.0000 0.0014
vn 0.3268 0.8668 -0.3766
vn 0.5673 0.5008 -0.6537
vn 0.5673 -0.5008 -0.6537
vn 0.3268 -0.8668 -0.3766
vn -0.0012 -1.0000 0.0014
vn -0.3286 -0.8652 0.3787
vn -0.5679 -0.4992 0.6545
vn -0.5771 0.4998 0.6459
vn -0.3334 0.8658 0.3731
vn -0.0003 1.0000 0.0004
vn 0.3329 0.8662 -0.3726
vn 0.5770 0.5002 -0.6457
vn 0.5770 -0.5002 -0.6457
vn 0.3329 -0.8662 -0.3726
vn -0.0003 -1.0000 0.0004
vn -0.3334 -0.8658 0.3731
vn -0.5771 -0.4998 0.6459
vn -0.5789 0.5002 0.6440
vn -0.3341 0.8662 0.3716
vn 0.0003 1.0000 -0.0003
vn 0.3345 0.8659 -0.3721
vn 0.5790 0.4998 -0.6441
vn 0.5790 -0.4998 -0.6441
vn 0.3345 -0.8659 -0.3721
vn 0.0003 -1.0000 -0.0003
vn -0.3341 -0.8662 0.3716
vn -0.5789 -0.5002 0.6440
vn -0.5908 0.4996 0.6335
vn -0.3414 0.8657 0.3662
vn -0.0006 1.0000 0.0006
vn 0.3406 0.8664 -0.3652
vn 0.5905 0.5003 -0.6333
vn 0.6820 -0.0000 -0.7314
vn 0.5905 -0.5003 -0.6333
vn 0.3406 -0.8664 -0.3653
vn -0.0006 -1.0000 0.0006
vn -0.3414 -0.8657 0.3661
vn -0.5908 -0.4996 0.6335
vn -0.6820 -0.0000 0.7314
vn -0.5982 0.4992 0.6269
vn -0.3461 0.8652 0.3628
vn -0.0013 1.0000 0.0014
vn 0.3442 0.8668 -0.3608
vn 0.5974 0.5008 -0.6263
vn 0.6902 -0.0000 -0.7236
vn 0.5974 -0.5008 -0.6263
vn 0.3442 -0.8668 -0.3608
vn -0.0013 -1.0000 0.0014
vn -0.3461 -0.8652 0.3628
vn -0.5982 -0.4992 0.6269
vn -0.6903 -0.0000 0.7235
vn -0.6188 0.4985 0.6071
vn -0.3588 0.8645 0.3520
vn -0.0025 1.0000 0.0025
vn 0.3550 0.8676 -0.3483
vn 0.6175 0.5015 -0.6060
vn 0.7137 -0.0000 -0.7004
vn 0.6175 -0.5015 -0.6060
vn 0.3550 -0.8676 -0.3483
vn -0.0025 -1.0000 0.0025
vn -0.3588 -0.8645 0.3520
vn -0.6188 -0.4985 0.6071
vn -0.7139 -0.0000 0.7003
vn -0.6508 0.4977 0.5734
vn -0.3781 0.8637 0.3332
vn -0.0039 1.0000 0.0035
vn 0.3721 0.8683 -0.3280
vn 0.6486 0.5023 -0.5718
vn 0.7501 -0.0000 -0.6613
vn 0.6486 -0.5023 -0.5718
vn 0.3721 -0.8683 -0.3280
vn -0.0039 -1.0000 0.0035
vn -0.3781 -0.8637 0.3332
vn -0.6508 -0.4977 0.5734
vn -0.7503 -0.0000 0.6611
vn -0.6911 0.4971 0.5247
vn -0.4022 0.8631 0.3054
vn -0.0054 1.0000 0.0041
vn 0.3941 0.8690 -0.2993
vn 0.6883 0.5030 -0.5228
vn 0.7963 -0.0000 -0.6049
vn 0.6883 -0.5030 -0.5228
vn 0.3941 -0.8690 -0.2993
vn -0.0054 -1.0000 0.0041
vn -0.4022 -0.8631 0.3054
vn -0.6911 -0.4971 0.5247
vn -0.7965 -0.0000 0.6046
vn -0.7350 0.4967 0.4616
vn -0.4283 0.8626 0.2690
vn -0.0066 1.0000 0.0042
vn 0.4184 0.8694 -0.2628
vn 0.7316 0.5034 -0.4597
vn 0.8467 -0.0000 -0.5320
vn 0.7316 -0.5034 -0.4597
vn 0.4184 -0.8694 -0.2628
vn -0.0066 -1.0000 0.0042
vn -0.4283 -0.8626 0.2690
vn -0.7350 -0.4967 0.4616
vn -0.8469 -0.0000 0.5318
vn -0.7767 0.4965 0.3876
vn -0.4529 0.8624 0.2260
vn -0.0074 1.0000 0.0037
vn 0.4417 0.8696 -0.2205
vn 0.7730 0.5036 -0.3858
vn 0.8947 -0.0000 -0.4466
vn 0.7730 -0.5036 -0.3858
vn 0.4417 -0.8696 -0.2205
vn -0.0074 -1.0000 0.0037
vn -0.4529 -0.8624 0.2260
vn -0.7767 -0.4965 0.3876
vn -0.8948 -0.0000 0.4466
vn -0.8113 0.4965 0.3085
vn -0.4730 0.8625 0.1798
vn -0.0076 1.0000 0.0029
vn 0.4616 0.8695 -0.1755
vn 0.8076 0.5036 -0.3070
vn 0.9348 -0.0000 -0.3553
vn 0.8076 -0.5036 -0.3070
vn 0.4616 -0.8695 -0.1755
vn -0.0076 -1.0000 0.0029
vn -0.4730 -0.8625 0.1798
vn -0.8113 -0.4965 0.3085
vn -0.9347 -0.0000 0.3554
vn -0.8367 0.4968 0.2305
vn -0.4874 0.8628 0.1343
vn -0.0072 1.0000 0.0020
vn 0.4766 0.8693 -0.1313
vn 0.8331 0.5033 -0.2294
vn 0.9641 -0.0000 -0.2655
vn 0.8331 -0.5033 -0.2294
vn 0.4766 -0.8692 -0.1313
vn -0.0072 -1.0000 0.0020
vn -0.4874 -0.8628 0.1343
vn -0.8367 -0.4968 0.2305
vn -0.9641 -0.0000 0.2656
vn -0.8530 0.4972 0.1589
vn -0.4963 0.8632 0.0925
vn -0.0064 1.0000 0.0012
vn 0.4867 0.8688 -0.0906
vn 0.8498 0.5028 -0.1582
vn 0.9831 -0.0000 -0.1830
vn 0.8498 -0.5028 -0.1582
vn 0.4867 -0.8688 -0.0906
vn -0.0064 -1.0000 0.0012
vn -0.4963 -0.8632 0.0925
vn -0.8530 -0.4972 0.1589
vn -0.9831 -0.0000 0.1832
vn -0.8620 0.4976 0.0965
vn -0.5010 0.8637 0.0561
vn -0.0054 1.0000 0.0006
vn 0.4928 0.8684 -0.0551
vn 0.8593 0.5024 -0.0961
vn 0.9938 -0.0000 -0.1111
vn 0.8593 -0.5024 -0.0961
vn 0.4928 -0.8684 -0.0551
vn -0.0054 -1.0000 0.0006
vn -0.5010 -0.8637 0.0561
vn -0.8620 -0.4976 0.0965
vn -0.9938 -0.0000 0.1112
vn -0.8660 0.4981 0.0440
vn -0.5027 0.8641 0.0256
vn -0.0045 1.0000 0.0002
vn 0.4960 0.8680 -0.0252
vn 0.8638 0.5020 -0.0438
vn 0.9987 -0.0000 -0.0507
vn 0.8638 -0.5020 -0.0438
vn 0.4960 -0.8680 -0.0252
vn -0.0045 -1.0000 0.0002
vn -0.5027 -0.8641 0.0256
vn -0.8660 -0.4981 0.0440
vn -0.9987 -0.0000 0.0508
vn -0.8665 0.4991 0.0102
vn -0.5014 0.8652 0.0059
vn -0.0019 1.0000 -0.0000
vn 0.4985 0.8668 -0.0058
vn 0.8655 0.5008 -0.0101
vn 0.9999 -0.0000 -0.0116
vn 0.8655 -0.5008 -0.0101
vn 0.4985 -0.8668 -0.0058
vn -0.0019 -1.0000 -0.0000
vn -0.5014 -0.8652 0.0059
vn -0.8665 -0.4991 0.0102
vn -0.9999 -0.0000 0.0117
vn -0.8660 0.5000 -0.0000
vn -0.5000 0.8660 -0.0000
vn 0.5000 0.8660 -0.0000
vn 0.8660 0.5000 -0.0000
vn 1.0000 -0.0000 -0.0000
vn 0.8660 -0.5000 -0.0000
vn 0.5000 -0.8660 -0.0000
vn -0.5000 -0.8660 -0.0000
vn -0.8660 -0.5000 -0.0000
vn -1.0000 -0.0000 -0.0000
vn 0.5182 0.8553 -0.0000
vn 0.6395 0.7688 -0.0000
vn -0.0278 -0.9996 -0.0000
vn -0.6263 0.7796 -0.0000
vn -0.5248 0.8512 -0.0000
vn -1.0000 0.0060 -0.0000
vn -0.5237 -0.8519 -0.0000
vn -0.6547 -0.7559 -0.0000
vn -0.4692 0.8831 -0.0000
vn 0.6000 -0.8000 -0.0000
vn 0.5131 -0.8583 -0.0000
vn 0.9986 -0.0526 -0.0000
vn -0.7809 -0.6247 -0.0000
vn -0.8170 -0.5767 -0.0000
vn 0.4472 -0.8944 -0.0000
vn 0.8944 -0.4472 -0.0000
vn 0.7071 0.7071 -0.0000
vn 0.9015 0.4327 -0.0000
vn 0.5547 0.8321 -0.0000
vn -0.7071 0.7071 -0.0000
vn -0.2425 0.9701 -0.0000
vn -0.9701 -0.2425 -0.0000
vn -0.8666 0.4988 -0.0142
vn -0.5020 0.8648 -0.0082
vn -0.0027 1.0000 -0.0001
vn 0.4980 0.8672 0.0081
vn 0.8653 0.5011 0.0140
vn 0.9999 -0.0000 0.0162
vn 0.8653 -0.5011 0.0140
vn 0.4980 -0.8672 0.0081
vn -0.0027 -1.0000 -0.0001
vn -0.5020 -0.8648 -0.0082
vn -0.8666 -0.4988 -0.0142
vn -0.9999 -0.0000 -0.0164
vn -0.8654 0.4975 -0.0595
vn -0.5032 0.8635 -0.0346
vn -0.0059 1.0000 -0.0004
vn 0.4943 0.8686 0.0339
vn 0.8625 0.5026 0.0591
vn 0.9977 -0.0000 0.0684
vn 0.8625 -0.5026 0.0591
vn 0.4943 -0.8686 0.0339
vn -0.0059 -1.0000 -0.0004
vn -0.5032 -0.8635 -0.0346
vn -0.8654 -0.4975 -0.0595
vn -0.9976 -0.0000 -0.0686
vn -0.8586 0.4972 -0.1252
vn -0.4996 0.8632 -0.0729
vn -0.0065 1.0000 -0.0010
vn 0.4898 0.8689 0.0714
vn 0.8553 0.5029 0.1247
vn 0.9895 -0.0000 0.1442
vn 0.8553 -0.5029 0.1247
vn 0.4898 -0.8689 0.0714
vn -0.0065 -1.0000 -0.0010
vn -0.4996 -0.8632 -0.0729
vn -0.8586 -0.4972 -0.1252
vn -0.9895 -0.0000 -0.1443
vn -0.8452 0.4969 -0.1965
vn -0.4922 0.8629 -0.1144
vn -0.0070 1.0000 -0.0016
vn 0.4817 0.8691 0.1120
vn 0.8418 0.5031 0.1957
vn 0.9740 -0.0000 0.2264
vn 0.8418 -0.5031 0.1957
vn 0.4817 -0.8691 0.1120
vn -0.0070 -1.0000 -0.0016
vn -0.4922 -0.8629 -0.1144
vn -0.8452 -0.4969 -0.1965
vn -0.9740 -0.0000 -0.2265
vn -0.8246 0.4968 -0.2705
vn -0.4803 0.8628 -0.1576
vn -0.0071 1.0000 -0.0023
vn 0.4698 0.8692 0.1541
vn 0.8211 0.5033 0.2693
vn 0.9502 -0.0000 0.3117
vn 0.8211 -0.5032 0.2693
vn 0.4698 -0.8692 0.1541
vn -0.0071 -1.0000 -0.0023
vn -0.4803 -0.8628 -0.1576
vn -0.8246 -0.4968 -0.2705
vn -0.9502 -0.0000 -0.3117
vn -0.7971 0.4969 -0.3432
vn -0.4642 0.8629 -0.1999
vn -0.0067 1.0000 -0.0029
vn 0.4541 0.8692 0.1955
vn 0.7937 0.5032 0.3418
vn 0.9185 -0.0000 0.3955
vn 0.7937 -0.5032 0.3418
vn 0.4542 -0.8692 0.1955
vn -0.0067 -1.0000 -0.0029
vn -0.4642 -0.8629 -0.1999
vn -0.7971 -0.4969 -0.3432
vn -0.9185 -0.0000 -0.3954
vn -0.7646 0.4971 -0.4101
vn -0.4451 0.8631 -0.2387
vn -0.0060 1.0000 -0.0032
vn 0.4361 0.8690 0.2340
vn 0.7616 0.5030 0.4086
vn 0.8812 -0.0000 0.4728
vn 0.7616 -0.5030 0.4086
vn 0.4361 -0.8690 0.2340
vn -0.0060 -1.0000 -0.0032
vn -0.4451 -0.8631 -0.2387
vn -0.7646 -0.4971 -0.4101
vn -0.8812 -0.0000 -0.4727
vn -0.7306 0.4975 -0.4678
vn -0.4248 0.8635 -0.2720
vn -0.0050 1.0000 -0.0032
vn 0.4173 0.8686 0.2673
vn 0.7280 0.5026 0.4663
vn 0.8420 -0.0000 0.5394
vn 0.7280 -0.5026 0.4663
vn 0.4173 -0.8686 0.2673
vn -0.0050 -1.0000 -0.0032
vn -0.4248 -0.8635 -0.2720
vn -0.7306 -0.4975 -0.4678
vn -0.8422 -0.0000 -0.5392
vn -0.6987 0.4980 -0.5137
vn -0.4057 0.8640 -0.2983
vn -0.0038 1.0000 -0.0028
vn 0.3999 0.8681 0.2941
vn 0.6967 0.5020 0.5124
vn 0.8056 -0.0000 0.5925
vn 0.6967 -0.5020 0.5124
vn 0.3999 -0.8681 0.2941
vn -0.0038 -1.0000 -0.0028
vn -0.4057 -0.8640 -0.2983
vn -0.6987 -0.4980 -0.5137
vn -0.8057 -0.0000 -0.5924
vn -0.6725 0.4986 -0.5470
vn -0.3898 0.8646 -0.3171
vn -0.0026 1.0000 -0.0021
vn 0.3859 0.8675 0.3140
vn 0.6711 0.5014 0.5460
vn 0.7757 -0.0000 0.6311
vn 0.6711 -0.5014 0.5460
vn 0.3859 -0.8675 0.3140
vn -0.0026 -1.0000 -0.0021
vn -0.3898 -0.8646 -0.3171
vn -0.6725 -0.4986 -0.5470
vn -0.7758 -0.0000 -0.6310
vn -0.6545 0.4992 -0.5679
vn -0.3787 0.8652 -0.3286
vn -0.0014 1.0000 -0.0012
vn 0.3766 0.8668 0.3268
vn 0.6537 0.5008 0.5673
vn 0.7553 -0.0000 0.6554
vn 0.6537 -0.5008 0.5673
vn 0.3766 -0.8668 0.3268
vn -0.0014 -1.0000 -0.0012
vn -0.3787 -0.8652 -0.3286
vn -0.6545 -0.4992 -0.5679
vn -0.7553 -0.0000 -0.6554
vn -0.6459 0.4998 -0.5771
vn -0.3731 0.8658 -0.3334
vn -0.0004 1.0000 -0.0003
vn 0.3726 0.8662 0.3329
vn 0.6457 0.5002 0.5770
vn 0.7457 -0.0000 0.6663
vn 0.6457 -0.5002 0.5770
vn 0.3726 -0.8662 0.3329
vn -0.0004 -1.0000 -0.0003
vn -0.3731 -0.8658 -0.3334
vn -0.6459 -0.4998 -0.5771
vn -0.7457 -0.0000 -0.6663
vn -0.6440 0.5002 -0.5789
vn -0.3716 0.8662 -0.3341
vn 0.0003 1.0000 0.0003
vn 0.3721 0.8659 0.3345
vn 0.6441 0.4998 0.5790
vn 0.7437 -0.0000 0.6685
vn 0.6441 -0.4998 0.5790
vn 0.3721 -0.8659 0.3345
vn 0.0003 -1.0000 0.0003
vn -0.3716 -0.8662 -0.3341
vn -0.6440 -0.5002 -0.5789
vn -0.7437 -0.0000 -0.6685
vn 0.5908 0.4996 -0.6335
vn 0.3414 0.8657 -0.3661
vn 0.0006 1.0000 -0.0006
vn -0.3406 0.8664 0.3652
vn -0.5905 0.5003 0.6333
vn -0.5905 -0.5003 0.6333
vn -0.3406 -0.8664 0.3653
vn 0.0006 -1.0000 -0.0006
vn 0.3414 -0.8657 -0.3661
vn 0.5908 -0.4996 -0.6335
vn 0.5982 0.4992 -0.6269
vn 0.3461 0.8652 -0.3628
vn 0.0013 1.0000 -0.0014
vn -0.3442 0.8668 0.3608
vn -0.5974 0.5008 0.6263
vn -0.6902 -0.0000 0.7236
vn -0.5974 -0.5008 0.6263
vn -0.3442 -0.8668 0.3608
vn 0.0013 -1.0000 -0.0014
vn 0.3461 -0.8652 -0.3628
vn 0.5982 -0.4992 -0.6269
vn 0.6903 -0.0000 -0.7235
vn 0.6188 0.4985 -0.6071
vn 0.3588 0.8645 -0.3520
vn 0.0025 1.0000 -0.0025
vn -0.3550 0.8676 0.3483
vn -0.6175 0.5015 0.6060
vn -0.7137 -0.0000 0.7004
vn -0.6175 -0.5015 0.6060
vn -0.3550 -0.8676 0.3483
vn 0.0025 -1.0000 -0.0025
vn 0.3588 -0.8645 -0.3520
vn 0.6188 -0.4985 -0.6071
vn 0.7139 -0.0000 -0.7003
vn 0.6508 0.4977 -0.5734
vn 0.3781 0.8637 -0.3332
vn 0.0039 1.0000 -0.0035
vn -0.3721 0.8683 0.3280
vn -0.6486 0.5023 0.5718
vn -0.7501 -0.0000 0.6613
vn -0.6486 -0.5023 0.5718
vn -0.3721 -0.8683 0.3280
vn 0.0039 -1.0000 -0.0035
vn 0.3781 -0.8637 -0.3332
vn 0.6508 -0.4977 -0.5734
vn 0.7503 -0.0000 -0.6611
vn 0.6911 0.4971 -0.5247
vn 0.4022 0.8631 -0.3054
vn 0.0054 1.0000 -0.0041
vn -0.3941 0.8690 0.2993
vn -0.6883 0.5030 0.5228
vn -0.7963 -0.0000 0.6049
vn -0.6883 -0.5030 0.5228
vn -0.3941 -0.8690 0.2993
vn 0.0054 -1.0000 -0.0041
vn 0.4022 -0.8631 -0.3054
vn 0.6911 -0.4971 -0.5247
vn 0.7965 -0.0000 -0.6046
vn 0.7350 0.4967 -0.4616
vn 0.4283 0.8626 -0.2690
vn 0.0066 1.0000 -0.0042
vn -0.4184 0.8694 0.2628
vn -0.7316 0.5034 0.4597
vn -0.8467 -0.0000 0.5320
vn -0.7316 -0.5034 0.4597
vn -0.4184 -0.8694 0.2628
vn 0.0066 -1.0000 -0.0042
vn 0.4283 -0.8626 -0.2690
vn 0.7350 -0.4967 -0.4616
vn 0.8469 -0.0000 -0.5318
vn 0.7767 0.4965 -0.3876
vn 0.4529 0.8624 -0.2260
vn 0.0074 1.0000 -0.0037
vn -0.4417 0.8696 0.2205
vn -0.7730 0.5036 0.3858
vn -0.8947 -0.0000 0.4466
vn -0.7730 -0.5036 0.3858
vn -0.4417 -0.8696 0.2205
vn 0.0074 -1.0000 -0.0037
vn 0.4529 -0.8624 -0.2260
vn 0.7767 -0.4965 -0.3876
vn 0.8948 -0.0000 -0.4466
vn 0.8114 0.4965 -0.3085
vn 0.4730 0.8625 -0.1798
vn 0.0076 1.0000 -0.0029
vn -0.4616 0.8695 0.1755
vn -0.8076 0.5036 0.3070
vn -0.9348 -0.0000 0.3553
vn -0.8076 -0.5036 0.3070
vn -0.4616 -0.8695 0.1755
vn 0.0076 -1.0000 -0.0029
vn 0.4730 -0.8625 -0.1798
vn 0.8113 -0.4965 -0.3085
vn 0.9347 -0.0000 -0.3554
vn 0.8367 0.4968 -0.2305
vn 0.4874 0.8628 -0.1343
vn 0.0072 1.0000 -0.0020
vn -0.4766 0.8693 0.1313
vn -0.8331 0.5033 0.2294
vn -0.9641 -0.0000 0.2655
vn -0.8331 -0.5033 0.2294
vn -0.4766 -0.8692 0.1313
vn 0.0072 -1.0000 -0.0020
vn 0.4874 -0.8628 -0.1343
vn 0.8367 -0.4968 -0.2305
vn 0.9641 -0.0000 -0.2656
vn 0.8530 0.4972 -0.1589
vn 0.4963 0.8632 -0.0925
vn 0.0064 1.0000 -0.0012
vn -0.4867 0.8688 0.0906
vn -0.8498 0.5028 0.1582
vn -0.9831 -0.0000 0.1830
vn -0.8498 -0.5028 0.1582
vn -0.4867 -0.8688 0.0906
vn 0.0064 -1.0000 -0.0012
vn 0.4963 -0.8632 -0.0925
vn 0.8530 -0.4972 -0.1589
vn 0.9831 -0.0000 -0.1832
vn 0.8620 0.4976 -0.0965
vn 0.5010 0.8637 -0.0561
vn 0.0054 1.0000 -0.0006
vn -0.4928 0.8684 0.0551
vn -0.8593 0.5024 0.0961
vn -0.9938 -0.0000 0.1111
vn -0.8593 -0.5024 0.0961
vn -0.4928 -0.8684 0.0551
vn 0.0054 -1.0000 -0.0006
vn 0.5010 -0.8637 -0.0561
vn 0.8620 -0.4976 -0.0965
vn 0.9938 -0.0000 -0.1112
vn 0.8660 0.4981 -0.0440
vn 0.5027 0.8641 -0.0256
vn 0.0045 1.0000 -0.0002
vn -0.4960 0.8680 0.0252
vn -0.8638 0.5020 0.0438
vn -0.9987 -0.0000 0.0507
vn -0.8638 -0.5020 0.0438
vn -0.4960 -0.8680 0.0252
vn 0.0045 -1.0000 -0.0002
vn 0.5027 -0.8641 -0.0256
vn 0.8660 -0.4981 -0.0440
vn 0.9987 -0.0000 -0.0508
vn 0.8665 0.4991 -0.0102
vn 0.5014 0.8652 -0.0059
vn 0.0019 1.0000 -0.0000
vn -0.4985 0.8668 0.0058
vn -0.8655 0.5008 0.0101
vn -0.9999 -0.0000 0.0116
vn -0.8655 -0.5008 0.0101
vn -0.4985 -0.8668 0.0058
vn 0.0019 -1.0000 -0.0000
vn 0.5014 -0.8652 -0.0059
vn 0.8665 -0.4991 -0.0102
vn 0.9999 -0.0000 -0.0117
vn 0.8257 -0.5640 -0.0000
vn 0.8243 -0.5662 -0.0000
vn 0.9994 -0.0341 -0.0000
vn -0.4385 -0.8987 -0.0000
vn -0.6483 -0.7614 -0.0000
vn -0.9999 0.0104 -0.0000
vn -0.6458 0.7635 -0.0000
vn -0.4345 0.9007 -0.0000
vn 0.9997 0.0261 -0.0000
vn 0.8232 0.5677 -0.0000
vn 0.8216 0.5700 -0.0000
vn -0.9986 -0.0526 -0.0000
vn -0.3162 0.9487 -0.0000
vn -0.4472 -0.8944 -0.0000
vn 0.3162 0.9487 -0.0000
vn 0.9231 -0.3846 -0.0000
vn 0.1961 -0.9806 -0.0000
vn -0.9048 0.4258 -0.0000
vn -0.5547 0.8321 -0.0000
vn -0.5812 -0.8137 -0.0000
vn -0.9923 -0.1240 -0.0000
vn 0.8666 0.4988 0.0142
vn 0.5020 0.8648 0.0082
vn 0.0027 1.0000 0.0001
vn -0.4980 0.8672 -0.0081
vn -0.8653 0.5011 -0.0140
vn -0.9999 -0.0000 -0.0162
vn -0.8653 -0.5011 -0.0140
vn -0.4980 -0.8672 -0.0081
vn 0.0027 -1.0000 0.0001
vn 0.5020 -0.8648 0.0082
vn 0.8666 -0.4988 0.0142
vn 0.9999 -0.0000 0.0164
vn 0.8654 0.4975 0.0595
vn 0.5032 0.8635 0.0346
vn 0.0059 1.0000 0.0004
vn -0.4943 0.8686 -0.0339
vn -0.8625 0.5026 -0.0591
vn -0.9977 -0.0000 -0.0684
vn -0.8625 -0.5026 -0.0591
vn -0.4943 -0.8686 -0.0339
vn 0.0059 -1.0000 0.0004
vn 0.5032 -0.8635 0.0346
vn 0.8654 -0.4975 0.0595
vn 0.9976 -0.0000 0.0686
vn 0.8586 0.4972 0.1252
vn 0.4996 0.8632 0.0729
vn 0.0065 1.0000 0.0010
vn -0.4898 0.8689 -0.0714
vn -0.8553 0.5029 -0.1247
vn -0.9895 -0.0000 -0.1442
vn -0.8553 -0.5029 -0.1247
vn -0.4898 -0.8689 -0.0714
vn 0.0065 -1.0000 0.0010
vn 0.4996 -0.8632 0.0729
vn 0.8586 -0.4972 0.1252
vn 0.9895 -0.0000 0.1443
vn 0.8452 0.4969 0.1965
vn 0.4922 0.8629 0.1144
vn 0.0070 1.0000 0.0016
vn -0.4817 0.8691 -0.1120
vn -0.8418 0.5031 -0.1957
vn -0.9740 -0.0000 -0.2264
vn -0.8418 -0.5031 -0.1957
vn -0.4817 -0.8691 -0.1120
vn 0.0070 -1.0000 0.0016
vn 0.4922 -0.8629 0.1144
vn 0.8452 -0.4969 0.1965
vn 0.9740 -0.0000 0.2265
vn 0.8246 0.4968 0.2705
vn 0.4803 0.8628 0.1576
vn 0.0071 1.0000 0.0023
vn -0.4698 0.8692 -0.1541
vn -0.8211 0.5032 -0.2693
vn -0.8211 -0.5032 -0.2693
vn -0.4698 -0.8692 -0.1541
vn 0.0071 -1.0000 0.0023
vn 0.4803 -0.8628 0.1576
vn 0.8246 -0.4968 0.2705
vn 0.7971 0.4969 0.3432
vn 0.4642 0.8629 0.1999
vn 0.0067 1.0000 0.0029
vn -0.4541 0.8692 -0.1955
vn -0.7937 0.5032 -0.3418
vn -0.9185 -0.0000 -0.3955
vn -0.7937 -0.5032 -0.3418
vn -0.4542 -0.8692 -0.1955
vn 0.0067 -1.0000 0.0029
vn 0.4642 -0.8629 0.1999
vn 0.7971 -0.4969 0.3432
vn 0.9185 -0.0000 0.3954
vn 0.7646 0.4971 0.4101
vn 0.4451 0.8631 0.2387
vn 0.0060 1.0000 0.0032
vn -0.4361 0.8690 -0.2340
vn -0.7616 0.5030 -0.4086
vn -0.8812 -0.0000 -0.4728
vn -0.7616 -0.5030 -0.4086
vn -0.4361 -0.8690 -0.2340
vn 0.0060 -1.0000 0.0032
vn 0.4451 -0.8631 0.2387
vn 0.7646 -0.4971 0.4101
vn 0.8812 -0.0000 0.4727
vn 0.7306 0.4975 0.4678
vn 0.4248 0.8635 0.2720
vn 0.0050 1.0000 0.0032
vn -0.4173 0.8686 -0.2673
vn -0.7280 0.5026 -0.4663
vn -0.8420 -0.0000 -0.5394
vn -0.7280 -0.5026 -0.4663
vn -0.4173 -0.8686 -0.2673
vn 0.0050 -1.0000 0.0032
vn 0.4248 -0.8635 0.2720
vn 0.7306 -0.4975 0.4678
vn 0.8422 -0.0000 0.5392
vn 0.6987 0.4980 0.5137
vn 0.4057 0.8640 0.2983
vn 0.0038 1.0000 0.0028
vn -0.3999 0.8681 -0.2941
vn -0.6967 0.5020 -0.5124
vn -0.8056 -0.0000 -0.5925
vn -0.6967 -0.5020 -0.5124
vn -0.3999 -0.8681 -0.2941
vn 0.0038 -1.0000 0.0028
vn 0.4057 -0.8640 0.2983
vn 0.6987 -0.4980 0.5137
vn 0.8057 -0.0000 0.5924
vn 0.6725 0.4986 0.5470
vn 0.3898 0.8646 0.3171
vn 0.0026 1.0000 0.0021
vn -0.3859 0.8675 -0.3140
vn -0.6711 0.5014 -0.5460
vn -0.7757 -0.0000 -0.6311
vn -0.6711 -0.5014 -0.5460
vn -0.3859 -0.8675 -0.3140
vn 0.0026 -1.0000 0.0021
vn 0.3898 -0.8646 0.3171
vn 0.6725 -0.4986 0.5470
vn 0.7758 -0.0000 0.6310
vn 0.6545 0.4992 0.5679
vn 0.3787 0.8652 0.3286
vn 0.0014 1.0000 0.0012
vn -0.3766 0.8668 -0.3268
vn -0.6537 0.5008 -0.5673
vn -0.6537 -0.5008 -0.5673
vn -0.3766 -0.8668 -0.3268
vn 0.0014 -1.0000 0.0012
vn 0.3787 -0.8652 0.3286
vn 0.6545 -0.4992 0.5679
vn 0.6459 0.4998 0.5771
vn 0.3731 0.8658 0.3334
vn 0.0004 1.0000 0.0003
vn -0.3726 0.8662 -0.3329
vn -0.6457 0.5002 -0.5770
vn -0.6457 -0.5002 -0.5770
vn -0.3726 -0.8662 -0.3329
vn 0.0004 -1.0000 0.0003
vn 0.3731 -0.8658 0.3334
vn 0.6459 -0.4998 0.5771
vn 0.6440 0.5002 0.5789
vn 0.3716 0.8662 0.3341
vn -0.0003 1.0000 -0.0003
vn -0.3721 0.8659 -0.3345
vn -0.6441 0.4998 -0.5790
vn -0.6441 -0.4998 -0.5790
vn -0.3721 -0.8659 -0.3345
vn -0.0003 -1.0000 -0.0003
vn 0.3716 -0.8662 0.3341
vn 0.6440 -0.5002 0.5789
vt 0.000000 1.000000
vt 0.027778 1.000000
vt 0.027778 0.916667
vt 0.000000 0.916667
vt 0.000000 0.083333
vt 0.027778 0.083333
vt 0.027778 0.000000
vt 0.000000 0.000000
vt 0.000000 0.166667
vt 0.027778 0.166667
vt 0.000000 0.250000
vt 0.027778 0.250000
vt 0.000000 0.333333
vt 0.027778 0.333333
vt 0.000000 0.416667
vt 0.027778 0.416667
vt 0.000000 0.500000
vt 0.027778 0.500000
vt 0.000000 0.583333
vt 0.027778 0.583333
vt 0.000000 0.666667
vt 0.027778 0.666667
vt 0.000000 0.750000
vt 0.027778 0.750000
vt 0.000000 0.833333
vt 0.027778 0.833333
vt 0.055556 1.000000
vt 0.055556 0.916667
vt 0.055556 0.083333
vt 0.055556 0.000000
vt 0.055556 0.166667
vt 0.055556 0.250000
vt 0.055556 0.333333
vt 0.055556 0.416667
vt 0.055556 0.500000
vt 0.055556 0.583333
vt 0.055556 0.666667
vt 0.055556 0.750000
vt 0.055556 0.833333
vt 0.083333 1.000000
vt 0.083333 0.916667
vt 0.083333 0.083333
vt 0.083333 0.000000
vt 0.083333 0.166667
vt 0.083333 0.250000
vt 0.083333 0.333333
vt 0.083333 0.416667
vt 0.083333 0.500000
vt 0.083333 0.583333
vt 0.083333 0.666667
vt 0.083333 0.750000
vt 0.083333 0.833333
vt 0.111111 1.000000
vt 0.111111 0.916667
vt 0.111111 0.083333
vt 0.111111 0.000000
vt 0.111111 0.166667
vt 0.111111 0.250000
vt 0.111111 0.333333
vt 0.111111 0.416667
vt 0.111111 0.500000
vt 0.111111 0.583333
vt 0.111111 0.666667
vt 0.111111 0.750000
vt 0.111111 0.833333
vt 0.138889 1.000000
vt 0.138889 0.916667
vt 0.138889 0.083333
vt 0.138889 0.000000
vt 0.138889 0.166667
vt 0.138889 0.250000
vt 0.138889 0.333333
vt 0.138889 0.416667
vt 0.138889 0.500000
vt 0.138889 0.583333
vt 0.138889 0.666667
vt 0.138889 0.750000
vt 0.138889 0.833333
vt 0.166667 1.000000
vt 0.166667 0.916667
vt 0.166667 0.083333
vt 0.166667 0.000000
vt 0.166667 0.166667
vt 0.166667 0.250000
vt 0.166667 0.333333
vt 0.166667 0.416667
vt 0.166667 0.500000
vt 0.166667 0.583333
vt 0.166667 0.666667
vt 0.166667 0.750000
vt 0.166667 0.833333
vt 0.194444 1.000000
vt 0.194444 0.916667
vt 0.194444 0.083333
vt 0.194444 0.000000
vt 0.194444 0.166667
vt 0.194444 0.250000
vt 0.194444 0.333333
vt 0.194444 0.416667
vt 0.194444 0.500000
vt 0.194444 0.583333
vt 0.194444 0.666667
vt 0.194444 0.750000
vt 0.194444 0.833333
vt 0.222222 1.000000
vt 0.222222 0.916667
vt 0.222222 0.083333
vt 0.222222 0.000000
vt 0.222222 0.166667
vt 0.222222 0.250000
vt 0.222222 0.333333
vt 0.222222 0.416667
vt 0.222222 0.500000
vt 0.222222 0.583333
vt 0.222222 0.666667
vt 0.222222 0.750000
vt 0.222222 0.833333
vt 0.250000 1.000000
vt 0.250000 0.916667
vt 0.250000 0.083333
vt 0.250000 0.000000
vt 0.250000 0.166667
vt 0.250000 0.250000
vt 0.250000 0.333333
vt 0.250000 0.416667
vt 0.250000 0.500000
vt 0.250000 0.583333
vt 0.250000 0.666667
vt 0.250000 0.750000
vt 0.250000 0.833333
vt 0.277778 1.000000
vt 0.277778 0.916667
vt 0.277778 0.083333
vt 0.277778 0.000000
vt 0.277778 0.166667
vt 0.277778 0.250000
vt 0.277778 0.333333
vt 0.277778 0.416667
vt 0.277778 0.500000
vt 0.277778 0.583333
vt 0.277778 0.666667
vt 0.277778 0.750000
vt 0.277778 0.833333
vt 0.305556 1.000000
vt 0.305556 0.916667
vt 0.305556 0.083333
vt 0.305556 0.000000
vt 0.305556 0.166667
vt 0.305556 0.250000
vt 0.305556 0.333333
vt 0.305556 0.416667
vt 0.305556 0.500000
vt 0.305556 0.583333
vt 0.305556 0.666667
vt 0.305556 0.750000
vt 0.305556 0.833333
vt 0.333333 1.000000
vt 0.333333 0.916667
vt 0.333333 0.083333
vt 0.333333 0.000000
vt 0.333333 0.166667
vt 0.333333 0.250000
vt 0.333333 0.333333
vt 0.333333 0.416667
vt 0.333333 0.500000
vt 0.333333 0.583333
vt 0.333333 0.666667
vt 0.333333 0.750000
vt 0.333333 0.833333
vt 0.361111 1.000000
vt 0.361111 0.916667
vt 0.361111 0.083333
vt 0.361111 0.000000
vt 0.361111 0.166667
vt 0.361111 0.250000
vt 0.361111 0.333333
vt 0.361111 0.416667
vt 0.361111 0.500000
vt 0.361111 0.583333
vt 0.361111 0.666667
vt 0.361111 0.750000
vt 0.361111 0.833333
vt 0.388889 1.000000
vt 0.388889 0.916667
vt 0.388889 0.083333
vt 0.388889 0.000000
vt 0.388889 0.166667
vt 0.388889 0.250000
vt 0.388889 0.333333
vt 0.388889 0.416667
vt 0.388889 0.500000
vt 0.388889 0.583333
vt 0.388889 0.666667
vt 0.388889 0.750000
vt 0.388889 0.833333
vt 0.416667 1.000000
vt 0.416667 0.916667
vt 0.416667 0.083333
vt 0.416667 0.000000
vt 0.416667 0.166667
vt 0.416667 0.250000
vt 0.416667 0.333333
vt 0.416667 0.416667
vt 0.416667 0.500000
vt 0.416667 0.583333
vt 0.416667 0.666667
vt 0.416667 0.750000
vt 0.416667 0.833333
vt 0.444444 1.000000
vt 0.444444 0.916667
vt 0.444444 0.083333
vt 0.444444 0.000000
vt 0.444444 0.166667
vt 0.444444 0.250000
vt 0.444444 0.333333
vt 0.444444 0.416667
vt 0.444444 0.500000
vt 0.444444 0.583333
vt 0.444444 0.666667
vt 0.444444 0.750000
vt 0.444444 0.833333
vt 0.472222 1.000000
vt 0.472222 0.916667
vt 0.472222 0.083333
vt 0.472222 0.000000
vt 0.472222 0.166667
vt 0.472222 0.250000
vt 0.472222 0.333333
vt 0.472222 0.416667
vt 0.472222 0.500000
vt 0.472222 0.583333
vt 0.472222 0.666667
vt 0.472222 0.750000
vt 0.472222 0.833333
vt 0.500000 1.000000
vt 0.500000 0.916667
vt 0.500000 0.083333
vt 0.500000 0.000000
vt 0.500000 0.166667
vt 0.500000 0.250000
vt 0.500000 0.333333
vt 0.500000 0.416667
vt 0.500000 0.500000
vt 0.500000 0.583333
vt 0.500000 0.666667
vt 0.500000 0.750000
vt 0.500000 0.833333
vt 0.527778 1.000000
vt 0.527778 0.916667
vt 0.527778 0.083333
vt 0.527778 0.000000
vt 0.527778 0.166667
vt 0.527778 0.250000
vt 0.527778 0.333333
vt 0.527778 0.416667
vt 0.527778 0.500000
vt 0.527778 0.583333
vt 0.527778 0.666667
vt 0.527778 0.750000
vt 0.527778 0.833333
vt 0.555556 1.000000
vt 0.555556 0.916667
vt 0.555556 0.083333
vt 0.555556 0.000000
vt 0.555556 0.166667
vt 0.555556 0.250000
vt 0.555556 0.333333
vt 0.555556 0.416667
vt 0.555556 0.500000
vt 0.555556 0.583333
vt 0.555556 0.666667
vt 0.555556 0.750000
vt 0.555556 0.833333
vt 0.583333 1.000000
vt 0.583333 0.916667
vt 0.583333 0.083333
vt 0.583333 0.000000
vt 0.583333 0.166667
vt 0.583333 0.250000
vt 0.583333 0.333333
vt 0.583333 0.416667
vt 0.583333 0.500000
vt 0.583333 0.583333
vt 0.583333 0.666667
vt 0.583333 0.750000
vt 0.583333 0.833333
vt 0.611111 1.000000
vt 0.611111 0.916667
vt 0.611111 0.083333
vt 0.611111 0.000000
vt 0.611111 0.166667
vt 0.611111 0.250000
vt 0.611111 0.333333
vt 0.611111 0.416667
vt 0.611111 0.500000
vt 0.611111 0.583333
vt 0.611111 0.666667
vt 0.611111 0.750000
vt 0.611111 0.833333
vt 0.638889 1.000000
vt 0.638889 0.916667
vt 0.638889 0.083333
vt 0.638889 0.000000
vt 0.638889 0.166667
vt 0.638889 0.250000
vt 0.638889 0.333333
vt 0.638889 0.416667
vt 0.638889 0.500000
vt 0.638889 0.583333
vt 0.638889 0.666667
vt 0.638889 0.750000
vt 0.638889 0.833333
vt 0.666667 1.000000
vt 0.666667 0.916667
vt 0.666667 0.083333
vt 0.666667 0.000000
vt 0.666667 0.166667
vt 0.666667 0.250000
vt 0.666667 0.333333
vt 0.666667 0.416667
vt 0.666667 0.500000
vt 0.666667 0.583333
vt 0.666667 0.666667
vt 0.666667 0.750000
vt 0.666667 0.833333
vt 0.694444 1.000000
vt 0.694444 0.916667
vt 0.694444 0.083333
vt 0.694444 0.000000
vt 0.694444 0.166667
vt 0.694444 0.250000
vt 0.694444 0.333333
vt 0.694444 0.416667
vt 0.694444 0.500000
vt 0.694444 0.583333
vt 0.694444 0.666667
vt 0.694444 0.750000
vt 0.694444 0.833333
vt 0.722222 1.000000
vt 0.722222 0.916667
vt 0.722222 0.083333
vt 0.722222 0.000000
vt 0.722222 0.166667
vt 0.722222 0.250000
vt 0.722222 0.333333
vt 0.722222 0.416667
vt 0.722222 0.500000
vt 0.722222 0.583333
vt 0.722222 0.666667
vt 0.722222 0.750000
vt 0.722222 0.833333
vt 0.750000 1.000000
vt 0.750000 0.916667
vt 0.750000 0.083333
vt 0.750000 0.000000
vt 0.750000 0.166667
vt 0.750000 0.250000
vt 0.750000 0.333333
vt 0.750000 0.416667
vt 0.750000 0.500000
vt 0.750000 0.583333
vt 0.750000 0.666667
vt 0.750000 0.750000
vt 0.750000 0.833333
vt 0.777778 1.000000
vt 0.777778 0.916667
vt 0.777778 0.083333
vt 0.777778 0.000000
vt 0.777778 0.166667
vt 0.777778 0.250000
vt 0.777778 0.333333
vt 0.777778 0.416667
vt 0.777778 0.500000
vt 0.777778 0.583333
vt 0.777778 0.666667
vt 0.777778 0.750000
vt 0.777778 0.833333
vt 0.805556 1.000000
vt 0.805556 0.916667
vt 0.805556 0.083333
vt 0.805556 0.000000
vt 0.805556 0.166667
vt 0.805556 0.250000
vt 0.805556 0.333333
vt 0.805556 0.416667
vt 0.805556 0.500000
vt 0.805556 0.583333
vt 0.805556 0.666667
vt 0.805556 0.750000
vt 0.805556 0.833333
vt 0.833333 1.000000
vt 0.833333 0.916667
vt 0.833333 0.083333
vt 0.833333 0.000000
vt 0.833333 0.166667
vt 0.833333 0.250000
vt 0.833333 0.333333
vt 0.833333 0.416667
vt 0.833333 0.500000
vt 0.833333 0.583333
vt 0.833333 0.666667
vt 0.833333 0.750000
vt 0.833333 0.833333
vt 0.861111 1.000000
vt 0.861111 0.916667
vt 0.861111 0.083333
vt 0.861111 0.000000
vt 0.861111 0.166667
vt 0.861111 0.250000
vt 0.861111 0.333333
vt 0.861111 0.416667
vt 0.861111 0.500000
vt 0.861111 0.583333
vt 0.861111 0.666667
vt 0.861111 0.750000
vt 0.861111 0.833333
vt 0.888889 1.000000
vt 0.888889 0.916667
vt 0.888889 0.083333
vt 0.888889 0.000000
vt 0.888889 0.166667
vt 0.888889 0.250000
vt 0.888889 0.333333
vt 0.888889 0.416667
vt 0.888889 0.500000
vt 0.888889 0.583333
vt 0.888889 0.666667
vt 0.888889 0.750000
vt 0.888889 0.833333
vt 0.916667 1.000000
vt 0.916667 0.916667
vt 0.916667 0.083333
vt 0.916667 0.000000
vt 0.916667 0.166667
vt 0.916667 0.250000
vt 0.916667 0.333333
vt 0.916667 0.416667
vt 0.916667 0.500000
vt 0.916667 0.583333
vt 0.916667 0.666667
vt 0.916667 0.750000
vt 0.916667 0.833333
vt 0.944444 1.000000
vt 0.944444 0.916667
vt 0.944444 0.083333
vt 0.944444 0.000000
vt 0.944444 0.166667
vt 0.944444 0.250000
vt 0.944444 0.333333
vt 0.944444 0.416667
vt 0.944444 0.500000
vt 0.944444 0.583333
vt 0.944444 0.666667
vt 0.944444 0.750000
vt 0.944444 0.833333
vt 0.972222 1.000000
vt 0.972222 0.916667
vt 0.972222 0.083333
vt 0.972222 0.000000
vt 0.972222 0.166667
vt 0.972222 0.250000
vt 0.972222 0.333333
vt 0.972222 0.416667
vt 0.972222 0.500000
vt 0.972222 0.583333
vt 0.972222 0.666667
vt 0.972222 0.750000
vt 0.972222 0.833333
vt 1.000000 1.000000
vt 1.000000 0.916667
vt 1.000000 0.083333
vt 1.000000 0.000000
vt 1.000000 0.166667
vt 1.000000 0.250000
vt 1.000000 0.333333
vt 1.000000 0.416667
vt 1.000000 0.500000
vt 1.000000 0.583333
vt 1.000000 0.666667
vt 1.000000 0.750000
vt 1.000000 0.833333
s 1
usemtl Material.081
f 1/1/1 13/2/13 24/3/24 12/4/12
f 2/5/2 14/6/14 13/7/13 1/8/1
f 3/9/3 15/10/15 14/6/14 2/5/2
f 4/11/4 16/12/16 15/10/15 3/9/3
f 5/13/5 17/14/17 16/12/16 4/11/4
f 6/15/6 18/16/18 17/14/17 5/13/5
f 7/17/7 19/18/19 18/16/18 6/15/6
f 8/19/8 20/20/20 19/18/19 7/17/7
f 9/21/9 21/22/21 20/20/20 8/19/8
f 10/23/10 22/24/22 21/22/21 9/21/9
f 11/25/11 23/26/23 22/24/22 10/23/10
f 12/4/12 24/3/24 23/26/23 11/25/11
f 13/2/13 25/27/25 36/28/36 24/3/24
f 14/6/14 26/29/26 25/30/25 13/7/13
f 15/10/15 27/31/27 26/29/26 14/6/14
f 16/12/16 28/32/28 27/31/27 15/10/15
f 17/14/17 29/33/29 28/32/28 16/12/16
f 18/16/18 30/34/30 29/33/29 17/14/17
f 19/18/19 31/35/31 30/34/30 18/16/18
f 20/20/20 32/36/32 31/35/31 19/18/19
f 21/22/21 33/37/33 32/36/32 20/20/20
f 22/24/22 34/38/34 33/37/33 21/22/21
f 23/26/23 35/39/35 34/38/34 22/24/22
f 24/3/24 36/28/36 35/39/35 23/26/23
f 25/27/25 37/40/37 48/41/48 36/28/36
f 26/29/26 38/42/38 37/43/37 25/30/25
f 27/31/27 39/44/39 38/42/38 26/29/26
f 28/32/28 40/45/40 39/44/39 27/31/27
f 29/33/29 41/46/41 40/45/40 28/32/28
f 30/34/30 42/47/42 41/46/41 29/33/29
f 31/35/31 43/48/43 42/47/42 30/34/30
f 32/36/32 44/49/44 43/48/43 31/35/31
f 33/37/33 45/50/45 44/49/44 32/36/32
f 34/38/34 46/51/46 45/50/45 33/37/33
f 35/39/35 47/52/47 46/51/46 34/38/34
f 36/28/36 48/41/48 47/52/47 35/39/35
f 37/40/37 49/53/49 60/54/60 48/41/48
f 38/42/38 50/55/50 49/56/49 37/43/37
f 39/44/39 51/57/51 50/55/50 38/42/38
f 40/45/40 52/58/52 51/57/51 39/44/39
f 41/46/41 53/59/53 52/58/52 40/45/40
f 42/47/42 54/60/54 53/59/53 41/46/41
f 43/48/43 55/61/55 54/60/54 42/47/42
f 44/49/44 56/62/56 55/61/55 43/48/43
f 45/50/45 57/63/57 56/62/56 44/49/44
f 46/51/46 58/64/58 57/63/57 45/50/45
f 47/52/47 59/65/59 58/64/58 46/51/46
f 48/41/48 60/54/60 59/65/59 47/52/47
f 49/53/49 61/66/61 72/67/72 60/54/60
f 50/55/50 62/68/62 61/69/61 49/56/49
f 51/57/51 63/70/63 62/68/62 50/55/50
f 52/58/52 64/71/64 63/70/63 51/57/51
f 53/59/53 65/72/65 64/71/64 52/58/52
f 54/60/54 66/73/66 65/72/65 53/59/53
f 55/61/55 67/74/67 66/73/66 54/60/54
f 56/62/56 68/75/68 67/74/67 55/61/55
f 57/63/57 69/76/69 68/75/68 56/62/56
f 58/64/58 70/77/70 69/76/69 57/63/57
f 59/65/59 71/78/71 70/77/70 58/64/58
f 60/54/60 72/67/72 71/78/71 59/65/59
f 61/66/61 73/79/73 84/80/84 72/67/72
f 62/68/62 74/81/74 73/82/73 61/69/61
f 63/70/63 75/83/75 74/81/74 62/68/62
f 64/71/64 76/84/76 75/83/75 63/70/63
f 65/72/65 77/85/77 76/84/76 64/71/64
f 66/73/66 78/86/78 77/85/77 65/72/65
f 67/74/67 79/87/79 78/86/78 66/73/66
f 68/75/68 80/88/80 79/87/79 67/74/67
f 69/76/69 81/89/81 80/88/80 68/75/68
f 70/77/70 82/90/82 81/89/81 69/76/69
f 71/78/71 83/91/83 82/90/82 70/77/70
f 72/67/72 84/80/84 83/91/83 71/78/71
f 73/79/73 85/92/85 96/93/96 84/80/84
f 74/81/74 86/94/86 85/95/85 73/82/73
f 75/83/75 87/96/87 86/94/86 74/81/74
f 76/84/76 88/97/88 87/96/87 75/83/75
f 77/85/77 89/98/89 88/97/88 76/84/76
f 78/86/78 90/99/90 89/98/89 77/85/77
f 79/87/79 91/100/91 90/99/90 78/86/78
f 80/88/80 92/101/92 91/100/91 79/87/79
f 81/89/81 93/102/93 92/101/92 80/88/80
f 82/90/82 94/103/94 93/102/93 81/89/81
f 83/91/83 95/104/95 94/103/94 82/90/82
f 84/80/84 96/93/96 95/104/95 83/91/83
f 85/92/85 97/105/97 108/106/108 96/93/96
f 86/94/86 98/107/98 97/108/97 85/95/85
f 87/96/87 99/109/99 98/107/98 86/94/86
f 88/97/88 100/110/100 99/109/99 87/96/87
f 89/98/89 101/111/101 100/110/100 88/97/88
f 90/99/90 102/112/102 101/111/101 89/98/89
f 91/100/91 103/113/103 102/112/102 90/99/90
f 92/101/92 104/114/104 103/113/103 91/100/91
f 93/102/93 105/115/105 104/114/104 92/101/92
f 94/103/94 106/116/106 105/115/105 93/102/93
f 95/104/95 107/117/107 106/116/106 94/103/94
f 96/93/96 108/106/108 107/117/107 95/104/95
f 97/105/97 109/118/109 120/119/120 108/106/108
f 98/107/98 110/120/110 109/121/109 97/108/97
f 99/109/99 111/122/111 110/120/110 98/107/98
f 100/110/100 112/123/112 111/122/111 99/109/99
f 101/111/101 113/124/113 112/123/112 100/110/100
f 102/112/102 114/125/114 113/124/113 101/111/101
f 103/113/103 115/126/115 114/125/114 102/112/102
f 104/114/104 116/127/116 115/126/115 103/113/103
f 105/115/105 117/128/117 116/127/116 104/114/104
f 106/116/106 118/129/118 117/128/117 105/115/105
f 107/117/107 119/130/119 118/129/118 106/116/106
f 108/106/108 120/119/120 119/130/119 107/117/107
f 109/118/109 121/131/121 132/132/132 120/119/120
f 110/120/110 122/133/122 121/134/121 109/121/109
f 111/122/111 123/135/123 122/133/122 110/120/110
f 112/123/112 124/136/124 123/135/123 111/122/111
f 113/124/113 125/137/125 124/136/124 112/123/112
f 114/125/114 126/138/126 125/137/125 113/124/113
f 115/126/115 127/139/127 126/138/126 114/125/114
f 116/127/116 128/140/128 127/139/127 115/126/115
f 117/128/117 129/141/129 128/140/128 116/127/116
f 118/129/118 130/142/130 129/141/129 117/128/117
f 119/130/119 131/143/131 130/142/130 118/129/118
f 120/119/120 132/132/132 131/143/131 119/130/119
f 121/131/121 133/144/133 144/145/144 132/132/132
f 122/133/122 134/146/134 133/147/133 121/134/121
f 123/135/123 135/148/135 134/146/134 122/133/122
f 124/136/124 136/149/136 135/148/135 123/135/123
f 125/137/125 137/150/137 136/149/136 124/136/124
f 126/138/126 138/151/138 137/150/137 125/137/125
f 127/139/127 139/152/139 138/151/138 126/138/126
f 128/140/128 140/153/140 139/152/139 127/139/127
f 129/141/129 141/154/141 140/153/140 128/140/128
f 130/142/130 142/155/142 141/154/141 129/141/129
f 131/143/131 143/156/143 142/155/142 130/142/130
f 132/132/132 144/145/144 143/156/143 131/143/131
f 133/144/133 145/157/145 156/158/156 144/145/144
f 134/146/134 146/159/146 145/160/145 133/147/133
f 135/148/135 147/161/147 146/159/146 134/146/134
f 136/149/136 148/162/148 147/161/147 135/148/135
f 137/150/137 149/163/149 148/162/148 136/149/136
f 138/151/138 150/164/150 149/163/149 137/150/137
f 139/152/139 151/165/151 150/164/150 138/151/138
f 140/153/140 152/166/152 151/165/151 139/152/139
f 141/154/141 153/167/153 152/166/152 140/153/140
f 142/155/142 154/168/154 153/167/153 141/154/141
f 143/156/143 155/169/155 154/168/154 142/155/142
f 144/145/144 156/158/156 155/169/155 143/156/143
f 145/157/145 157/170/157 168/171/168 156/158/156
f 146/159/146 158/172/158 157/173/157 145/160/145
f 147/161/147 159/174/159 158/172/158 146/159/146
f 148/162/148 160/175/160 159/174/159 147/161/147
f 149/163/149 161/176/161 160/175/160 148/162/148
f 150/164/150 162/177/162 161/176/161 149/163/149
f 151/165/151 163/178/163 162/177/162 150/164/150
f 152/166/152 164/179/164 163/178/163 151/165/151
f 153/167/153 165/180/165 164/179/164 152/166/152
f 154/168/154 166/181/166 165/180/165 153/167/153
f 155/169/155 167/182/167 166/181/166 154/168/154
f 156/158/156 168/171/168 167/182/167 155/169/155
f 157/170/157 169/183/157 180/184/168 168/171/168
f 158/172/158 170/185/158 169/186/157 157/173/157
f 159/174/159 171/187/159 170/185/158 158/172/158
f 160/175/160 172/188/160 171/187/159 159/174/159
f 161/176/161 173/189/161 172/188/160 160/175/160
f 162/177/162 174/190/162 173/189/161 161/176/161
f 163/178/163 175/191/163 174/190/162 162/177/162
f 164/179/164 176/192/164 175/191/163 163/178/163
f 165/180/165 177/193/165 176/192/164 164/179/164
f 166/181/166 178/194/166 177/193/165 165/180/165
f 167/182/167 179/195/167 178/194/166 166/181/166
f 168/171/168 180/184/168 179/195/167 167/182/167
f 169/183/157 181/196/157 192/197/168 180/184/168
f 170/185/158 182/198/158 181/199/157 169/186/157
f 171/187/159 183/200/159 182/198/158 170/185/158
f 172/188/160 184/201/160 183/200/159 171/187/159
f 173/189/161 185/202/161 184/201/160 172/188/160
f 174/190/162 186/203/162 185/202/161 173/189/161
f 175/191/163 187/204/163 186/203/162 174/190/162
f 176/192/164 188/205/164 187/204/163 175/191/163
f 177/193/165 189/206/165 188/205/164 176/192/164
f 178/194/166 190/207/166 189/206/165 177/193/165
f 179/195/167 191/208/167 190/207/166 178/194/166
f 180/184/168 192/197/168 191/208/167 179/195/167
f 181/196/157 193/209/157 204/210/168 192/197/168
f 182/198/158 194/211/158 193/212/157 181/199/157
f 183/200/159 195/213/159 194/211/158 182/198/158
f 184/201/160 196/214/160 195/213/159 183/200/159
f 185/202/161 197/215/161 196/214/160 184/201/160
f 186/203/162 198/216/162 197/215/161 185/202/161
f 187/204/163 199/217/163 198/216/162 186/203/162
f 188/205/164 200/218/164 199/217/163 187/204/163
f 189/206/165 201/219/165 200/218/164 188/205/164
f 190/207/166 202/220/166 201/219/165 189/206/165
f 191/208/167 203/221/167 202/220/166 190/207/166
f 192/197/168 204/210/168 203/221/167 191/208/167
f 193/209/157 205/222/169 216/223/179 204/210/168
f 194/211/158 206/224/170 205/225/169 193/212/157
f 195/213/159 207/226/168 206/224/170 194/211/158
f 196/214/160 208/227/171 207/226/168 195/213/159
f 197/215/161 209/228/172 208/227/171 196/214/160
f 198/216/162 210/229/173 209/228/172 197/215/161
f 199/217/163 211/230/174 210/229/173 198/216/162
f 200/218/164 212/231/175 211/230/174 199/217/163
f 201/219/165 213/232/176 212/231/175 200/218/164
f 202/220/166 214/233/177 213/232/176 201/219/165
f 203/221/167 215/234/178 214/233/177 202/220/166
f 204/210/168 216/223/179 215/234/178 203/221/167
f 205/222/169 217/235/163 228/236/162 216/223/179
f 206/224/170 218/237/164 217/238/163 205/225/169
f 207/226/168 219/239/165 218/237/164 206/224/170
f 208/227/171 220/240/166 219/239/165 207/226/168
f 209/228/172 221/241/167 220/240/166 208/227/171
f 210/229/173 222/242/168 221/241/167 209/228/172
f 211/230/174 223/243/157 222/242/168 210/229/173
f 212/231/175 224/244/158 223/243/157 211/230/174
f 213/232/176 225/245/159 224/244/158 212/231/175
f 214/233/177 226/246/160 225/245/159 213/232/176
f 215/234/178 227/247/161 226/246/160 214/233/177
f 216/223/179 228/236/162 227/247/161 215/234/178
f 217/235/163 229/248/163 240/249/162 228/236/162
f 218/237/164 230/250/164 229/251/163 217/238/163
f 219/239/165 231/252/165 230/250/164 218/237/164
f 220/240/166 232/253/166 231/252/165 219/239/165
f 221/241/167 233/254/167 232/253/166 220/240/166
f 222/242/168 234/255/168 233/254/167 221/241/167
f 223/243/157 235/256/157 234/255/168 222/242/168
f 224/244/158 236/257/158 235/256/157 223/243/157
f 225/245/159 237/258/159 236/257/158 224/244/158
f 226/246/160 238/259/160 237/258/159 225/245/159
f 227/247/161 239/260/161 238/259/160 226/246/160
f 228/236/162 240/249/162 239/260/161 227/247/161
f 229/248/163 241/261/163 252/262/162 240/249/162
f 230/250/164 242/263/164 241/264/163 229/251/163
f 231/252/165 243/265/165 242/263/164 230/250/164
f 232/253/166 244/266/166 243/265/165 231/252/165
f 233/254/167 245/267/167 244/266/166 232/253/166
f 234/255/168 246/268/168 245/267/167 233/254/167
f 235/256/157 247/269/157 246/268/168 234/255/168
f 236/257/158 248/270/158 247/269/157 235/256/157
f 237/258/159 249/271/159 248/270/158 236/257/158
f 238/259/160 250/272/160 249/271/159 237/258/159
f 239/260/161 251/273/161 250/272/160 238/259/160
f 240/249/162 252/262/162 251/273/161 239/260/161
f 241/261/163 253/274/163 264/275/162 252/262/162
f 242/263/164 254/276/164 253/277/163 241/264/163
f 243/265/165 255/278/165 254/276/164 242/263/164
f 244/266/166 256/279/166 255/278/165 243/265/165
f 245/267/167 257/280/167 256/279/166 244/266/166
f 246/268/168 258/281/168 257/280/167 245/267/167
f 247/269/157 259/282/157 258/281/168 246/268/168
f 248/270/158 260/283/158 259/282/157 247/269/157
f 249/271/159 261/284/159 260/283/158 248/270/158
f 250/272/160 262/285/160 261/284/159 249/271/159
f 251/273/161 263/286/161 262/285/160 250/272/160
f 252/262/162 264/275/162 263/286/161 251/273/161
f 253/274/163 265/287/180 276/288/190 264/275/162
f 254/276/164 266/289/181 265/290/180 253/277/163
f 255/278/165 267/291/168 266/289/181 254/276/164
f 256/279/166 268/292/182 267/291/168 255/278/165
f 257/280/167 269/293/183 268/292/182 256/279/166
f 258/281/168 270/294/184 269/293/183 257/280/167
f 259/282/157 271/295/185 270/294/184 258/281/168
f 260/283/158 272/296/186 271/295/185 259/282/157
f 261/284/159 273/297/187 272/296/186 260/283/158
f 262/285/160 274/298/188 273/297/187 261/284/159
f 263/286/161 275/299/189 274/298/188 262/285/160
f 264/275/162 276/288/190 275/299/189 263/286/161
f 265/287/180 277/300/157 288/301/168 276/288/190
f 266/289/181 278/302/158 277/303/157 265/290/180
f 267/291/168 279/304/159 278/302/158 266/289/181
f 268/292/182 280/305/160 279/304/159 267/291/168
f 269/293/183 281/306/161 280/305/160 268/292/182
f 270/294/184 282/307/162 281/306/161 269/293/183
f 271/295/185 283/308/163 282/307/162 270/294/184
f 272/296/186 284/309/164 283/308/163 271/295/185
f 273/297/187 285/310/165 284/309/164 272/296/186
f 274/298/188 286/311/166 285/310/165 273/297/187
f 275/299/189 287/312/167 286/311/166 274/298/188
f 276/288/190 288/301/168 287/312/167 275/299/189
f 277/300/157 289/313/191 300/314/202 288/301/168
f 278/302/158 290/315/192 289/316/191 277/303/157
f 279/304/159 291/317/193 290/315/192 278/302/158
f 280/305/160 292/318/194 291/317/193 279/304/159
f 281/306/161 293/319/195 292/318/194 280/305/160
f 282/307/162 294/320/196 293/319/195 281/306/161
f 283/308/163 295/321/197 294/320/196 282/307/162
f 284/309/164 296/322/198 295/321/197 283/308/163
f 285/310/165 297/323/199 296/322/198 284/309/164
f 286/311/166 298/324/200 297/323/199 285/310/165
f 287/312/167 299/325/201 298/324/200 286/311/166
f 288/301/168 300/314/202 299/325/201 287/312/167
f 289/313/191 301/326/203 312/327/214 300/314/202
f 290/315/192 302/328/204 301/329/203 289/316/191
f 291/317/193 303/330/205 302/328/204 290/315/192
f 292/318/194 304/331/206 303/330/205 291/317/193
f 293/319/195 305/332/207 304/331/206 292/318/194
f 294/320/196 306/333/208 305/332/207 293/319/195
f 295/321/197 307/334/209 306/333/208 294/320/196
f 296/322/198 308/335/210 307/334/209 295/321/197
f 297/323/199 309/336/211 308/335/210 296/322/198
f 298/324/200 310/337/212 309/336/211 297/323/199
f 299/325/201 311/338/213 310/337/212 298/324/200
f 300/314/202 312/327/214 311/338/213 299/325/201
f 301/326/203 313/339/215 324/340/226 312/327/214
f 302/328/204 314/341/216 313/342/215 301/329/203
f 303/330/205 315/343/217 314/341/216 302/328/204
f 304/331/206 316/344/218 315/343/217 303/330/205
f 305/332/207 317/345/219 316/344/218 304/331/206
f 306/333/208 318/346/220 317/345/219 305/332/207
f 307/334/209 319/347/221 318/346/220 306/333/208
f 308/335/210 320/348/222 319/347/221 307/334/209
f 309/336/211 321/349/223 320/348/222 308/335/210
f 310/337/212 322/350/224 321/349/223 309/336/211
f 311/338/213 323/351/225 322/350/224 310/337/212
f 312/327/214 324/340/226 323/351/225 311/338/213
f 313/339/215 325/352/227 336/353/238 324/340/226
f 314/341/216 326/354/228 325/355/227 313/342/215
f 315/343/217 327/356/229 326/354/228 314/341/216
f 316/344/218 328/357/230 327/356/229 315/343/217
f 317/345/219 329/358/231 328/357/230 316/344/218
f 318/346/220 330/359/232 329/358/231 317/345/219
f 319/347/221 331/360/233 330/359/232 318/346/220
f 320/348/222 332/361/234 331/360/233 319/347/221
f 321/349/223 333/362/235 332/361/234 320/348/222
f 322/350/224 334/363/236 333/362/235 321/349/223
f 323/351/225 335/364/237 334/363/236 322/350/224
f 324/340/226 336/353/238 335/364/237 323/351/225
f 325/352/227 337/365/239 348/366/250 336/353/238
f 326/354/228 338/367/240 337/368/239 325/355/227
f 327/356/229 339/369/241 338/367/240 326/354/228
f 328/357/230 340/370/242 339/369/241 327/356/229
f 329/358/231 341/371/243 340/370/242 328/357/230
f 330/359/232 342/372/244 341/371/243 329/358/231
f 331/360/233 343/373/245 342/372/244 330/359/232
f 332/361/234 344/374/246 343/373/245 331/360/233
f 333/362/235 345/375/247 344/374/246 332/361/234
f 334/363/236 346/376/248 345/375/247 333/362/235
f 335/364/237 347/377/249 346/376/248 334/363/236
f 336/353/238 348/366/250 347/377/249 335/364/237
f 337/365/239 349/378/251 360/379/262 348/366/250
f 338/367/240 350/380/252 349/381/251 337/368/239
f 339/369/241 351/382/253 350/380/252 338/367/240
f 340/370/242 352/383/254 351/382/253 339/369/241
f 341/371/243 353/384/255 352/383/254 340/370/242
f 342/372/244 354/385/256 353/384/255 341/371/243
f 343/373/245 355/386/257 354/385/256 342/372/244
f 344/374/246 356/387/258 355/386/257 343/373/245
f 345/375/247 357/388/259 356/387/258 344/374/246
f 346/376/248 358/389/260 357/388/259 345/375/247
f 347/377/249 359/390/261 358/389/260 346/376/248
f 348/366/250 360/379/262 359/390/261 347/377/249
f 349/378/251 361/391/263 372/392/274 360/379/262
f 350/380/252 362/393/264 361/394/263 349/381/251
f 351/382/253 363/395/265 362/393/264 350/380/252
f 352/383/254 364/396/266 363/395/265 351/382/253
f 353/384/255 365/397/267 364/396/266 352/383/254
f 354/385/256 366/398/268 365/397/267 353/384/255
f 355/386/257 367/399/269 366/398/268 354/385/256
f 356/387/258 368/400/270 367/399/269 355/386/257
f 357/388/259 369/401/271 368/400/270 356/387/258
f 358/389/260 370/402/272 369/401/271 357/388/259
f 359/390/261 371/403/273 370/402/272 358/389/260
f 360/379/262 372/392/274 371/403/273 359/390/261
f 361/391/263 373/404/275 384/405/286 372/392/274
f 362/393/264 374/406/276 373/407/275 361/394/263
f 363/395/265 375/408/277 374/406/276 362/393/264
f 364/396/266 376/409/278 375/408/277 363/395/265
f 365/397/267 377/410/279 376/409/278 364/396/266
f 366/398/268 378/411/280 377/410/279 365/397/267
f 367/399/269 379/412/281 378/411/280 366/398/268
f 368/400/270 380/413/282 379/412/281 367/399/269
f 369/401/271 381/414/283 380/413/282 368/400/270
f 370/402/272 382/415/284 381/414/283 369/401/271
f 371/403/273 383/416/285 382/415/284 370/402/272
f 372/392/274 384/405/286 383/416/285 371/403/273
f 373/404/275 385/417/287 396/418/298 384/405/286
f 374/406/276 386/419/288 385/420/287 373/407/275
f 375/408/277 387/421/289 386/419/288 374/406/276
f 376/409/278 388/422/290 387/421/289 375/408/277
f 377/410/279 389/423/291 388/422/290 376/409/278
f 378/411/280 390/424/292 389/423/291 377/410/279
f 379/412/281 391/425/293 390/424/292 378/411/280
f 380/413/282 392/426/294 391/425/293 379/412/281
f 381/414/283 393/427/295 392/426/294 380/413/282
f 382/415/284 394/428/296 393/427/295 381/414/283
f 383/416/285 395/429/297 394/428/296 382/415/284
f 384/405/286 396/418/298 395/429/297 383/416/285
f 385/417/287 397/430/299 408/431/310 396/418/298
f 386/419/288 398/432/300 397/433/299 385/420/287
f 387/421/289 399/434/301 398/432/300 386/419/288
f 388/422/290 400/435/302 399/434/301 387/421/289
f 389/423/291 401/436/303 400/435/302 388/422/290
f 390/424/292 402/437/304 401/436/303 389/423/291
f 391/425/293 403/438/305 402/437/304 390/424/292
f 392/426/294 404/439/306 403/438/305 391/425/293
f 393/427/295 405/440/307 404/439/306 392/426/294
f 394/428/296 406/441/308 405/440/307 393/427/295
f 395/429/297 407/442/309 406/441/308 394/428/296
f 396/418/298 408/431/310 407/442/309 395/429/297
f 397/430/299 409/443/311 420/444/322 408/431/310
f 398/432/300 410/445/312 409/446/311 397/433/299
f 399/434/301 411/447/313 410/445/312 398/432/300
f 400/435/302 412/448/314 411/447/313 399/434/301
f 401/436/303 413/449/315 412/448/314 400/435/302
f 402/437/304 414/450/316 413/449/315 401/436/303
f 403/438/305 415/451/317 414/450/316 402/437/304
f 404/439/306 416/452/318 415/451/317 403/438/305
f 405/440/307 417/453/319 416/452/318 404/439/306
f 406/441/308 418/454/320 417/453/319 405/440/307
f 407/442/309 419/455/321 418/454/320 406/441/308
f 408/431/310 420/444/322 419/455/321 407/442/309
f 409/443/311 421/456/323 432/457/334 420/444/322
f 410/445/312 422/458/324 421/459/323 409/446/311
f 411/447/313 423/460/325 422/458/324 410/445/312
f 412/448/314 424/461/326 423/460/325 411/447/313
f 413/449/315 425/462/327 424/461/326 412/448/314
f 414/450/316 426/463/328 425/462/327 413/449/315
f 415/451/317 427/464/329 426/463/328 414/450/316
f 416/452/318 428/465/330 427/464/329 415/451/317
f 417/453/319 429/466/331 428/465/330 416/452/318
f 418/454/320 430/467/332 429/466/331 417/453/319
f 419/455/321 431/468/333 430/467/332 418/454/320
f 420/444/322 432/457/334 431/468/333 419/455/321
f 421/456/323 433/469/335 444/470/346 432/457/334
f 422/458/324 434/471/336 433/472/335 421/459/323
f 423/460/325 435/473/337 434/471/336 422/458/324
f 424/461/326 436/474/338 435/473/337 423/460/325
f 425/462/327 437/475/339 436/474/338 424/461/326
f 426/463/328 438/476/340 437/475/339 425/462/327
f 427/464/329 439/477/341 438/476/340 426/463/328
f 428/465/330 440/478/342 439/477/341 427/464/329
f 429/466/331 441/479/343 440/478/342 428/465/330
f 430/467/332 442/480/344 441/479/343 429/466/331
f 431/468/333 443/481/345 442/480/344 430/467/332
f 432/457/334 444/470/346 443/481/345 431/468/333
f 445/1/347 457/2/357 468/3/368 456/4/6
f 446/5/348 458/6/358 457/7/357 445/8/347
f 447/9/349 459/10/359 458/6/358 446/5/348
f 448/11/350 460/12/360 459/10/359 447/9/349
f 449/13/351 461/14/361 460/12/360 448/11/350
f 450/15/12 462/16/362 461/14/361 449/13/351
f 451/17/352 463/18/363 462/16/362 450/15/12
f 452/19/353 464/20/364 463/18/363 451/17/352
f 453/21/354 465/22/365 464/20/364 452/19/353
f 454/23/355 466/24/366 465/22/365 453/21/354
f 455/25/356 467/26/367 466/24/366 454/23/355
f 456/4/6 468/3/368 467/26/367 455/25/356
f 457/2/357 469/27/369 480/28/380 468/3/368
f 458/6/358 470/29/370 469/30/369 457/7/357
f 459/10/359 471/31/371 470/29/370 458/6/358
f 460/12/360 472/32/372 471/31/371 459/10/359
f 461/14/361 473/33/373 472/32/372 460/12/360
f 462/16/362 474/34/374 473/33/373 461/14/361
f 463/18/363 475/35/375 474/34/374 462/16/362
f 464/20/364 476/36/376 475/35/375 463/18/363
f 465/22/365 477/37/377 476/36/376 464/20/364
f 466/24/366 478/38/378 477/37/377 465/22/365
f 467/26/367 479/39/379 478/38/378 466/24/366
f 468/3/368 480/28/380 479/39/379 467/26/367
f 469/27/369 481/40/381 492/41/392 480/28/380
f 470/29/370 482/42/382 481/43/381 469/30/369
f 471/31/371 483/44/383 482/42/382 470/29/370
f 472/32/372 484/45/384 483/44/383 471/31/371
f 473/33/373 485/46/385 484/45/384 472/32/372
f 474/34/374 486/47/386 485/46/385 473/33/373
f 475/35/375 487/48/387 486/47/386 474/34/374
f 476/36/376 488/49/388 487/48/387 475/35/375
f 477/37/377 489/50/389 488/49/388 476/36/376
f 478/38/378 490/51/390 489/50/389 477/37/377
f 479/39/379 491/52/391 490/51/390 478/38/378
f 480/28/380 492/41/392 491/52/391 479/39/379
f 481/40/381 493/53/393 504/54/404 492/41/392
f 482/42/382 494/55/394 493/56/393 481/43/381
f 483/44/383 495/57/395 494/55/394 482/42/382
f 484/45/384 496/58/396 495/57/395 483/44/383
f 485/46/385 497/59/397 496/58/396 484/45/384
f 486/47/386 498/60/398 497/59/397 485/46/385
f 487/48/387 499/61/399 498/60/398 486/47/386
f 488/49/388 500/62/400 499/61/399 487/48/387
f 489/50/389 501/63/401 500/62/400 488/49/388
f 490/51/390 502/64/402 501/63/401 489/50/389
f 491/52/391 503/65/403 502/64/402 490/51/390
f 492/41/392 504/54/404 503/65/403 491/52/391
f 493/53/393 505/66/405 516/67/416 504/54/404
f 494/55/394 506/68/406 505/69/405 493/56/393
f 495/57/395 507/70/407 506/68/406 494/55/394
f 496/58/396 508/71/408 507/70/407 495/57/395
f 497/59/397 509/72/409 508/71/408 496/58/396
f 498/60/398 510/73/410 509/72/409 497/59/397
f 499/61/399 511/74/411 510/73/410 498/60/398
f 500/62/400 512/75/412 511/74/411 499/61/399
f 501/63/401 513/76/413 512/75/412 500/62/400
f 502/64/402 514/77/414 513/76/413 501/63/401
f 503/65/403 515/78/415 514/77/414 502/64/402
f 504/54/404 516/67/416 515/78/415 503/65/403
f 505/66/405 517/79/417 528/80/428 516/67/416
f 506/68/406 518/81/418 517/82/417 505/69/405
f 507/70/407 519/83/419 518/81/418 506/68/406
f 508/71/408 520/84/420 519/83/419 507/70/407
f 509/72/409 521/85/421 520/84/420 508/71/408
f 510/73/410 522/86/422 521/85/421 509/72/409
f 511/74/411 523/87/423 522/86/422 510/73/410
f 512/75/412 524/88/424 523/87/423 511/74/411
f 513/76/413 525/89/425 524/88/424 512/75/412
f 514/77/414 526/90/426 525/89/425 513/76/413
f 515/78/415 527/91/427 526/90/426 514/77/414
f 516/67/416 528/80/428 527/91/427 515/78/415
f 517/79/417 529/92/429 540/93/440 528/80/428
f 518/81/418 530/94/430 529/95/429 517/82/417
f 519/83/419 531/96/431 530/94/430 518/81/418
f 520/84/420 532/97/432 531/96/431 519/83/419
f 521/85/421 533/98/433 532/97/432 520/84/420
f 522/86/422 534/99/434 533/98/433 521/85/421
f 523/87/423 535/100/435 534/99/434 522/86/422
f 524/88/424 536/101/436 535/100/435 523/87/423
f 525/89/425 537/102/437 536/101/436 524/88/424
f 526/90/426 538/103/438 537/102/437 525/89/425
f 527/91/427 539/104/439 538/103/438 526/90/426
f 528/80/428 540/93/440 539/104/439 527/91/427
f 529/92/429 541/105/441 552/106/452 540/93/440
f 530/94/430 542/107/442 541/108/441 529/95/429
f 531/96/431 543/109/443 542/107/442 530/94/430
f 532/97/432 544/110/444 543/109/443 531/96/431
f 533/98/433 545/111/445 544/110/444 532/97/432
f 534/99/434 546/112/446 545/111/445 533/98/433
f 535/100/435 547/113/447 546/112/446 534/99/434
f 536/101/436 548/114/448 547/113/447 535/100/435
f 537/102/437 549/115/449 548/114/448 536/101/436
f 538/103/438 550/116/450 549/115/449 537/102/437
f 539/104/439 551/117/451 550/116/450 538/103/438
f 540/93/440 552/106/452 551/117/451 539/104/439
f 541/105/441 553/118/453 564/119/464 552/106/452
f 542/107/442 554/120/454 553/121/453 541/108/441
f 543/109/443 555/122/455 554/120/454 542/107/442
f 544/110/444 556/123/456 555/122/455 543/109/443
f 545/111/445 557/124/457 556/123/456 544/110/444
f 546/112/446 558/125/458 557/124/457 545/111/445
f 547/113/447 559/126/459 558/125/458 546/112/446
f 548/114/448 560/127/460 559/126/459 547/113/447
f 549/115/449 561/128/461 560/127/460 548/114/448
f 550/116/450 562/129/462 561/128/461 549/115/449
f 551/117/451 563/130/463 562/129/462 550/116/450
f 552/106/452 564/119/464 563/130/463 551/117/451
f 553/118/453 565/131/465 576/132/476 564/119/464
f 554/120/454 566/133/466 565/134/465 553/121/453
f 555/122/455 567/135/467 566/133/466 554/120/454
f 556/123/456 568/136/468 567/135/467 555/122/455
f 557/124/457 569/137/469 568/136/468 556/123/456
f 558/125/458 570/138/470 569/137/469 557/124/457
f 559/126/459 571/139/471 570/138/470 558/125/458
f 560/127/460 572/140/472 571/139/471 559/126/459
f 561/128/461 573/141/473 572/140/472 560/127/460
f 562/129/462 574/142/474 573/141/473 561/128/461
f 563/130/463 575/143/475 574/142/474 562/129/462
f 564/119/464 576/132/476 575/143/475 563/130/463
f 565/131/465 577/144/477 588/145/488 576/132/476
f 566/133/466 578/146/478 577/147/477 565/134/465
f 567/135/467 579/148/479 578/146/478 566/133/466
f 568/136/468 580/149/480 579/148/479 567/135/467
f 569/137/469 581/150/481 580/149/480 568/136/468
f 570/138/470 582/151/482 581/150/481 569/137/469
f 571/139/471 583/152/483 582/151/482 570/138/470
f 572/140/472 584/153/484 583/152/483 571/139/471
f 573/141/473 585/154/485 584/153/484 572/140/472
f 574/142/474 586/155/486 585/154/485 573/141/473
f 575/143/475 587/156/487 586/155/486 574/142/474
f 576/132/476 588/145/488 587/156/487 575/143/475
f 577/144/477 589/157/489 600/158/500 588/145/488
f 578/146/478 590/159/490 589/160/489 577/147/477
f 579/148/479 591/161/491 590/159/490 578/146/478
f 580/149/480 592/162/492 591/161/491 579/148/479
f 581/150/481 593/163/493 592/162/492 580/149/480
f 582/151/482 594/164/494 593/163/493 581/150/481
f 583/152/483 595/165/495 594/164/494 582/151/482
f 584/153/484 596/166/496 595/165/495 583/152/483
f 585/154/485 597/167/497 596/166/496 584/153/484
f 586/155/486 598/168/498 597/167/497 585/154/485
f 587/156/487 599/169/499 598/168/498 586/155/486
f 588/145/488 600/158/500 599/169/499 587/156/487
f 589/157/489 601/170/161 612/171/162 600/158/500
f 590/159/490 602/172/160 601/173/161 589/160/489
f 591/161/491 603/174/159 602/172/160 590/159/490
f 592/162/492 604/175/158 603/174/159 591/161/491
f 593/163/493 605/176/157 604/175/158 592/162/492
f 594/164/494 606/177/168 605/176/157 593/163/493
f 595/165/495 607/178/167 606/177/168 594/164/494
f 596/166/496 608/179/166 607/178/167 595/165/495
f 597/167/497 609/180/165 608/179/166 596/166/496
f 598/168/498 610/181/164 609/180/165 597/167/497
f 599/169/499 611/182/163 610/181/164 598/168/498
f 600/158/500 612/171/162 611/182/163 599/169/499
f 601/170/161 613/183/161 624/184/162 612/171/162
f 602/172/160 614/185/160 613/186/161 601/173/161
f 603/174/159 615/187/159 614/185/160 602/172/160
f 604/175/158 616/188/158 615/187/159 603/174/159
f 605/176/157 617/189/157 616/188/158 604/175/158
f 606/177/168 618/190/168 617/189/157 605/176/157
f 607/178/167 619/191/167 618/190/168 606/177/168
f 608/179/166 620/192/166 619/191/167 607/178/167
f 609/180/165 621/193/165 620/192/166 608/179/166
f 610/181/164 622/194/164 621/193/165 609/180/165
f 611/182/163 623/195/163 622/194/164 610/181/164
f 612/171/162 624/184/162 623/195/163 611/182/163
f 613/183/161 625/196/161 636/197/162 624/184/162
f 614/185/160 626/198/160 625/199/161 613/186/161
f 615/187/159 627/200/159 626/198/160 614/185/160
f 616/188/158 628/201/158 627/200/159 615/187/159
f 617/189/157 629/202/157 628/201/158 616/188/158
f 618/190/168 630/203/168 629/202/157 617/189/157
f 619/191/167 631/204/167 630/203/168 618/190/168
f 620/192/166 632/205/166 631/204/167 619/191/167
f 621/193/165 633/206/165 632/205/166 620/192/166
f 622/194/164 634/207/164 633/206/165 621/193/165
f 623/195/163 635/208/163 634/207/164 622/194/164
f 624/184/162 636/197/162 635/208/163 623/195/163
f 625/196/161 637/209/161 648/210/162 636/197/162
f 626/198/160 638/211/160 637/212/161 625/199/161
f 627/200/159 639/213/159 638/211/160 626/198/160
f 628/201/158 640/214/158 639/213/159 627/200/159
f 629/202/157 641/215/157 640/214/158 628/201/158
f 630/203/168 642/216/168 641/215/157 629/202/157
f 631/204/167 643/217/167 642/216/168 630/203/168
f 632/205/166 644/218/166 643/217/167 631/204/167
f 633/206/165 645/219/165 644/218/166 632/205/166
f 634/207/164 646/220/164 645/219/165 633/206/165
f 635/208/163 647/221/163 646/220/164 634/207/164
f 636/197/162 648/210/162 647/221/163 635/208/163
f 637/209/161 649/222/501 660/223/511 648/210/162
f 638/211/160 650/224/502 649/225/501 637/212/161
f 639/213/159 651/226/162 650/224/502 638/211/160
f 640/214/158 652/227/503 651/226/162 639/213/159
f 641/215/157 653/228/504 652/227/503 640/214/158
f 642/216/168 654/229/505 653/228/504 641/215/157
f 643/217/167 655/230/506 654/229/505 642/216/168
f 644/218/166 656/231/507 655/230/506 643/217/167
f 645/219/165 657/232/508 656/231/507 644/218/166
f 646/220/164 658/233/509 657/232/508 645/219/165
f 647/221/163 659/234/510 658/233/509 646/220/164
f 648/210/162 660/223/511 659/234/510 647/221/163
f 649/222/501 661/235/167 672/236/168 660/223/511
f 650/224/502 662/237/166 661/238/167 649/225/501
f 651/226/162 663/239/165 662/237/166 650/224/502
f 652/227/503 664/240/164 663/239/165 651/226/162
f 653/228/504 665/241/163 664/240/164 652/227/503
f 654/229/505 666/242/162 665/241/163 653/228/504
f 655/230/506 667/243/161 666/242/162 654/229/505
f 656/231/507 668/244/160 667/243/161 655/230/506
f 657/232/508 669/245/159 668/244/160 656/231/507
f 658/233/509 670/246/158 669/245/159 657/232/508
f 659/234/510 671/247/157 670/246/158 658/233/509
f 660/223/511 672/236/168 671/247/157 659/234/510
f 661/235/167 673/248/167 684/249/168 672/236/168
f 662/237/166 674/250/166 673/251/167 661/238/167
f 663/239/165 675/252/165 674/250/166 662/237/166
f 664/240/164 676/253/164 675/252/165 663/239/165
f 665/241/163 677/254/163 676/253/164 664/240/164
f 666/242/162 678/255/162 677/254/163 665/241/163
f 667/243/161 679/256/161 678/255/162 666/242/162
f 668/244/160 680/257/160 679/256/161 667/243/161
f 669/245/159 681/258/159 680/257/160 668/244/160
f 670/246/158 682/259/158 681/258/159 669/245/159
f 671/247/157 683/260/157 682/259/158 670/246/158
f 672/236/168 684/249/168 683/260/157 671/247/157
f 673/248/167 685/261/167 696/262/168 684/249/168
f 674/250/166 686/263/166 685/264/167 673/251/167
f 675/252/165 687/265/165 686/263/166 674/250/166
f 676/253/164 688/266/164 687/265/165 675/252/165
f 677/254/163 689/267/163 688/266/164 676/253/164
f 678/255/162 690/268/162 689/267/163 677/254/163
f 679/256/161 691/269/161 690/268/162 678/255/162
f 680/257/160 692/270/160 691/269/161 679/256/161
f 681/258/159 693/271/159 692/270/160 680/257/160
f 682/259/158 694/272/158 693/271/159 681/258/159
f 683/260/157 695/273/157 694/272/158 682/259/158
f 684/249/168 696/262/168 695/273/157 683/260/157
f 685/261/167 697/274/167 708/275/168 696/262/168
f 686/263/166 698/276/166 697/277/167 685/264/167
f 687/265/165 699/278/165 698/276/166 686/263/166
f 688/266/164 700/279/164 699/278/165 687/265/165
f 689/267/163 701/280/163 700/279/164 688/266/164
f 690/268/162 702/281/162 701/280/163 689/267/163
f 691/269/161 703/282/161 702/281/162 690/268/162
f 692/270/160 704/283/160 703/282/161 691/269/161
f 693/271/159 705/284/159 704/283/160 692/270/160
f 694/272/158 706/285/158 705/284/159 693/271/159
f 695/273/157 707/286/157 706/285/158 694/272/158
f 696/262/168 708/275/168 707/286/157 695/273/157
f 697/274/167 709/287/512 720/288/522 708/275/168
f 698/276/166 710/289/513 709/290/512 697/277/167
f 699/278/165 711/291/514 710/289/513 698/276/166
f 700/279/164 712/292/515 711/291/514 699/278/165
f 701/280/163 713/293/516 712/292/515 700/279/164
f 702/281/162 714/294/162 713/293/516 701/280/163
f 703/282/161 715/295/517 714/294/162 702/281/162
f 704/283/160 716/296/518 715/295/517 703/282/161
f 705/284/159 717/297/519 716/296/518 704/283/160
f 706/285/158 718/298/520 717/297/519 705/284/159
f 707/286/157 719/299/521 718/298/520 706/285/158
f 708/275/168 720/288/522 719/299/521 707/286/157
f 709/287/512 721/300/161 732/301/162 720/288/522
f 710/289/513 722/302/160 721/303/161 709/290/512
f 711/291/514 723/304/159 722/302/160 710/289/513
f 712/292/515 724/305/158 723/304/159 711/291/514
f 713/293/516 725/306/157 724/305/158 712/292/515
f 714/294/162 726/307/168 725/306/157 713/293/516
f 715/295/517 727/308/167 726/307/168 714/294/162
f 716/296/518 728/309/166 727/308/167 715/295/517
f 717/297/519 729/310/165 728/309/166 716/296/518
f 718/298/520 730/311/164 729/310/165 717/297/519
f 719/299/521 731/312/163 730/311/164 718/298/520
f 720/288/522 732/301/162 731/312/163 719/299/521
f 721/300/161 733/313/523 744/314/534 732/301/162
f 722/302/160 734/315/524 733/316/523 721/303/161
f 723/304/159 735/317/525 734/315/524 722/302/160
f 724/305/158 736/318/526 735/317/525 723/304/159
f 725/306/157 737/319/527 736/318/526 724/305/158
f 726/307/168 738/320/528 737/319/527 725/306/157
f 727/308/167 739/321/529 738/320/528 726/307/168
f 728/309/166 740/322/530 739/321/529 727/308/167
f 729/310/165 741/323/531 740/322/530 728/309/166
f 730/311/164 742/324/532 741/323/531 729/310/165
f 731/312/163 743/325/533 742/324/532 730/311/164
f 732/301/162 744/314/534 743/325/533 731/312/163
f 733/313/523 745/326/535 756/327/546 744/314/534
f 734/315/524 746/328/536 745/329/535 733/316/523
f 735/317/525 747/330/537 746/328/536 734/315/524
f 736/318/526 748/331/538 747/330/537 735/317/525
f 737/319/527 749/332/539 748/331/538 736/318/526
f 738/320/528 750/333/540 749/332/539 737/319/527
f 739/321/529 751/334/541 750/333/540 738/320/528
f 740/322/530 752/335/542 751/334/541 739/321/529
f 741/323/531 753/336/543 752/335/542 740/322/530
f 742/324/532 754/337/544 753/336/543 741/323/531
f 743/325/533 755/338/545 754/337/544 742/324/532
f 744/314/534 756/327/546 755/338/545 743/325/533
f 745/326/535 757/339/547 768/340/558 756/327/546
f 746/328/536 758/341/548 757/342/547 745/329/535
f 747/330/537 759/343/549 758/341/548 746/328/536
f 748/331/538 760/344/550 759/343/549 747/330/537
f 749/332/539 761/345/551 760/344/550 748/331/538
f 750/333/540 762/346/552 761/345/551 749/332/539
f 751/334/541 763/347/553 762/346/552 750/333/540
f 752/335/542 764/348/554 763/347/553 751/334/541
f 753/336/543 765/349/555 764/348/554 752/335/542
f 754/337/544 766/350/556 765/349/555 753/336/543
f 755/338/545 767/351/557 766/350/556 754/337/544
f 756/327/546 768/340/558 767/351/557 755/338/545
f 757/339/547 769/352/559 780/353/570 768/340/558
f 758/341/548 770/354/560 769/355/559 757/342/547
f 759/343/549 771/356/561 770/354/560 758/341/548
f 760/344/550 772/357/562 771/356/561 759/343/549
f 761/345/551 773/358/563 772/357/562 760/344/550
f 762/346/552 774/359/564 773/358/563 761/345/551
f 763/347/553 775/360/565 774/359/564 762/346/552
f 764/348/554 776/361/566 775/360/565 763/347/553
f 765/349/555 777/362/567 776/361/566 764/348/554
f 766/350/556 778/363/568 777/362/567 765/349/555
f 767/351/557 779/364/569 778/363/568 766/350/556
f 768/340/558 780/353/570 779/364/569 767/351/557
f 769/352/559 781/365/571 792/366/244 780/353/570
f 770/354/560 782/367/572 781/368/571 769/355/559
f 771/356/561 783/369/573 782/367/572 770/354/560
f 772/357/562 784/370/574 783/369/573 771/356/561
f 773/358/563 785/371/575 784/370/574 772/357/562
f 774/359/564 786/372/250 785/371/575 773/358/563
f 775/360/565 787/373/576 786/372/250 774/359/564
f 776/361/566 788/374/577 787/373/576 775/360/565
f 777/362/567 789/375/578 788/374/577 776/361/566
f 778/363/568 790/376/579 789/375/578 777/362/567
f 779/364/569 791/377/580 790/376/579 778/363/568
f 780/353/570 792/366/244 791/377/580 779/364/569
f 781/365/571 793/378/581 804/379/592 792/366/244
f 782/367/572 794/380/582 793/381/581 781/368/571
f 783/369/573 795/382/583 794/380/582 782/367/572
f 784/370/574 796/383/584 795/382/583 783/369/573
f 785/371/575 797/384/585 796/383/584 784/370/574
f 786/372/250 798/385/586 797/384/585 785/371/575
f 787/373/576 799/386/587 798/385/586 786/372/250
f 788/374/577 800/387/588 799/386/587 787/373/576
f 789/375/578 801/388/589 800/387/588 788/374/577
f 790/376/579 802/389/590 801/388/589 789/375/578
f 791/377/580 803/390/591 802/389/590 790/376/579
f 792/366/244 804/379/592 803/390/591 791/377/580
f 793/378/581 805/391/593 816/392/604 804/379/592
f 794/380/582 806/393/594 805/394/593 793/381/581
f 795/382/583 807/395/595 806/393/594 794/380/582
f 796/383/584 808/396/596 807/395/595 795/382/583
f 797/384/585 809/397/597 808/396/596 796/383/584
f 798/385/586 810/398/598 809/397/597 797/384/585
f 799/386/587 811/399/599 810/398/598 798/385/586
f 800/387/588 812/400/600 811/399/599 799/386/587
f 801/388/589 813/401/601 812/400/600 800/387/588
f 802/389/590 814/402/602 813/401/601 801/388/589
f 803/390/591 815/403/603 814/402/602 802/389/590
f 804/379/592 816/392/604 815/403/603 803/390/591
f 805/391/593 817/404/605 828/405/616 816/392/604
f 806/393/594 818/406/606 817/407/605 805/394/593
f 807/395/595 819/408/607 818/406/606 806/393/594
f 808/396/596 820/409/608 819/408/607 807/395/595
f 809/397/597 821/410/609 820/409/608 808/396/596
f 810/398/598 822/411/610 821/410/609 809/397/597
f 811/399/599 823/412/611 822/411/610 810/398/598
f 812/400/600 824/413/612 823/412/611 811/399/599
f 813/401/601 825/414/613 824/413/612 812/400/600
f 814/402/602 826/415/614 825/414/613 813/401/601
f 815/403/603 827/416/615 826/415/614 814/402/602
f 816/392/604 828/405/616 827/416/615 815/403/603
f 817/404/605 829/417/617 840/418/628 828/405/616
f 818/406/606 830/419/618 829/420/617 817/407/605
f 819/408/607 831/421/619 830/419/618 818/406/606
f 820/409/608 832/422/620 831/421/619 819/408/607
f 821/410/609 833/423/621 832/422/620 820/409/608
f 822/411/610 834/424/622 833/423/621 821/410/609
f 823/412/611 835/425/623 834/424/622 822/411/610
f 824/413/612 836/426/624 835/425/623 823/412/611
f 825/414/613 837/427/625 836/426/624 824/413/612
f 826/415/614 838/428/626 837/427/625 825/414/613
f 827/416/615 839/429/627 838/428/626 826/415/614
f 828/405/616 840/418/628 839/429/627 827/416/615
f 829/417/617 841/430/629 852/431/640 840/418/628
f 830/419/618 842/432/630 841/433/629 829/420/617
f 831/421/619 843/434/631 842/432/630 830/419/618
f 832/422/620 844/435/632 843/434/631 831/421/619
f 833/423/621 845/436/633 844/435/632 832/422/620
f 834/424/622 846/437/634 845/436/633 833/423/621
f 835/425/623 847/438/635 846/437/634 834/424/622
f 836/426/624 848/439/636 847/438/635 835/425/623
f 837/427/625 849/440/637 848/439/636 836/426/624
f 838/428/626 850/441/638 849/440/637 837/427/625
f 839/429/627 851/442/639 850/441/638 838/428/626
f 840/418/628 852/431/640 851/442/639 839/429/627
f 841/430/629 853/443/641 864/444/316 852/431/640
f 842/432/630 854/445/642 853/446/641 841/433/629
f 843/434/631 855/447/643 854/445/642 842/432/630
f 844/435/632 856/448/644 855/447/643 843/434/631
f 845/436/633 857/449/645 856/448/644 844/435/632
f 846/437/634 858/450/322 857/449/645 845/436/633
f 847/438/635 859/451/646 858/450/322 846/437/634
f 848/439/636 860/452/647 859/451/646 847/438/635
f 849/440/637 861/453/648 860/452/647 848/439/636
f 850/441/638 862/454/649 861/453/648 849/440/637
f 851/442/639 863/455/650 862/454/649 850/441/638
f 852/431/640 864/444/316 863/455/650 851/442/639
f 853/443/641 865/456/651 876/457/328 864/444/316
f 854/445/642 866/458/652 865/459/651 853/446/641
f 855/447/643 867/460/653 866/458/652 854/445/642
f 856/448/644 868/461/654 867/460/653 855/447/643
f 857/449/645 869/462/655 868/461/654 856/448/644
f 858/450/322 870/463/334 869/462/655 857/449/645
f 859/451/646 871/464/656 870/463/334 858/450/322
f 860/452/647 872/465/657 871/464/656 859/451/646
f 861/453/648 873/466/658 872/465/657 860/452/647
f 862/454/649 874/467/659 873/466/658 861/453/648
f 863/455/650 875/468/660 874/467/659 862/454/649
f 864/444/316 876/457/328 875/468/660 863/455/650
f 865/456/651 877/469/661 888/470/340 876/457/328
f 866/458/652 878/471/662 877/472/661 865/459/651
f 867/460/653 879/473/663 878/471/662 866/458/652
f 868/461/654 880/474/664 879/473/663 867/460/653
f 869/462/655 881/475/665 880/474/664 868/461/654
f 870/463/334 882/476/346 881/475/665 869/462/655
f 871/464/656 883/477/666 882/476/346 870/463/334
f 872/465/657 884/478/667 883/477/666 871/464/656
f 873/466/658 885/479/668 884/478/667 872/465/657
f 874/467/659 886/480/669 885/479/668 873/466/658
f 875/468/660 887/481/670 886/480/669 874/467/659
f 876/457/328 888/470/340 887/481/670 875/468/660
f 889/1/671 901/2/683 912/3/694 900/4/682
f 890/5/672 902/6/684 901/7/683 889/8/671
f 891/9/673 903/10/685 902/6/684 890/5/672
f 892/11/674 904/12/686 903/10/685 891/9/673
f 893/13/675 905/14/687 904/12/686 892/11/674
f 894/15/676 906/16/688 905/14/687 893/13/675
f 895/17/677 907/18/689 906/16/688 894/15/676
f 896/19/678 908/20/690 907/18/689 895/17/677
f 897/21/679 909/22/691 908/20/690 896/19/678
f 898/23/680 910/24/692 909/22/691 897/21/679
f 899/25/681 911/26/693 910/24/692 898/23/680
f 900/4/682 912/3/694 911/26/693 899/25/681
f 901/2/683 913/27/695 924/28/706 912/3/694
f 902/6/684 914/29/696 913/30/695 901/7/683
f 903/10/685 915/31/697 914/29/696 902/6/684
f 904/12/686 916/32/698 915/31/697 903/10/685
f 905/14/687 917/33/699 916/32/698 904/12/686
f 906/16/688 918/34/700 917/33/699 905/14/687
f 907/18/689 919/35/701 918/34/700 906/16/688
f 908/20/690 920/36/702 919/35/701 907/18/689
f 909/22/691 921/37/703 920/36/702 908/20/690
f 910/24/692 922/38/704 921/37/703 909/22/691
f 911/26/693 923/39/705 922/38/704 910/24/692
f 912/3/694 924/28/706 923/39/705 911/26/693
f 913/27/695 925/40/707 936/41/718 924/28/706
f 914/29/696 926/42/708 925/43/707 913/30/695
f 915/31/697 927/44/709 926/42/708 914/29/696
f 916/32/698 928/45/710 927/44/709 915/31/697
f 917/33/699 929/46/711 928/45/710 916/32/698
f 918/34/700 930/47/712 929/46/711 917/33/699
f 919/35/701 931/48/713 930/47/712 918/34/700
f 920/36/702 932/49/714 931/48/713 919/35/701
f 921/37/703 933/50/715 932/49/714 920/36/702
f 922/38/704 934/51/716 933/50/715 921/37/703
f 923/39/705 935/52/717 934/51/716 922/38/704
f 924/28/706 936/41/718 935/52/717 923/39/705
f 925/40/707 937/53/719 948/54/730 936/41/718
f 926/42/708 938/55/720 937/56/719 925/43/707
f 927/44/709 939/57/721 938/55/720 926/42/708
f 928/45/710 940/58/722 939/57/721 927/44/709
f 929/46/711 941/59/723 940/58/722 928/45/710
f 930/47/712 942/60/724 941/59/723 929/46/711
f 931/48/713 943/61/725 942/60/724 930/47/712
f 932/49/714 944/62/726 943/61/725 931/48/713
f 933/50/715 945/63/727 944/62/726 932/49/714
f 934/51/716 946/64/728 945/63/727 933/50/715
f 935/52/717 947/65/729 946/64/728 934/51/716
f 936/41/718 948/54/730 947/65/729 935/52/717
f 937/53/719 949/66/731 960/67/742 948/54/730
f 938/55/720 950/68/732 949/69/731 937/56/719
f 939/57/721 951/70/733 950/68/732 938/55/720
f 940/58/722 952/71/734 951/70/733 939/57/721
f 941/59/723 953/72/735 952/71/734 940/58/722
f 942/60/724 954/73/736 953/72/735 941/59/723
f 943/61/725 955/74/737 954/73/736 942/60/724
f 944/62/726 956/75/738 955/74/737 943/61/725
f 945/63/727 957/76/739 956/75/738 944/62/726
f 946/64/728 958/77/740 957/76/739 945/63/727
f 947/65/729 959/78/741 958/77/740 946/64/728
f 948/54/730 960/67/742 959/78/741 947/65/729
f 949/66/731 961/79/743 972/80/754 960/67/742
f 950/68/732 962/81/744 961/82/743 949/69/731
f 951/70/733 963/83/745 962/81/744 950/68/732
f 952/71/734 964/84/746 963/83/745 951/70/733
f 953/72/735 965/85/747 964/84/746 952/71/734
f 954/73/736 966/86/748 965/85/747 953/72/735
f 955/74/737 967/87/749 966/86/748 954/73/736
f 956/75/738 968/88/750 967/87/749 955/74/737
f 957/76/739 969/89/751 968/88/750 956/75/738
f 958/77/740 970/90/752 969/89/751 957/76/739
f 959/78/741 971/91/753 970/90/752 958/77/740
f 960/67/742 972/80/754 971/91/753 959/78/741
f 961/79/743 973/92/755 984/93/766 972/80/754
f 962/81/744 974/94/756 973/95/755 961/82/743
f 963/83/745 975/96/757 974/94/756 962/81/744
f 964/84/746 976/97/758 975/96/757 963/83/745
f 965/85/747 977/98/759 976/97/758 964/84/746
f 966/86/748 978/99/760 977/98/759 965/85/747
f 967/87/749 979/100/761 978/99/760 966/86/748
f 968/88/750 980/101/762 979/100/761 967/87/749
f 969/89/751 981/102/763 980/101/762 968/88/750
f 970/90/752 982/103/764 981/102/763 969/89/751
f 971/91/753 983/104/765 982/103/764 970/90/752
f 972/80/754 984/93/766 983/104/765 971/91/753
f 973/92/755 985/105/767 996/106/778 984/93/766
f 974/94/756 986/107/768 985/108/767 973/95/755
f 975/96/757 987/109/769 986/107/768 974/94/756
f 976/97/758 988/110/770 987/109/769 975/96/757
f 977/98/759 989/111/771 988/110/770 976/97/758
f 978/99/760 990/112/772 989/111/771 977/98/759
f 979/100/761 991/113/773 990/112/772 978/99/760
f 980/101/762 992/114/774 991/113/773 979/100/761
f 981/102/763 993/115/775 992/114/774 980/101/762
f 982/103/764 994/116/776 993/115/775 981/102/763
f 983/104/765 995/117/777 994/116/776 982/103/764
f 984/93/766 996/106/778 995/117/777 983/104/765
f 985/105/767 997/118/779 1008/119/790 996/106/778
f 986/107/768 998/120/780 997/121/779 985/108/767
f 987/109/769 999/122/781 998/120/780 986/107/768
f 988/110/770 1000/123/782 999/122/781 987/109/769
f 989/111/771 1001/124/783 1000/123/782 988/110/770
f 990/112/772 1002/125/784 1001/124/783 989/111/771
f 991/113/773 1003/126/785 1002/125/784 990/112/772
f 992/114/774 1004/127/786 1003/126/785 991/113/773
f 993/115/775 1005/128/787 1004/127/786 992/114/774
f 994/116/776 1006/129/788 1005/128/787 993/115/775
f 995/117/777 1007/130/789 1006/129/788 994/116/776
f 996/106/778 1008/119/790 1007/130/789 995/117/777
f 997/118/779 1009/131/791 1020/132/802 1008/119/790
f 998/120/780 1010/133/792 1009/134/791 997/121/779
f 999/122/781 1011/135/793 1010/133/792 998/120/780
f 1000/123/782 1012/136/794 1011/135/793 999/122/781
f 1001/124/783 1013/137/795 1012/136/794 1000/123/782
f 1002/125/784 1014/138/796 1013/137/795 1001/124/783
f 1003/126/785 1015/139/797 1014/138/796 1002/125/784
f 1004/127/786 1016/140/798 1015/139/797 1003/126/785
f 1005/128/787 1017/141/799 1016/140/798 1004/127/786
f 1006/129/788 1018/142/800 1017/141/799 1005/128/787
f 1007/130/789 1019/143/801 1018/142/800 1006/129/788
f 1008/119/790 1020/132/802 1019/143/801 1007/130/789
f 1009/131/791 1021/144/803 1032/145/814 1020/132/802
f 1010/133/792 1022/146/804 1021/147/803 1009/134/791
f 1011/135/793 1023/148/805 1022/146/804 1010/133/792
f 1012/136/794 1024/149/806 1023/148/805 1011/135/793
f 1013/137/795 1025/150/807 1024/149/806 1012/136/794
f 1014/138/796 1026/151/808 1025/150/807 1013/137/795
f 1015/139/797 1027/152/809 1026/151/808 1014/138/796
f 1016/140/798 1028/153/810 1027/152/809 1015/139/797
f 1017/141/799 1029/154/811 1028/153/810 1016/140/798
f 1018/142/800 1030/155/812 1029/154/811 1017/141/799
f 1019/143/801 1031/156/813 1030/155/812 1018/142/800
f 1020/132/802 1032/145/814 1031/156/813 1019/143/801
f 1021/144/803 1033/157/815 1044/158/826 1032/145/814
f 1022/146/804 1034/159/816 1033/160/815 1021/147/803
f 1023/148/805 1035/161/817 1034/159/816 1022/146/804
f 1024/149/806 1036/162/818 1035/161/817 1023/148/805
f 1025/150/807 1037/163/819 1036/162/818 1024/149/806
f 1026/151/808 1038/164/820 1037/163/819 1025/150/807
f 1027/152/809 1039/165/821 1038/164/820 1026/151/808
f 1028/153/810 1040/166/822 1039/165/821 1027/152/809
f 1029/154/811 1041/167/823 1040/166/822 1028/153/810
f 1030/155/812 1042/168/824 1041/167/823 1029/154/811
f 1031/156/813 1043/169/825 1042/168/824 1030/155/812
f 1032/145/814 1044/158/826 1043/169/825 1031/156/813
f 1033/157/815 1045/170/827 1056/171/836 1044/158/826
f 1034/159/816 1046/172/828 1045/173/827 1033/160/815
f 1035/161/817 1047/174/159 1046/172/828 1034/159/816
f 1036/162/818 1048/175/829 1047/174/159 1035/161/817
f 1037/163/819 1049/176/830 1048/175/829 1036/162/818
f 1038/164/820 1050/177/831 1049/176/830 1037/163/819
f 1039/165/821 1051/178/832 1050/177/831 1038/164/820
f 1040/166/822 1052/179/833 1051/178/832 1039/165/821
f 1041/167/823 1053/180/165 1052/179/833 1040/166/822
f 1042/168/824 1054/181/834 1053/180/165 1041/167/823
f 1043/169/825 1055/182/835 1054/181/834 1042/168/824
f 1044/158/826 1056/171/836 1055/182/835 1043/169/825
f 1045/170/827 1057/183/827 1068/184/836 1056/171/836
f 1046/172/828 1058/185/828 1057/186/827 1045/173/827
f 1047/174/159 1059/187/159 1058/185/828 1046/172/828
f 1048/175/829 1060/188/829 1059/187/159 1047/174/159
f 1049/176/830 1061/189/830 1060/188/829 1048/175/829
f 1050/177/831 1062/190/831 1061/189/830 1049/176/830
f 1051/178/832 1063/191/832 1062/190/831 1050/177/831
f 1052/179/833 1064/192/833 1063/191/832 1051/178/832
f 1053/180/165 1065/193/165 1064/192/833 1052/179/833
f 1054/181/834 1066/194/834 1065/193/165 1053/180/165
f 1055/182/835 1067/195/835 1066/194/834 1054/181/834
f 1056/171/836 1068/184/836 1067/195/835 1055/182/835
f 1057/183/827 1069/196/827 1080/197/836 1068/184/836
f 1058/185/828 1070/198/828 1069/199/827 1057/186/827
f 1059/187/159 1071/200/159 1070/198/828 1058/185/828
f 1060/188/829 1072/201/829 1071/200/159 1059/187/159
f 1061/189/830 1073/202/830 1072/201/829 1060/188/829
f 1062/190/831 1074/203/831 1073/202/830 1061/189/830
f 1063/191/832 1075/204/832 1074/203/831 1062/190/831
f 1064/192/833 1076/205/833 1075/204/832 1063/191/832
f 1065/193/165 1077/206/165 1076/205/833 1064/192/833
f 1066/194/834 1078/207/834 1077/206/165 1065/193/165
f 1067/195/835 1079/208/835 1078/207/834 1066/194/834
f 1068/184/836 1080/197/836 1079/208/835 1067/195/835
f 1069/196/827 1081/209/827 1092/210/836 1080/197/836
f 1070/198/828 1082/211/828 1081/212/827 1069/199/827
f 1071/200/159 1083/213/159 1082/211/828 1070/198/828
f 1072/201/829 1084/214/829 1083/213/159 1071/200/159
f 1073/202/830 1085/215/830 1084/214/829 1072/201/829
f 1074/203/831 1086/216/831 1085/215/830 1073/202/830
f 1075/204/832 1087/217/832 1086/216/831 1074/203/831
f 1076/205/833 1088/218/833 1087/217/832 1075/204/832
f 1077/206/165 1089/219/165 1088/218/833 1076/205/833
f 1078/207/834 1090/220/834 1089/219/165 1077/206/165
f 1079/208/835 1091/221/835 1090/220/834 1078/207/834
f 1080/197/836 1092/210/836 1091/221/835 1079/208/835
f 1081/209/827 1093/222/837 1104/223/848 1092/210/836
f 1082/211/828 1094/224/838 1093/225/837 1081/212/827
f 1083/213/159 1095/226/839 1094/224/838 1082/211/828
f 1084/214/829 1096/227/840 1095/226/839 1083/213/159
f 1085/215/830 1097/228/841 1096/227/840 1084/214/829
f 1086/216/831 1098/229/842 1097/228/841 1085/215/830
f 1087/217/832 1099/230/843 1098/229/842 1086/216/831
f 1088/218/833 1100/231/844 1099/230/843 1087/217/832
f 1089/219/165 1101/232/845 1100/231/844 1088/218/833
f 1090/220/834 1102/233/846 1101/232/845 1089/219/165
f 1091/221/835 1103/234/847 1102/233/846 1090/220/834
f 1092/210/836 1104/223/848 1103/234/847 1091/221/835
f 1093/222/837 1105/235/832 1116/236/831 1104/223/848
f 1094/224/838 1106/237/833 1105/238/832 1093/225/837
f 1095/226/839 1107/239/165 1106/237/833 1094/224/838
f 1096/227/840 1108/240/834 1107/239/165 1095/226/839
f 1097/228/841 1109/241/835 1108/240/834 1096/227/840
f 1098/229/842 1110/242/836 1109/241/835 1097/228/841
f 1099/230/843 1111/243/827 1110/242/836 1098/229/842
f 1100/231/844 1112/244/828 1111/243/827 1099/230/843
f 1101/232/845 1113/245/159 1112/244/828 1100/231/844
f 1102/233/846 1114/246/829 1113/245/159 1101/232/845
f 1103/234/847 1115/247/830 1114/246/829 1102/233/846
f 1104/223/848 1116/236/831 1115/247/830 1103/234/847
f 1105/235/832 1117/248/832 1128/249/831 1116/236/831
f 1106/237/833 1118/250/833 1117/251/832 1105/238/832
f 1107/239/165 1119/252/165 1118/250/833 1106/237/833
f 1108/240/834 1120/253/834 1119/252/165 1107/239/165
f 1109/241/835 1121/254/835 1120/253/834 1108/240/834
f 1110/242/836 1122/255/836 1121/254/835 1109/241/835
f 1111/243/827 1123/256/827 1122/255/836 1110/242/836
f 1112/244/828 1124/257/828 1123/256/827 1111/243/827
f 1113/245/159 1125/258/159 1124/257/828 1112/244/828
f 1114/246/829 1126/259/829 1125/258/159 1113/245/159
f 1115/247/830 1127/260/830 1126/259/829 1114/246/829
f 1116/236/831 1128/249/831 1127/260/830 1115/247/830
f 1117/248/832 1129/261/832 1140/262/831 1128/249/831
f 1118/250/833 1130/263/833 1129/264/832 1117/251/832
f 1119/252/165 1131/265/165 1130/263/833 1118/250/833
f 1120/253/834 1132/266/834 1131/265/165 1119/252/165
f 1121/254/835 1133/267/835 1132/266/834 1120/253/834
f 1122/255/836 1134/268/836 1133/267/835 1121/254/835
f 1123/256/827 1135/269/827 1134/268/836 1122/255/836
f 1124/257/828 1136/270/828 1135/269/827 1123/256/827
f 1125/258/159 1137/271/159 1136/270/828 1124/257/828
f 1126/259/829 1138/272/829 1137/271/159 1125/258/159
f 1127/260/830 1139/273/830 1138/272/829 1126/259/829
f 1128/249/831 1140/262/831 1139/273/830 1127/260/830
f 1129/261/832 1141/274/832 1152/275/831 1140/262/831
f 1130/263/833 1142/276/833 1141/277/832 1129/264/832
f 1131/265/165 1143/278/165 1142/276/833 1130/263/833
f 1132/266/834 1144/279/834 1143/278/165 1131/265/165
f 1133/267/835 1145/280/835 1144/279/834 1132/266/834
f 1134/268/836 1146/281/836 1145/280/835 1133/267/835
f 1135/269/827 1147/282/827 1146/281/836 1134/268/836
f 1136/270/828 1148/283/828 1147/282/827 1135/269/827
f 1137/271/159 1149/284/159 1148/283/828 1136/270/828
f 1138/272/829 1150/285/829 1149/284/159 1137/271/159
f 1139/273/830 1151/286/830 1150/285/829 1138/272/829
f 1140/262/831 1152/275/831 1151/286/830 1139/273/830
f 1141/274/832 1153/287/849 1164/288/858 1152/275/831
f 1142/276/833 1154/289/850 1153/290/849 1141/277/832
f 1143/278/165 1155/291/851 1154/289/850 1142/276/833
f 1144/279/834 1156/292/852 1155/291/851 1143/278/165
f 1145/280/835 1157/293/851 1156/292/852 1144/279/834
f 1146/281/836 1158/294/851 1157/293/851 1145/280/835
f 1147/282/827 1159/295/853 1158/294/851 1146/281/836
f 1148/283/828 1160/296/854 1159/295/853 1147/282/827
f 1149/284/159 1161/297/855 1160/296/854 1148/283/828
f 1150/285/829 1162/298/856 1161/297/855 1149/284/159
f 1151/286/830 1163/299/857 1162/298/856 1150/285/829
f 1152/275/831 1164/288/858 1163/299/857 1151/286/830
f 1153/287/849 1165/300/827 1176/301/836 1164/288/858
f 1154/289/850 1166/302/828 1165/303/827 1153/290/849
f 1155/291/851 1167/304/159 1166/302/828 1154/289/850
f 1156/292/852 1168/305/829 1167/304/159 1155/291/851
f 1157/293/851 1169/306/830 1168/305/829 1156/292/852
f 1158/294/851 1170/307/831 1169/306/830 1157/293/851
f 1159/295/853 1171/308/832 1170/307/831 1158/294/851
f 1160/296/854 1172/309/833 1171/308/832 1159/295/853
f 1161/297/855 1173/310/165 1172/309/833 1160/296/854
f 1162/298/856 1174/311/834 1173/310/165 1161/297/855
f 1163/299/857 1175/312/835 1174/311/834 1162/298/856
f 1164/288/858 1176/301/836 1175/312/835 1163/299/857
f 1165/300/827 1177/313/859 1188/314/870 1176/301/836
f 1166/302/828 1178/315/860 1177/316/859 1165/303/827
f 1167/304/159 1179/317/861 1178/315/860 1166/302/828
f 1168/305/829 1180/318/862 1179/317/861 1167/304/159
f 1169/306/830 1181/319/863 1180/318/862 1168/305/829
f 1170/307/831 1182/320/864 1181/319/863 1169/306/830
f 1171/308/832 1183/321/865 1182/320/864 1170/307/831
f 1172/309/833 1184/322/866 1183/321/865 1171/308/832
f 1173/310/165 1185/323/867 1184/322/866 1172/309/833
f 1174/311/834 1186/324/868 1185/323/867 1173/310/165
f 1175/312/835 1187/325/869 1186/324/868 1174/311/834
f 1176/301/836 1188/314/870 1187/325/869 1175/312/835
f 1177/313/859 1189/326/871 1200/327/882 1188/314/870
f 1178/315/860 1190/328/872 1189/329/871 1177/316/859
f 1179/317/861 1191/330/873 1190/328/872 1178/315/860
f 1180/318/862 1192/331/874 1191/330/873 1179/317/861
f 1181/319/863 1193/332/875 1192/331/874 1180/318/862
f 1182/320/864 1194/333/876 1193/332/875 1181/319/863
f 1183/321/865 1195/334/877 1194/333/876 1182/320/864
f 1184/322/866 1196/335/878 1195/334/877 1183/321/865
f 1185/323/867 1197/336/879 1196/335/878 1184/322/866
f 1186/324/868 1198/337/880 1197/336/879 1185/323/867
f 1187/325/869 1199/338/881 1198/337/880 1186/324/868
f 1188/314/870 1200/327/882 1199/338/881 1187/325/869
f 1189/326/871 1201/339/883 1212/340/894 1200/327/882
f 1190/328/872 1202/341/884 1201/342/883 1189/329/871
f 1191/330/873 1203/343/885 1202/341/884 1190/328/872
f 1192/331/874 1204/344/886 1203/343/885 1191/330/873
f 1193/332/875 1205/345/887 1204/344/886 1192/331/874
f 1194/333/876 1206/346/888 1205/345/887 1193/332/875
f 1195/334/877 1207/347/889 1206/346/888 1194/333/876
f 1196/335/878 1208/348/890 1207/347/889 1195/334/877
f 1197/336/879 1209/349/891 1208/348/890 1196/335/878
f 1198/337/880 1210/350/892 1209/349/891 1197/336/879
f 1199/338/881 1211/351/893 1210/350/892 1198/337/880
f 1200/327/882 1212/340/894 1211/351/893 1199/338/881
f 1201/339/883 1213/352/895 1224/353/906 1212/340/894
f 1202/341/884 1214/354/896 1213/355/895 1201/342/883
f 1203/343/885 1215/356/897 1214/354/896 1202/341/884
f 1204/344/886 1216/357/898 1215/356/897 1203/343/885
f 1205/345/887 1217/358/899 1216/357/898 1204/344/886
f 1206/346/888 1218/359/900 1217/358/899 1205/345/887
f 1207/347/889 1219/360/901 1218/359/900 1206/346/888
f 1208/348/890 1220/361/902 1219/360/901 1207/347/889
f 1209/349/891 1221/362/903 1220/361/902 1208/348/890
f 1210/350/892 1222/363/904 1221/362/903 1209/349/891
f 1211/351/893 1223/364/905 1222/363/904 1210/350/892
f 1212/340/894 1224/353/906 1223/364/905 1211/351/893
f 1213/352/895 1225/365/907 1236/366/918 1224/353/906
f 1214/354/896 1226/367/908 1225/368/907 1213/355/895
f 1215/356/897 1227/369/909 1226/367/908 1214/354/896
f 1216/357/898 1228/370/910 1227/369/909 1215/356/897
f 1217/358/899 1229/371/911 1228/370/910 1216/357/898
f 1218/359/900 1230/372/912 1229/371/911 1217/358/899
f 1219/360/901 1231/373/913 1230/372/912 1218/359/900
f 1220/361/902 1232/374/914 1231/373/913 1219/360/901
f 1221/362/903 1233/375/915 1232/374/914 1220/361/902
f 1222/363/904 1234/376/916 1233/375/915 1221/362/903
f 1223/364/905 1235/377/917 1234/376/916 1222/363/904
f 1224/353/906 1236/366/918 1235/377/917 1223/364/905
f 1225/365/907 1237/378/919 1248/379/930 1236/366/918
f 1226/367/908 1238/380/920 1237/381/919 1225/368/907
f 1227/369/909 1239/382/921 1238/380/920 1226/367/908
f 1228/370/910 1240/383/922 1239/382/921 1227/369/909
f 1229/371/911 1241/384/923 1240/383/922 1228/370/910
f 1230/372/912 1242/385/924 1241/384/923 1229/371/911
f 1231/373/913 1243/386/925 1242/385/924 1230/372/912
f 1232/374/914 1244/387/926 1243/386/925 1231/373/913
f 1233/375/915 1245/388/927 1244/387/926 1232/374/914
f 1234/376/916 1246/389/928 1245/388/927 1233/375/915
f 1235/377/917 1247/390/929 1246/389/928 1234/376/916
f 1236/366/918 1248/379/930 1247/390/929 1235/377/917
f 1237/378/919 1249/391/931 1260/392/942 1248/379/930
f 1238/380/920 1250/393/932 1249/394/931 1237/381/919
f 1239/382/921 1251/395/933 1250/393/932 1238/380/920
f 1240/383/922 1252/396/934 1251/395/933 1239/382/921
f 1241/384/923 1253/397/935 1252/396/934 1240/383/922
f 1242/385/924 1254/398/936 1253/397/935 1241/384/923
f 1243/386/925 1255/399/937 1254/398/936 1242/385/924
f 1244/387/926 1256/400/938 1255/399/937 1243/386/925
f 1245/388/927 1257/401/939 1256/400/938 1244/387/926
f 1246/389/928 1258/402/940 1257/401/939 1245/388/927
f 1247/390/929 1259/403/941 1258/402/940 1246/389/928
f 1248/379/930 1260/392/942 1259/403/941 1247/390/929
f 1249/391/931 1261/404/943 1272/405/954 1260/392/942
f 1250/393/932 1262/406/944 1261/407/943 1249/394/931
f 1251/395/933 1263/408/945 1262/406/944 1250/393/932
f 1252/396/934 1264/409/946 1263/408/945 1251/395/933
f 1253/397/935 1265/410/947 1264/409/946 1252/396/934
f 1254/398/936 1266/411/948 1265/410/947 1253/397/935
f 1255/399/937 1267/412/949 1266/411/948 1254/398/936
f 1256/400/938 1268/413/950 1267/412/949 1255/399/937
f 1257/401/939 1269/414/951 1268/413/950 1256/400/938
f 1258/402/940 1270/415/952 1269/414/951 1257/401/939
f 1259/403/941 1271/416/953 1270/415/952 1258/402/940
f 1260/392/942 1272/405/954 1271/416/953 1259/403/941
f 1261/404/943 1273/417/955 1284/418/966 1272/405/954
f 1262/406/944 1274/419/956 1273/420/955 1261/407/943
f 1263/408/945 1275/421/957 1274/419/956 1262/406/944
f 1264/409/946 1276/422/958 1275/421/957 1263/408/945
f 1265/410/947 1277/423/959 1276/422/958 1264/409/946
f 1266/411/948 1278/424/960 1277/423/959 1265/410/947
f 1267/412/949 1279/425/961 1278/424/960 1266/411/948
f 1268/413/950 1280/426/962 1279/425/961 1267/412/949
f 1269/414/951 1281/427/963 1280/426/962 1268/413/950
f 1270/415/952 1282/428/964 1281/427/963 1269/414/951
f 1271/416/953 1283/429/965 1282/428/964 1270/415/952
f 1272/405/954 1284/418/966 1283/429/965 1271/416/953
f 1273/417/955 1285/430/967 1296/431/978 1284/418/966
f 1274/419/956 1286/432/968 1285/433/967 1273/420/955
f 1275/421/957 1287/434/969 1286/432/968 1274/419/956
f 1276/422/958 1288/435/970 1287/434/969 1275/421/957
f 1277/423/959 1289/436/971 1288/435/970 1276/422/958
f 1278/424/960 1290/437/972 1289/436/971 1277/423/959
f 1279/425/961 1291/438/973 1290/437/972 1278/424/960
f 1280/426/962 1292/439/974 1291/438/973 1279/425/961
f 1281/427/963 1293/440/975 1292/439/974 1280/426/962
f 1282/428/964 1294/441/976 1293/440/975 1281/427/963
f 1283/429/965 1295/442/977 1294/441/976 1282/428/964
f 1284/418/966 1296/431/978 1295/442/977 1283/429/965
f 1285/430/967 1297/443/979 1308/444/990 1296/431/978
f 1286/432/968 1298/445/980 1297/446/979 1285/433/967
f 1287/434/969 1299/447/981 1298/445/980 1286/432/968
f 1288/435/970 1300/448/982 1299/447/981 1287/434/969
f 1289/436/971 1301/449/983 1300/448/982 1288/435/970
f 1290/437/972 1302/450/984 1301/449/983 1289/436/971
f 1291/438/973 1303/451/985 1302/450/984 1290/437/972
f 1292/439/974 1304/452/986 1303/451/985 1291/438/973
f 1293/440/975 1305/453/987 1304/452/986 1292/439/974
f 1294/441/976 1306/454/988 1305/453/987 1293/440/975
f 1295/442/977 1307/455/989 1306/454/988 1294/441/976
f 1296/431/978 1308/444/990 1307/455/989 1295/442/977
f 1297/443/979 1309/456/991 1320/457/1002 1308/444/990
f 1298/445/980 1310/458/992 1309/459/991 1297/446/979
f 1299/447/981 1311/460/993 1310/458/992 1298/445/980
f 1300/448/982 1312/461/994 1311/460/993 1299/447/981
f 1301/449/983 1313/462/995 1312/461/994 1300/448/982
f 1302/450/984 1314/463/996 1313/462/995 1301/449/983
f 1303/451/985 1315/464/997 1314/463/996 1302/450/984
f 1304/452/986 1316/465/998 1315/464/997 1303/451/985
f 1305/453/987 1317/466/999 1316/465/998 1304/452/986
f 1306/454/988 1318/467/1000 1317/466/999 1305/453/987
f 1307/455/989 1319/468/1001 1318/467/1000 1306/454/988
f 1308/444/990 1320/457/1002 1319/468/1001 1307/455/989
f 1309/456/991 1321/469/1003 1332/470/1014 1320/457/1002
f 1310/458/992 1322/471/1004 1321/472/1003 1309/459/991
f 1311/460/993 1323/473/1005 1322/471/1004 1310/458/992
f 1312/461/994 1324/474/1006 1323/473/1005 1311/460/993
f 1313/462/995 1325/475/1007 1324/474/1006 1312/461/994
f 1314/463/996 1326/476/1008 1325/475/1007 1313/462/995
f 1315/464/997 1327/477/1009 1326/476/1008 1314/463/996
f 1316/465/998 1328/478/1010 1327/477/1009 1315/464/997
f 1317/466/999 1329/479/1011 1328/478/1010 1316/465/998
f 1318/467/1000 1330/480/1012 1329/479/1011 1317/466/999
f 1319/468/1001 1331/481/1013 1330/480/1012 1318/467/1000
f 1320/457/1002 1332/470/1014 1331/481/1013 1319/468/1001
f 1333/1/1015 1345/2/1025 1356/3/1036 1344/4/676
f 1334/5/1016 1346/6/1026 1345/7/1025 1333/8/1015
f 1335/9/1017 1347/10/1027 1346/6/1026 1334/5/1016
f 1336/11/1018 1348/12/1028 1347/10/1027 1335/9/1017
f 1337/13/1019 1349/14/1029 1348/12/1028 1336/11/1018
f 1338/15/682 1350/16/1030 1349/14/1029 1337/13/1019
f 1339/17/1020 1351/18/1031 1350/16/1030 1338/15/682
f 1340/19/1021 1352/20/1032 1351/18/1031 1339/17/1020
f 1341/21/1022 1353/22/1033 1352/20/1032 1340/19/1021
f 1342/23/1023 1354/24/1034 1353/22/1033 1341/21/1022
f 1343/25/1024 1355/26/1035 1354/24/1034 1342/23/1023
f 1344/4/676 1356/3/1036 1355/26/1035 1343/25/1024
f 1345/2/1025 1357/27/1037 1368/28/1048 1356/3/1036
f 1346/6/1026 1358/29/1038 1357/30/1037 1345/7/1025
f 1347/10/1027 1359/31/1039 1358/29/1038 1346/6/1026
f 1348/12/1028 1360/32/1040 1359/31/1039 1347/10/1027
f 1349/14/1029 1361/33/1041 1360/32/1040 1348/12/1028
f 1350/16/1030 1362/34/1042 1361/33/1041 1349/14/1029
f 1351/18/1031 1363/35/1043 1362/34/1042 1350/16/1030
f 1352/20/1032 1364/36/1044 1363/35/1043 1351/18/1031
f 1353/22/1033 1365/37/1045 1364/36/1044 1352/20/1032
f 1354/24/1034 1366/38/1046 1365/37/1045 1353/22/1033
f 1355/26/1035 1367/39/1047 1366/38/1046 1354/24/1034
f 1356/3/1036 1368/28/1048 1367/39/1047 1355/26/1035
f 1357/27/1037 1369/40/1049 1380/41/1060 1368/28/1048
f 1358/29/1038 1370/42/1050 1369/43/1049 1357/30/1037
f 1359/31/1039 1371/44/1051 1370/42/1050 1358/29/1038
f 1360/32/1040 1372/45/1052 1371/44/1051 1359/31/1039
f 1361/33/1041 1373/46/1053 1372/45/1052 1360/32/1040
f 1362/34/1042 1374/47/1054 1373/46/1053 1361/33/1041
f 1363/35/1043 1375/48/1055 1374/47/1054 1362/34/1042
f 1364/36/1044 1376/49/1056 1375/48/1055 1363/35/1043
f 1365/37/1045 1377/50/1057 1376/49/1056 1364/36/1044
f 1366/38/1046 1378/51/1058 1377/50/1057 1365/37/1045
f 1367/39/1047 1379/52/1059 1378/51/1058 1366/38/1046
f 1368/28/1048 1380/41/1060 1379/52/1059 1367/39/1047
f 1369/40/1049 1381/53/1061 1392/54/1072 1380/41/1060
f 1370/42/1050 1382/55/1062 1381/56/1061 1369/43/1049
f 1371/44/1051 1383/57/1063 1382/55/1062 1370/42/1050
f 1372/45/1052 1384/58/1064 1383/57/1063 1371/44/1051
f 1373/46/1053 1385/59/1065 1384/58/1064 1372/45/1052
f 1374/47/1054 1386/60/1066 1385/59/1065 1373/46/1053
f 1375/48/1055 1387/61/1067 1386/60/1066 1374/47/1054
f 1376/49/1056 1388/62/1068 1387/61/1067 1375/48/1055
f 1377/50/1057 1389/63/1069 1388/62/1068 1376/49/1056
f 1378/51/1058 1390/64/1070 1389/63/1069 1377/50/1057
f 1379/52/1059 1391/65/1071 1390/64/1070 1378/51/1058
f 1380/41/1060 1392/54/1072 1391/65/1071 1379/52/1059
f 1381/53/1061 1393/66/1073 1404/67/1084 1392/54/1072
f 1382/55/1062 1394/68/1074 1393/69/1073 1381/56/1061
f 1383/57/1063 1395/70/1075 1394/68/1074 1382/55/1062
f 1384/58/1064 1396/71/1076 1395/70/1075 1383/57/1063
f 1385/59/1065 1397/72/1077 1396/71/1076 1384/58/1064
f 1386/60/1066 1398/73/1078 1397/72/1077 1385/59/1065
f 1387/61/1067 1399/74/1079 1398/73/1078 1386/60/1066
f 1388/62/1068 1400/75/1080 1399/74/1079 1387/61/1067
f 1389/63/1069 1401/76/1081 1400/75/1080 1388/62/1068
f 1390/64/1070 1402/77/1082 1401/76/1081 1389/63/1069
f 1391/65/1071 1403/78/1083 1402/77/1082 1390/64/1070
f 1392/54/1072 1404/67/1084 1403/78/1083 1391/65/1071
f 1393/66/1073 1405/79/1085 1416/80/1096 1404/67/1084
f 1394/68/1074 1406/81/1086 1405/82/1085 1393/69/1073
f 1395/70/1075 1407/83/1087 1406/81/1086 1394/68/1074
f 1396/71/1076 1408/84/1088 1407/83/1087 1395/70/1075
f 1397/72/1077 1409/85/1089 1408/84/1088 1396/71/1076
f 1398/73/1078 1410/86/1090 1409/85/1089 1397/72/1077
f 1399/74/1079 1411/87/1091 1410/86/1090 1398/73/1078
f 1400/75/1080 1412/88/1092 1411/87/1091 1399/74/1079
f 1401/76/1081 1413/89/1093 1412/88/1092 1400/75/1080
f 1402/77/1082 1414/90/1094 1413/89/1093 1401/76/1081
f 1403/78/1083 1415/91/1095 1414/90/1094 1402/77/1082
f 1404/67/1084 1416/80/1096 1415/91/1095 1403/78/1083
f 1405/79/1085 1417/92/1097 1428/93/1108 1416/80/1096
f 1406/81/1086 1418/94/1098 1417/95/1097 1405/82/1085
f 1407/83/1087 1419/96/1099 1418/94/1098 1406/81/1086
f 1408/84/1088 1420/97/1100 1419/96/1099 1407/83/1087
f 1409/85/1089 1421/98/1101 1420/97/1100 1408/84/1088
f 1410/86/1090 1422/99/1102 1421/98/1101 1409/85/1089
f 1411/87/1091 1423/100/1103 1422/99/1102 1410/86/1090
f 1412/88/1092 1424/101/1104 1423/100/1103 1411/87/1091
f 1413/89/1093 1425/102/1105 1424/101/1104 1412/88/1092
f 1414/90/1094 1426/103/1106 1425/102/1105 1413/89/1093
f 1415/91/1095 1427/104/1107 1426/103/1106 1414/90/1094
f 1416/80/1096 1428/93/1108 1427/104/1107 1415/91/1095
f 1417/92/1097 1429/105/1109 1440/106/1120 1428/93/1108
f 1418/94/1098 1430/107/1110 1429/108/1109 1417/95/1097
f 1419/96/1099 1431/109/1111 1430/107/1110 1418/94/1098
f 1420/97/1100 1432/110/1112 1431/109/1111 1419/96/1099
f 1421/98/1101 1433/111/1113 1432/110/1112 1420/97/1100
f 1422/99/1102 1434/112/1114 1433/111/1113 1421/98/1101
f 1423/100/1103 1435/113/1115 1434/112/1114 1422/99/1102
f 1424/101/1104 1436/114/1116 1435/113/1115 1423/100/1103
f 1425/102/1105 1437/115/1117 1436/114/1116 1424/101/1104
f 1426/103/1106 1438/116/1118 1437/115/1117 1425/102/1105
f 1427/104/1107 1439/117/1119 1438/116/1118 1426/103/1106
f 1428/93/1108 1440/106/1120 1439/117/1119 1427/104/1107
f 1429/105/1109 1441/118/1121 1452/119/1132 1440/106/1120
f 1430/107/1110 1442/120/1122 1441/121/1121 1429/108/1109
f 1431/109/1111 1443/122/1123 1442/120/1122 1430/107/1110
f 1432/110/1112 1444/123/1124 1443/122/1123 1431/109/1111
f 1433/111/1113 1445/124/1125 1444/123/1124 1432/110/1112
f 1434/112/1114 1446/125/1126 1445/124/1125 1433/111/1113
f 1435/113/1115 1447/126/1127 1446/125/1126 1434/112/1114
f 1436/114/1116 1448/127/1128 1447/126/1127 1435/113/1115
f 1437/115/1117 1449/128/1129 1448/127/1128 1436/114/1116
f 1438/116/1118 1450/129/1130 1449/128/1129 1437/115/1117
f 1439/117/1119 1451/130/1131 1450/129/1130 1438/116/1118
f 1440/106/1120 1452/119/1132 1451/130/1131 1439/117/1119
f 1441/118/1121 1453/131/1133 1464/132/1144 1452/119/1132
f 1442/120/1122 1454/133/1134 1453/134/1133 1441/121/1121
f 1443/122/1123 1455/135/1135 1454/133/1134 1442/120/1122
f 1444/123/1124 1456/136/1136 1455/135/1135 1443/122/1123
f 1445/124/1125 1457/137/1137 1456/136/1136 1444/123/1124
f 1446/125/1126 1458/138/1138 1457/137/1137 1445/124/1125
f 1447/126/1127 1459/139/1139 1458/138/1138 1446/125/1126
f 1448/127/1128 1460/140/1140 1459/139/1139 1447/126/1127
f 1449/128/1129 1461/141/1141 1460/140/1140 1448/127/1128
f 1450/129/1130 1462/142/1142 1461/141/1141 1449/128/1129
f 1451/130/1131 1463/143/1143 1462/142/1142 1450/129/1130
f 1452/119/1132 1464/132/1144 1463/143/1143 1451/130/1131
f 1453/131/1133 1465/144/1145 1476/145/1156 1464/132/1144
f 1454/133/1134 1466/146/1146 1465/147/1145 1453/134/1133
f 1455/135/1135 1467/148/1147 1466/146/1146 1454/133/1134
f 1456/136/1136 1468/149/1148 1467/148/1147 1455/135/1135
f 1457/137/1137 1469/150/1149 1468/149/1148 1456/136/1136
f 1458/138/1138 1470/151/1150 1469/150/1149 1457/137/1137
f 1459/139/1139 1471/152/1151 1470/151/1150 1458/138/1138
f 1460/140/1140 1472/153/1152 1471/152/1151 1459/139/1139
f 1461/141/1141 1473/154/1153 1472/153/1152 1460/140/1140
f 1462/142/1142 1474/155/1154 1473/154/1153 1461/141/1141
f 1463/143/1143 1475/156/1155 1474/155/1154 1462/142/1142
f 1464/132/1144 1476/145/1156 1475/156/1155 1463/143/1143
f 1465/144/1145 1477/157/1157 1488/158/1168 1476/145/1156
f 1466/146/1146 1478/159/1158 1477/160/1157 1465/147/1145
f 1467/148/1147 1479/161/1159 1478/159/1158 1466/146/1146
f 1468/149/1148 1480/162/1160 1479/161/1159 1467/148/1147
f 1469/150/1149 1481/163/1161 1480/162/1160 1468/149/1148
f 1470/151/1150 1482/164/1162 1481/163/1161 1469/150/1149
f 1471/152/1151 1483/165/1163 1482/164/1162 1470/151/1150
f 1472/153/1152 1484/166/1164 1483/165/1163 1471/152/1151
f 1473/154/1153 1485/167/1165 1484/166/1164 1472/153/1152
f 1474/155/1154 1486/168/1166 1485/167/1165 1473/154/1153
f 1475/156/1155 1487/169/1167 1486/168/1166 1474/155/1154
f 1476/145/1156 1488/158/1168 1487/169/1167 1475/156/1155
f 1477/157/1157 1489/170/830 1500/171/831 1488/158/1168
f 1478/159/1158 1490/172/829 1489/173/830 1477/160/1157
f 1479/161/1159 1491/174/159 1490/172/829 1478/159/1158
f 1480/162/1160 1492/175/828 1491/174/159 1479/161/1159
f 1481/163/1161 1493/176/827 1492/175/828 1480/162/1160
f 1482/164/1162 1494/177/836 1493/176/827 1481/163/1161
f 1483/165/1163 1495/178/835 1494/177/836 1482/164/1162
f 1484/166/1164 1496/179/834 1495/178/835 1483/165/1163
f 1485/167/1165 1497/180/165 1496/179/834 1484/166/1164
f 1486/168/1166 1498/181/833 1497/180/165 1485/167/1165
f 1487/169/1167 1499/182/832 1498/181/833 1486/168/1166
f 1488/158/1168 1500/171/831 1499/182/832 1487/169/1167
f 1489/170/830 1501/183/830 1512/184/831 1500/171/831
f 1490/172/829 1502/185/829 1501/186/830 1489/173/830
f 1491/174/159 1503/187/159 1502/185/829 1490/172/829
f 1492/175/828 1504/188/828 1503/187/159 1491/174/159
f 1493/176/827 1505/189/827 1504/188/828 1492/175/828
f 1494/177/836 1506/190/836 1505/189/827 1493/176/827
f 1495/178/835 1507/191/835 1506/190/836 1494/177/836
f 1496/179/834 1508/192/834 1507/191/835 1495/178/835
f 1497/180/165 1509/193/165 1508/192/834 1496/179/834
f 1498/181/833 1510/194/833 1509/193/165 1497/180/165
f 1499/182/832 1511/195/832 1510/194/833 1498/181/833
f 1500/171/831 1512/184/831 1511/195/832 1499/182/832
f 1501/183/830 1513/196/830 1524/197/831 1512/184/831
f 1502/185/829 1514/198/829 1513/199/830 1501/186/830
f 1503/187/159 1515/200/159 1514/198/829 1502/185/829
f 1504/188/828 1516/201/828 1515/200/159 1503/187/159
f 1505/189/827 1517/202/827 1516/201/828 1504/188/828
f 1506/190/836 1518/203/836 1517/202/827 1505/189/827
f 1507/191/835 1519/204/835 1518/203/836 1506/190/836
f 1508/192/834 1520/205/834 1519/204/835 1507/191/835
f 1509/193/165 1521/206/165 1520/205/834 1508/192/834
f 1510/194/833 1522/207/833 1521/206/165 1509/193/165
f 1511/195/832 1523/208/832 1522/207/833 1510/194/833
f 1512/184/831 1524/197/831 1523/208/832 1511/195/832
f 1513/196/830 1525/209/830 1536/210/831 1524/197/831
f 1514/198/829 1526/211/829 1525/212/830 1513/199/830
f 1515/200/159 1527/213/159 1526/211/829 1514/198/829
f 1516/201/828 1528/214/828 1527/213/159 1515/200/159
f 1517/202/827 1529/215/827 1528/214/828 1516/201/828
f 1518/203/836 1530/216/836 1529/215/827 1517/202/827
f 1519/204/835 1531/217/835 1530/216/836 1518/203/836
f 1520/205/834 1532/218/834 1531/217/835 1519/204/835
f 1521/206/165 1533/219/165 1532/218/834 1520/205/834
f 1522/207/833 1534/220/833 1533/219/165 1521/206/165
f 1523/208/832 1535/221/832 1534/220/833 1522/207/833
f 1524/197/831 1536/210/831 1535/221/832 1523/208/832
f 1525/209/830 1537/222/1169 1548/223/1180 1536/210/831
f 1526/211/829 1538/224/1170 1537/225/1169 1525/212/830
f 1527/213/159 1539/226/1171 1538/224/1170 1526/211/829
f 1528/214/828 1540/227/1172 1539/226/1171 1527/213/159
f 1529/215/827 1541/228/1173 1540/227/1172 1528/214/828
f 1530/216/836 1542/229/1174 1541/228/1173 1529/215/827
f 1531/217/835 1543/230/1175 1542/229/1174 1530/216/836
f 1532/218/834 1544/231/1176 1543/230/1175 1531/217/835
f 1533/219/165 1545/232/1177 1544/231/1176 1532/218/834
f 1534/220/833 1546/233/1178 1545/232/1177 1533/219/165
f 1535/221/832 1547/234/1179 1546/233/1178 1534/220/833
f 1536/210/831 1548/223/1180 1547/234/1179 1535/221/832
f 1537/222/1169 1549/235/835 1560/236/836 1548/223/1180
f 1538/224/1170 1550/237/834 1549/238/835 1537/225/1169
f 1539/226/1171 1551/239/165 1550/237/834 1538/224/1170
f 1540/227/1172 1552/240/833 1551/239/165 1539/226/1171
f 1541/228/1173 1553/241/832 1552/240/833 1540/227/1172
f 1542/229/1174 1554/242/831 1553/241/832 1541/228/1173
f 1543/230/1175 1555/243/830 1554/242/831 1542/229/1174
f 1544/231/1176 1556/244/829 1555/243/830 1543/230/1175
f 1545/232/1177 1557/245/159 1556/244/829 1544/231/1176
f 1546/233/1178 1558/246/828 1557/245/159 1545/232/1177
f 1547/234/1179 1559/247/827 1558/246/828 1546/233/1178
f 1548/223/1180 1560/236/836 1559/247/827 1547/234/1179
f 1549/235/835 1561/248/835 1572/249/836 1560/236/836
f 1550/237/834 1562/250/834 1561/251/835 1549/238/835
f 1551/239/165 1563/252/165 1562/250/834 1550/237/834
f 1552/240/833 1564/253/833 1563/252/165 1551/239/165
f 1553/241/832 1565/254/832 1564/253/833 1552/240/833
f 1554/242/831 1566/255/831 1565/254/832 1553/241/832
f 1555/243/830 1567/256/830 1566/255/831 1554/242/831
f 1556/244/829 1568/257/829 1567/256/830 1555/243/830
f 1557/245/159 1569/258/159 1568/257/829 1556/244/829
f 1558/246/828 1570/259/828 1569/258/159 1557/245/159
f 1559/247/827 1571/260/827 1570/259/828 1558/246/828
f 1560/236/836 1572/249/836 1571/260/827 1559/247/827
f 1561/248/835 1573/261/835 1584/262/836 1572/249/836
f 1562/250/834 1574/263/834 1573/264/835 1561/251/835
f 1563/252/165 1575/265/165 1574/263/834 1562/250/834
f 1564/253/833 1576/266/833 1575/265/165 1563/252/165
f 1565/254/832 1577/267/832 1576/266/833 1564/253/833
f 1566/255/831 1578/268/831 1577/267/832 1565/254/832
f 1567/256/830 1579/269/830 1578/268/831 1566/255/831
f 1568/257/829 1580/270/829 1579/269/830 1567/256/830
f 1569/258/159 1581/271/159 1580/270/829 1568/257/829
f 1570/259/828 1582/272/828 1581/271/159 1569/258/159
f 1571/260/827 1583/273/827 1582/272/828 1570/259/828
f 1572/249/836 1584/262/836 1583/273/827 1571/260/827
f 1573/261/835 1585/274/835 1596/275/836 1584/262/836
f 1574/263/834 1586/276/834 1585/277/835 1573/264/835
f 1575/265/165 1587/278/165 1586/276/834 1574/263/834
f 1576/266/833 1588/279/833 1587/278/165 1575/265/165
f 1577/267/832 1589/280/832 1588/279/833 1576/266/833
f 1578/268/831 1590/281/831 1589/280/832 1577/267/832
f 1579/269/830 1591/282/830 1590/281/831 1578/268/831
f 1580/270/829 1592/283/829 1591/282/830 1579/269/830
f 1581/271/159 1593/284/159 1592/283/829 1580/270/829
f 1582/272/828 1594/285/828 1593/284/159 1581/271/159
f 1583/273/827 1595/286/827 1594/285/828 1582/272/828
f 1584/262/836 1596/275/836 1595/286/827 1583/273/827
f 1585/274/835 1597/287/1181 1608/288/1189 1596/275/836
f 1586/276/834 1598/289/831 1597/290/1181 1585/277/835
f 1587/278/165 1599/291/1182 1598/289/831 1586/276/834
f 1588/279/833 1600/292/1182 1599/291/1182 1587/278/165
f 1589/280/832 1601/293/1183 1600/292/1182 1588/279/833
f 1590/281/831 1602/294/1184 1601/293/1183 1589/280/832
f 1591/282/830 1603/295/1185 1602/294/1184 1590/281/831
f 1592/283/829 1604/296/1186 1603/295/1185 1591/282/830
f 1593/284/159 1605/297/1187 1604/296/1186 1592/283/829
f 1594/285/828 1606/298/159 1605/297/1187 1593/284/159
f 1595/286/827 1607/299/1188 1606/298/159 1594/285/828
f 1596/275/836 1608/288/1189 1607/299/1188 1595/286/827
f 1597/287/1181 1609/300/830 1620/301/831 1608/288/1189
f 1598/289/831 1610/302/829 1609/303/830 1597/290/1181
f 1599/291/1182 1611/304/159 1610/302/829 1598/289/831
f 1600/292/1182 1612/305/828 1611/304/159 1599/291/1182
f 1601/293/1183 1613/306/827 1612/305/828 1600/292/1182
f 1602/294/1184 1614/307/836 1613/306/827 1601/293/1183
f 1603/295/1185 1615/308/835 1614/307/836 1602/294/1184
f 1604/296/1186 1616/309/834 1615/308/835 1603/295/1185
f 1605/297/1187 1617/310/165 1616/309/834 1604/296/1186
f 1606/298/159 1618/311/833 1617/310/165 1605/297/1187
f 1607/299/1188 1619/312/832 1618/311/833 1606/298/159
f 1608/288/1189 1620/301/831 1619/312/832 1607/299/1188
f 1609/300/830 1621/313/1190 1632/314/1201 1620/301/831
f 1610/302/829 1622/315/1191 1621/316/1190 1609/303/830
f 1611/304/159 1623/317/1192 1622/315/1191 1610/302/829
f 1612/305/828 1624/318/1193 1623/317/1192 1611/304/159
f 1613/306/827 1625/319/1194 1624/318/1193 1612/305/828
f 1614/307/836 1626/320/1195 1625/319/1194 1613/306/827
f 1615/308/835 1627/321/1196 1626/320/1195 1614/307/836
f 1616/309/834 1628/322/1197 1627/321/1196 1615/308/835
f 1617/310/165 1629/323/1198 1628/322/1197 1616/309/834
f 1618/311/833 1630/324/1199 1629/323/1198 1617/310/165
f 1619/312/832 1631/325/1200 1630/324/1199 1618/311/833
f 1620/301/831 1632/314/1201 1631/325/1200 1619/312/832
f 1621/313/1190 1633/326/1202 1644/327/1213 1632/314/1201
f 1622/315/1191 1634/328/1203 1633/329/1202 1621/316/1190
f 1623/317/1192 1635/330/1204 1634/328/1203 1622/315/1191
f 1624/318/1193 1636/331/1205 1635/330/1204 1623/317/1192
f 1625/319/1194 1637/332/1206 1636/331/1205 1624/318/1193
f 1626/320/1195 1638/333/1207 1637/332/1206 1625/319/1194
f 1627/321/1196 1639/334/1208 1638/333/1207 1626/320/1195
f 1628/322/1197 1640/335/1209 1639/334/1208 1627/321/1196
f 1629/323/1198 1641/336/1210 1640/335/1209 1628/322/1197
f 1630/324/1199 1642/337/1211 1641/336/1210 1629/323/1198
f 1631/325/1200 1643/338/1212 1642/337/1211 1630/324/1199
f 1632/314/1201 1644/327/1213 1643/338/1212 1631/325/1200
f 1633/326/1202 1645/339/1214 1656/340/1225 1644/327/1213
f 1634/328/1203 1646/341/1215 1645/342/1214 1633/329/1202
f 1635/330/1204 1647/343/1216 1646/341/1215 1634/328/1203
f 1636/331/1205 1648/344/1217 1647/343/1216 1635/330/1204
f 1637/332/1206 1649/345/1218 1648/344/1217 1636/331/1205
f 1638/333/1207 1650/346/1219 1649/345/1218 1637/332/1206
f 1639/334/1208 1651/347/1220 1650/346/1219 1638/333/1207
f 1640/335/1209 1652/348/1221 1651/347/1220 1639/334/1208
f 1641/336/1210 1653/349/1222 1652/348/1221 1640/335/1209
f 1642/337/1211 1654/350/1223 1653/349/1222 1641/336/1210
f 1643/338/1212 1655/351/1224 1654/350/1223 1642/337/1211
f 1644/327/1213 1656/340/1225 1655/351/1224 1643/338/1212
f 1645/339/1214 1657/352/1226 1668/353/1237 1656/340/1225
f 1646/341/1215 1658/354/1227 1657/355/1226 1645/342/1214
f 1647/343/1216 1659/356/1228 1658/354/1227 1646/341/1215
f 1648/344/1217 1660/357/1229 1659/356/1228 1647/343/1216
f 1649/345/1218 1661/358/1230 1660/357/1229 1648/344/1217
f 1650/346/1219 1662/359/1231 1661/358/1230 1649/345/1218
f 1651/347/1220 1663/360/1232 1662/359/1231 1650/346/1219
f 1652/348/1221 1664/361/1233 1663/360/1232 1651/347/1220
f 1653/349/1222 1665/362/1234 1664/361/1233 1652/348/1221
f 1654/350/1223 1666/363/1235 1665/362/1234 1653/349/1222
f 1655/351/1224 1667/364/1236 1666/363/1235 1654/350/1223
f 1656/340/1225 1668/353/1237 1667/364/1236 1655/351/1224
f 1657/352/1226 1669/365/1238 1680/366/912 1668/353/1237
f 1658/354/1227 1670/367/1239 1669/368/1238 1657/355/1226
f 1659/356/1228 1671/369/1240 1670/367/1239 1658/354/1227
f 1660/357/1229 1672/370/1241 1671/369/1240 1659/356/1228
f 1661/358/1230 1673/371/1242 1672/370/1241 1660/357/1229
f 1662/359/1231 1674/372/918 1673/371/1242 1661/358/1230
f 1663/360/1232 1675/373/1243 1674/372/918 1662/359/1231
f 1664/361/1233 1676/374/1244 1675/373/1243 1663/360/1232
f 1665/362/1234 1677/375/1245 1676/374/1244 1664/361/1233
f 1666/363/1235 1678/376/1246 1677/375/1245 1665/362/1234
f 1667/364/1236 1679/377/1247 1678/376/1246 1666/363/1235
f 1668/353/1237 1680/366/912 1679/377/1247 1667/364/1236
f 1669/365/1238 1681/378/1248 1692/379/1259 1680/366/912
f 1670/367/1239 1682/380/1249 1681/381/1248 1669/368/1238
f 1671/369/1240 1683/382/1250 1682/380/1249 1670/367/1239
f 1672/370/1241 1684/383/1251 1683/382/1250 1671/369/1240
f 1673/371/1242 1685/384/1252 1684/383/1251 1672/370/1241
f 1674/372/918 1686/385/1253 1685/384/1252 1673/371/1242
f 1675/373/1243 1687/386/1254 1686/385/1253 1674/372/918
f 1676/374/1244 1688/387/1255 1687/386/1254 1675/373/1243
f 1677/375/1245 1689/388/1256 1688/387/1255 1676/374/1244
f 1678/376/1246 1690/389/1257 1689/388/1256 1677/375/1245
f 1679/377/1247 1691/390/1258 1690/389/1257 1678/376/1246
f 1680/366/912 1692/379/1259 1691/390/1258 1679/377/1247
f 1681/378/1248 1693/391/1260 1704/392/1271 1692/379/1259
f 1682/380/1249 1694/393/1261 1693/394/1260 1681/381/1248
f 1683/382/1250 1695/395/1262 1694/393/1261 1682/380/1249
f 1684/383/1251 1696/396/1263 1695/395/1262 1683/382/1250
f 1685/384/1252 1697/397/1264 1696/396/1263 1684/383/1251
f 1686/385/1253 1698/398/1265 1697/397/1264 1685/384/1252
f 1687/386/1254 1699/399/1266 1698/398/1265 1686/385/1253
f 1688/387/1255 1700/400/1267 1699/399/1266 1687/386/1254
f 1689/388/1256 1701/401/1268 1700/400/1267 1688/387/1255
f 1690/389/1257 1702/402/1269 1701/401/1268 1689/388/1256
f 1691/390/1258 1703/403/1270 1702/402/1269 1690/389/1257
f 1692/379/1259 1704/392/1271 1703/403/1270 1691/390/1258
f 1693/391/1260 1705/404/1272 1716/405/1283 1704/392/1271
f 1694/393/1261 1706/406/1273 1705/407/1272 1693/394/1260
f 1695/395/1262 1707/408/1274 1706/406/1273 1694/393/1261
f 1696/396/1263 1708/409/1275 1707/408/1274 1695/395/1262
f 1697/397/1264 1709/410/1276 1708/409/1275 1696/396/1263
f 1698/398/1265 1710/411/1277 1709/410/1276 1697/397/1264
f 1699/399/1266 1711/412/1278 1710/411/1277 1698/398/1265
f 1700/400/1267 1712/413/1279 1711/412/1278 1699/399/1266
f 1701/401/1268 1713/414/1280 1712/413/1279 1700/400/1267
f 1702/402/1269 1714/415/1281 1713/414/1280 1701/401/1268
f 1703/403/1270 1715/416/1282 1714/415/1281 1702/402/1269
f 1704/392/1271 1716/405/1283 1715/416/1282 1703/403/1270
f 1705/404/1272 1717/417/1284 1728/418/1295 1716/405/1283
f 1706/406/1273 1718/419/1285 1717/420/1284 1705/407/1272
f 1707/408/1274 1719/421/1286 1718/419/1285 1706/406/1273
f 1708/409/1275 1720/422/1287 1719/421/1286 1707/408/1274
f 1709/410/1276 1721/423/1288 1720/422/1287 1708/409/1275
f 1710/411/1277 1722/424/1289 1721/423/1288 1709/410/1276
f 1711/412/1278 1723/425/1290 1722/424/1289 1710/411/1277
f 1712/413/1279 1724/426/1291 1723/425/1290 1711/412/1278
f 1713/414/1280 1725/427/1292 1724/426/1291 1712/413/1279
f 1714/415/1281 1726/428/1293 1725/427/1292 1713/414/1280
f 1715/416/1282 1727/429/1294 1726/428/1293 1714/415/1281
f 1716/405/1283 1728/418/1295 1727/429/1294 1715/416/1282
f 1717/417/1284 1729/430/1296 1740/431/1307 1728/418/1295
f 1718/419/1285 1730/432/1297 1729/433/1296 1717/420/1284
f 1719/421/1286 1731/434/1298 1730/432/1297 1718/419/1285
f 1720/422/1287 1732/435/1299 1731/434/1298 1719/421/1286
f 1721/423/1288 1733/436/1300 1732/435/1299 1720/422/1287
f 1722/424/1289 1734/437/1301 1733/436/1300 1721/423/1288
f 1723/425/1290 1735/438/1302 1734/437/1301 1722/424/1289
f 1724/426/1291 1736/439/1303 1735/438/1302 1723/425/1290
f 1725/427/1292 1737/440/1304 1736/439/1303 1724/426/1291
f 1726/428/1293 1738/441/1305 1737/440/1304 1725/427/1292
f 1727/429/1294 1739/442/1306 1738/441/1305 1726/428/1293
f 1728/418/1295 1740/431/1307 1739/442/1306 1727/429/1294
f 1729/430/1296 1741/443/1308 1752/444/984 1740/431/1307
f 1730/432/1297 1742/445/1309 1741/446/1308 1729/433/1296
f 1731/434/1298 1743/447/1310 1742/445/1309 1730/432/1297
f 1732/435/1299 1744/448/1311 1743/447/1310 1731/434/1298
f 1733/436/1300 1745/449/1312 1744/448/1311 1732/435/1299
f 1734/437/1301 1746/450/990 1745/449/1312 1733/436/1300
f 1735/438/1302 1747/451/1313 1746/450/990 1734/437/1301
f 1736/439/1303 1748/452/1314 1747/451/1313 1735/438/1302
f 1737/440/1304 1749/453/1315 1748/452/1314 1736/439/1303
f 1738/441/1305 1750/454/1316 1749/453/1315 1737/440/1304
f 1739/442/1306 1751/455/1317 1750/454/1316 1738/441/1305
f 1740/431/1307 1752/444/984 1751/455/1317 1739/442/1306
f 1741/443/1308 1753/456/1318 1764/457/996 1752/444/984
f 1742/445/1309 1754/458/1319 1753/459/1318 1741/446/1308
f 1743/447/1310 1755/460/1320 1754/458/1319 1742/445/1309
f 1744/448/1311 1756/461/1321 1755/460/1320 1743/447/1310
f 1745/449/1312 1757/462/1322 1756/461/1321 1744/448/1311
f 1746/450/990 1758/463/1002 1757/462/1322 1745/449/1312
f 1747/451/1313 1759/464/1323 1758/463/1002 1746/450/990
f 1748/452/1314 1760/465/1324 1759/464/1323 1747/451/1313
f 1749/453/1315 1761/466/1325 1760/465/1324 1748/452/1314
f 1750/454/1316 1762/467/1326 1761/466/1325 1749/453/1315
f 1751/455/1317 1763/468/1327 1762/467/1326 1750/454/1316
f 1752/444/984 1764/457/996 1763/468/1327 1751/455/1317
f 1753/456/1318 1765/469/1328 1776/470/1008 1764/457/996
f 1754/458/1319 1766/471/1329 1765/472/1328 1753/459/1318
f 1755/460/1320 1767/473/1330 1766/471/1329 1754/458/1319
f 1756/461/1321 1768/474/1331 1767/473/1330 1755/460/1320
f 1757/462/1322 1769/475/1332 1768/474/1331 1756/461/1321
f 1758/463/1002 1770/476/1014 1769/475/1332 1757/462/1322
f 1759/464/1323 1771/477/1333 1770/476/1014 1758/463/1002
f 1760/465/1324 1772/478/1334 1771/477/1333 1759/464/1323
f 1761/466/1325 1773/479/1335 1772/478/1334 1760/465/1324
f 1762/467/1326 1774/480/1336 1773/479/1335 1761/466/1325
f 1763/468/1327 1775/481/1337 1774/480/1336 1762/467/1326
f 1764/457/996 1776/470/1008 1775/481/1337 1763/468/1327
