# Blender 5.2.0 LTS
# www.blender.org
mtllib NewChamber.mtl
o Chamber
v -0.000006 -106.491249 -0.000002
v 31.069620 -19.202322 22.573133
v -11.867306 -19.202333 36.524433
v -38.404091 -19.202152 0.000000
v -11.867306 -19.202333 -36.524433
v 31.069620 -19.202322 -22.573133
v 11.867306 19.202333 36.524433
v -31.069620 19.202322 22.573133
v -31.069620 19.202322 -22.573133
v 11.867306 19.202333 -36.524433
v 38.404091 19.202152 0.000000
v 0.000000 102.937126 0.000000
v -11.075053 -23.644846 34.086090
v -9.996686 -28.231985 30.767162
v -8.616985 -32.649517 26.520809
v -6.861011 -94.025108 21.116360
v -4.421963 -104.665062 13.609614
v -2.099557 -106.084709 6.461862
v 5.496800 -106.084702 3.993615
v 11.577064 -104.665054 8.411132
v 17.962700 -94.025101 13.050514
v 22.560013 -32.649506 16.390615
v 26.172186 -28.231972 19.014978
v 28.995438 -23.644831 21.066170
v 27.413319 -20.480469 25.935638
v 22.840014 -21.567390 29.270771
v 17.389900 -22.308947 32.303238
v 11.286832 -22.573666 34.736641
v 4.919046 -22.308949 36.355335
v -1.272625 -21.567400 37.105587
v -6.932853 -20.480480 37.095585
v 33.137646 -20.480446 -18.056719
v 34.896259 -21.567343 -12.676658
v 36.096073 -22.308878 -6.556255
v 36.524380 -22.573589 0.000001
v 36.096073 -22.308878 6.556256
v 34.896259 -21.567343 12.676658
v 33.137646 -20.480446 18.056719
v 5.496800 -106.084702 -3.993619
v 11.577064 -104.665054 -8.411136
v 17.962700 -94.025101 -13.050519
v 22.560013 -32.649506 -16.390615
v 26.172186 -28.231972 -19.014978
v 28.995438 -23.644831 -21.066170
v -35.840302 -23.644650 0.000000
v -32.350620 -28.231798 0.000000
v -27.885777 -32.649357 0.000000
v -22.203247 -94.025009 -0.000002
v -14.310140 -104.665016 -0.000002
v -6.794480 -106.084702 -0.000002
v -16.195154 -20.480478 34.086124
v -20.780340 -21.567387 30.767220
v -25.348606 -22.308918 26.520884
v -29.548872 -22.573601 21.468433
v -33.056087 -22.308846 15.912479
v -35.682926 -21.567261 10.255681
v -37.422485 -20.480314 4.869408
v -11.075053 -23.644846 -34.086090
v -9.996686 -28.231985 -30.767162
v -8.616985 -32.649517 -26.520809
v -6.861011 -94.025108 -21.116365
v -4.421963 -104.665062 -13.609618
v -2.099557 -106.084709 -6.461866
v -37.422485 -20.480314 -4.869407
v -35.682922 -21.567261 -10.255681
v -33.056091 -22.308847 -15.912479
v -29.548872 -22.573601 -21.468431
v -25.348606 -22.308918 -26.520882
v -20.780340 -21.567387 -30.767220
v -16.195154 -20.480478 -34.086124
v -6.932853 -20.480480 -37.095585
v -1.272624 -21.567400 -37.105587
v 4.919047 -22.308949 -36.355335
v 11.286833 -22.573664 -34.736637
v 17.389900 -22.308945 -32.303238
v 22.840017 -21.567390 -29.270771
v 27.413322 -20.480469 -25.935638
v 39.982533 15.360239 3.009434
v 41.074760 10.783635 6.338307
v 42.064976 5.577215 14.117548
v 42.064976 -0.000001 14.117548
v 39.291695 -5.577231 16.390673
v 36.955887 -10.783695 19.015026
v 34.115566 -15.360355 21.066198
v 34.115562 -15.360355 -21.066198
v 36.955887 -10.783695 -19.015032
v 39.291695 -5.577231 -16.390675
v 42.064976 0.000001 -14.117549
v 42.064976 5.577216 -14.117549
v 41.074760 10.783637 -6.338308
v 39.982533 15.360239 -3.009434
v 9.492924 15.360378 38.955620
v 6.664489 10.783724 41.023079
v 3.446819 5.577253 42.433601
v -3.446820 -5.577254 42.433601
v -6.664490 -10.783725 41.023079
v -9.492924 -15.360378 38.955620
v 30.577690 -15.360387 25.935696
v 29.504616 -10.783742 29.270899
v 27.730484 -5.577267 32.303421
v 22.153225 5.577271 36.355549
v 18.720884 10.783748 37.105747
v 15.217313 15.360395 37.095669
v -34.115562 15.360355 21.066198
v -36.955887 10.783695 19.015032
v -39.291695 5.577231 16.390675
v -40.835693 -0.000001 13.268115
v -41.421940 -5.577216 9.834376
v -41.074760 -10.783637 6.338308
v -39.982533 -15.360239 3.009434
v -15.217313 -15.360395 37.095669
v -18.720882 -10.783747 37.105747
v -22.153223 -5.577269 36.355549
v -27.730484 5.577269 32.303425
v -29.504614 10.783743 29.270899
v -30.577692 15.360389 25.935698
v -30.577690 15.360387 -25.935696
v -29.504616 10.783742 -29.270899
v -27.730484 5.577267 -32.303421
v -22.153225 -5.577271 -36.355549
v -18.720884 -10.783748 -37.105747
v -15.217313 -15.360395 -37.095669
v -39.982533 -15.360239 -3.009434
v -41.074760 -10.783635 -6.338307
v -41.421940 -5.577215 -9.834375
v -40.835693 0.000001 -13.268113
v -39.291695 5.577231 -16.390673
v -36.955887 10.783695 -19.015026
v -34.115566 15.360355 -21.066198
v 15.217313 15.360395 -37.095669
v 18.720882 10.783747 -37.105747
v 22.153223 5.577269 -36.355549
v 27.730484 -5.577269 -32.303425
v 29.504614 -10.783743 -29.270899
v 30.577692 -15.360389 -25.935698
v -9.492924 -15.360378 -38.955620
v -6.664489 -10.783724 -41.023079
v -3.446819 -5.577253 -42.433601
v 3.446820 5.577254 -42.433601
v 6.664490 10.783725 -41.023079
v 9.492924 15.360378 -38.955620
v 37.422485 20.480314 4.869407
v 35.682922 21.567261 10.255681
v 33.056091 22.308847 15.912479
v 29.548872 22.573601 21.468431
v 25.348606 22.308918 26.520882
v 20.780340 21.567387 30.767220
v 16.195154 20.480478 34.086124
v 6.932853 20.480480 37.095585
v 1.272624 21.567400 37.105587
v -4.919047 22.308949 36.355335
v -11.286833 22.573664 34.736637
v -17.389900 22.308945 32.303238
v -22.840017 21.567390 29.270771
v -27.413322 20.480469 25.935638
v -33.137646 20.480446 18.056719
v -34.896259 21.567343 12.676658
v -36.096073 22.308878 6.556255
v -36.524380 22.573589 -0.000001
v -36.096073 22.308878 -6.556256
v -34.896259 21.567343 -12.676658
v -33.137646 20.480446 -18.056719
v -27.413319 20.480469 -25.935638
v -22.840014 21.567390 -29.270771
v -17.389900 22.308947 -32.303238
v -11.286832 22.573666 -34.736641
v -4.919046 22.308949 -36.355335
v 1.272625 21.567400 -37.105587
v 6.932853 20.480480 -37.095585
v 16.195154 20.480478 -34.086124
v 20.780340 21.567387 -30.767220
v 25.348606 22.308918 -26.520884
v 29.548872 22.573601 -21.468433
v 33.056087 22.308846 -15.912479
v 35.682926 21.567261 -10.255681
v 37.422485 20.480314 -4.869408
v 1.582136 102.630768 4.869396
v 3.332206 101.560974 10.255651
v 6.424441 46.693676 19.772741
v 8.616986 32.649517 26.520807
v 9.996687 28.231983 30.767162
v 11.075054 23.644844 34.086090
v 35.840302 23.644650 0.000000
v 32.350620 28.231798 0.000000
v 27.885777 32.649357 0.000000
v 20.790434 46.693569 -0.000000
v 10.783532 101.560951 0.000000
v 5.120038 102.630768 0.000000
v -4.142169 102.630768 3.009427
v -8.724007 101.560974 6.338287
v -16.819750 46.693672 12.220120
v -22.560013 32.649506 16.390615
v -26.172186 28.231972 19.014978
v -28.995438 23.644831 21.066170
v -4.142169 102.630768 -3.009427
v -8.724007 101.560974 -6.338287
v -16.819750 46.693672 -12.220120
v -22.560013 32.649506 -16.390615
v -26.172186 28.231972 -19.014978
v -28.995438 23.644831 -21.066170
v 1.582136 102.630768 -4.869396
v 3.332206 101.560974 -10.255651
v 6.424441 46.693676 -19.772741
v 8.616986 32.649517 -26.520807
v 9.996687 28.231983 -30.767162
v 11.075054 23.644844 -34.086090
v 7.136052 102.021347 -5.184628
v 17.850002 47.967030 -5.130310
v 14.307702 48.424786 -10.395141
v 10.395092 47.967087 -15.390928
v 25.237709 34.287411 -5.570272
v 21.757475 35.204666 -11.438564
v 17.602110 35.204700 -17.157845
v 13.096405 34.287518 -22.281092
v 30.324680 29.908199 -5.432347
v 27.402199 31.069736 -11.286631
v 23.615768 31.488083 -17.157883
v 19.201876 31.069803 -22.573261
v 14.537157 29.908329 -27.161732
v 34.393562 25.175360 -5.184674
v 32.089748 26.378078 -10.864717
v 28.857477 27.047907 -16.710896
v 24.810375 27.047934 -22.281189
v 20.249109 26.378170 -27.161793
v 15.558940 25.175505 -31.108042
v -2.725763 102.021347 -8.388875
v 0.636612 47.967094 -18.561596
v -5.465133 48.424812 -16.819624
v -11.425433 47.967094 -14.642337
v 2.501069 34.287529 -25.723663
v -4.155422 35.204731 -24.227180
v -10.878818 35.204727 -22.042580
v -17.143616 34.287521 -19.340611
v 4.204185 29.908340 -30.519054
v -2.266634 31.069832 -29.548681
v -9.020558 31.488140 -27.761906
v -15.534812 31.069828 -25.237513
v -21.340155 29.908333 -22.219051
v 5.697081 25.175516 -34.312294
v -0.416854 26.378195 -33.876453
v -6.975688 27.047985 -32.608944
v -13.523936 27.047983 -30.481251
v -19.575134 26.378187 -27.651436
v -24.777563 25.175510 -24.410311
v -8.820642 102.021347 0.000000
v -17.456440 47.967068 -6.341349
v -17.685297 48.424786 -0.000000
v -17.456440 47.967068 6.341349
v -23.691822 34.287491 -10.327746
v -24.325575 35.204678 -3.534671
v -24.325575 35.204678 3.534671
v -23.691822 34.287491 10.327746
v -27.726215 29.908304 -13.429356
v -28.802942 31.069773 -6.975438
v -29.190723 31.488073 0.000000
v -28.802942 31.069773 6.975438
v -27.726215 29.908304 13.429356
v -30.872459 25.175480 -16.021349
v -32.347263 26.378136 -10.072021
v -33.168602 27.047909 -3.442587
v -33.168602 27.047909 3.442589
v -32.347263 26.378136 10.072022
v -30.872459 25.175480 16.021349
v -2.725763 102.021347 8.388875
v -11.425433 47.967094 14.642336
v -5.465132 48.424812 16.819626
v 0.636613 47.967094 18.561598
v -17.143612 34.287521 19.340609
v -10.878815 35.204727 22.042578
v -4.155421 35.204731 24.227180
v 2.501070 34.287529 25.723663
v -21.340155 29.908333 22.219053
v -15.534812 31.069828 25.237514
v -9.020557 31.488136 27.761906
v -2.266634 31.069832 29.548683
v 4.204185 29.908340 30.519054
v -24.777563 25.175510 24.410311
v -19.575134 26.378187 27.651438
v -13.523935 27.047983 30.481255
v -6.975686 27.047985 32.608944
v -0.416852 26.378195 33.876453
v 5.697082 25.175516 34.312294
v 7.136052 102.021347 5.184628
v 10.395091 47.967087 15.390928
v 14.307702 48.424786 10.395141
v 17.850002 47.967030 5.130310
v 13.096404 34.287518 22.281090
v 17.602110 35.204700 17.157845
v 21.757475 35.204666 11.438564
v 25.237709 34.287415 5.570272
v 14.537158 29.908331 27.161732
v 19.201876 31.069805 22.573257
v 23.615768 31.488085 17.157881
v 27.402199 31.069738 11.286628
v 30.324680 29.908199 5.432346
v 15.558941 25.175505 31.108040
v 20.249109 26.378170 27.161787
v 24.810377 27.047935 22.281187
v 28.857479 27.047903 16.710892
v 32.089752 26.378078 10.864715
v 34.393562 25.175358 5.184673
v 38.803986 16.354633 -8.388906
v 39.566902 11.423975 -12.147019
v 36.710899 17.135958 -14.222013
v 39.453049 5.857038 -15.898082
v 37.003395 11.867657 -18.262102
v 33.596001 17.571112 -20.153458
v 38.334499 -0.000001 -19.340715
v 36.353134 6.013732 -22.042717
v 33.346264 12.027466 -24.227329
v 29.548918 17.571146 -25.723791
v 36.294338 -5.712019 -22.219160
v 34.736965 -0.000001 -25.237677
v 32.197792 6.013748 -27.762096
v 28.803110 11.867709 -29.548864
v 24.870296 17.136053 -30.519188
v 33.598366 -10.903174 -24.410397
v 32.347477 -5.712030 -27.651590
v 27.311800 5.857081 -32.609161
v 23.779430 11.424067 -33.876633
v 19.969398 16.354767 -34.312408
v 4.012520 16.354748 -39.497074
v 0.674103 11.424040 -41.383980
v -2.181907 17.136047 -39.308933
v -2.928528 5.857057 -42.434841
v -5.933847 11.867697 -40.835571
v -8.785581 17.571167 -38.179371
v -6.548279 -0.000014 -42.434856
v -9.730326 6.013733 -41.385410
v -12.737196 12.027480 -39.200771
v -15.333858 17.571169 -36.051682
v -9.916238 -5.712045 -41.384029
v -13.268280 -0.000021 -40.835640
v -16.453800 6.013736 -39.200825
v -19.202133 11.867706 -36.524414
v -21.340267 17.136055 -33.083920
v -12.833276 -10.903198 -39.497143
v -16.302383 -5.712051 -39.309052
v -19.644886 -0.000016 -38.179512
v -22.573423 5.857063 -36.051800
v -24.870422 11.424053 -33.083981
v -26.462231 16.354755 -29.595085
v -36.324043 16.354704 -16.021374
v -39.150227 11.423994 -13.429397
v -38.059280 17.135984 -10.072042
v -41.262924 5.857032 -10.327789
v -40.670612 11.867642 -6.975462
v -39.025661 17.571096 -3.442597
v -42.381496 0.000004 -6.885182
v -42.366714 6.013719 -3.534683
v -41.218174 12.027434 0.000003
v -39.025658 17.571100 3.442595
v -42.422852 -5.711967 -3.357328
v -42.366707 6.013743 3.534703
v -40.670605 11.867675 6.975474
v -38.059273 17.136005 10.072046
v -41.529751 -10.903060 0.000017
v -42.422852 -5.711933 3.357369
v -42.381489 0.000062 6.885222
v -41.262901 5.857098 10.327825
v -39.150204 11.424049 13.429420
v -36.324024 16.354733 16.021383
v -26.462240 16.354752 29.595083
v -24.870438 11.424044 33.083973
v -21.340284 17.136042 33.083912
v -22.573444 5.857052 36.051788
v -19.202162 11.867685 36.524403
v -15.333882 17.571152 36.051674
v -19.644909 -0.000027 38.179504
v -16.453833 6.013716 39.200809
v -12.737233 12.027460 39.200764
v -8.785608 17.571156 38.179371
v -16.302401 -5.712058 39.309044
v -13.268311 -0.000035 40.835632
v -9.730364 6.013716 41.385410
v -5.933880 11.867682 40.835575
v -2.181927 17.136040 39.308929
v -12.833285 -10.903200 39.497139
v -9.916256 -5.712050 41.384026
v -6.548301 -0.000022 42.434853
v -2.928549 5.857047 42.434834
v 0.674086 11.424034 41.383984
v 4.012510 16.354744 39.497074
v 19.969400 16.354753 34.312420
v 23.779427 11.424036 33.876648
v 24.870293 17.136026 30.519203
v 27.311787 5.857037 32.609173
v 28.803097 11.867655 29.548893
v 29.548912 17.571110 25.723818
v 32.197777 6.013676 27.762135
v 33.346260 12.027398 24.227377
v 33.596001 17.571070 20.153486
v 32.347454 -5.712078 27.651606
v 34.736938 -0.000082 25.237715
v 36.353115 6.013642 22.042772
v 37.003391 11.867583 18.262159
v 36.710899 17.135920 14.222050
v 33.598343 -10.903216 24.410410
v 36.294300 -5.712096 22.219194
v 38.334473 -0.000099 19.340771
v 39.453033 5.856942 15.898142
v 39.566906 11.423903 12.147074
v 38.803993 16.354593 8.388935
v 12.833285 10.903191 -39.497139
v 16.302402 5.712037 -39.309048
v 9.916259 5.712033 -41.384026
v 13.268311 -0.000000 -40.835632
v 6.548302 0.000000 -42.434849
v 22.573441 -5.857080 -36.051788
v 16.453829 -6.013759 -39.200802
v 9.730359 -6.013755 -41.385403
v 2.928549 -5.857070 -42.434837
v 24.870434 -11.424067 -33.083973
v 19.202152 -11.867724 -36.524395
v 12.737225 -12.027504 -39.200756
v 5.933873 -11.867717 -40.835564
v -0.674089 -11.424052 -41.383976
v 26.462231 -16.354761 -29.595078
v 21.340273 -17.136065 -33.083908
v 15.333872 -17.571182 -36.051674
v 8.785597 -17.571180 -38.179363
v 2.181918 -17.136061 -39.308926
v -4.012513 -16.354755 -39.497070
v -33.598362 10.903176 -24.410404
v -32.347462 5.712031 -27.651609
v -36.294323 5.712018 -22.219181
v -38.334480 0.000000 -19.340754
v -27.311762 -5.857076 -32.609188
v -32.197735 -6.013748 -27.762157
v -36.353088 -6.013735 -22.042789
v -39.453030 -5.857040 -15.898129
v -23.779390 -11.424060 -33.876663
v -28.803041 -11.867704 -29.548929
v -33.346203 -12.027469 -24.227421
v -37.003349 -11.867663 -18.262188
v -39.566883 -11.423983 -12.147072
v -19.969358 -16.354757 -34.312435
v -24.870228 -17.136045 -30.519253
v -29.548838 -17.571144 -25.723879
v -33.595936 -17.571119 -20.153553
v -36.710861 -17.135971 -14.222099
v -38.803967 -16.354639 -8.388952
v -33.598362 10.903176 24.410408
v -36.294323 5.712018 22.219185
v -32.347462 5.712032 27.651613
v -38.334476 -0.000000 19.340755
v -39.453030 -5.857042 15.898130
v -36.353088 -6.013735 22.042789
v -32.197735 -6.013747 27.762157
v -27.311762 -5.857074 32.609188
v -39.566883 -11.423984 12.147073
v -37.003349 -11.867664 18.262188
v -33.346203 -12.027470 24.227421
v -28.803040 -11.867704 29.548929
v -23.779388 -11.424060 33.876663
v -38.803967 -16.354639 8.388953
v -36.710865 -17.135971 14.222101
v -33.595940 -17.571117 20.153559
v -29.548841 -17.571142 25.723885
v -24.870224 -17.136042 30.519249
v -19.969362 -16.354757 34.312435
v 12.833287 10.903191 39.497139
v 9.916259 5.712033 41.384026
v 16.302404 5.712038 39.309048
v 6.548303 -0.000000 42.434849
v 13.268313 0.000000 40.835632
v 2.928549 -5.857070 42.434837
v 9.730359 -6.013755 41.385403
v 16.453831 -6.013758 39.200802
v 22.573444 -5.857080 36.051788
v -0.674089 -11.424052 41.383976
v 5.933873 -11.867716 40.835564
v 12.737225 -12.027501 39.200756
v 19.202152 -11.867723 36.524399
v 24.870436 -11.424065 33.083969
v -4.012513 -16.354755 39.497070
v 2.181919 -17.136059 39.308926
v 8.785597 -17.571178 38.179363
v 15.333872 -17.571180 36.051670
v 21.340275 -17.136065 33.083908
v 26.462234 -16.354763 29.595079
v 41.529743 10.903086 -0.000000
v 42.064976 5.711982 3.357336
v 42.064976 5.711982 -3.357338
v 42.064976 -5.857036 14.117548
v 42.064976 -6.013712 3.534685
v 42.064976 -6.013712 -3.534687
v 42.064976 -5.857036 -14.117549
v 39.150234 -11.424004 13.429391
v 40.670616 -11.867649 6.975455
v 41.218174 -12.027427 -0.000004
v 40.670612 -11.867648 -6.975463
v 39.150227 -11.424003 -13.429398
v 36.324039 -16.354710 16.021370
v 38.059280 -17.135992 10.072035
v 39.025658 -17.571098 3.442592
v 39.025658 -17.571098 -3.442595
v 38.059280 -17.135992 -10.072039
v 36.324039 -16.354712 -16.021374
v 24.777561 -25.175503 -24.410315
v 21.340149 -29.908321 -22.219070
v 19.575134 -26.378178 -27.651451
v 17.143608 -34.287510 -19.340637
v 15.534804 -31.069807 -25.237551
v 13.523933 -27.047962 -30.481274
v 10.878802 -35.204693 -22.042637
v 9.020543 -31.488100 -27.761957
v 6.975681 -27.047955 -32.608967
v 9.922221 -95.293114 -16.119518
v 4.155398 -35.204681 -24.227261
v 2.266614 -31.069778 -29.548744
v 0.416845 -26.378157 -33.876480
v 3.617161 -105.275978 -11.132408
v 1.447683 -95.293091 -18.873158
v -2.501100 -34.287457 -25.723759
v -4.204208 -29.908274 -30.519121
v -5.697090 -25.175472 -34.312321
v -15.558980 -25.175512 -31.108017
v -14.537193 -29.908331 -27.161709
v -20.249172 -26.378172 -27.161734
v -13.096438 -34.287521 -22.281078
v -19.201937 -31.069798 -22.573214
v -24.810452 -27.047930 -22.281113
v -17.602156 -35.204689 -17.157814
v -23.615831 -31.488066 -17.157824
v -28.857544 -27.047890 -16.710808
v -12.264487 -95.293114 -14.417749
v -21.757517 -35.204647 -11.438529
v -27.402243 -31.069712 -11.286574
v -32.089790 -26.378056 -10.864646
v -9.469816 -105.275970 -6.880186
v -17.502153 -95.293076 -7.208870
v -25.237741 -34.287399 -5.570250
v -30.324709 -29.908178 -5.432314
v -34.393585 -25.175339 -5.184633
v -34.393585 -25.175344 5.184642
v -30.324703 -29.908182 5.432332
v -32.089787 -26.378054 10.864663
v -25.237736 -34.287399 5.570278
v -27.402241 -31.069706 11.286613
v -28.857536 -27.047880 16.710835
v -21.757515 -35.204632 11.438587
v -23.615824 -31.488041 17.157879
v -24.810444 -27.047909 22.281143
v -17.502155 -95.293068 7.208925
v -17.602161 -35.204651 17.157894
v -19.201935 -31.069754 22.573277
v -20.249170 -26.378141 27.161770
v -9.469828 -105.275955 6.880247
v -12.264511 -95.293076 14.417856
v -13.096452 -34.287449 22.281166
v -14.537203 -29.908270 27.161776
v -15.558980 -25.175472 31.108047
v 30.872459 -25.175480 -16.021347
v 32.347267 -26.378130 -10.072018
v 27.726217 -29.908298 -13.429353
v 33.168610 -27.047899 -3.442580
v 28.802954 -31.069759 -6.975428
v 23.691833 -34.287483 -10.327740
v 33.168617 -27.047892 3.442601
v 29.190748 -31.488045 0.000021
v 24.325607 -35.204662 -3.534652
v 32.347279 -26.378107 10.072037
v 28.802977 -31.069733 6.975467
v 24.325621 -35.204639 3.534706
v 18.396784 -95.293091 -4.455267
v 30.872475 -25.175442 16.021366
v 27.726257 -29.908245 13.429393
v 23.691887 -34.287430 10.327797
v 18.396832 -95.293068 4.455344
v 11.705349 -105.275955 0.000029
v -5.697072 -25.175514 34.312294
v -4.204170 -29.908333 30.519068
v 0.416872 -26.378185 33.876457
v -2.501047 -34.287518 25.723684
v 2.266666 -31.069811 29.548704
v 6.975714 -27.047966 32.608955
v 4.155469 -35.204700 24.227213
v 9.020606 -31.488104 27.761934
v 13.523969 -27.047955 30.481264
v 1.447764 -95.293114 18.873074
v 10.878881 -35.204678 22.042624
v 15.534867 -31.069777 25.237549
v 19.575171 -26.378157 27.651455
v 3.617229 -105.275970 11.132376
v 9.922327 -95.293091 16.119520
v 17.143688 -34.287453 19.340662
v 21.340208 -29.908270 22.219088
v 24.777586 -25.175465 24.410320
v -0.000006 -106.225845 -0.000002
v 30.924898 -19.112879 22.467989
v -11.812028 -19.112890 36.354301
v -38.225204 -19.112709 0.000000
v -11.812028 -19.112890 -36.354301
v 30.924898 -19.112879 -22.467989
v 11.812028 19.112890 36.354301
v -30.924898 19.112879 22.467989
v -30.924898 19.112879 -22.467989
v 11.812028 19.112890 -36.354301
v 38.225204 19.112709 0.000000
v 0.000000 102.737122 0.000000
v -11.023561 -23.534241 33.927612
v -9.950209 -28.100161 30.624117
v -8.576902 -32.497288 26.397444
v -6.828965 -93.780800 21.017731
v -4.401196 -104.408295 13.545701
v -2.089549 -105.821281 6.431061
v 5.470599 -105.821281 3.974579
v 11.522695 -104.408295 8.371632
v 17.878801 -93.780800 12.989558
v 22.455070 -32.497276 16.314371
v 26.050503 -28.100147 18.926573
v 28.860628 -23.534225 20.968225
v 27.286051 -20.384947 25.814484
v 22.733980 -21.466864 29.134201
v 17.309107 -22.205013 32.152672
v 11.234258 -22.468517 34.574837
v 4.895907 -22.205015 36.186035
v -1.267118 -21.466873 36.932774
v -6.901106 -20.384958 36.922760
v 32.983093 -20.384926 -17.973120
v 34.733608 -21.466816 -12.618017
v 35.927910 -22.204945 -6.525945
v 36.354252 -22.468443 0.000001
v 35.927910 -22.204945 6.525946
v 34.733608 -21.466816 12.618017
v 32.983093 -20.384926 17.973120
v 5.470599 -105.821281 -3.974583
v 11.522695 -104.408295 -8.371634
v 17.878801 -93.780800 -12.989563
v 22.455070 -32.497276 -16.314371
v 26.050503 -28.100147 -18.926573
v 28.860628 -23.534225 -20.968225
v -35.673668 -23.534046 0.000000
v -32.200211 -28.099974 0.000000
v -27.756062 -32.497128 -0.000000
v -22.099545 -93.780716 -0.000002
v -14.242936 -104.408264 -0.000002
v -6.762093 -105.821281 -0.000002
v -16.119257 -20.384956 33.927647
v -20.683220 -21.466860 30.624174
v -25.230373 -22.204985 26.397518
v -29.411234 -22.468454 21.368435
v -32.902222 -22.204912 15.838157
v -35.516869 -21.466736 10.207519
v -37.248310 -20.384794 4.846197
v -11.023561 -23.534241 -33.927612
v -9.950209 -28.100161 -30.624117
v -8.576902 -32.497288 -26.397444
v -6.828965 -93.780800 -21.017736
v -4.401196 -104.408295 -13.545706
v -2.089549 -105.821281 -6.431065
v -37.248310 -20.384794 -4.846197
v -35.516865 -21.466736 -10.207519
v -32.902225 -22.204914 -15.838157
v -29.411234 -22.468454 -21.368431
v -25.230373 -22.204985 -26.397516
v -20.683220 -21.466860 -30.624174
v -16.119257 -20.384956 -33.927647
v -6.901106 -20.384958 -36.922760
v -1.267116 -21.466873 -36.932774
v 4.895908 -22.205015 -36.186035
v 11.234259 -22.468515 -34.574833
v 17.309107 -22.205011 -32.152672
v 22.733984 -21.466864 -29.134201
v 27.286055 -20.384949 -25.814484
v 39.796154 15.289124 2.995089
v 40.883381 10.733751 6.308541
v 42.064976 5.551431 14.117548
v 42.064976 -0.000001 14.117548
v 39.108604 -5.551447 16.314428
v 36.783562 -10.733811 18.926619
v 33.956352 -15.289240 20.968254
v 33.956348 -15.289240 -20.968254
v 36.783562 -10.733811 -18.926624
v 39.108604 -5.551447 -16.314430
v 42.064976 0.000001 -14.117549
v 42.064976 5.551432 -14.117549
v 40.883381 10.733753 -6.308542
v 39.796154 15.289124 -2.995089
v 9.448974 15.289263 38.773930
v 6.633660 10.733840 40.831871
v 3.430884 5.551469 42.235912
v -3.430885 -5.551470 42.235912
v -6.633661 -10.733841 40.831871
v -9.448974 -15.289263 38.773930
v 30.435339 -15.289271 25.814541
v 29.367283 -10.733858 29.134329
v 27.601393 -5.551483 32.152855
v 22.049917 5.551486 36.186249
v 18.633436 10.733864 36.932934
v 15.146076 15.289280 36.922844
v -33.956348 15.289240 20.968254
v -36.783562 10.733811 18.926624
v -39.108604 5.551447 16.314430
v -40.645481 -0.000001 13.206312
v -41.229000 -5.551432 9.788443
v -40.883381 -10.733753 6.308542
v -39.796154 -15.289124 2.995089
v -15.146076 -15.289280 36.922844
v -18.633434 -10.733863 36.932934
v -22.049915 -5.551485 36.186249
v -27.601393 5.551485 32.152859
v -29.367281 10.733859 29.134329
v -30.435341 15.289273 25.814543
v -30.435339 15.289271 -25.814541
v -29.367283 10.733858 -29.134329
v -27.601393 5.551483 -32.152855
v -22.049917 -5.551486 -36.186249
v -18.633436 -10.733864 -36.932934
v -15.146076 -15.289280 -36.922844
v -39.796154 -15.289124 -2.995089
v -40.883381 -10.733751 -6.308541
v -41.229000 -5.551431 -9.788442
v -40.645481 0.000001 -13.206310
v -39.108604 5.551447 -16.314428
v -36.783562 10.733811 -18.926619
v -33.956352 15.289240 -20.968254
v 15.146076 15.289280 -36.922844
v 18.633434 10.733863 -36.932934
v 22.049915 5.551485 -36.186249
v 27.601393 -5.551485 -32.152859
v 29.367281 -10.733859 -29.134329
v 30.435341 -15.289273 -25.814543
v -9.448974 -15.289263 -38.773930
v -6.633660 -10.733840 -40.831871
v -3.430884 -5.551469 -42.235912
v 3.430885 5.551470 -42.235912
v 6.633661 10.733841 -40.831871
v 9.448974 15.289263 -38.773930
v 37.248310 20.384794 4.846197
v 35.516865 21.466736 10.207519
v 32.902225 22.204914 15.838157
v 29.411234 22.468454 21.368431
v 25.230373 22.204985 26.397516
v 20.683220 21.466860 30.624174
v 16.119257 20.384956 33.927647
v 6.901106 20.384958 36.922760
v 1.267117 21.466873 36.932774
v -4.895908 22.205015 36.186035
v -11.234259 22.468515 34.574833
v -17.309107 22.205011 32.152672
v -22.733984 21.466864 29.134201
v -27.286055 20.384949 25.814484
v -32.983093 20.384926 17.973120
v -34.733608 21.466816 12.618017
v -35.927910 22.204945 6.525945
v -36.354252 22.468443 -0.000001
v -35.927910 22.204945 -6.525946
v -34.733608 21.466816 -12.618017
v -32.983093 20.384926 -17.973120
v -27.286051 20.384949 -25.814484
v -22.733980 21.466864 -29.134201
v -17.309107 22.205013 -32.152672
v -11.234258 22.468517 -34.574837
v -4.895907 22.205015 -36.186035
v 1.267118 21.466873 -36.932774
v 6.901106 20.384958 -36.922760
v 16.119257 20.384956 -33.927647
v 20.683220 21.466860 -30.624174
v 25.230373 22.204985 -26.397518
v 29.411234 22.468454 -21.368435
v 32.902222 22.204912 -15.838157
v 35.516869 21.466736 -10.207519
v 37.248310 20.384794 -4.846197
v 1.574594 102.432266 4.846186
v 3.316558 101.367493 10.207489
v 6.394516 46.536983 19.680641
v 8.576903 32.497288 26.397442
v 9.950210 28.100159 30.624117
v 11.023562 23.534239 33.927612
v 35.673668 23.534046 -0.000000
v 32.200211 28.099974 -0.000000
v 27.756062 32.497128 0.000000
v 20.693592 46.536877 -0.000000
v 10.732890 101.367470 0.000000
v 5.095633 102.432266 -0.000000
v -4.122425 102.432266 2.995082
v -8.683037 101.367493 6.308521
v -16.741405 46.536980 12.163199
v -22.455070 32.497276 16.314371
v -26.050503 28.100147 18.926573
v -28.860628 23.534225 20.968225
v -4.122425 102.432266 -2.995082
v -8.683037 101.367493 -6.308521
v -16.741405 46.536980 -12.163199
v -22.455070 32.497276 -16.314371
v -26.050503 28.100147 -18.926573
v -28.860628 23.534225 -20.968225
v 1.574594 102.432266 -4.846186
v 3.316557 101.367493 -10.207489
v 6.394516 46.536983 -19.680641
v 8.576903 32.497288 -26.397442
v 9.950210 28.100159 -30.624117
v 11.023562 23.534239 -33.927612
v 7.102100 101.825790 -5.159961
v 17.766739 47.804543 -5.105887
v 14.240738 48.260227 -10.346489
v 10.346134 47.804600 -15.319284
v 25.120348 34.127651 -5.543756
v 21.656164 35.040741 -11.385043
v 17.519901 35.040775 -17.078032
v 13.034920 34.127758 -22.177670
v 30.183842 29.768572 -5.406491
v 27.274906 30.924801 -11.233807
v 23.505915 31.341242 -17.078070
v 19.112303 30.924868 -22.468523
v 14.469047 29.768702 -27.035776
v 34.233845 25.057541 -5.160007
v 31.940779 26.254713 -10.813835
v 28.723457 26.921465 -16.633108
v 24.694981 26.921492 -22.177765
v 20.154684 26.254805 -27.035837
v 15.486125 25.057684 -30.963762
v -2.712794 101.825806 -8.348963
v 0.634109 47.804611 -18.474859
v -5.439555 48.260250 -16.740904
v -11.372425 47.804607 -14.573637
v 2.490022 34.127769 -25.603851
v -4.135826 35.040806 -24.114290
v -10.828315 35.040802 -21.939732
v -17.064255 34.127762 -19.250175
v 4.185254 29.768713 -30.377119
v -2.255730 30.924896 -29.411297
v -8.978598 31.341299 -27.632767
v -15.462879 30.924892 -25.119957
v -21.241411 29.768705 -22.115351
v 5.671186 25.057695 -34.152771
v -0.414496 26.254829 -33.719051
v -6.943121 26.921543 -32.457447
v -13.461233 26.921541 -30.339544
v -19.484522 26.254822 -27.522711
v -24.662848 25.057690 -24.296474
v -8.778675 101.825798 0.000000
v -17.374723 47.804581 -6.312165
v -17.602526 48.260223 -0.000000
v -17.374723 47.804581 6.312165
v -23.581289 34.127731 -10.280216
v -24.212154 35.040752 -3.518422
v -24.212154 35.040752 3.518422
v -23.581289 34.127731 10.280216
v -27.597076 29.768677 -13.367491
v -28.668911 30.924837 -6.943353
v -29.054937 31.341232 0.000000
v -28.668911 30.924837 6.943353
v -27.597076 29.768677 13.367491
v -30.728745 25.057659 -15.947426
v -32.196838 26.254770 -10.025623
v -33.014454 26.921467 -3.426744
v -33.014454 26.921467 3.426745
v -32.196838 26.254770 10.025624
v -30.728745 25.057659 15.947426
v -2.712794 101.825806 8.348963
v -11.372424 47.804607 14.573636
v -5.439555 48.260250 16.740906
v 0.634110 47.804611 18.474861
v -17.064251 34.127762 19.250174
v -10.828312 35.040802 21.939730
v -4.135825 35.040806 24.114290
v 2.490023 34.127769 25.603851
v -21.241411 29.768705 22.115355
v -15.462879 30.924892 25.119959
v -8.978597 31.341295 27.632767
v -2.255730 30.924896 29.411299
v 4.185255 29.768713 30.377119
v -24.662848 25.057690 24.296474
v -19.484522 26.254822 27.522713
v -13.461232 26.921541 30.339548
v -6.943120 26.921543 32.457447
v -0.414494 26.254829 33.719051
v 5.671187 25.057695 34.152771
v 7.102100 101.825790 5.159961
v 10.346134 47.804600 15.319284
v 14.240738 48.260227 10.346489
v 17.766739 47.804543 5.105887
v 13.034919 34.127758 22.177668
v 17.519901 35.040775 17.078032
v 21.656164 35.040741 11.385043
v 25.120348 34.127655 5.543756
v 14.469047 29.768703 27.035776
v 19.112303 30.924870 22.468519
v 23.505915 31.341244 17.078068
v 27.274906 30.924803 11.233804
v 30.183842 29.768572 5.406490
v 15.486126 25.057684 30.963760
v 20.154684 26.254805 27.035831
v 24.694983 26.921494 22.177763
v 28.723459 26.921461 16.633104
v 31.940783 26.254713 10.813833
v 34.233845 25.057539 5.160006
v 38.623283 16.278780 -8.348993
v 39.382782 11.370913 -12.089718
v 36.539936 17.056581 -14.155153
v 39.269516 5.829619 -15.823490
v 36.831165 11.812592 -18.176632
v 33.439423 17.489782 -20.059282
v 38.156113 -0.000464 -19.250280
v 36.183929 5.985594 -21.939869
v 33.190880 11.971683 -24.114437
v 29.410965 17.489817 -25.603979
v 36.125294 -5.686142 -22.115459
v 34.575161 -0.000479 -25.120121
v 32.047688 5.985610 -27.632956
v 28.668600 11.812644 -29.411478
v 24.753878 17.056675 -30.377253
v 33.441681 -10.853259 -24.296560
v 32.196613 -5.686153 -27.522863
v 27.184143 5.829662 -32.457661
v 23.668036 11.371003 -33.719231
v 19.875599 16.278913 -34.152885
v 3.994640 16.278894 -39.312881
v 0.671705 11.370976 -41.191162
v -2.171149 17.056669 -39.125675
v -2.914300 5.829638 -42.237240
v -5.905780 11.812632 -40.645359
v -8.744398 17.489838 -38.001354
v -6.517393 -0.000477 -42.237255
v -9.684797 5.985595 -41.192703
v -12.677845 11.971697 -39.018108
v -15.262539 17.489840 -35.883457
v -9.869851 -5.686168 -41.191212
v -13.206477 -0.000499 -40.645428
v -16.377363 5.985598 -39.018162
v -19.113037 11.812641 -36.354034
v -21.241253 17.056677 -32.929337
v -12.773429 -10.853282 -39.312950
v -16.226576 -5.686174 -39.125793
v -19.553728 -0.000480 -38.001495
v -22.468786 5.829645 -35.883575
v -24.755146 11.370990 -32.929398
v -26.339499 16.278902 -29.456581
v -36.154392 16.278851 -15.947451
v -38.967587 11.370932 -13.367532
v -37.881668 17.056608 -10.025644
v -41.070599 5.829614 -10.280259
v -40.481037 11.812577 -6.943377
v -38.843632 17.489767 -3.426753
v -42.184025 -0.000459 -6.853495
v -42.169373 5.985580 -3.518434
v -41.026112 11.971651 0.000003
v -38.843628 17.489771 3.426752
v -42.225136 -5.686090 -3.341862
v -42.169365 5.985604 3.518455
v -40.481030 11.812610 6.943389
v -37.881660 17.056629 10.025648
v -41.336079 -10.853145 0.000017
v -42.225136 -5.686057 3.341902
v -42.184017 -0.000401 6.853536
v -41.070576 5.829679 10.280294
v -38.967564 11.370986 13.367556
v -36.154373 16.278879 15.947460
v -26.339508 16.278898 29.456579
v -24.755161 11.370980 32.929390
v -21.241270 17.056664 32.929329
v -22.468807 5.829634 35.883564
v -19.113066 11.812620 36.354023
v -15.262564 17.489822 35.883450
v -19.553749 -0.000490 38.001488
v -16.377396 5.985578 39.018147
v -12.677882 11.971677 39.018101
v -8.744426 17.489826 38.001354
v -16.226593 -5.686181 39.125786
v -13.206508 -0.000513 40.645420
v -9.684835 5.985577 41.192703
v -5.905813 11.812617 40.645363
v -2.171168 17.056664 39.125671
v -12.773438 -10.853284 39.312946
v -9.869868 -5.686173 41.191208
v -6.517415 -0.000486 42.237251
v -2.914321 5.829628 42.237232
v 0.671688 11.370971 41.191166
v 3.994630 16.278891 39.312881
v 19.875601 16.278900 34.152897
v 23.668032 11.370973 33.719246
v 24.753874 17.056650 30.377268
v 27.184130 5.829618 32.457672
v 28.668587 11.812590 29.411507
v 29.410959 17.489780 25.604006
v 32.047672 5.985538 27.632994
v 33.190876 11.971615 24.114485
v 33.439423 17.489742 20.059311
v 32.196590 -5.686202 27.522879
v 34.575134 -0.000559 25.120159
v 36.183910 5.985504 21.939924
v 36.831161 11.812518 18.176689
v 36.539936 17.056543 14.155189
v 33.441658 -10.853300 24.296574
v 36.125256 -5.686219 22.115494
v 38.156086 -0.000562 19.250336
v 39.269501 5.829524 15.823549
v 39.382786 11.370840 12.089772
v 38.623291 16.278740 8.349023
v 12.773438 10.853274 -39.312946
v 16.226595 5.686161 -39.125790
v 9.869872 5.686156 -41.191208
v 13.206508 0.000478 -40.645420
v 6.517416 0.000464 -42.237247
v 22.468803 -5.829662 -35.883564
v 16.377392 -5.985620 -39.018139
v 9.684831 -5.985616 -41.192696
v 2.914322 -5.829651 -42.237236
v 24.755157 -11.371003 -32.929390
v 19.113056 -11.812659 -36.354015
v 12.677874 -11.971721 -39.018093
v 5.905805 -11.812652 -40.645351
v -0.671690 -11.370989 -41.191158
v 26.339499 -16.278908 -29.456573
v 21.241259 -17.056686 -32.929325
v 15.262553 -17.489853 -35.883450
v 8.744414 -17.489851 -38.001347
v 2.171160 -17.056683 -39.125668
v -3.994633 -16.278902 -39.312878
v -33.441677 10.853261 -24.296568
v -32.196598 5.686154 -27.522882
v -36.125278 5.686142 -22.115480
v -38.156094 0.000464 -19.250319
v -27.184105 -5.829657 -32.457687
v -32.047630 -5.985609 -27.633017
v -36.183884 -5.985597 -21.939939
v -39.269497 -5.829621 -15.823536
v -23.667995 -11.370996 -33.719261
v -28.668531 -11.812639 -29.411543
v -33.190819 -11.971685 -24.114529
v -36.831120 -11.812598 -18.176716
v -39.382763 -11.370920 -12.089770
v -19.875559 -16.278904 -34.152912
v -24.753809 -17.056667 -30.377317
v -29.410885 -17.489815 -25.604067
v -33.439358 -17.489790 -20.059376
v -36.539898 -17.056595 -14.155238
v -38.623264 -16.278786 -8.349039
v -33.441677 10.853261 24.296572
v -36.125278 5.686142 22.115484
v -32.196598 5.686155 27.522886
v -38.156090 0.000463 19.250320
v -39.269497 -5.829623 15.823538
v -36.183884 -5.985597 21.939939
v -32.047630 -5.985608 27.633017
v -27.184105 -5.829656 32.457687
v -39.382763 -11.370921 12.089771
v -36.831120 -11.812599 18.176716
v -33.190819 -11.971686 24.114529
v -28.668530 -11.812639 29.411543
v -23.667994 -11.370996 33.719261
v -38.623264 -16.278786 8.349041
v -36.539902 -17.056595 14.155240
v -33.439362 -17.489788 20.059381
v -29.410891 -17.489813 25.604073
v -24.753805 -17.056664 30.377314
v -19.875563 -16.278904 34.152912
v 12.773440 10.853275 39.312946
v 9.869872 5.686156 41.191208
v 16.226597 5.686161 39.125790
v 6.517416 0.000463 42.237247
v 13.206511 0.000478 40.645420
v 2.914321 -5.829652 42.237236
v 9.684831 -5.985617 41.192696
v 16.377394 -5.985620 39.018139
v 22.468807 -5.829662 35.883564
v -0.671690 -11.370989 41.191158
v 5.905805 -11.812651 40.645351
v 12.677874 -11.971718 39.018093
v 19.113056 -11.812657 36.354019
v 24.755159 -11.371001 32.929386
v -3.994633 -16.278902 39.312878
v 2.171160 -17.056683 39.125668
v 8.744414 -17.489849 38.001347
v 15.262553 -17.489851 35.883446
v 21.241261 -17.056686 32.929325
v 26.339502 -16.278910 29.456575
v 41.336071 10.853170 -0.000000
v 42.064976 5.686105 3.341870
v 42.064976 5.686106 -3.341872
v 42.064976 -5.829618 14.117548
v 42.064976 -5.985573 3.518436
v 42.064976 -5.985573 -3.518438
v 42.064976 -5.829618 -14.117549
v 38.967594 -11.370940 13.367526
v 40.481041 -11.812584 6.943371
v 41.026112 -11.971643 -0.000004
v 40.481037 -11.812583 -6.943378
v 38.967587 -11.370939 -13.367533
v 36.154388 -16.278856 15.947447
v 37.881668 -17.056616 10.025637
v 38.843628 -17.489769 3.426748
v 38.843628 -17.489769 -3.426752
v 37.881668 -17.056616 -10.025640
v 36.154388 -16.278858 -15.947451
v 24.662846 -25.057682 -24.296478
v 21.241405 -29.768694 -22.115370
v 19.484522 -26.254812 -27.522726
v 17.064247 -34.127750 -19.250202
v 15.462872 -30.924871 -25.119995
v 13.461230 -26.921520 -30.339567
v 10.828300 -35.040768 -21.939789
v 8.978582 -31.341259 -27.632816
v 6.943114 -26.921513 -32.457470
v 9.875933 -95.043076 -16.043476
v 4.135803 -35.040756 -24.114370
v 2.255710 -30.924843 -29.411358
v 0.414488 -26.254791 -33.719078
v 3.599951 -105.016472 -11.079443
v 1.440435 -95.043053 -18.784431
v -2.490053 -34.127697 -25.603947
v -4.185277 -29.768646 -30.377186
v -5.671196 -25.057652 -34.152798
v -15.486164 -25.057692 -30.963739
v -14.469082 -29.768703 -27.035753
v -20.154747 -26.254807 -27.035778
v -13.034953 -34.127762 -22.177656
v -19.112362 -30.924862 -22.468475
v -24.695057 -26.921488 -22.177691
v -17.519947 -35.040764 -17.078001
v -23.505978 -31.341225 -17.078011
v -28.723524 -26.921448 -16.633020
v -12.206471 -95.043091 -14.350229
v -21.656206 -35.040722 -11.385008
v -27.274950 -30.924776 -11.233750
v -31.940821 -26.254690 -10.813765
v -9.424761 -105.016472 -6.847451
v -17.420008 -95.043037 -7.174560
v -25.120380 -34.127640 -5.543733
v -30.183870 -29.768551 -5.406458
v -34.233868 -25.057520 -5.159966
v -34.233868 -25.057526 5.159975
v -30.183865 -29.768555 5.406476
v -31.940817 -26.254688 10.813782
v -25.120375 -34.127640 5.543761
v -27.274948 -30.924770 11.233789
v -28.723516 -26.921438 16.633047
v -21.656204 -35.040707 11.385065
v -23.505970 -31.341200 17.078066
v -24.695049 -26.921467 22.177721
v -17.420010 -95.043037 7.174613
v -17.519953 -35.040726 17.078081
v -19.112360 -30.924818 22.468538
v -20.154745 -26.254776 27.035814
v -9.424772 -105.016472 6.847512
v -12.206495 -95.043037 14.350335
v -13.034966 -34.127689 22.177742
v -14.469091 -29.768642 27.035820
v -15.486165 -25.057652 30.963768
v 30.728745 -25.057659 -15.947424
v 32.196842 -26.254765 -10.025620
v 27.597078 -29.768671 -13.367488
v 33.014462 -26.921457 -3.426737
v 28.668922 -30.924824 -6.943343
v 23.581301 -34.127724 -10.280210
v 33.014469 -26.921450 3.426757
v 29.054962 -31.341204 0.000021
v 24.212187 -35.040737 -3.518403
v 32.196854 -26.254742 10.025639
v 28.668945 -30.924797 6.943382
v 24.212200 -35.040714 3.518457
v 18.310160 -95.043068 -4.434742
v 30.728760 -25.057621 15.947443
v 27.597118 -29.768618 13.367528
v 23.581352 -34.127670 10.280267
v 18.310209 -95.043037 4.434819
v 11.649658 -105.016472 0.000029
v -5.671177 -25.057693 34.152771
v -4.185239 -29.768705 30.377132
v 0.414515 -26.254820 33.719055
v -2.490000 -34.127758 25.603872
v 2.255762 -30.924875 29.411320
v 6.943148 -26.921524 32.457458
v 4.135873 -35.040775 24.114323
v 8.978645 -31.341263 27.632795
v 13.461266 -26.921513 30.339558
v 1.440515 -95.043091 18.784349
v 10.828378 -35.040752 21.939775
v 15.462934 -30.924841 25.119993
v 19.484558 -26.254791 27.522730
v 3.600019 -105.016472 11.079411
v 9.876038 -95.043053 16.043480
v 17.064327 -34.127693 19.250227
v 21.241465 -29.768642 22.115387
v 24.662870 -25.057644 24.296484
v -6.837657 -43.896706 21.044508
v -7.420033 -39.321762 22.721563
v -6.966089 -42.415550 21.424334
v -7.179253 -40.741005 22.038177
v 19.316589 -39.321762 14.078234
v 17.901581 -43.896698 13.006106
v 18.741058 -40.741001 13.638052
v 18.223129 -42.415543 13.245626
v 19.358503 -39.321751 -14.020544
v 17.901581 -43.896702 -13.006106
v 18.762016 -40.740993 -13.609209
v 18.228745 -42.415543 -13.237899
v -22.127659 -43.896595 0.000000
v -23.902613 -39.321625 -0.035659
v -22.528587 -42.415428 -0.004777
v -23.178267 -40.740875 -0.017829
v -6.837657 -43.896706 -21.044506
v -7.352232 -39.321762 -22.743597
v -6.957005 -42.415550 -21.427282
v -7.145352 -40.741005 -22.049192
v 12.452569 -45.175934 -15.454227
v 12.637112 -40.964607 -17.119188
v 12.459961 -43.781330 -15.839737
v 12.527508 -42.239876 -16.449154
v 5.814158 -45.681320 -17.893902
v 6.311415 -41.448608 -19.424259
v 5.924561 -44.280766 -18.233690
v 6.106569 -42.731487 -18.793840
v -0.990386 -45.175896 -19.822233
v -0.161109 -40.964558 -21.277697
v -0.769789 -43.781292 -20.138466
v -0.466253 -42.239838 -20.671202
v -10.849856 -45.175949 -16.618645
v -12.376277 -40.964615 -17.308683
v -11.214204 -43.781342 -16.744816
v -11.772912 -42.239887 -16.997387
v -15.221520 -45.681316 -11.059024
v -16.523302 -41.448605 -12.004860
v -15.510559 -44.280762 -11.269028
v -15.987045 -42.731483 -11.615229
v -19.158222 -45.175869 -5.183354
v -20.286137 -40.964539 -6.421880
v -19.390793 -43.781265 -5.490898
v -19.803638 -42.239815 -5.944230
v -19.158224 -45.175861 5.183378
v -20.286125 -40.964539 6.421937
v -19.390789 -43.781258 5.490932
v -19.803631 -42.239807 5.944276
v -15.221516 -45.681293 11.059112
v -16.523323 -41.448582 12.004920
v -15.510562 -44.280739 11.269107
v -15.987057 -42.731461 11.615297
v -10.849880 -45.175892 16.618729
v -12.376277 -40.964554 17.308800
v -11.214221 -43.781281 16.744907
v -11.772922 -42.239822 16.997492
v 20.186493 -40.964588 -6.728323
v 18.545996 -45.175915 -7.067319
v 19.515385 -42.239861 -6.831140
v 18.914921 -43.781311 -6.955221
v 20.423958 -41.448586 -0.000007
v 18.814838 -45.681297 0.000019
v 19.761093 -42.731461 0.000010
v 19.172113 -44.280743 0.000020
v 20.186541 -40.964542 6.728432
v 18.546041 -45.175877 7.067379
v 19.515432 -42.239815 6.831226
v 18.914967 -43.781273 6.955289
v -0.990328 -45.175941 19.822163
v -0.161000 -40.964611 21.277611
v -0.769722 -43.781330 20.138390
v -0.466167 -42.239876 20.671120
v 5.814220 -45.681324 17.893881
v 6.311466 -41.448612 19.424240
v 5.924628 -44.280769 18.233669
v 6.106632 -42.731491 18.793819
v 12.452625 -45.175892 15.454255
v 12.637235 -40.964558 17.119190
v 12.460037 -43.781288 15.839756
v 12.527609 -42.239830 16.449163
v -7.318872 -39.150467 22.641010
v -6.805857 -43.726704 20.946634
v -7.112520 -40.570305 21.948189
v -6.924744 -42.245323 21.328003
v 17.818325 -43.726696 12.945619
v 19.271231 -39.150459 13.957128
v 18.144287 -42.245316 13.176536
v 18.676088 -40.570297 13.546774
v 17.818325 -43.726700 -12.945618
v 19.229307 -39.150448 -14.014832
v 18.138670 -42.245323 -13.184266
v 18.655125 -40.570297 -13.575625
v -23.794735 -39.150326 0.035662
v -22.024746 -43.726597 0.000000
v -23.072050 -40.570179 0.017831
v -22.424191 -42.245209 0.004778
v -7.386727 -39.150463 -22.618961
v -6.805857 -43.726707 -20.946634
v -7.146448 -40.570305 -21.937164
v -6.933835 -42.245323 -21.325050
v 12.578340 -40.786682 -17.042452
v 12.396221 -44.999790 -15.381239
v 12.469506 -42.062737 -16.373707
v 12.402846 -43.604843 -15.765658
v 6.282883 -41.268383 -19.336452
v 5.786966 -45.502987 -17.810293
v 6.078495 -42.552082 -18.707449
v 5.896976 -44.102055 -18.148836
v -0.158637 -40.786636 -21.181068
v -0.987699 -44.999756 -19.730062
v -0.463661 -42.062698 -20.576069
v -0.767119 -43.604809 -20.044964
v -12.321459 -40.786690 -17.229078
v -10.797834 -44.999805 -16.542519
v -11.719076 -42.062756 -16.918915
v -11.161391 -43.604866 -16.667616
v -16.448612 -41.268379 -11.950593
v -15.150404 -45.502983 -11.007324
v -15.913558 -42.552078 -11.561832
v -15.438380 -44.102051 -11.216572
v -20.193483 -40.786617 -6.394373
v -19.069731 -44.999729 -5.157432
v -19.712364 -42.062675 -5.917298
v -19.301043 -43.604782 -5.464546
v -20.193478 -40.786617 6.394404
v -19.069736 -44.999722 5.157446
v -19.712358 -42.062675 5.917328
v -19.301041 -43.604778 5.464570
v -16.448629 -41.268356 11.950653
v -15.150402 -45.502960 11.007412
v -15.913570 -42.552055 11.561902
v -15.438386 -44.102028 11.216652
v -12.321463 -40.786633 17.229197
v -10.797863 -44.999748 16.542599
v -11.719089 -42.062691 16.919020
v -11.161413 -43.604797 16.667707
v 18.459166 -44.999775 -7.036291
v 20.095356 -40.786663 -6.696119
v 18.826817 -43.604828 -6.923794
v 19.425703 -42.062721 -6.799283
v 18.726919 -45.502964 0.000045
v 20.331625 -41.268360 0.000014
v 19.082890 -44.102032 0.000035
v 19.670252 -42.552059 0.000024
v 18.459217 -44.999741 7.036319
v 20.095394 -40.786613 6.696251
v 18.826866 -43.604790 6.923850
v 19.425751 -42.062683 6.799376
v -0.158560 -40.786682 21.180988
v -0.987642 -44.999798 19.729992
v -0.463593 -42.062748 20.575991
v -0.767058 -43.604855 20.044889
v 6.282934 -41.268387 19.336433
v 5.787072 -45.502991 17.810259
v 6.078563 -42.552086 18.707424
v 5.897065 -44.102058 18.148808
v 12.578442 -40.786636 17.042463
v 12.396255 -44.999756 15.381276
v 12.469595 -42.062698 16.373724
v 12.402910 -43.604809 15.765686
v 6.509505 46.587563 19.963194
v 4.615542 54.803253 14.205429
v 5.616065 48.744682 17.249098
v 4.922827 51.751831 15.141609
v 14.936596 54.803200 -0.000000
v 20.997854 46.587452 -0.022067
v 15.921914 51.751770 -0.002956
v 18.140490 48.744598 -0.011034
v -16.974575 46.587559 12.359905
v -12.083899 54.803246 8.779362
v -14.669411 48.744678 10.671474
v -12.879299 51.751831 9.360905
v -17.000513 46.587555 -12.324199
v -12.083899 54.803246 -8.779362
v -14.682381 48.744675 -10.653622
v -12.882774 51.751823 -9.356121
v 6.467533 46.587563 -19.976831
v 4.615542 54.803253 -14.205429
v 5.595078 48.744682 -17.255913
v 4.917202 51.751831 -15.143433
v 15.995224 48.213509 -7.851623
v 12.008064 55.590263 -4.491155
v 14.052567 49.985207 -6.358831
v 12.593165 52.685284 -5.128815
v 7.982182 55.590309 -10.032188
v 12.410051 48.213524 -12.786084
v 8.769343 52.685318 -10.391744
v 10.390057 49.985229 -11.399740
v -2.524625 48.213535 -17.638561
v -0.560753 55.590294 -12.808097
v -1.705214 49.985237 -15.329685
v -0.986387 52.685318 -13.561612
v -7.074605 55.590309 -10.691580
v -8.325446 48.213535 -15.753730
v -7.173316 52.685326 -11.551323
v -7.631155 49.985237 -13.404198
v -17.555464 48.213524 -3.049627
v -12.354547 55.590282 -3.424665
v -15.106380 49.985218 -3.115438
v -13.202713 52.685299 -3.252712
v -12.354541 55.590298 3.424392
v -17.555464 48.213524 3.049626
v -13.202709 52.685307 3.252575
v -15.106379 49.985222 3.115402
v -8.325445 48.213535 15.753731
v -7.074865 55.590294 10.691502
v -7.631190 49.985237 13.404189
v -7.173446 52.685318 11.551285
v -0.561009 55.590309 12.808005
v -2.524603 48.213539 17.638571
v -0.986513 52.685322 13.561567
v -1.705238 49.985237 15.329677
v 12.410037 48.213520 12.786106
v 7.982026 55.590294 10.032414
v 10.390028 49.985229 11.399781
v 8.769264 52.685314 10.391860
v 12.007889 55.590286 4.491387
v 15.995221 48.213501 7.851622
v 12.593077 52.685295 5.128931
v 14.052542 49.985207 6.358862
v 4.593909 54.633698 14.138846
v 6.445391 46.417858 19.908682
v 4.895279 51.582260 15.075957
v 5.572968 48.575054 17.187862
v 20.926197 46.417744 0.022065
v 14.866586 54.633636 0.000000
v 18.068935 48.574959 0.011033
v 15.850964 51.582184 0.002956
v -12.027260 54.633690 8.738211
v -16.942539 46.417850 12.282084
v -12.825375 51.582253 9.314418
v -14.624492 48.575043 10.611567
v -12.027260 54.633690 -8.738211
v -16.916605 46.417854 -12.317785
v -12.821899 51.582245 -9.319201
v -14.611525 48.575043 -10.629416
v 4.593909 54.633698 -14.138846
v 6.487361 46.417858 -19.895046
v 4.900902 51.582260 -15.074132
v 5.593954 48.575054 -17.181047
v 11.952431 55.416862 -4.468292
v 15.938077 48.040051 -7.828053
v 12.536824 52.511822 -5.105510
v 13.995672 49.811722 -6.335268
v 12.369976 48.040073 -12.739020
v 7.942980 55.416885 -9.986848
v 10.350029 49.811745 -11.352980
v 8.729635 52.511848 -10.345615
v -0.556182 55.416897 -12.748126
v -2.519792 48.040081 -17.576954
v -0.981614 52.511856 -13.500834
v -1.700345 49.811756 -15.268308
v -8.293117 48.040077 -15.701055
v -7.043597 55.416885 -10.640287
v -7.599078 49.811752 -13.351673
v -7.141722 52.511852 -11.499304
v -12.296102 55.416882 -3.410478
v -17.495377 48.040058 -3.035155
v -13.143433 52.511845 -3.238466
v -15.046500 49.811737 -3.101088
v -17.495377 48.040058 3.035155
v -12.296179 55.416870 3.410752
v -15.046511 49.811733 3.101125
v -13.143473 52.511833 3.238602
v -7.043311 55.416897 10.640296
v -8.293118 48.040081 15.701057
v -7.141579 52.511856 11.499308
v -7.599040 49.811756 13.351675
v -2.519818 48.040089 17.576946
v -0.555969 55.416885 12.748278
v -1.700329 49.811756 15.268323
v -0.981511 52.511848 13.500908
v 7.943080 55.416897 9.986581
v 12.369962 48.040070 12.739041
v 8.729685 52.511860 10.345485
v 10.350036 49.811756 11.352955
v 15.938091 48.040051 7.828032
v 11.952660 55.416862 4.468109
v 13.995710 49.811726 6.335233
v 12.536941 52.511826 5.105415
vn 0.0228 -0.9973 0.0701
vn 0.7255 -0.4994 0.4735
vn -0.0597 -0.9973 0.0434
vn -0.0597 -0.9973 -0.0434
vn 0.0228 -0.9973 -0.0701
vn 0.7711 -0.4256 0.4735
vn -0.2121 -0.4256 0.8797
vn -0.9022 -0.4256 0.0702
vn -0.3455 -0.4256 -0.8363
vn 0.6887 -0.4256 -0.5870
vn 0.7483 -0.3800 0.5437
vn -0.2858 -0.3800 0.8797
vn -0.9250 -0.3800 -0.0000
vn -0.2858 -0.3800 -0.8797
vn 0.7483 -0.3800 -0.5437
vn 0.3086 0.4994 0.8096
vn -0.6746 0.4994 0.5437
vn -0.7255 0.4994 -0.4735
vn 0.2262 0.4994 -0.8363
vn 0.8653 0.4994 -0.0434
vn 0.0597 0.9973 -0.0434
vn 0.1854 0.9817 -0.0433
vn 0.8568 0.4329 -0.2800
vn 0.7027 0.7102 -0.0429
vn 0.7951 0.6049 -0.0433
vn 0.1045 0.9916 -0.0759
vn 0.0985 0.9817 -0.1630
vn 0.8174 0.4529 -0.3561
vn 0.7992 0.4446 -0.4045
vn 0.7540 0.4618 -0.4672
vn 0.7229 0.4488 -0.5253
vn 0.6773 0.4618 -0.5728
vn 0.6316 0.4446 -0.6351
vn 0.5912 0.4529 -0.6674
vn 0.5311 0.4329 -0.7284
vn 0.6513 0.7537 -0.0879
vn 0.6451 0.7439 -0.1745
vn 0.5801 0.7838 -0.2215
vn 0.5670 0.7626 -0.3113
vn 0.4911 0.7947 -0.3568
vn 0.4713 0.7626 -0.4431
vn 0.3900 0.7838 -0.4833
vn 0.3653 0.7439 -0.5596
vn 0.2849 0.7537 -0.5922
vn 0.2579 0.7102 -0.6550
vn 0.7578 0.6472 -0.0829
vn 0.7516 0.6373 -0.1699
vn 0.7005 0.6806 -0.2147
vn 0.6874 0.6594 -0.3045
vn 0.6224 0.6993 -0.3515
vn 0.6026 0.6673 -0.4378
vn 0.5267 0.6993 -0.4833
vn 0.5020 0.6594 -0.5596
vn 0.4206 0.6806 -0.5999
vn 0.3939 0.6373 -0.6623
vn 0.3130 0.6472 -0.6951
vn 0.2869 0.6049 -0.7428
vn 0.8402 0.5369 -0.0759
vn 0.8340 0.5271 -0.1630
vn 0.7967 0.5694 -0.2026
vn 0.7836 0.5483 -0.2920
vn 0.7322 0.5919 -0.3370
vn 0.7124 0.5599 -0.4230
vn 0.6472 0.6000 -0.4702
vn 0.6225 0.5599 -0.5468
vn 0.5468 0.5919 -0.5922
vn 0.5199 0.5483 -0.6550
vn 0.4388 0.5694 -0.6951
vn 0.4127 0.5271 -0.7428
vn 0.3318 0.5369 -0.7756
vn 0.3086 0.4994 -0.8096
vn -0.0228 0.9973 -0.0701
vn 0.0161 0.9817 -0.1897
vn -0.0016 0.4329 -0.9014
vn 0.1763 0.7102 -0.6815
vn 0.2045 0.6049 -0.7696
vn -0.0399 0.9916 -0.1228
vn -0.1246 0.9817 -0.1440
vn -0.0861 0.4529 -0.8874
vn -0.1377 0.4446 -0.8851
vn -0.2113 0.4618 -0.8615
vn -0.2761 0.4488 -0.8499
vn -0.3354 0.4618 -0.8211
vn -0.4088 0.4446 -0.7970
vn -0.4520 0.4529 -0.7685
vn -0.5286 0.4329 -0.7302
vn 0.1176 0.7537 -0.6466
vn 0.0334 0.7439 -0.6675
vn -0.0314 0.7838 -0.6202
vn -0.1209 0.7626 -0.6355
vn -0.1876 0.7947 -0.5773
vn -0.2757 0.7626 -0.5852
vn -0.3391 0.7838 -0.5202
vn -0.4194 0.7439 -0.5203
vn -0.4752 0.7537 -0.4539
vn -0.5433 0.7102 -0.4477
vn 0.1553 0.6472 -0.7463
vn 0.0707 0.6373 -0.7674
vn 0.0123 0.6806 -0.7326
vn -0.0772 0.6594 -0.7478
vn -0.1420 0.6993 -0.7005
vn -0.2302 0.6673 -0.7084
vn -0.2969 0.6993 -0.6502
vn -0.3771 0.6594 -0.6504
vn -0.4406 0.6806 -0.5854
vn -0.5082 0.6373 -0.5793
vn -0.5644 0.6472 -0.5125
vn -0.6178 0.6049 -0.5024
vn 0.1874 0.5369 -0.8225
vn 0.1027 0.5271 -0.8436
vn 0.0535 0.5694 -0.8203
vn -0.0356 0.5483 -0.8355
vn -0.0942 0.5919 -0.8005
vn -0.1822 0.5599 -0.8083
vn -0.2472 0.6000 -0.7608
vn -0.3277 0.5599 -0.7610
vn -0.3943 0.5919 -0.7030
vn -0.4623 0.5483 -0.6968
vn -0.5255 0.5694 -0.6322
vn -0.5789 0.5271 -0.6221
vn -0.6351 0.5369 -0.5553
vn -0.6746 0.4994 -0.5437
vn -0.0738 0.9973 -0.0000
vn -0.1755 0.9817 -0.0740
vn -0.8578 0.4329 -0.2771
vn -0.5937 0.7102 -0.3783
vn -0.6687 0.6049 -0.4323
vn -0.1292 0.9916 -0.0000
vn -0.1755 0.9817 0.0740
vn -0.8706 0.4529 -0.1924
vn -0.8843 0.4446 -0.1425
vn -0.8846 0.4618 -0.0653
vn -0.8936 0.4488 -0.0000
vn -0.8846 0.4618 0.0653
vn -0.8843 0.4446 0.1425
vn -0.8706 0.4529 0.1924
vn -0.8578 0.4329 0.2771
vn -0.5786 0.7537 -0.3116
vn -0.6245 0.7439 -0.2381
vn -0.5996 0.7838 -0.1618
vn -0.6417 0.7626 -0.0814
vn -0.6071 0.7947 -0.0000
vn -0.6417 0.7626 0.0814
vn -0.5996 0.7838 0.1618
vn -0.6245 0.7439 0.2381
vn -0.5786 0.7537 0.3116
vn -0.5937 0.7102 0.3783
vn -0.6618 0.6472 -0.3784
vn -0.7080 0.6373 -0.3043
vn -0.6929 0.6806 -0.2381
vn -0.7351 0.6594 -0.1577
vn -0.7101 0.6993 -0.0814
vn -0.7448 0.6673 -0.0000
vn -0.7101 0.6993 0.0814
vn -0.7351 0.6594 0.1577
vn -0.6929 0.6806 0.2381
vn -0.7080 0.6373 0.3043
vn -0.6618 0.6472 0.3784
vn -0.6687 0.6049 0.4323
vn -0.7244 0.5369 -0.4324
vn -0.7705 0.5271 -0.3584
vn -0.7636 0.5694 -0.3044
vn -0.8056 0.5483 -0.2244
vn -0.7904 0.5919 -0.1577
vn -0.8250 0.5599 -0.0765
vn -0.8000 0.6000 -0.0000
vn -0.8250 0.5599 0.0765
vn -0.7904 0.5919 0.1577
vn -0.8056 0.5483 0.2244
vn -0.7636 0.5694 0.3044
vn -0.7705 0.5271 0.3584
vn -0.7244 0.5369 0.4324
vn -0.7255 0.4994 0.4735
vn -0.0228 0.9973 0.0701
vn -0.1246 0.9817 0.1440
vn -0.5286 0.4329 0.7302
vn -0.5433 0.7102 0.4477
vn -0.6178 0.6049 0.5024
vn -0.0399 0.9916 0.1228
vn 0.0161 0.9817 0.1897
vn -0.4520 0.4529 0.7685
vn -0.4088 0.4446 0.7970
vn -0.3354 0.4618 0.8211
vn -0.2761 0.4488 0.8499
vn -0.2113 0.4618 0.8615
vn -0.1377 0.4446 0.8851
vn -0.0861 0.4529 0.8874
vn -0.0016 0.4329 0.9014
vn -0.4752 0.7537 0.4539
vn -0.4194 0.7439 0.5203
vn -0.3391 0.7838 0.5202
vn -0.2757 0.7626 0.5852
vn -0.1876 0.7947 0.5773
vn -0.1209 0.7626 0.6355
vn -0.0314 0.7838 0.6202
vn 0.0334 0.7439 0.6675
vn 0.1176 0.7537 0.6466
vn 0.1763 0.7102 0.6815
vn -0.5644 0.6472 0.5125
vn -0.5082 0.6373 0.5793
vn -0.4406 0.6806 0.5854
vn -0.3771 0.6594 0.6504
vn -0.2969 0.6993 0.6502
vn -0.2302 0.6673 0.7084
vn -0.1420 0.6993 0.7005
vn -0.0772 0.6594 0.7478
vn 0.0123 0.6806 0.7326
vn 0.0707 0.6373 0.7674
vn 0.1553 0.6472 0.7464
vn 0.2045 0.6049 0.7696
vn -0.6351 0.5369 0.5553
vn -0.5789 0.5271 0.6221
vn -0.5255 0.5694 0.6322
vn -0.4623 0.5483 0.6968
vn -0.3943 0.5919 0.7030
vn -0.3277 0.5599 0.7610
vn -0.2472 0.6000 0.7608
vn -0.1822 0.5599 0.8083
vn -0.0942 0.5919 0.8005
vn -0.0356 0.5483 0.8355
vn 0.0535 0.5694 0.8203
vn 0.1027 0.5271 0.8436
vn 0.1874 0.5369 0.8225
vn 0.2262 0.4994 0.8363
vn 0.0597 0.9973 0.0434
vn 0.0985 0.9817 0.1630
vn 0.5311 0.4329 0.7284
vn 0.2579 0.7102 0.6550
vn 0.2869 0.6049 0.7428
vn 0.1045 0.9916 0.0759
vn 0.1854 0.9817 0.0433
vn 0.5912 0.4529 0.6674
vn 0.6316 0.4446 0.6351
vn 0.6773 0.4618 0.5728
vn 0.7229 0.4488 0.5253
vn 0.7540 0.4618 0.4672
vn 0.7992 0.4446 0.4045
vn 0.8174 0.4529 0.3561
vn 0.8568 0.4329 0.2800
vn 0.2849 0.7537 0.5922
vn 0.3653 0.7439 0.5596
vn 0.3900 0.7838 0.4833
vn 0.4713 0.7626 0.4431
vn 0.4911 0.7947 0.3568
vn 0.5670 0.7626 0.3113
vn 0.5801 0.7838 0.2215
vn 0.6451 0.7439 0.1745
vn 0.6513 0.7537 0.0879
vn 0.7027 0.7102 0.0429
vn 0.3130 0.6472 0.6951
vn 0.3939 0.6373 0.6623
vn 0.4206 0.6806 0.5999
vn 0.5020 0.6594 0.5596
vn 0.5267 0.6993 0.4833
vn 0.6026 0.6673 0.4378
vn 0.6224 0.6993 0.3515
vn 0.6874 0.6594 0.3045
vn 0.7005 0.6806 0.2147
vn 0.7516 0.6373 0.1699
vn 0.7578 0.6472 0.0829
vn 0.7951 0.6049 0.0433
vn 0.3318 0.5369 0.7756
vn 0.4127 0.5271 0.7428
vn 0.4389 0.5694 0.6951
vn 0.5199 0.5483 0.6550
vn 0.5468 0.5919 0.5922
vn 0.6225 0.5599 0.5468
vn 0.6472 0.6000 0.4702
vn 0.7124 0.5599 0.4230
vn 0.7322 0.5919 0.3370
vn 0.7836 0.5483 0.2920
vn 0.7967 0.5694 0.2026
vn 0.8340 0.5271 0.1630
vn 0.8402 0.5369 0.0759
vn 0.8653 0.4994 0.0434
vn 0.9022 0.4256 -0.0702
vn 0.9338 0.3276 -0.1440
vn 0.8810 0.4373 -0.1805
vn 0.5633 -0.0000 -0.8263
vn 0.8025 -0.1654 -0.5732
vn 0.8782 -0.1683 -0.4477
vn 0.8173 -0.2821 -0.5024
vn 0.9048 0.4078 -0.1228
vn 0.8708 0.4535 -0.1897
vn 0.9301 0.3025 -0.2081
vn 0.8962 0.3482 -0.2749
vn 0.8672 0.4284 -0.2538
vn 0.8201 0.4753 -0.3185
vn 0.5320 0.4656 -0.7072
vn 0.9041 0.2259 -0.3626
vn 0.8831 0.3154 -0.3473
vn 0.8358 0.3626 -0.4123
vn 0.8070 0.4423 -0.3913
vn 0.7486 0.4875 -0.4493
vn 0.8000 0.1831 -0.5714
vn 0.8899 0.0925 -0.4466
vn 0.8792 0.1857 -0.4388
vn 0.8319 0.2329 -0.5037
vn 0.8108 0.3224 -0.4885
vn 0.7523 0.3678 -0.5466
vn 0.7236 0.4472 -0.5257
vn 0.6587 0.4875 -0.5731
vn 0.8867 -0.0879 -0.4539
vn 0.8529 -0.0424 -0.5203
vn 0.8527 0.0472 -0.5202
vn 0.8054 0.0944 -0.5852
vn 0.7947 0.1876 -0.5773
vn 0.7362 0.2329 -0.6355
vn 0.7151 0.3224 -0.6202
vn 0.6504 0.3626 -0.6675
vn 0.6216 0.4423 -0.6466
vn 0.5564 0.4754 -0.6815
vn 0.8312 -0.2154 -0.5125
vn 0.7973 -0.1696 -0.5793
vn 0.8058 -0.0897 -0.5854
vn 0.6890 0.1857 -0.7005
vn 0.6243 0.2259 -0.7478
vn 0.6032 0.3154 -0.7326
vn 0.5384 0.3482 -0.7674
vn 0.5094 0.4284 -0.7464
vn 0.4496 0.4535 -0.7696
vn 0.7643 -0.3279 -0.5553
vn 0.7304 -0.2821 -0.6221
vn 0.7443 -0.2154 -0.6322
vn 0.6972 -0.1683 -0.6968
vn 0.5716 0.1804 -0.8005
vn 0.5063 0.2134 -0.8355
vn 0.4853 0.3025 -0.8203
vn 0.4255 0.3276 -0.8436
vn 0.3964 0.4078 -0.8225
vn 0.3455 0.4256 -0.8363
vn 0.2121 0.4256 -0.8797
vn 0.1516 0.3276 -0.9326
vn 0.0815 0.2134 -0.9736
vn -0.1544 -0.1683 -0.9736
vn -0.2252 -0.2821 -0.9326
vn 0.1628 0.4078 -0.8985
vn 0.0886 0.4535 -0.8869
vn 0.0895 0.3025 -0.9489
vn 0.0155 0.3482 -0.9373
vn 0.0266 0.4284 -0.9032
vn -0.0495 0.4754 -0.8784
vn 0.0081 0.1804 -0.9836
vn -0.0655 0.2259 -0.9720
vn -0.0574 0.3154 -0.9472
vn -0.1339 0.3626 -0.9223
vn -0.1228 0.4423 -0.8884
vn -0.1960 0.4875 -0.8508
vn -0.1497 0.0925 -0.9844
vn -0.1456 0.1857 -0.9717
vn -0.2220 0.2329 -0.9468
vn -0.2140 0.3224 -0.9221
vn -0.2874 0.3678 -0.8844
vn -0.2764 0.4472 -0.8506
vn -0.3415 0.4875 -0.8035
vn -0.1577 -0.0879 -0.9836
vn -0.2313 -0.0424 -0.9720
vn -0.2313 0.0472 -0.9717
vn -0.3076 0.0944 -0.9468
vn -0.3035 0.1876 -0.9342
vn -0.3769 0.2329 -0.8965
vn -0.3689 0.3224 -0.8718
vn -0.4338 0.3626 -0.8248
vn -0.4228 0.4423 -0.7909
vn -0.4763 0.4754 -0.7397
vn -0.2306 -0.2154 -0.9489
vn -0.3045 -0.1696 -0.9373
vn -0.3078 -0.0897 -0.9472
vn -0.3842 -0.0424 -0.9223
vn -0.3841 0.0472 -0.9221
vn -0.4575 0.0925 -0.8844
vn -0.4533 0.1857 -0.8718
vn -0.5183 0.2259 -0.8248
vn -0.5103 0.3154 -0.8001
vn -0.5634 0.3482 -0.7492
vn -0.5524 0.4284 -0.7151
vn -0.5930 0.4535 -0.6654
vn -0.2919 -0.3279 -0.8985
vn -0.3659 -0.2821 -0.8869
vn -0.3712 -0.2154 -0.9032
vn -0.4473 -0.1683 -0.8784
vn -0.4505 -0.0879 -0.8884
vn -0.5847 0.1804 -0.7909
vn -0.6382 0.2134 -0.7397
vn -0.6302 0.3025 -0.7151
vn -0.6708 0.3276 -0.6654
vn -0.6598 0.4078 -0.6312
vn -0.6887 0.4256 -0.5870
vn -0.7711 0.4256 -0.4735
vn -0.8401 0.3276 -0.4323
vn -0.9007 0.2134 -0.3783
vn -0.9462 0.0874 -0.3117
vn -0.9710 -0.0427 -0.2352
vn -0.9736 -0.1683 -0.1540
vn -0.9565 -0.2821 -0.0740
vn -0.8042 0.4078 -0.4324
vn -0.8161 0.4535 -0.3584
vn -0.8748 0.3025 -0.3784
vn -0.8866 0.3482 -0.3043
vn -0.8508 0.4284 -0.3044
vn -0.8507 0.4753 -0.2244
vn -0.9329 0.1804 -0.3116
vn -0.9446 0.2259 -0.2381
vn -0.9186 0.3154 -0.2381
vn -0.9185 0.3626 -0.1577
vn -0.8829 0.4423 -0.1577
vn -0.8697 0.4875 -0.0765
vn -0.9708 0.0472 -0.2351
vn -0.9825 0.0925 -0.1618
vn -0.9692 0.1857 -0.1618
vn -0.9691 0.2329 -0.0814
vn -0.9431 0.3224 -0.0814
vn -0.9299 0.3678 -0.0000
vn -0.8944 0.4472 -0.0000
vn -0.8697 0.4875 0.0765
vn -0.9842 -0.0879 -0.1539
vn -0.9822 0.1876 -0.0000
vn -0.9691 0.2329 0.0814
vn -0.9431 0.3224 0.0814
vn -0.9185 0.3626 0.1577
vn -0.8829 0.4423 0.1577
vn -0.8507 0.4753 0.2244
vn -0.9737 -0.2154 -0.0740
vn -0.9855 -0.1696 -0.0000
vn -0.9825 0.0925 0.1618
vn -0.9692 0.1857 0.1618
vn -0.9446 0.2259 0.2381
vn -0.9186 0.3154 0.2381
vn -0.8866 0.3482 0.3043
vn -0.8508 0.4284 0.3044
vn -0.8161 0.4535 0.3584
vn -0.9447 -0.3279 -0.0000
vn -0.9565 -0.2821 0.0740
vn -0.9737 -0.2154 0.0740
vn -0.9736 -0.1683 0.1540
vn -0.9842 -0.0879 0.1539
vn -0.9710 -0.0427 0.2352
vn -0.9708 0.0472 0.2351
vn -0.9462 0.0874 0.3117
vn -0.9329 0.1804 0.3116
vn -0.9007 0.2134 0.3783
vn -0.8748 0.3025 0.3784
vn -0.8401 0.3276 0.4323
vn -0.8042 0.4078 0.4324
vn -0.7711 0.4256 0.4735
vn -0.6887 0.4256 0.5870
vn -0.6708 0.3276 0.6654
vn -0.6382 0.2134 0.7397
vn -0.4473 -0.1683 0.8784
vn -0.3659 -0.2821 0.8869
vn -0.6598 0.4078 0.6312
vn -0.5930 0.4535 0.6654
vn -0.6302 0.3025 0.7151
vn -0.5634 0.3482 0.7492
vn -0.5524 0.4284 0.7151
vn -0.4763 0.4753 0.7397
vn -0.5847 0.1804 0.7909
vn -0.5183 0.2259 0.8248
vn -0.5103 0.3154 0.8001
vn -0.4338 0.3626 0.8248
vn -0.4228 0.4423 0.7909
vn -0.3415 0.4875 0.8035
vn -0.4575 0.0925 0.8844
vn -0.4533 0.1857 0.8718
vn -0.3769 0.2329 0.8965
vn -0.3689 0.3224 0.8718
vn -0.2874 0.3678 0.8844
vn -0.2764 0.4472 0.8506
vn -0.1960 0.4875 0.8508
vn -0.4505 -0.0879 0.8884
vn -0.3842 -0.0424 0.9223
vn -0.3841 0.0472 0.9221
vn -0.3076 0.0944 0.9468
vn -0.3035 0.1876 0.9342
vn -0.2220 0.2329 0.9468
vn -0.2140 0.3224 0.9221
vn -0.1339 0.3626 0.9223
vn -0.1228 0.4423 0.8884
vn -0.0495 0.4753 0.8784
vn -0.3712 -0.2154 0.9032
vn -0.3045 -0.1696 0.9373
vn -0.3078 -0.0897 0.9472
vn -0.2313 -0.0424 0.9720
vn -0.2313 0.0472 0.9717
vn -0.1497 0.0925 0.9844
vn -0.1456 0.1857 0.9717
vn -0.0655 0.2259 0.9720
vn -0.0574 0.3154 0.9472
vn 0.0155 0.3482 0.9373
vn 0.0266 0.4284 0.9032
vn 0.0886 0.4535 0.8869
vn -0.2919 -0.3279 0.8985
vn -0.2252 -0.2821 0.9326
vn -0.2306 -0.2154 0.9489
vn -0.1544 -0.1683 0.9736
vn -0.1577 -0.0879 0.9836
vn 0.0081 0.1804 0.9836
vn 0.0815 0.2134 0.9736
vn 0.0895 0.3025 0.9489
vn 0.1516 0.3276 0.9326
vn 0.1628 0.4078 0.8985
vn 0.2121 0.4256 0.8797
vn 0.3455 0.4256 0.8363
vn 0.4255 0.3276 0.8436
vn 0.5063 0.2134 0.8355
vn 0.6972 -0.1683 0.6968
vn 0.7304 -0.2821 0.6221
vn 0.3964 0.4078 0.8225
vn 0.4496 0.4535 0.7696
vn 0.4853 0.3025 0.8203
vn 0.5384 0.3482 0.7674
vn 0.5094 0.4284 0.7464
vn 0.5564 0.4753 0.6815
vn 0.5716 0.1804 0.8005
vn 0.6243 0.2259 0.7478
vn 0.6032 0.3154 0.7326
vn 0.6504 0.3626 0.6675
vn 0.6216 0.4423 0.6466
vn 0.6587 0.4875 0.5731
vn 0.6890 0.1857 0.7005
vn 0.7362 0.2329 0.6355
vn 0.7151 0.3224 0.6202
vn 0.7523 0.3678 0.5466
vn 0.7236 0.4472 0.5257
vn 0.7486 0.4875 0.4493
vn 0.8054 0.0944 0.5852
vn 0.7947 0.1876 0.5773
vn 0.8319 0.2329 0.5037
vn 0.8108 0.3224 0.4885
vn 0.8358 0.3626 0.4123
vn 0.8070 0.4423 0.3913
vn 0.8201 0.4753 0.3185
vn 0.7443 -0.2154 0.6322
vn 0.7973 -0.1696 0.5793
vn 0.8058 -0.0897 0.5854
vn 0.8529 -0.0424 0.5203
vn 0.8527 0.0472 0.5202
vn 0.8899 0.0925 0.4466
vn 0.8792 0.1857 0.4388
vn 0.9041 0.2259 0.3626
vn 0.8831 0.3154 0.3473
vn 0.8962 0.3482 0.2749
vn 0.8672 0.4284 0.2538
vn 0.8708 0.4535 0.1897
vn 0.7643 -0.3279 0.5553
vn 0.8173 -0.2821 0.5024
vn 0.8312 -0.2154 0.5125
vn 0.8782 -0.1683 0.4477
vn 0.8867 -0.0879 0.4540
vn 0.8025 -0.1655 0.5732
vn 0.8000 0.1831 0.5714
vn 0.5633 -0.0000 0.8263
vn 0.5320 0.4656 0.7072
vn 0.8810 0.4373 0.1805
vn 0.9301 0.3025 0.2081
vn 0.9338 0.3276 0.1440
vn 0.9048 0.4078 0.1228
vn 0.9022 0.4256 0.0702
vn 0.2858 0.3800 -0.8797
vn 0.3659 0.2821 -0.8869
vn 0.4473 0.1683 -0.8784
vn 0.6382 -0.2134 -0.7397
vn 0.6708 -0.3276 -0.6654
vn 0.2919 0.3279 -0.8985
vn 0.2252 0.2821 -0.9326
vn 0.3712 0.2154 -0.9032
vn 0.3045 0.1696 -0.9373
vn 0.2306 0.2154 -0.9489
vn 0.1544 0.1683 -0.9736
vn 0.3078 0.0897 -0.9472
vn 0.2313 0.0424 -0.9720
vn 0.1577 0.0879 -0.9836
vn 0.3076 -0.0944 -0.9468
vn 0.2313 -0.0472 -0.9717
vn 0.1497 -0.0925 -0.9844
vn 0.5847 -0.1804 -0.7909
vn 0.5183 -0.2259 -0.8248
vn 0.4533 -0.1857 -0.8718
vn 0.3769 -0.2329 -0.8965
vn 0.3035 -0.1876 -0.9342
vn 0.2220 -0.2329 -0.9468
vn 0.1456 -0.1857 -0.9717
vn 0.0655 -0.2259 -0.9720
vn -0.0081 -0.1804 -0.9836
vn -0.0815 -0.2134 -0.9736
vn 0.6302 -0.3025 -0.7151
vn 0.5634 -0.3482 -0.7492
vn 0.5103 -0.3154 -0.8001
vn 0.4338 -0.3626 -0.8248
vn 0.3689 -0.3224 -0.8718
vn 0.2874 -0.3678 -0.8844
vn 0.2140 -0.3224 -0.9221
vn 0.1339 -0.3626 -0.9223
vn 0.0574 -0.3154 -0.9472
vn -0.0155 -0.3482 -0.9373
vn -0.0895 -0.3025 -0.9489
vn -0.1516 -0.3276 -0.9326
vn 0.6598 -0.4078 -0.6312
vn 0.5930 -0.4535 -0.6654
vn 0.5524 -0.4284 -0.7151
vn 0.4763 -0.4753 -0.7397
vn 0.4228 -0.4423 -0.7909
vn 0.3415 -0.4875 -0.8035
vn 0.2764 -0.4472 -0.8506
vn 0.1960 -0.4875 -0.8508
vn 0.1228 -0.4423 -0.8884
vn 0.0495 -0.4754 -0.8784
vn -0.0266 -0.4284 -0.9032
vn -0.0886 -0.4535 -0.8869
vn -0.1628 -0.4078 -0.8985
vn -0.2121 -0.4256 -0.8797
vn -0.7483 0.3800 -0.5437
vn -0.7304 0.2821 -0.6221
vn -0.6972 0.1683 -0.6968
vn -0.5063 -0.2134 -0.8355
vn -0.4255 -0.3276 -0.8436
vn -0.7643 0.3279 -0.5553
vn -0.8173 0.2821 -0.5024
vn -0.7443 0.2154 -0.6322
vn -0.7973 0.1696 -0.5793
vn -0.8312 0.2154 -0.5125
vn -0.8782 0.1683 -0.4477
vn -0.8867 0.0879 -0.4540
vn -0.9238 0.0427 -0.3805
vn -0.8899 -0.0925 -0.4466
vn -0.9236 -0.0472 -0.3804
vn -0.9487 -0.0874 -0.3040
vn -0.5716 -0.1804 -0.8005
vn -0.6243 -0.2259 -0.7478
vn -0.6890 -0.1857 -0.7005
vn -0.7362 -0.2329 -0.6355
vn -0.7947 -0.1876 -0.5773
vn -0.8319 -0.2329 -0.5037
vn -0.8792 -0.1857 -0.4388
vn -0.9041 -0.2259 -0.3626
vn -0.9379 -0.1804 -0.2962
vn -0.9511 -0.2134 -0.2234
vn -0.4853 -0.3025 -0.8203
vn -0.5384 -0.3482 -0.7674
vn -0.6032 -0.3154 -0.7326
vn -0.6504 -0.3626 -0.6675
vn -0.7151 -0.3224 -0.6202
vn -0.7523 -0.3678 -0.5466
vn -0.8108 -0.3224 -0.4885
vn -0.8358 -0.3626 -0.4123
vn -0.8831 -0.3154 -0.3473
vn -0.8962 -0.3482 -0.2749
vn -0.9301 -0.3025 -0.2081
vn -0.9338 -0.3276 -0.1440
vn -0.3964 -0.4078 -0.8225
vn -0.4496 -0.4535 -0.7696
vn -0.5094 -0.4284 -0.7464
vn -0.5564 -0.4754 -0.6815
vn -0.6216 -0.4423 -0.6466
vn -0.6587 -0.4875 -0.5731
vn -0.7236 -0.4472 -0.5257
vn -0.7486 -0.4875 -0.4493
vn -0.8070 -0.4423 -0.3913
vn -0.8201 -0.4753 -0.3185
vn -0.8672 -0.4284 -0.2538
vn -0.8708 -0.4535 -0.1897
vn -0.9048 -0.4078 -0.1228
vn -0.9022 -0.4256 -0.0702
vn -0.7483 0.3800 0.5437
vn -0.8173 0.2821 0.5024
vn -0.8782 0.1683 0.4477
vn -0.9238 0.0427 0.3805
vn -0.9487 -0.0874 0.3040
vn -0.9511 -0.2134 0.2234
vn -0.9338 -0.3276 0.1440
vn -0.7643 0.3279 0.5553
vn -0.7304 0.2821 0.6221
vn -0.8312 0.2154 0.5125
vn -0.7973 0.1696 0.5793
vn -0.7443 0.2154 0.6322
vn -0.6972 0.1683 0.6968
vn -0.8867 0.0879 0.4539
vn -0.9236 -0.0472 0.3804
vn -0.8899 -0.0925 0.4466
vn -0.9379 -0.1804 0.2962
vn -0.9041 -0.2259 0.3626
vn -0.8792 -0.1857 0.4388
vn -0.8319 -0.2329 0.5037
vn -0.7947 -0.1876 0.5773
vn -0.7362 -0.2329 0.6355
vn -0.6890 -0.1857 0.7005
vn -0.6243 -0.2259 0.7478
vn -0.5716 -0.1804 0.8005
vn -0.5063 -0.2134 0.8355
vn -0.9301 -0.3025 0.2081
vn -0.8962 -0.3482 0.2749
vn -0.8831 -0.3154 0.3473
vn -0.8358 -0.3626 0.4123
vn -0.8108 -0.3224 0.4885
vn -0.7523 -0.3678 0.5466
vn -0.7151 -0.3224 0.6202
vn -0.6504 -0.3626 0.6675
vn -0.6032 -0.3154 0.7326
vn -0.5384 -0.3482 0.7674
vn -0.4853 -0.3025 0.8203
vn -0.4255 -0.3276 0.8436
vn -0.9048 -0.4078 0.1228
vn -0.8708 -0.4535 0.1897
vn -0.8672 -0.4284 0.2538
vn -0.8201 -0.4753 0.3185
vn -0.8070 -0.4423 0.3913
vn -0.7486 -0.4875 0.4493
vn -0.7236 -0.4472 0.5257
vn -0.6587 -0.4875 0.5731
vn -0.6216 -0.4423 0.6466
vn -0.5564 -0.4754 0.6815
vn -0.5094 -0.4284 0.7464
vn -0.4496 -0.4535 0.7696
vn -0.3964 -0.4078 0.8225
vn -0.3455 -0.4256 0.8363
vn 0.2858 0.3800 0.8797
vn 0.2252 0.2821 0.9326
vn 0.1544 0.1683 0.9736
vn -0.0815 -0.2134 0.9736
vn -0.1516 -0.3276 0.9326
vn 0.2919 0.3279 0.8985
vn 0.3659 0.2821 0.8869
vn 0.2306 0.2154 0.9489
vn 0.3045 0.1696 0.9373
vn 0.3712 0.2154 0.9032
vn 0.4473 0.1683 0.8784
vn 0.1577 0.0879 0.9836
vn 0.2313 0.0424 0.9720
vn 0.3078 0.0897 0.9472
vn 0.1497 -0.0925 0.9844
vn 0.2313 -0.0472 0.9717
vn 0.3076 -0.0944 0.9468
vn -0.0081 -0.1804 0.9836
vn 0.0655 -0.2259 0.9720
vn 0.1456 -0.1857 0.9717
vn 0.2220 -0.2329 0.9468
vn 0.3035 -0.1876 0.9342
vn 0.3769 -0.2329 0.8965
vn 0.4533 -0.1857 0.8718
vn 0.5183 -0.2259 0.8248
vn 0.5847 -0.1804 0.7909
vn 0.6382 -0.2134 0.7397
vn -0.0895 -0.3025 0.9489
vn -0.0155 -0.3482 0.9373
vn 0.0574 -0.3154 0.9472
vn 0.1339 -0.3626 0.9223
vn 0.2140 -0.3224 0.9221
vn 0.2874 -0.3678 0.8844
vn 0.3689 -0.3224 0.8718
vn 0.4338 -0.3626 0.8248
vn 0.5103 -0.3154 0.8001
vn 0.5634 -0.3482 0.7492
vn 0.6302 -0.3025 0.7151
vn 0.6708 -0.3276 0.6654
vn -0.1628 -0.4078 0.8985
vn -0.0886 -0.4535 0.8869
vn -0.0266 -0.4284 0.9032
vn 0.0495 -0.4754 0.8784
vn 0.1228 -0.4423 0.8884
vn 0.1960 -0.4875 0.8508
vn 0.2764 -0.4472 0.8506
vn 0.3415 -0.4875 0.8035
vn 0.4228 -0.4423 0.7909
vn 0.4763 -0.4754 0.7397
vn 0.5524 -0.4284 0.7151
vn 0.5930 -0.4535 0.6654
vn 0.6598 -0.4078 0.6312
vn 0.6887 -0.4256 0.5870
vn 0.9250 0.3800 -0.0000
vn 0.9565 0.2821 0.0740
vn 0.9817 0.1903 0.0024
vn 0.6339 -0.0000 0.7734
vn 0.9007 -0.2134 0.3783
vn 0.8401 -0.3276 0.4323
vn 0.9447 0.3279 -0.0000
vn 0.9565 0.2821 -0.0740
vn 0.9861 0.1493 0.0736
vn 0.9947 0.1026 -0.0000
vn 0.9861 0.1493 -0.0736
vn 0.9817 0.1903 -0.0024
vn 0.6339 -0.0000 -0.7734
vn 0.5616 -0.3846 0.7326
vn 0.8495 -0.4735 0.2327
vn 0.9732 -0.2298 0.0034
vn 0.9793 -0.1856 0.0811
vn 0.9902 -0.1394 -0.0000
vn 0.9793 -0.1856 -0.0811
vn 0.9732 -0.2298 -0.0034
vn 0.8495 -0.4735 -0.2327
vn 0.5616 -0.3846 -0.7326
vn 0.9007 -0.2134 -0.3783
vn 0.8748 -0.3025 0.3784
vn 0.8866 -0.3482 0.3043
vn 0.9186 -0.3154 0.2381
vn 0.9185 -0.3626 0.1577
vn 0.9431 -0.3224 0.0814
vn 0.9299 -0.3678 -0.0000
vn 0.9431 -0.3224 -0.0814
vn 0.9185 -0.3626 -0.1577
vn 0.9186 -0.3154 -0.2381
vn 0.8866 -0.3482 -0.3043
vn 0.8748 -0.3025 -0.3784
vn 0.8401 -0.3276 -0.4323
vn 0.8042 -0.4078 0.4324
vn 0.8161 -0.4535 0.3584
vn 0.8508 -0.4284 0.3044
vn 0.8507 -0.4753 0.2244
vn 0.8829 -0.4423 0.1577
vn 0.8697 -0.4875 0.0765
vn 0.8944 -0.4472 -0.0000
vn 0.8697 -0.4875 -0.0765
vn 0.8829 -0.4423 -0.1577
vn 0.8507 -0.4753 -0.2244
vn 0.8508 -0.4284 -0.3044
vn 0.8161 -0.4535 -0.3584
vn 0.8042 -0.4078 -0.4324
vn 0.7711 -0.4256 -0.4735
vn 0.6746 -0.4994 -0.5437
vn 0.6178 -0.6049 -0.5024
vn 0.5433 -0.7102 -0.4477
vn 0.3722 -0.5495 -0.7480
vn 0.1246 -0.9817 -0.1440
vn 0.6351 -0.5369 -0.5553
vn 0.5789 -0.5271 -0.6221
vn 0.5644 -0.6472 -0.5125
vn 0.5082 -0.6373 -0.5793
vn 0.5255 -0.5694 -0.6322
vn 0.4623 -0.5483 -0.6968
vn 0.4752 -0.7537 -0.4539
vn 0.4194 -0.7439 -0.5203
vn 0.4406 -0.6806 -0.5854
vn 0.3771 -0.6594 -0.6504
vn 0.3943 -0.5919 -0.7030
vn 0.3277 -0.5599 -0.7610
vn 0.3391 -0.7838 -0.5202
vn 0.2757 -0.7626 -0.5852
vn 0.2969 -0.6993 -0.6502
vn 0.2302 -0.6673 -0.7084
vn 0.2472 -0.6000 -0.7608
vn 0.1822 -0.5599 -0.8083
vn 0.1876 -0.7947 -0.5773
vn 0.1209 -0.7626 -0.6355
vn 0.1420 -0.6993 -0.7005
vn 0.0772 -0.6594 -0.7478
vn 0.0942 -0.5919 -0.8005
vn 0.0356 -0.5483 -0.8355
vn 0.3042 -0.5725 -0.7614
vn 0.2567 -0.5568 -0.7900
vn 0.0314 -0.7838 -0.6202
vn -0.0334 -0.7439 -0.6675
vn -0.0123 -0.6806 -0.7326
vn -0.0707 -0.6373 -0.7674
vn -0.0535 -0.5694 -0.8203
vn -0.1027 -0.5271 -0.8436
vn 0.0399 -0.9916 -0.1228
vn -0.0161 -0.9817 -0.1897
vn 0.2014 -0.5725 -0.7948
vn 0.1386 -0.5495 -0.8239
vn -0.1176 -0.7537 -0.6466
vn -0.1763 -0.7102 -0.6815
vn -0.1553 -0.6472 -0.7464
vn -0.2045 -0.6049 -0.7696
vn -0.1874 -0.5369 -0.8225
vn -0.2262 -0.4994 -0.8363
vn -0.3086 -0.4994 -0.8096
vn -0.2869 -0.6049 -0.7428
vn -0.2579 -0.7102 -0.6550
vn -0.5964 -0.5495 -0.5851
vn -0.0985 -0.9817 -0.1630
vn -0.3318 -0.5369 -0.7756
vn -0.4127 -0.5271 -0.7428
vn -0.3130 -0.6472 -0.6951
vn -0.3939 -0.6373 -0.6623
vn -0.4389 -0.5694 -0.6951
vn -0.5199 -0.5483 -0.6550
vn -0.2849 -0.7537 -0.5922
vn -0.3653 -0.7439 -0.5596
vn -0.4206 -0.6806 -0.5999
vn -0.5020 -0.6594 -0.5596
vn -0.5468 -0.5919 -0.5922
vn -0.6225 -0.5599 -0.5468
vn -0.3900 -0.7838 -0.4833
vn -0.4713 -0.7626 -0.4431
vn -0.5267 -0.6993 -0.4833
vn -0.6026 -0.6673 -0.4378
vn -0.6472 -0.6000 -0.4702
vn -0.7124 -0.5599 -0.4230
vn -0.4911 -0.7947 -0.3568
vn -0.5670 -0.7626 -0.3113
vn -0.6224 -0.6993 -0.3515
vn -0.6874 -0.6594 -0.3045
vn -0.7322 -0.5919 -0.3370
vn -0.7836 -0.5483 -0.2920
vn -0.6301 -0.5725 -0.5246
vn -0.6720 -0.5568 -0.4883
vn -0.5801 -0.7838 -0.2215
vn -0.6451 -0.7439 -0.1745
vn -0.7005 -0.6806 -0.2147
vn -0.7516 -0.6373 -0.1699
vn -0.7967 -0.5694 -0.2026
vn -0.8340 -0.5271 -0.1630
vn -0.1045 -0.9916 -0.0759
vn -0.1854 -0.9817 -0.0433
vn -0.6936 -0.5725 -0.4372
vn -0.7408 -0.5495 -0.3864
vn -0.6513 -0.7537 -0.0879
vn -0.7027 -0.7102 -0.0429
vn -0.7578 -0.6472 -0.0829
vn -0.7951 -0.6049 -0.0433
vn -0.8402 -0.5369 -0.0759
vn -0.8653 -0.4994 -0.0434
vn -0.8653 -0.4994 0.0434
vn -0.7951 -0.6049 0.0433
vn -0.7027 -0.7102 0.0429
vn -0.7408 -0.5495 0.3864
vn -0.1854 -0.9817 0.0433
vn -0.8402 -0.5369 0.0759
vn -0.8340 -0.5271 0.1630
vn -0.7578 -0.6472 0.0829
vn -0.7516 -0.6373 0.1699
vn -0.7967 -0.5694 0.2026
vn -0.7836 -0.5483 0.2920
vn -0.6513 -0.7537 0.0879
vn -0.6451 -0.7439 0.1745
vn -0.7005 -0.6806 0.2147
vn -0.6874 -0.6594 0.3045
vn -0.7322 -0.5919 0.3370
vn -0.7124 -0.5599 0.4230
vn -0.5801 -0.7838 0.2215
vn -0.5670 -0.7626 0.3113
vn -0.6224 -0.6993 0.3515
vn -0.6026 -0.6673 0.4378
vn -0.6472 -0.6000 0.4702
vn -0.6225 -0.5599 0.5468
vn -0.4911 -0.7947 0.3568
vn -0.4713 -0.7626 0.4431
vn -0.5267 -0.6993 0.4833
vn -0.5020 -0.6594 0.5596
vn -0.5468 -0.5919 0.5922
vn -0.5199 -0.5483 0.6550
vn -0.6936 -0.5725 0.4371
vn -0.6720 -0.5568 0.4883
vn -0.3900 -0.7838 0.4833
vn -0.3653 -0.7439 0.5596
vn -0.4206 -0.6806 0.5999
vn -0.3939 -0.6373 0.6623
vn -0.4389 -0.5694 0.6951
vn -0.4127 -0.5271 0.7428
vn -0.1045 -0.9916 0.0759
vn -0.0985 -0.9817 0.1630
vn -0.6301 -0.5725 0.5246
vn -0.5964 -0.5495 0.5851
vn -0.2849 -0.7537 0.5922
vn -0.2579 -0.7102 0.6550
vn -0.3130 -0.6472 0.6951
vn -0.2869 -0.6049 0.7428
vn -0.3318 -0.5369 0.7756
vn -0.3086 -0.4994 0.8096
vn 0.7255 -0.4994 -0.4735
vn 0.7705 -0.5271 -0.3584
vn 0.8056 -0.5483 -0.2244
vn 0.8250 -0.5599 -0.0765
vn 0.8250 -0.5599 0.0765
vn 0.8056 -0.5483 0.2244
vn 0.7705 -0.5271 0.3584
vn 0.7244 -0.5369 -0.4324
vn 0.6687 -0.6049 -0.4323
vn 0.7636 -0.5694 -0.3044
vn 0.7080 -0.6373 -0.3043
vn 0.6618 -0.6472 -0.3784
vn 0.5937 -0.7102 -0.3783
vn 0.7904 -0.5919 -0.1577
vn 0.7351 -0.6594 -0.1577
vn 0.6929 -0.6806 -0.2381
vn 0.6245 -0.7439 -0.2381
vn 0.5786 -0.7537 -0.3116
vn 0.8000 -0.6000 -0.0000
vn 0.7448 -0.6673 -0.0000
vn 0.7101 -0.6993 -0.0814
vn 0.6417 -0.7626 -0.0814
vn 0.5996 -0.7838 -0.1618
vn 0.7904 -0.5919 0.1577
vn 0.7351 -0.6594 0.1577
vn 0.7101 -0.6993 0.0814
vn 0.6417 -0.7626 0.0814
vn 0.6071 -0.7947 -0.0000
vn 0.8264 -0.5495 -0.1228
vn 0.7636 -0.5694 0.3044
vn 0.7080 -0.6373 0.3043
vn 0.6929 -0.6806 0.2381
vn 0.6245 -0.7439 0.2381
vn 0.5996 -0.7838 0.1618
vn 0.8307 -0.5568 -0.0000
vn 0.8181 -0.5725 -0.0541
vn 0.1755 -0.9817 -0.0740
vn 0.7244 -0.5369 0.4324
vn 0.6687 -0.6049 0.4323
vn 0.6618 -0.6472 0.3784
vn 0.5937 -0.7102 0.3783
vn 0.5786 -0.7537 0.3116
vn 0.8264 -0.5495 0.1228
vn 0.8181 -0.5725 0.0541
vn 0.1755 -0.9817 0.0740
vn 0.1292 -0.9916 -0.0000
vn 0.0738 -0.9973 -0.0000
vn -0.2262 -0.4994 0.8363
vn -0.2045 -0.6049 0.7696
vn -0.1763 -0.7102 0.6815
vn 0.1386 -0.5495 0.8239
vn -0.0161 -0.9817 0.1897
vn -0.1874 -0.5369 0.8225
vn -0.1027 -0.5271 0.8436
vn -0.1553 -0.6472 0.7464
vn -0.0707 -0.6373 0.7674
vn -0.0535 -0.5694 0.8203
vn 0.0356 -0.5483 0.8355
vn -0.1176 -0.7537 0.6466
vn -0.0334 -0.7439 0.6675
vn -0.0123 -0.6806 0.7326
vn 0.0772 -0.6594 0.7478
vn 0.0942 -0.5919 0.8005
vn 0.1822 -0.5599 0.8083
vn 0.0314 -0.7838 0.6202
vn 0.1209 -0.7626 0.6355
vn 0.1420 -0.6993 0.7005
vn 0.2302 -0.6673 0.7084
vn 0.2472 -0.6000 0.7608
vn 0.3277 -0.5599 0.7610
vn 0.1876 -0.7947 0.5773
vn 0.2757 -0.7626 0.5852
vn 0.2969 -0.6993 0.6502
vn 0.3771 -0.6594 0.6504
vn 0.3943 -0.5919 0.7030
vn 0.4623 -0.5483 0.6968
vn 0.2014 -0.5725 0.7948
vn 0.2567 -0.5568 0.7900
vn 0.3391 -0.7838 0.5202
vn 0.4194 -0.7439 0.5203
vn 0.4406 -0.6806 0.5854
vn 0.5082 -0.6373 0.5793
vn 0.5255 -0.5694 0.6322
vn 0.5789 -0.5271 0.6221
vn 0.0399 -0.9916 0.1228
vn 0.1246 -0.9817 0.1440
vn 0.3042 -0.5725 0.7614
vn 0.3722 -0.5495 0.7480
vn 0.4752 -0.7537 0.4539
vn 0.5433 -0.7102 0.4477
vn 0.5644 -0.6472 0.5125
vn 0.6178 -0.6049 0.5024
vn 0.6351 -0.5369 0.5553
vn 0.6746 -0.4994 0.5437
vn 0.9022 0.4256 -0.0701
vn 0.3455 0.4256 0.8364
vn -0.2262 -0.4994 0.8364
vn -0.8653 -0.4994 0.0433
vn -0.0597 -0.9973 0.0433
vn -0.8574 -0.4313 0.2808
vn -0.8180 -0.4512 0.3569
vn -0.7998 -0.4430 0.4051
vn -0.7547 -0.4601 0.4678
vn -0.6781 -0.4601 0.5732
vn -0.6324 -0.4430 0.6355
vn -0.5921 -0.4512 0.6677
vn -0.5320 -0.4313 0.7287
vn -0.6451 -0.7439 0.1744
vn -0.7517 -0.6373 0.1699
vn -0.5020 -0.6594 0.5597
vn -0.3939 -0.6373 0.6624
vn -0.5467 -0.5919 0.5922
vn -0.4388 -0.5694 0.6951
vn 0.0021 -0.4313 0.9022
vn -0.1764 -0.7102 0.6815
vn 0.0866 -0.4512 0.8882
vn 0.1381 -0.4430 0.8858
vn 0.2117 -0.4601 0.8623
vn 0.2764 -0.4472 0.8507
vn 0.3356 -0.4601 0.8220
vn 0.4090 -0.4430 0.7978
vn 0.4520 -0.4512 0.7695
vn 0.5286 -0.4313 0.7311
vn 0.1754 -0.9817 0.0740
vn 0.8587 -0.4313 0.2768
vn 0.6687 -0.6049 0.4324
vn 0.1754 -0.9817 -0.0740
vn 0.8715 -0.4512 0.1921
vn 0.8851 -0.4430 0.1424
vn 0.8855 -0.4601 0.0652
vn 0.8855 -0.4601 -0.0652
vn 0.8851 -0.4430 -0.1424
vn 0.8715 -0.4512 -0.1921
vn 0.8587 -0.4313 -0.2768
vn 0.6687 -0.6049 -0.4324
vn 0.5286 -0.4313 -0.7311
vn 0.4520 -0.4512 -0.7695
vn 0.4090 -0.4430 -0.7978
vn 0.3356 -0.4601 -0.8220
vn 0.2764 -0.4472 -0.8507
vn 0.2117 -0.4601 -0.8623
vn 0.1381 -0.4430 -0.8858
vn 0.0866 -0.4512 -0.8882
vn 0.0021 -0.4313 -0.9022
vn -0.1764 -0.7102 -0.6815
vn 0.1420 -0.6993 -0.7006
vn -0.2262 -0.4994 -0.8364
vn -0.0597 -0.9973 -0.0433
vn -0.5320 -0.4313 -0.7287
vn -0.5921 -0.4512 -0.6677
vn -0.6324 -0.4430 -0.6355
vn -0.6781 -0.4601 -0.5732
vn -0.7547 -0.4601 -0.4678
vn -0.7998 -0.4430 -0.4051
vn -0.8180 -0.4512 -0.3569
vn -0.8574 -0.4313 -0.2808
vn -0.6451 -0.7439 -0.1744
vn -0.3939 -0.6373 -0.6624
vn -0.5020 -0.6594 -0.5597
vn -0.7517 -0.6373 -0.1699
vn -0.4388 -0.5694 -0.6951
vn -0.5467 -0.5919 -0.5922
vn -0.8653 -0.4994 -0.0433
vn -0.9022 -0.4256 0.0701
vn -0.8696 -0.4617 0.1748
vn -0.5209 -0.0000 0.8536
vn -0.7824 0.1809 0.5959
vn -0.8201 -0.4754 0.3185
vn -0.4913 -0.4798 0.7269
vn -0.7795 -0.2001 0.5936
vn -0.8867 0.0879 0.4540
vn -0.8529 0.0424 0.5203
vn -0.8527 -0.0472 0.5202
vn -0.8054 -0.0944 0.5852
vn -0.7361 -0.2329 0.6355
vn -0.5563 -0.4754 0.6816
vn -0.8058 0.0897 0.5854
vn -0.6890 -0.1857 0.7006
vn -0.4495 -0.4535 0.7696
vn -0.3455 -0.4256 0.8364
vn -0.0887 -0.4535 0.8868
vn 0.4229 -0.4423 0.7909
vn 0.3842 0.0424 0.9223
vn 0.3841 -0.0472 0.9221
vn 0.4575 -0.0925 0.8844
vn 0.4534 -0.1857 0.8718
vn 0.4505 0.0879 0.8884
vn 0.8401 -0.3276 0.4324
vn 0.9462 -0.0874 0.3117
vn 0.9710 0.0427 0.2352
vn 0.9736 0.1683 0.1540
vn 0.8160 -0.4535 0.3584
vn 0.8507 -0.4754 0.2244
vn 0.9329 -0.1804 0.3117
vn 0.9446 -0.2259 0.2381
vn 0.9708 -0.0472 0.2351
vn 0.9825 -0.0925 0.1618
vn 0.9692 -0.1857 0.1618
vn 0.9691 -0.2329 0.0814
vn 0.9842 0.0879 0.1539
vn 0.9822 -0.1876 -0.0000
vn 0.9691 -0.2329 -0.0814
vn 0.8507 -0.4754 -0.2244
vn 0.9737 0.2154 0.0739
vn 0.9855 0.1696 -0.0000
vn 0.9825 -0.0925 -0.1618
vn 0.9692 -0.1857 -0.1618
vn 0.9446 -0.2259 -0.2381
vn 0.8160 -0.4535 -0.3584
vn 0.9737 0.2154 -0.0740
vn 0.9736 0.1683 -0.1540
vn 0.9842 0.0879 -0.1539
vn 0.9710 0.0427 -0.2352
vn 0.9708 -0.0472 -0.2351
vn 0.9462 -0.0874 -0.3117
vn 0.9329 -0.1804 -0.3116
vn 0.8401 -0.3276 -0.4324
vn 0.4763 -0.4754 -0.7397
vn 0.4229 -0.4423 -0.7909
vn 0.4575 -0.0925 -0.8844
vn 0.4534 -0.1857 -0.8718
vn 0.4505 0.0879 -0.8884
vn 0.3842 0.0424 -0.9223
vn 0.3841 -0.0472 -0.9221
vn -0.0887 -0.4535 -0.8868
vn -0.3455 -0.4256 -0.8364
vn -0.4495 -0.4535 -0.7696
vn -0.5563 -0.4754 -0.6815
vn -0.6890 -0.1857 -0.7006
vn -0.7361 -0.2329 -0.6355
vn -0.8054 -0.0944 -0.5852
vn -0.8201 -0.4754 -0.3185
vn -0.8058 0.0897 -0.5854
vn -0.8529 0.0424 -0.5203
vn -0.8527 -0.0472 -0.5202
vn -0.9042 -0.2259 -0.3626
vn -0.7825 0.1809 -0.5959
vn -0.7795 -0.2001 -0.5936
vn -0.5209 -0.0000 -0.8536
vn -0.4913 -0.4798 -0.7269
vn -0.8696 -0.4617 -0.1748
vn -0.9022 -0.4256 -0.0701
vn -0.4534 0.1857 0.8718
vn -0.4763 0.4754 0.7397
vn -0.4229 0.4423 0.7909
vn -0.0495 0.4754 0.8784
vn 0.0887 0.4535 0.8868
vn 0.9238 -0.0427 0.3805
vn 0.9236 0.0472 0.3804
vn 0.9487 0.0874 0.3040
vn 0.6890 0.1857 0.7006
vn 0.7361 0.2329 0.6355
vn 0.9379 0.1804 0.2962
vn 0.9511 0.2134 0.2234
vn 0.4495 0.4535 0.7696
vn 0.5563 0.4754 0.6815
vn 0.8201 0.4754 0.3185
vn 0.9022 0.4256 0.0701
vn 0.9238 -0.0427 -0.3805
vn 0.9487 0.0874 -0.3040
vn 0.9511 0.2134 -0.2234
vn 0.8867 -0.0879 -0.4540
vn 0.9236 0.0472 -0.3804
vn 0.9379 0.1804 -0.2962
vn 0.7361 0.2329 -0.6355
vn 0.6890 0.1857 -0.7006
vn 0.8201 0.4754 -0.3185
vn 0.5563 0.4754 -0.6815
vn 0.4495 0.4535 -0.7696
vn 0.3455 0.4256 -0.8364
vn -0.4534 0.1857 -0.8718
vn 0.0887 0.4535 -0.8868
vn -0.4229 0.4423 -0.7909
vn -0.9740 -0.2263 -0.0028
vn -0.5965 -0.0000 -0.8027
vn -0.8401 0.3276 -0.4324
vn -0.9798 -0.1860 -0.0738
vn -0.9902 -0.1397 -0.0000
vn -0.9798 -0.1860 0.0738
vn -0.9740 -0.2263 0.0028
vn -0.5965 -0.0000 0.8026
vn -0.5237 0.3949 -0.7548
vn -0.8356 0.4984 -0.2311
vn -0.9655 0.2602 -0.0038
vn -0.9729 0.2166 -0.0813
vn -0.9853 0.1710 -0.0000
vn -0.9729 0.2166 0.0813
vn -0.9655 0.2602 0.0038
vn -0.8356 0.4984 0.2311
vn -0.5237 0.3949 0.7548
vn -0.8401 0.3276 0.4324
vn -0.8160 0.4535 -0.3584
vn -0.8507 0.4754 -0.2244
vn -0.8507 0.4754 0.2244
vn -0.8160 0.4535 0.3584
vn -0.3723 0.5481 0.7490
vn -0.1420 0.6993 0.7006
vn -0.3044 0.5710 0.7624
vn -0.2570 0.5554 0.7909
vn -0.2019 0.5710 0.7957
vn -0.1391 0.5481 0.8248
vn 0.1764 0.7102 0.6815
vn 0.2262 0.4994 0.8364
vn 0.5973 0.5481 0.5855
vn 0.3939 0.6373 0.6624
vn 0.4388 0.5694 0.6951
vn 0.5467 0.5919 0.5922
vn 0.6310 0.5710 0.5251
vn 0.6728 0.5554 0.4888
vn 0.6451 0.7439 0.1744
vn 0.7517 0.6373 0.1699
vn 0.6944 0.5710 0.4379
vn 0.7414 0.5481 0.3871
vn 0.8653 0.4994 0.0433
vn 0.8653 0.4994 -0.0433
vn 0.7414 0.5481 -0.3871
vn 0.7517 0.6373 -0.1699
vn 0.6451 0.7439 -0.1744
vn 0.5020 0.6594 -0.5597
vn 0.5467 0.5919 -0.5922
vn 0.6944 0.5710 -0.4379
vn 0.6728 0.5554 -0.4888
vn 0.3653 0.7439 -0.5597
vn 0.3939 0.6373 -0.6624
vn 0.6310 0.5710 -0.5251
vn 0.5973 0.5481 -0.5855
vn -0.6687 0.6049 0.4324
vn -0.7102 0.6993 0.0814
vn -0.8274 0.5481 0.1226
vn -0.8316 0.5554 -0.0000
vn -0.8192 0.5710 0.0539
vn -0.1754 0.9817 0.0740
vn -0.5786 0.7537 -0.3117
vn -0.8274 0.5481 -0.1226
vn -0.8192 0.5710 -0.0539
vn 0.2262 0.4994 -0.8364
vn 0.1764 0.7102 -0.6815
vn -0.1391 0.5481 -0.8248
vn 0.1553 0.6472 -0.7464
vn -0.1420 0.6993 -0.7006
vn -0.2019 0.5710 -0.7957
vn -0.2570 0.5554 -0.7909
vn -0.3044 0.5710 -0.7624
vn -0.3723 0.5481 -0.7490
vn -0.4752 0.7537 -0.4540
vn 0.4447 -0.2371 -0.8637
vn 0.4543 -0.3364 -0.8249
vn 0.4603 -0.4319 -0.7756
vn 0.3503 -0.2491 -0.9029
vn 0.3449 -0.3564 -0.8683
vn 0.3352 -0.4594 -0.8226
vn 0.2473 -0.2491 -0.9364
vn 0.2314 -0.3564 -0.9052
vn 0.2123 -0.4594 -0.8625
vn 0.1479 -0.2385 -0.9598
vn 0.1179 -0.3393 -0.9333
vn 0.0850 -0.4357 -0.8961
vn -0.6840 -0.2371 -0.6899
vn -0.6442 -0.3364 -0.6869
vn -0.5955 -0.4319 -0.6774
vn -0.7505 -0.2491 -0.6122
vn -0.7193 -0.3564 -0.5963
vn -0.6787 -0.4594 -0.5730
vn -0.8141 -0.2491 -0.5246
vn -0.7894 -0.3564 -0.4998
vn -0.7547 -0.4594 -0.4684
vn -0.8671 -0.2385 -0.4372
vn -0.8511 -0.3393 -0.4005
vn -0.8259 -0.4357 -0.3578
vn -0.8675 -0.2371 0.4374
vn -0.8524 -0.3364 0.4004
vn -0.8283 -0.4319 0.3570
vn -0.8141 -0.2491 0.5246
vn -0.7894 -0.3564 0.4998
vn -0.7547 -0.4594 0.4684
vn -0.7505 -0.2491 0.6122
vn -0.7193 -0.3564 0.5963
vn -0.6787 -0.4594 0.5730
vn -0.6838 -0.2385 0.6896
vn -0.6439 -0.3393 0.6857
vn -0.5955 -0.4357 0.6750
vn 0.8785 -0.4357 -0.1960
vn 0.9240 -0.3393 -0.1763
vn 0.9585 -0.2385 -0.1560
vn 0.8859 -0.4594 -0.0646
vn 0.9324 -0.3564 -0.0596
vn 0.9670 -0.2491 -0.0541
vn 0.8859 -0.4594 0.0646
vn 0.9324 -0.3564 0.0596
vn 0.9670 -0.2491 0.0541
vn 0.8799 -0.4319 0.1980
vn 0.9249 -0.3364 0.1771
vn 0.9589 -0.2371 0.1561
vn 0.1479 -0.2371 0.9602
vn 0.1174 -0.3364 0.9344
vn 0.0836 -0.4319 0.8980
vn 0.2473 -0.2491 0.9364
vn 0.2314 -0.3564 0.9052
vn 0.2123 -0.4594 0.8625
vn 0.3503 -0.2491 0.9029
vn 0.3449 -0.3564 0.8683
vn 0.3352 -0.4594 0.8226
vn 0.4446 -0.2385 0.8634
vn 0.4532 -0.3393 0.8243
vn 0.4579 -0.4357 0.7749
vn -0.4579 0.4347 0.7755
vn -0.4531 0.3383 0.8248
vn -0.4444 0.2376 0.8637
vn -0.3353 0.4583 0.8231
vn -0.3449 0.3555 0.8687
vn -0.3503 0.2482 0.9032
vn -0.2125 0.4583 0.8630
vn -0.2316 0.3555 0.9055
vn -0.2475 0.2482 0.9366
vn -0.0839 0.4309 0.8985
vn -0.1177 0.3355 0.9347
vn -0.1482 0.2362 0.9603
vn 0.5960 0.4347 0.6751
vn 0.6444 0.3383 0.6858
vn 0.6841 0.2376 0.6896
vn 0.6792 0.4583 0.5733
vn 0.7196 0.3555 0.5965
vn 0.7507 0.2482 0.6123
vn 0.7551 0.4583 0.4688
vn 0.7897 0.3555 0.5001
vn 0.8143 0.2482 0.5248
vn 0.8286 0.4309 0.3574
vn 0.8526 0.3355 0.4007
vn 0.8675 0.2362 0.4377
vn 0.8263 0.4347 -0.3582
vn 0.8513 0.3383 -0.4009
vn 0.8672 0.2376 -0.4376
vn 0.7551 0.4583 -0.4688
vn 0.7897 0.3555 -0.5001
vn 0.8143 0.2482 -0.5248
vn 0.6792 0.4583 -0.5733
vn 0.7196 0.3555 -0.5965
vn 0.7507 0.2482 -0.6123
vn 0.5960 0.4309 -0.6776
vn 0.6446 0.3355 -0.6870
vn 0.6843 0.2363 -0.6898
vn -0.9591 0.2362 0.1558
vn -0.9253 0.3355 0.1769
vn -0.8804 0.4309 0.1979
vn -0.9672 0.2482 0.0541
vn -0.9328 0.3555 0.0596
vn -0.8864 0.4583 0.0646
vn -0.9672 0.2482 -0.0541
vn -0.9328 0.3555 -0.0596
vn -0.8864 0.4583 -0.0646
vn -0.9588 0.2376 -0.1558
vn -0.9244 0.3383 -0.1761
vn -0.8790 0.4347 -0.1958
vn -0.0854 0.4347 -0.8965
vn -0.1182 0.3383 -0.9336
vn -0.1481 0.2376 -0.9600
vn -0.2125 0.4583 -0.8630
vn -0.2316 0.3555 -0.9055
vn -0.2475 0.2482 -0.9366
vn -0.3353 0.4583 -0.8231
vn -0.3449 0.3555 -0.8687
vn -0.3503 0.2482 -0.9032
vn -0.4603 0.4309 -0.7762
vn -0.4542 0.3355 -0.8253
vn -0.4446 0.2363 -0.8640
vn -0.0202 -0.4974 0.8673
vn 0.0439 -0.5430 0.8386
vn -0.4947 -0.4953 0.7141
vn 0.2049 0.0013 0.9788
vn -0.7411 0.0013 0.6714
vn -0.5313 -0.5421 0.6510
vn 0.4096 0.0013 0.9123
vn 0.4550 -0.5421 0.7065
vn 0.9942 0.0013 0.1076
vn 0.5262 -0.4953 0.6912
vn 0.8186 -0.4974 0.2872
vn 0.8111 -0.5430 0.2174
vn 0.9942 0.0013 -0.1076
vn 0.4096 0.0013 -0.9123
vn 0.8200 -0.4953 -0.2869
vn 0.5261 -0.4974 -0.6898
vn 0.4574 -0.5430 -0.7042
vn 0.8125 -0.5421 -0.2144
vn -0.8311 -0.4974 0.2488
vn -0.7840 -0.5430 0.3009
vn -0.8320 -0.4953 -0.2499
vn -0.8676 0.0013 0.4973
vn -0.8676 0.0013 -0.4973
vn -0.7833 -0.5421 -0.3041
vn -0.4934 -0.4974 -0.7135
vn -0.5284 -0.5430 -0.6526
vn -0.0195 -0.4953 -0.8685
vn -0.7411 0.0013 -0.6714
vn 0.2049 0.0013 -0.9788
vn 0.0472 -0.5421 -0.8390
vn 0.3574 -0.0056 -0.9339
vn 0.4012 -0.5213 -0.7532
vn 0.3453 -0.0050 -0.9385
vn 0.3217 -0.5566 -0.7660
vn 0.3090 -0.0084 -0.9510
vn 0.2621 -0.5299 -0.8065
vn 0.2723 -0.0050 -0.9622
vn 0.1900 -0.5566 -0.8088
vn 0.2598 -0.0056 -0.9656
vn 0.1182 -0.5213 -0.8451
vn -0.7778 -0.0056 -0.6285
vn -0.5923 -0.5213 -0.6143
vn -0.7859 -0.0050 -0.6184
vn -0.6291 -0.5566 -0.5427
vn -0.8090 -0.0084 -0.5878
vn -0.6861 -0.5299 -0.4985
vn -0.8310 -0.0050 -0.5563
vn -0.7105 -0.5566 -0.4306
vn -0.8381 -0.0056 -0.5455
vn -0.7673 -0.5213 -0.3735
vn -0.8381 -0.0056 0.5455
vn -0.7673 -0.5213 0.3735
vn -0.8310 -0.0050 0.5563
vn -0.7105 -0.5566 0.4306
vn -0.8090 -0.0084 0.5878
vn -0.6861 -0.5299 0.4985
vn -0.7859 -0.0050 0.6184
vn -0.6291 -0.5566 0.5427
vn -0.7778 -0.0056 0.6285
vn -0.5923 -0.5213 0.6143
vn 0.9987 -0.0056 -0.0513
vn 0.8279 -0.5565 -0.0693
vn 0.8403 -0.5213 -0.1488
vn 0.9993 -0.0050 -0.0384
vn 0.8279 -0.5565 0.0693
vn 0.8480 -0.5299 -0.0000
vn 0.9993 -0.0050 0.0384
vn 1.0000 -0.0084 -0.0000
vn 0.8403 -0.5213 0.1488
vn 0.9987 -0.0056 0.0513
vn 0.2598 -0.0056 0.9656
vn 0.1182 -0.5213 0.8451
vn 0.2723 -0.0050 0.9622
vn 0.1900 -0.5566 0.8088
vn 0.3090 -0.0084 0.9510
vn 0.2621 -0.5299 0.8065
vn 0.3453 -0.0050 0.9385
vn 0.3217 -0.5566 0.7660
vn 0.3574 -0.0056 0.9339
vn 0.4012 -0.5213 0.7532
vn 0.0191 0.4943 -0.8691
vn 0.7411 -0.0013 -0.6714
vn 0.5291 0.5419 -0.6530
vn 0.4941 0.4964 -0.7138
vn -0.0476 0.5410 -0.8396
vn -0.2050 -0.0013 -0.9788
vn -0.4095 -0.0013 -0.9123
vn -0.8206 0.4943 -0.2867
vn -0.8133 0.5410 -0.2142
vn -0.9942 -0.0013 -0.1075
vn -0.4575 0.5419 -0.7050
vn -0.5262 0.4964 -0.6904
vn -0.9942 -0.0013 0.1075
vn -0.5263 0.4943 0.6919
vn -0.4551 0.5410 0.7072
vn -0.4095 -0.0013 0.9123
vn -0.8193 0.4964 0.2870
vn -0.8119 0.5419 0.2172
vn 0.8324 0.4943 -0.2504
vn 0.8675 -0.0013 0.4974
vn 0.7845 0.5419 0.3015
vn 0.8315 0.4964 0.2493
vn 0.7839 0.5410 -0.3047
vn 0.8675 -0.0013 -0.4974
vn 0.4954 0.4943 0.7143
vn -0.2049 -0.0013 0.9788
vn -0.0443 0.5419 0.8393
vn 0.0198 0.4964 0.8679
vn 0.5320 0.5410 0.6513
vn 0.7411 -0.0013 0.6714
vn -0.3573 0.0056 0.9340
vn -0.3453 0.0050 0.9385
vn -0.3219 0.5555 0.7667
vn -0.4013 0.5203 0.7538
vn -0.3090 0.0084 0.9510
vn -0.2723 0.0050 0.9622
vn -0.1903 0.5555 0.8095
vn -0.2623 0.5289 0.8072
vn -0.2599 0.0056 0.9656
vn -0.1184 0.5203 0.8457
vn 0.7779 0.0056 0.6284
vn 0.7858 0.0050 0.6184
vn 0.6297 0.5555 0.5431
vn 0.5929 0.5203 0.6146
vn 0.8090 0.0084 0.5878
vn 0.8310 0.0050 0.5563
vn 0.7111 0.5555 0.4311
vn 0.6866 0.5289 0.4989
vn 0.8380 0.0056 0.5456
vn 0.7678 0.5203 0.3740
vn 0.8380 0.0056 -0.5456
vn 0.8310 0.0050 -0.5563
vn 0.7111 0.5555 -0.4311
vn 0.7678 0.5203 -0.3740
vn 0.8090 0.0084 -0.5878
vn 0.7858 0.0050 -0.6184
vn 0.6297 0.5555 -0.5431
vn 0.6866 0.5289 -0.4989
vn 0.7778 0.0056 -0.6284
vn 0.5929 0.5203 -0.6146
vn -0.9987 0.0056 0.0512
vn -0.8409 0.5203 0.1487
vn -0.8287 0.5555 0.0692
vn -0.9993 0.0050 0.0384
vn -0.8287 0.5555 -0.0692
vn -0.9993 0.0050 -0.0384
vn -0.8487 0.5289 -0.0000
vn -1.0000 0.0084 -0.0000
vn -0.8410 0.5203 -0.1487
vn -0.9987 0.0056 -0.0512
vn -0.2599 0.0056 -0.9656
vn -0.2723 0.0050 -0.9622
vn -0.1903 0.5555 -0.8095
vn -0.1184 0.5203 -0.8457
vn -0.3090 0.0084 -0.9510
vn -0.3453 0.0050 -0.9385
vn -0.3219 0.5555 -0.7667
vn -0.2623 0.5289 -0.8072
vn -0.3573 0.0056 -0.9340
vn -0.4013 0.5203 -0.7538
vn 0.3799 0.7873 -0.4856
vn 0.5837 0.5577 -0.5901
vn 0.7223 0.2707 -0.6364
vn 0.5785 0.7878 -0.2116
vn 0.7409 0.5584 -0.3731
vn 0.8283 0.2711 -0.4904
vn 0.4742 0.8102 -0.3445
vn 0.6612 0.5762 -0.4804
vn 0.7766 0.2803 -0.5642
vn -0.3445 0.7873 -0.5113
vn -0.3809 0.5577 -0.7375
vn -0.3820 0.2707 -0.8836
vn -0.0225 0.7878 -0.6156
vn -0.1259 0.5584 -0.8200
vn -0.2104 0.2711 -0.9393
vn -0.1811 0.8102 -0.5574
vn -0.2526 0.5762 -0.7773
vn -0.2966 0.2803 -0.9129
vn -0.5928 0.7873 0.1696
vn -0.8191 0.5577 0.1343
vn -0.9584 0.2707 0.0903
vn -0.5924 0.7878 -0.1688
vn -0.8187 0.5584 -0.1336
vn -0.9583 0.2711 -0.0901
vn -0.5861 0.8102 -0.0000
vn -0.8173 0.5762 -0.0000
vn -0.9599 0.2803 -0.0000
vn -0.0219 0.7873 0.6161
vn -0.1254 0.5577 0.8205
vn -0.2103 0.2707 0.9394
vn -0.3436 0.7878 0.5112
vn -0.3801 0.5584 0.7374
vn -0.3818 0.2711 0.8836
vn -0.1811 0.8102 0.5574
vn -0.2526 0.5762 0.7773
vn -0.2966 0.2803 0.9129
vn 0.5792 0.7873 0.2112
vn 0.7416 0.5577 0.3728
vn 0.8285 0.2707 0.4903
vn 0.3800 0.7878 0.4848
vn 0.5838 0.5584 0.5894
vn 0.7223 0.2711 0.6362
vn 0.4742 0.8102 0.3445
vn 0.6612 0.5762 0.4804
vn 0.7766 0.2803 0.5642
vn -0.7224 -0.2709 0.6362
vn -0.5839 -0.5583 0.5894
vn -0.3800 -0.7877 0.4848
vn -0.8285 -0.2704 0.4904
vn -0.7417 -0.5576 0.3729
vn -0.5793 -0.7873 0.2112
vn -0.7767 -0.2800 0.5643
vn -0.6613 -0.5761 0.4804
vn -0.4742 -0.8102 0.3445
vn 0.3818 -0.2709 0.8837
vn 0.3801 -0.5583 0.7374
vn 0.3437 -0.7877 0.5112
vn 0.2104 -0.2704 0.9395
vn 0.1254 -0.5576 0.8206
vn 0.0218 -0.7873 0.6162
vn 0.2967 -0.2800 0.9130
vn 0.2526 -0.5761 0.7774
vn 0.1811 -0.8102 0.5575
vn 0.9584 -0.2709 -0.0900
vn 0.8188 -0.5583 -0.1336
vn 0.5924 -0.7877 -0.1689
vn 0.9585 -0.2704 0.0902
vn 0.8192 -0.5576 0.1343
vn 0.5928 -0.7873 0.1696
vn 0.9600 -0.2800 -0.0000
vn 0.8174 -0.5761 -0.0000
vn 0.5862 -0.8102 -0.0000
vn 0.2106 -0.2709 -0.9393
vn 0.1259 -0.5583 -0.8200
vn 0.0225 -0.7877 -0.6156
vn 0.3820 -0.2704 -0.8837
vn 0.3809 -0.5576 -0.7376
vn 0.3445 -0.7873 -0.5113
vn 0.2967 -0.2800 -0.9130
vn 0.2526 -0.5761 -0.7774
vn 0.1811 -0.8102 -0.5575
vn -0.8283 -0.2709 -0.4905
vn -0.7410 -0.5583 -0.3732
vn -0.5785 -0.7877 -0.2116
vn -0.7224 -0.2704 -0.6364
vn -0.5838 -0.5576 -0.5901
vn -0.3798 -0.7873 -0.4857
vn -0.7766 -0.2800 -0.5643
vn -0.6613 -0.5761 -0.4805
vn -0.4742 -0.8102 -0.3445
vn 0.7692 0.0747 0.6346
vn -0.7712 0.2840 -0.5697
vn -0.2493 0.0747 0.9655
vn -0.1756 -0.8912 -0.4181
vn 0.2887 0.3080 -0.9065
vn -0.1013 -0.8876 -0.4493
vn -0.4586 -0.8876 -0.0425
vn -0.4519 -0.8912 0.0378
vn 0.8412 0.0747 0.5355
vn 0.8413 0.0747 -0.5355
vn -0.7801 0.2840 0.5574
vn -0.7729 0.3081 -0.5547
vn -0.3659 0.0747 0.9277
vn 0.3035 0.2840 -0.9095
vn -0.9953 0.0747 0.0613
vn 0.3434 -0.8913 -0.2962
vn 0.9513 0.3081 -0.0056
vn 0.3960 -0.8876 -0.2352
vn -0.9953 0.0747 -0.0613
vn 0.9588 0.2840 0.0076
vn -0.3659 0.0747 -0.9277
vn 0.3878 -0.8912 0.2351
vn 0.2993 0.3080 0.9031
vn 0.3460 -0.8876 0.3040
vn -0.2493 0.0747 -0.9655
vn 0.2891 0.2840 0.9142
vn 0.7692 0.0747 -0.6346
vn -0.1037 -0.8913 0.4415
vn -0.7664 0.3081 0.5637
vn -0.1822 -0.8876 0.4230
vn 0.8067 0.0759 -0.5861
vn 0.8186 0.0774 -0.5691
vn 0.3769 0.9096 -0.1746
vn -0.6892 0.5236 0.5008
vn 0.7942 0.0774 -0.6027
vn 0.2820 0.9098 -0.3044
vn -0.3081 0.0759 -0.9483
vn -0.2882 0.0774 -0.9544
vn -0.0494 0.9098 -0.4121
vn 0.2633 0.5235 0.8103
vn -0.3278 0.0774 -0.9416
vn -0.2024 0.9097 -0.3625
vn -0.9971 0.0759 -0.0000
vn -0.9968 0.0774 -0.0208
vn -0.4076 0.9096 -0.0804
vn 0.8520 0.5236 -0.0000
vn -0.9968 0.0774 0.0208
vn -0.4076 0.9096 0.0804
vn -0.3081 0.0759 0.9483
vn -0.3278 0.0774 0.9416
vn -0.2022 0.9098 0.3625
vn 0.2633 0.5235 -0.8103
vn -0.2882 0.0774 0.9544
vn -0.0495 0.9097 0.4123
vn 0.8067 0.0759 0.5861
vn 0.7942 0.0774 0.6027
vn 0.2821 0.9098 0.3044
vn -0.6893 0.5236 -0.5008
vn 0.8186 0.0774 0.5691
vn 0.3766 0.9098 0.1744
vn -0.7693 -0.0744 -0.6345
vn 0.1035 0.8909 0.4423
vn 0.2494 -0.0744 -0.9655
vn -0.2822 -0.2164 0.9346
vn 0.7742 -0.2408 0.5853
vn 0.1822 0.8876 0.4230
vn 0.4526 0.8909 0.0383
vn -0.8412 -0.0744 0.5356
vn 0.7959 -0.2408 -0.5555
vn 0.4586 0.8876 -0.0425
vn -0.8412 -0.0744 -0.5356
vn 0.8016 -0.2164 0.5572
vn 0.3658 -0.0744 -0.9277
vn -0.3887 0.8909 0.2351
vn 0.9953 -0.0744 -0.0612
vn -0.9761 -0.2164 0.0204
vn -0.3174 -0.2407 0.9172
vn -0.3460 0.8876 0.3040
vn 0.9954 -0.0744 0.0612
vn -0.3437 0.8909 -0.2970
vn 0.3658 -0.0744 0.9277
vn -0.3210 -0.2164 -0.9220
vn -0.9704 -0.2408 -0.0184
vn -0.3960 0.8876 -0.2352
vn 0.2494 -0.0744 0.9655
vn 0.1763 0.8909 -0.4186
vn -0.7693 -0.0744 0.6346
vn 0.7777 -0.2165 -0.5902
vn -0.2824 -0.2407 -0.9286
vn 0.1013 0.8876 -0.4493
vn 0.3791 0.9087 -0.1745
vn 0.7274 -0.4376 -0.5285
vn -0.8186 -0.0771 0.5692
vn -0.8067 -0.0756 0.5861
vn -0.7943 -0.0771 0.6027
vn 0.2823 0.9096 -0.3048
vn -0.0499 0.9094 -0.4129
vn -0.2779 -0.4376 -0.8552
vn 0.2883 -0.0771 0.9544
vn 0.3081 -0.0756 0.9483
vn 0.3277 -0.0771 0.9416
vn -0.2028 0.9094 -0.3632
vn -0.4117 0.9078 -0.0803
vn -0.8992 -0.4376 -0.0000
vn 0.9968 -0.0771 0.0207
vn 0.9971 -0.0756 -0.0000
vn 0.9968 -0.0771 -0.0207
vn -0.4117 0.9078 0.0803
vn -0.2020 0.9101 0.3619
vn -0.2779 -0.4376 0.8552
vn 0.3277 -0.0771 -0.9416
vn 0.3081 -0.0756 -0.9483
vn 0.2883 -0.0771 -0.9544
vn -0.0496 0.9100 0.4117
vn 0.2838 0.9091 0.3049
vn 0.7274 -0.4376 0.5285
vn -0.7943 -0.0771 -0.6027
vn -0.8067 -0.0756 -0.5861
vn -0.8186 -0.0771 -0.5692
vn 0.3791 0.9089 0.1740
vt 0.181819 0.000000
vt 0.193183 0.019683
vt 0.170455 0.019683
vt 0.272728 0.157461
vt 0.284092 0.137778
vt 0.295455 0.157461
vt 0.909091 0.000000
vt 0.920455 0.019683
vt 0.897727 0.019683
vt 0.727273 0.000000
vt 0.738637 0.019683
vt 0.715909 0.019683
vt 0.545455 0.000000
vt 0.556819 0.019683
vt 0.534091 0.019683
vt 0.284092 0.177143
vt 0.090910 0.157461
vt 0.113637 0.157461
vt 0.102274 0.177143
vt 0.818182 0.157461
vt 0.840909 0.157461
vt 0.829546 0.177143
vt 0.636364 0.157461
vt 0.659091 0.157461
vt 0.647728 0.177143
vt 0.454546 0.157461
vt 0.477273 0.157461
vt 0.465910 0.177143
vt 0.261364 0.177143
vt 0.079546 0.177143
vt 0.806818 0.177143
vt 0.625000 0.177143
vt 0.443182 0.177143
vt 0.181819 0.314921
vt 0.204546 0.314921
vt 0.193183 0.334604
vt 0.000000 0.314921
vt 0.022727 0.314921
vt 0.011364 0.334604
vt 0.727273 0.314921
vt 0.750000 0.314921
vt 0.738637 0.334604
vt 0.545455 0.314921
vt 0.568182 0.314921
vt 0.556819 0.334604
vt 0.363637 0.314921
vt 0.386364 0.314921
vt 0.375001 0.334604
vt 0.443182 0.452699
vt 0.465910 0.452699
vt 0.454546 0.472382
vt 0.431819 0.433017
vt 0.454546 0.433017
vt 0.397728 0.373969
vt 0.420455 0.373969
vt 0.409092 0.393652
vt 0.386364 0.354286
vt 0.409091 0.354286
vt 0.397728 0.334604
vt 0.477273 0.433017
vt 0.431819 0.393652
vt 0.443182 0.373969
vt 0.454546 0.393652
vt 0.465910 0.373969
vt 0.477273 0.393652
vt 0.488637 0.373969
vt 0.500000 0.393652
vt 0.511364 0.373969
vt 0.431819 0.354286
vt 0.454546 0.354286
vt 0.477273 0.354286
vt 0.500000 0.354286
vt 0.522728 0.354286
vt 0.420455 0.334604
vt 0.443182 0.334604
vt 0.465910 0.334604
vt 0.488637 0.334604
vt 0.511364 0.334604
vt 0.534091 0.334604
vt 0.409091 0.314921
vt 0.431819 0.314921
vt 0.454546 0.314921
vt 0.477273 0.314921
vt 0.500000 0.314921
vt 0.522728 0.314921
vt 0.625000 0.452699
vt 0.647728 0.452699
vt 0.636364 0.472382
vt 0.613637 0.433017
vt 0.636364 0.433017
vt 0.579546 0.373969
vt 0.602273 0.373969
vt 0.590910 0.393652
vt 0.568182 0.354286
vt 0.590909 0.354286
vt 0.579546 0.334604
vt 0.659091 0.433017
vt 0.613637 0.393652
vt 0.625000 0.373969
vt 0.636364 0.393652
vt 0.647728 0.373969
vt 0.659091 0.393652
vt 0.670455 0.373969
vt 0.681818 0.393652
vt 0.693182 0.373969
vt 0.613637 0.354286
vt 0.636364 0.354286
vt 0.659091 0.354286
vt 0.681818 0.354286
vt 0.704546 0.354286
vt 0.602273 0.334604
vt 0.625000 0.334604
vt 0.647728 0.334604
vt 0.670455 0.334604
vt 0.693182 0.334604
vt 0.715909 0.334604
vt 0.590909 0.314921
vt 0.613637 0.314921
vt 0.636364 0.314921
vt 0.659091 0.314921
vt 0.681819 0.314921
vt 0.704546 0.314921
vt 0.806818 0.452699
vt 0.829546 0.452699
vt 0.818182 0.472382
vt 0.795455 0.433017
vt 0.818182 0.433017
vt 0.761364 0.373969
vt 0.784091 0.373969
vt 0.772727 0.393652
vt 0.750000 0.354286
vt 0.772727 0.354286
vt 0.761364 0.334604
vt 0.840909 0.433017
vt 0.795455 0.393652
vt 0.806818 0.373969
vt 0.818182 0.393652
vt 0.829546 0.373969
vt 0.840909 0.393652
vt 0.852273 0.373969
vt 0.863636 0.393652
vt 0.875000 0.373969
vt 0.795455 0.354286
vt 0.818182 0.354286
vt 0.840909 0.354286
vt 0.863636 0.354286
vt 0.886364 0.354286
vt 0.784091 0.334604
vt 0.806818 0.334604
vt 0.829546 0.334604
vt 0.852273 0.334604
vt 0.875000 0.334604
vt 0.897727 0.334604
vt 0.772727 0.314921
vt 0.795455 0.314921
vt 0.818182 0.314921
vt 0.840909 0.314921
vt 0.863636 0.314921
vt 0.886364 0.314921
vt 0.909091 0.314921
vt 0.079546 0.452699
vt 0.102274 0.452699
vt 0.090910 0.472382
vt 0.068182 0.433017
vt 0.090910 0.433017
vt 0.034091 0.373969
vt 0.056819 0.373969
vt 0.045455 0.393652
vt 0.022727 0.354286
vt 0.045455 0.354286
vt 0.034091 0.334604
vt 0.113637 0.433017
vt 0.068182 0.393652
vt 0.079546 0.373969
vt 0.090910 0.393652
vt 0.102273 0.373969
vt 0.113637 0.393652
vt 0.125001 0.373969
vt 0.136365 0.393652
vt 0.147728 0.373969
vt 0.068182 0.354286
vt 0.090910 0.354286
vt 0.113637 0.354286
vt 0.136364 0.354286
vt 0.159092 0.354286
vt 0.056819 0.334604
vt 0.079546 0.334604
vt 0.102273 0.334604
vt 0.125001 0.334604
vt 0.147728 0.334604
vt 0.170455 0.334604
vt 0.045455 0.314921
vt 0.068182 0.314921
vt 0.090910 0.314921
vt 0.113637 0.314921
vt 0.136364 0.314921
vt 0.159092 0.314921
vt 0.261364 0.452699
vt 0.284092 0.452699
vt 0.272728 0.472382
vt 0.250001 0.433017
vt 0.272728 0.433017
vt 0.215910 0.373969
vt 0.238637 0.373969
vt 0.227273 0.393652
vt 0.204546 0.354286
vt 0.227273 0.354286
vt 0.215910 0.334604
vt 0.295455 0.433017
vt 0.250001 0.393652
vt 0.261364 0.373969
vt 0.272728 0.393652
vt 0.284092 0.373969
vt 0.295455 0.393652
vt 0.306819 0.373969
vt 0.318182 0.393652
vt 0.329546 0.373969
vt 0.250001 0.354286
vt 0.272728 0.354286
vt 0.295455 0.354286
vt 0.318182 0.354286
vt 0.340910 0.354286
vt 0.238637 0.334604
vt 0.261364 0.334604
vt 0.284092 0.334604
vt 0.306819 0.334604
vt 0.329546 0.334604
vt 0.352273 0.334604
vt 0.227274 0.314921
vt 0.250001 0.314921
vt 0.272728 0.314921
vt 0.295455 0.314921
vt 0.318183 0.314921
vt 0.340910 0.314921
vt 0.375001 0.295238
vt 0.386364 0.275556
vt 0.397728 0.295238
vt 0.397728 0.255874
vt 0.409092 0.275556
vt 0.409092 0.236191
vt 0.420455 0.255874
vt 0.420455 0.216509
vt 0.431819 0.236191
vt 0.431819 0.196826
vt 0.443182 0.216509
vt 0.454546 0.196826
vt 0.420455 0.295238
vt 0.431819 0.275556
vt 0.443182 0.295238
vt 0.443182 0.255874
vt 0.454546 0.275556
vt 0.465910 0.295238
vt 0.454546 0.236191
vt 0.465910 0.255874
vt 0.477273 0.275556
vt 0.488637 0.295238
vt 0.465910 0.216509
vt 0.488637 0.255874
vt 0.500000 0.275556
vt 0.511364 0.295238
vt 0.477273 0.196826
vt 0.488637 0.216508
vt 0.511364 0.255874
vt 0.522728 0.275556
vt 0.534091 0.295238
vt 0.556819 0.295238
vt 0.568182 0.275556
vt 0.579546 0.295238
vt 0.579546 0.255874
vt 0.590910 0.275556
vt 0.613637 0.196826
vt 0.625000 0.216509
vt 0.602273 0.216509
vt 0.636364 0.196826
vt 0.602273 0.295238
vt 0.602273 0.255874
vt 0.613637 0.275556
vt 0.625000 0.295238
vt 0.613637 0.236191
vt 0.625000 0.255874
vt 0.636364 0.275556
vt 0.647728 0.295238
vt 0.636364 0.236191
vt 0.647728 0.255874
vt 0.659091 0.275556
vt 0.670455 0.295238
vt 0.647728 0.216509
vt 0.659091 0.236191
vt 0.670455 0.255874
vt 0.681818 0.275556
vt 0.693182 0.295238
vt 0.659091 0.196826
vt 0.670455 0.216508
vt 0.693182 0.255874
vt 0.704546 0.275556
vt 0.715909 0.295238
vt 0.738637 0.295238
vt 0.750000 0.275556
vt 0.761364 0.295238
vt 0.761364 0.255874
vt 0.772727 0.275556
vt 0.772727 0.236191
vt 0.784091 0.255874
vt 0.784091 0.216509
vt 0.795455 0.236191
vt 0.795455 0.196826
vt 0.806818 0.216509
vt 0.818182 0.196826
vt 0.784091 0.295238
vt 0.795455 0.275556
vt 0.806818 0.295238
vt 0.806818 0.255874
vt 0.818182 0.275556
vt 0.829546 0.295238
vt 0.829546 0.255874
vt 0.840909 0.275556
vt 0.852273 0.295238
vt 0.829546 0.216509
vt 0.840909 0.236191
vt 0.852273 0.255874
vt 0.863636 0.275556
vt 0.875000 0.295238
vt 0.840909 0.196826
vt 0.852273 0.216508
vt 0.863636 0.236191
vt 0.875000 0.255874
vt 0.886364 0.275556
vt 0.897727 0.295238
vt 0.011364 0.295238
vt 0.022727 0.275556
vt 0.034091 0.295238
vt 0.034091 0.255874
vt 0.045455 0.275556
vt 0.068182 0.196826
vt 0.079546 0.216509
vt 0.056819 0.216509
vt 0.090910 0.196826
vt 0.056819 0.295238
vt 0.056819 0.255874
vt 0.068182 0.275556
vt 0.079546 0.295238
vt 0.068182 0.236191
vt 0.079546 0.255874
vt 0.090910 0.275556
vt 0.102273 0.295238
vt 0.090910 0.236191
vt 0.102273 0.255874
vt 0.113637 0.275556
vt 0.125001 0.295238
vt 0.102274 0.216509
vt 0.113637 0.236191
vt 0.125001 0.255874
vt 0.136364 0.275556
vt 0.147728 0.295238
vt 0.113637 0.196826
vt 0.125001 0.216508
vt 0.147728 0.255874
vt 0.159092 0.275556
vt 0.170455 0.295238
vt 0.193183 0.295238
vt 0.204546 0.275556
vt 0.215910 0.295238
vt 0.215910 0.255874
vt 0.227274 0.275556
vt 0.250001 0.196826
vt 0.261364 0.216509
vt 0.238637 0.216509
vt 0.272728 0.196826
vt 0.238637 0.295238
vt 0.238637 0.255874
vt 0.250001 0.275556
vt 0.261364 0.295238
vt 0.261364 0.255874
vt 0.272728 0.275556
vt 0.284092 0.295238
vt 0.272728 0.236191
vt 0.284092 0.255874
vt 0.295455 0.275556
vt 0.306819 0.295238
vt 0.284092 0.216509
vt 0.295455 0.236191
vt 0.306819 0.255874
vt 0.318182 0.275556
vt 0.329546 0.295238
vt 0.295455 0.196826
vt 0.306819 0.216508
vt 0.318182 0.236191
vt 0.329546 0.255874
vt 0.340910 0.275556
vt 0.352273 0.295238
vt 0.545455 0.275556
vt 0.534091 0.255874
vt 0.500000 0.196826
vt 0.488637 0.177143
vt 0.556819 0.255874
vt 0.545455 0.236191
vt 0.568182 0.236191
vt 0.534091 0.216508
vt 0.556819 0.216508
vt 0.579546 0.216508
vt 0.511364 0.216508
vt 0.522728 0.196826
vt 0.545455 0.196826
vt 0.568182 0.196826
vt 0.590909 0.196826
vt 0.511364 0.177143
vt 0.534091 0.177143
vt 0.556819 0.177143
vt 0.579546 0.177143
vt 0.602273 0.177143
vt 0.500000 0.157461
vt 0.522728 0.157461
vt 0.545455 0.157461
vt 0.568182 0.157461
vt 0.590909 0.157461
vt 0.613637 0.157461
vt 0.727273 0.275556
vt 0.715909 0.255874
vt 0.681818 0.196826
vt 0.670455 0.177143
vt 0.738637 0.255874
vt 0.750000 0.236191
vt 0.738637 0.216508
vt 0.761364 0.216508
vt 0.693182 0.216508
vt 0.704546 0.196826
vt 0.715909 0.216508
vt 0.727273 0.196826
vt 0.750000 0.196826
vt 0.772727 0.196826
vt 0.693182 0.177143
vt 0.715909 0.177143
vt 0.738637 0.177143
vt 0.761364 0.177143
vt 0.784091 0.177143
vt 0.681818 0.157461
vt 0.704546 0.157461
vt 0.727273 0.157461
vt 0.750000 0.157461
vt 0.772727 0.157461
vt 0.795455 0.157461
vt 0.920455 0.295238
vt 0.909091 0.275556
vt 0.897727 0.255874
vt 0.886364 0.236191
vt 0.875000 0.216508
vt 0.863636 0.196826
vt 0.852273 0.177143
vt 0.931818 0.275556
vt 0.920455 0.255874
vt 0.943182 0.255874
vt 0.897727 0.216508
vt 0.886364 0.196826
vt 0.909091 0.196826
vt 0.920455 0.216508
vt 0.931818 0.196826
vt 0.943182 0.216508
vt 0.954545 0.196826
vt 0.965909 0.216509
vt 0.977273 0.196826
vt 0.875000 0.177143
vt 0.897727 0.177143
vt 0.920455 0.177143
vt 0.943182 0.177143
vt 0.965909 0.177143
vt 0.988636 0.177143
vt 0.863636 0.157461
vt 0.886364 0.157461
vt 0.909091 0.157461
vt 0.931818 0.157461
vt 0.954545 0.157461
vt 0.977273 0.157461
vt 1.000000 0.157461
vt 0.181819 0.275556
vt 0.170455 0.255874
vt 0.136364 0.196826
vt 0.125001 0.177143
vt 0.193183 0.255874
vt 0.159092 0.236191
vt 0.181819 0.236191
vt 0.147728 0.216508
vt 0.170455 0.216508
vt 0.193183 0.216508
vt 0.159092 0.196826
vt 0.181819 0.196826
vt 0.204546 0.196826
vt 0.215910 0.216508
vt 0.227273 0.196826
vt 0.147728 0.177143
vt 0.170455 0.177143
vt 0.193183 0.177143
vt 0.215910 0.177143
vt 0.238637 0.177143
vt 0.136364 0.157461
vt 0.159092 0.157461
vt 0.181819 0.157461
vt 0.204546 0.157461
vt 0.227273 0.157461
vt 0.250001 0.157461
vt 0.363637 0.275556
vt 0.352273 0.255874
vt 0.329546 0.216508
vt 0.318182 0.196826
vt 0.306819 0.177143
vt 0.375001 0.255874
vt 0.397728 0.216508
vt 0.340910 0.196826
vt 0.352273 0.216508
vt 0.363637 0.196826
vt 0.375001 0.216508
vt 0.386364 0.196826
vt 0.409092 0.196826
vt 0.329546 0.177143
vt 0.352273 0.177143
vt 0.375001 0.177143
vt 0.397728 0.177143
vt 0.420455 0.177143
vt 0.318182 0.157461
vt 0.340910 0.157461
vt 0.363637 0.157461
vt 0.386364 0.157461
vt 0.409092 0.157461
vt 0.431819 0.157461
vt 0.465910 0.137778
vt 0.477273 0.118096
vt 0.488637 0.137778
vt 0.488637 0.098413
vt 0.500000 0.118096
vt 0.522728 0.039365
vt 0.534091 0.059048
vt 0.511364 0.059048
vt 0.545455 0.039365
vt 0.511364 0.137778
vt 0.511364 0.098413
vt 0.522728 0.118096
vt 0.534091 0.137778
vt 0.534091 0.098413
vt 0.545455 0.118096
vt 0.556819 0.137778
vt 0.556819 0.098413
vt 0.568182 0.118096
vt 0.579546 0.137778
vt 0.556819 0.059048
vt 0.579546 0.098413
vt 0.590909 0.118096
vt 0.602273 0.137778
vt 0.568182 0.039365
vt 0.579546 0.059048
vt 0.602273 0.098413
vt 0.613637 0.118096
vt 0.625000 0.137778
vt 0.647728 0.137778
vt 0.659091 0.118096
vt 0.670455 0.137778
vt 0.670455 0.098413
vt 0.681818 0.118096
vt 0.704546 0.039365
vt 0.715909 0.059048
vt 0.693182 0.059048
vt 0.727273 0.039365
vt 0.693182 0.137778
vt 0.693182 0.098413
vt 0.704546 0.118096
vt 0.715909 0.137778
vt 0.715909 0.098413
vt 0.727273 0.118096
vt 0.738637 0.137778
vt 0.738637 0.098413
vt 0.750000 0.118096
vt 0.761364 0.137778
vt 0.738637 0.059048
vt 0.761364 0.098413
vt 0.772727 0.118096
vt 0.784091 0.137778
vt 0.750000 0.039365
vt 0.761364 0.059048
vt 0.784091 0.098413
vt 0.795455 0.118096
vt 0.806818 0.137778
vt 0.829546 0.137778
vt 0.840909 0.118096
vt 0.852273 0.137778
vt 0.852273 0.098413
vt 0.863636 0.118096
vt 0.886364 0.039365
vt 0.897727 0.059048
vt 0.875000 0.059048
vt 0.909091 0.039365
vt 0.875000 0.137778
vt 0.875000 0.098413
vt 0.886364 0.118096
vt 0.897727 0.137778
vt 0.897727 0.098413
vt 0.909091 0.118096
vt 0.920455 0.137778
vt 0.920455 0.098413
vt 0.931818 0.118096
vt 0.943182 0.137778
vt 0.920455 0.059048
vt 0.943182 0.098413
vt 0.954545 0.118096
vt 0.965909 0.137778
vt 0.931818 0.039365
vt 0.943182 0.059048
vt 0.965909 0.098413
vt 0.977273 0.118096
vt 0.988636 0.137778
vt 0.443182 0.137778
vt 0.420455 0.137778
vt 0.397728 0.137778
vt 0.375001 0.137778
vt 0.352273 0.137778
vt 0.329546 0.137778
vt 0.306819 0.137778
vt 0.431819 0.118096
vt 0.409091 0.118096
vt 0.420455 0.098413
vt 0.386364 0.118096
vt 0.397728 0.098413
vt 0.363637 0.118096
vt 0.375001 0.098413
vt 0.340910 0.118096
vt 0.352273 0.098413
vt 0.375001 0.059048
vt 0.386364 0.039365
vt 0.397728 0.059048
vt 0.318182 0.118096
vt 0.329546 0.098413
vt 0.352273 0.059048
vt 0.363637 0.039365
vt 0.375001 0.019683
vt 0.295455 0.118096
vt 0.306819 0.098413
vt 0.329546 0.059048
vt 0.340910 0.039365
vt 0.352273 0.019683
vt 0.363637 0.000000
vt 0.102274 0.137778
vt 0.113637 0.118096
vt 0.125001 0.137778
vt 0.125001 0.098413
vt 0.136365 0.118096
vt 0.159092 0.039365
vt 0.170455 0.059048
vt 0.147728 0.059048
vt 0.181819 0.039365
vt 0.147728 0.137778
vt 0.147728 0.098413
vt 0.159092 0.118096
vt 0.170455 0.137778
vt 0.170455 0.098413
vt 0.181819 0.118096
vt 0.193183 0.137778
vt 0.193183 0.098413
vt 0.204546 0.118096
vt 0.215910 0.137778
vt 0.193183 0.059048
vt 0.215910 0.098413
vt 0.227273 0.118096
vt 0.238637 0.137778
vt 0.204546 0.039365
vt 0.215910 0.059048
vt 0.238637 0.098413
vt 0.250001 0.118096
vt 0.261364 0.137778
vt 0.500563 0.077756
vt 0.521809 0.077765
vt 0.522434 0.078368
vt 0.499995 0.078366
vt 0.523014 0.080546
vt 0.498804 0.080563
vt 0.523367 0.083530
vt 0.497171 0.083593
vt 0.545455 0.077775
vt 0.545455 0.078371
vt 0.545455 0.080528
vt 0.545455 0.083481
vt 0.569100 0.077765
vt 0.568476 0.078368
vt 0.567896 0.080546
vt 0.567543 0.083530
vt 0.590347 0.077756
vt 0.590885 0.078367
vt 0.591994 0.080595
vt 0.593510 0.083656
vt 0.682381 0.077756
vt 0.703628 0.077765
vt 0.704252 0.078368
vt 0.681813 0.078366
vt 0.704832 0.080546
vt 0.680622 0.080563
vt 0.705185 0.083530
vt 0.678989 0.083592
vt 0.727273 0.077775
vt 0.727273 0.078371
vt 0.727273 0.080528
vt 0.727273 0.083481
vt 0.750919 0.077765
vt 0.750294 0.078368
vt 0.749714 0.080546
vt 0.749361 0.083530
vt 0.772165 0.077756
vt 0.772703 0.078367
vt 0.773812 0.080595
vt 0.775328 0.083656
vt 0.864199 0.077756
vt 0.885445 0.077765
vt 0.886070 0.078368
vt 0.863631 0.078366
vt 0.886650 0.080546
vt 0.862440 0.080563
vt 0.887004 0.083530
vt 0.860807 0.083593
vt 0.909091 0.077775
vt 0.909091 0.078371
vt 0.909091 0.080528
vt 0.909091 0.083481
vt 0.932736 0.077765
vt 0.932112 0.078368
vt 0.931532 0.080546
vt 0.931179 0.083530
vt 0.953983 0.077756
vt 0.954521 0.078367
vt 0.955630 0.080595
vt 0.957146 0.083656
vt 0.411692 0.083656
vt 0.385725 0.083530
vt 0.386078 0.080546
vt 0.410176 0.080595
vt 0.386658 0.078368
vt 0.409067 0.078367
vt 0.387283 0.077765
vt 0.408529 0.077756
vt 0.363637 0.083481
vt 0.363637 0.080528
vt 0.363637 0.078371
vt 0.363637 0.077775
vt 0.341549 0.083530
vt 0.341196 0.080546
vt 0.340616 0.078368
vt 0.339991 0.077765
vt 0.315353 0.083592
vt 0.316986 0.080563
vt 0.318177 0.078366
vt 0.318745 0.077756
vt 0.136927 0.077756
vt 0.158174 0.077765
vt 0.158798 0.078368
vt 0.136359 0.078366
vt 0.159378 0.080546
vt 0.135168 0.080563
vt 0.159731 0.083530
vt 0.133535 0.083592
vt 0.181819 0.077775
vt 0.181819 0.078371
vt 0.181819 0.080528
vt 0.181819 0.083481
vt 0.205464 0.077765
vt 0.204840 0.078368
vt 0.204260 0.080546
vt 0.203907 0.083530
vt 0.226711 0.077756
vt 0.227249 0.078367
vt 0.228358 0.080595
vt 0.229874 0.083656
vt 0.497394 0.083669
vt 0.523372 0.083543
vt 0.523016 0.080550
vt 0.498913 0.080600
vt 0.522432 0.078368
vt 0.500024 0.078367
vt 0.521804 0.077766
vt 0.500563 0.077756
vt 0.545455 0.083493
vt 0.545455 0.080533
vt 0.545455 0.078372
vt 0.545455 0.077776
vt 0.567538 0.083543
vt 0.567894 0.080550
vt 0.568478 0.078368
vt 0.569106 0.077766
vt 0.593746 0.083605
vt 0.592110 0.080568
vt 0.590916 0.078366
vt 0.590347 0.077756
vt 0.679212 0.083669
vt 0.705190 0.083543
vt 0.704834 0.080550
vt 0.680731 0.080600
vt 0.704250 0.078368
vt 0.681842 0.078367
vt 0.703622 0.077766
vt 0.682381 0.077756
vt 0.727273 0.083493
vt 0.727273 0.080533
vt 0.727273 0.078372
vt 0.727273 0.077776
vt 0.749356 0.083543
vt 0.749712 0.080550
vt 0.750296 0.078368
vt 0.750924 0.077766
vt 0.775564 0.083605
vt 0.773928 0.080568
vt 0.772734 0.078366
vt 0.772165 0.077756
vt 0.861030 0.083669
vt 0.887008 0.083543
vt 0.886652 0.080550
vt 0.862549 0.080600
vt 0.886068 0.078368
vt 0.863660 0.078367
vt 0.885440 0.077766
vt 0.864199 0.077756
vt 0.909091 0.083493
vt 0.909091 0.080533
vt 0.909091 0.078372
vt 0.909091 0.077776
vt 0.931174 0.083543
vt 0.931530 0.080550
vt 0.932114 0.078368
vt 0.932742 0.077766
vt 0.957382 0.083605
vt 0.955746 0.080568
vt 0.954552 0.078366
vt 0.953983 0.077756
vt 0.408529 0.077756
vt 0.387288 0.077766
vt 0.386660 0.078368
vt 0.409098 0.078366
vt 0.386076 0.080550
vt 0.410292 0.080568
vt 0.385720 0.083543
vt 0.411928 0.083605
vt 0.363637 0.077776
vt 0.363637 0.078372
vt 0.363637 0.080533
vt 0.363637 0.083493
vt 0.339986 0.077766
vt 0.340614 0.078368
vt 0.341198 0.080550
vt 0.341554 0.083543
vt 0.318745 0.077756
vt 0.318206 0.078367
vt 0.317095 0.080600
vt 0.315576 0.083669
vt 0.133758 0.083669
vt 0.159736 0.083543
vt 0.159380 0.080550
vt 0.135277 0.080600
vt 0.158796 0.078368
vt 0.136388 0.078367
vt 0.158168 0.077766
vt 0.136927 0.077756
vt 0.181819 0.083493
vt 0.181819 0.080533
vt 0.181819 0.078372
vt 0.181819 0.077776
vt 0.203902 0.083543
vt 0.204258 0.080550
vt 0.204842 0.078368
vt 0.205470 0.077766
vt 0.230110 0.083605
vt 0.228474 0.080568
vt 0.227280 0.078366
vt 0.226711 0.077756
vt 0.465345 0.393696
vt 0.500505 0.393380
vt 0.494117 0.404630
vt 0.465622 0.404665
vt 0.489608 0.414200
vt 0.466416 0.414208
vt 0.487474 0.415348
vt 0.467096 0.415340
vt 0.408730 0.393288
vt 0.443747 0.393696
vt 0.443470 0.404665
vt 0.415046 0.404584
vt 0.442676 0.414208
vt 0.419503 0.414199
vt 0.441995 0.415340
vt 0.421618 0.415348
vt 0.647163 0.393696
vt 0.682323 0.393380
vt 0.675935 0.404630
vt 0.647440 0.404665
vt 0.671426 0.414200
vt 0.648234 0.414208
vt 0.669292 0.415348
vt 0.648914 0.415340
vt 0.590548 0.393288
vt 0.625565 0.393696
vt 0.625288 0.404665
vt 0.596864 0.404584
vt 0.624494 0.414208
vt 0.601321 0.414199
vt 0.623813 0.415340
vt 0.603436 0.415348
vt 0.828981 0.393696
vt 0.864141 0.393380
vt 0.857753 0.404630
vt 0.829258 0.404665
vt 0.853244 0.414200
vt 0.830052 0.414208
vt 0.851110 0.415348
vt 0.830732 0.415340
vt 0.772366 0.393288
vt 0.807383 0.393696
vt 0.807106 0.404665
vt 0.778682 0.404584
vt 0.806312 0.414208
vt 0.783139 0.414199
vt 0.805631 0.415340
vt 0.785254 0.415348
vt 0.101709 0.393696
vt 0.136869 0.393380
vt 0.130481 0.404630
vt 0.101986 0.404665
vt 0.125972 0.414200
vt 0.102780 0.414208
vt 0.123838 0.415348
vt 0.103460 0.415340
vt 0.045094 0.393288
vt 0.080110 0.393696
vt 0.079833 0.404665
vt 0.051410 0.404584
vt 0.079040 0.414208
vt 0.055866 0.414199
vt 0.078359 0.415340
vt 0.057981 0.415348
vt 0.283527 0.393696
vt 0.318687 0.393380
vt 0.312299 0.404630
vt 0.283804 0.404665
vt 0.307790 0.414200
vt 0.284598 0.414208
vt 0.305656 0.415348
vt 0.285278 0.415340
vt 0.226912 0.393288
vt 0.261929 0.393696
vt 0.261652 0.404665
vt 0.233228 0.404584
vt 0.260858 0.414208
vt 0.237685 0.414199
vt 0.260177 0.415340
vt 0.239800 0.415348
vt 0.467104 0.415341
vt 0.487474 0.415349
vt 0.489597 0.414200
vt 0.466419 0.414208
vt 0.494071 0.404542
vt 0.465620 0.404624
vt 0.500417 0.393194
vt 0.465341 0.393604
vt 0.421618 0.415349
vt 0.441989 0.415341
vt 0.442673 0.414208
vt 0.419476 0.414200
vt 0.443472 0.404624
vt 0.414949 0.404588
vt 0.443751 0.393604
vt 0.408531 0.393286
vt 0.648922 0.415341
vt 0.669292 0.415349
vt 0.671415 0.414200
vt 0.648237 0.414208
vt 0.675889 0.404542
vt 0.647438 0.404624
vt 0.682235 0.393194
vt 0.647159 0.393604
vt 0.603436 0.415349
vt 0.623807 0.415341
vt 0.624491 0.414208
vt 0.601294 0.414200
vt 0.625290 0.404624
vt 0.596767 0.404588
vt 0.625569 0.393604
vt 0.590349 0.393286
vt 0.830740 0.415341
vt 0.851110 0.415349
vt 0.853233 0.414200
vt 0.830055 0.414208
vt 0.857707 0.404542
vt 0.829256 0.404624
vt 0.864053 0.393194
vt 0.828977 0.393604
vt 0.785254 0.415349
vt 0.805625 0.415341
vt 0.806309 0.414208
vt 0.783112 0.414200
vt 0.807108 0.404624
vt 0.778585 0.404588
vt 0.807387 0.393604
vt 0.772167 0.393286
vt 0.103468 0.415341
vt 0.123838 0.415349
vt 0.125961 0.414200
vt 0.102783 0.414208
vt 0.130435 0.404542
vt 0.101984 0.404624
vt 0.136781 0.393194
vt 0.101705 0.393604
vt 0.057982 0.415349
vt 0.078353 0.415341
vt 0.079037 0.414208
vt 0.055840 0.414200
vt 0.079835 0.404624
vt 0.051312 0.404588
vt 0.080115 0.393604
vt 0.044895 0.393286
vt 0.285286 0.415341
vt 0.305656 0.415349
vt 0.307779 0.414200
vt 0.284601 0.414208
vt 0.312253 0.404542
vt 0.283802 0.404624
vt 0.318599 0.393194
vt 0.283523 0.393604
vt 0.239800 0.415349
vt 0.260171 0.415341
vt 0.260855 0.414208
vt 0.237658 0.414200
vt 0.261654 0.404624
vt 0.233131 0.404588
vt 0.261933 0.393604
vt 0.226713 0.393286
s 0
usemtl 
f 1/1/1 19/2/1 18/3/1
f 2/4/2 24/5/2 38/6/2
f 1/7/3 18/8/3 50/9/3
f 1/10/4 50/11/4 63/12/4
f 1/13/5 63/14/5 39/15/5
f 2/4/6 38/6/6 84/16/6
f 3/17/7 31/18/7 97/19/7
f 4/20/8 57/21/8 110/22/8
f 5/23/9 70/24/9 122/25/9
f 6/26/10 77/27/10 135/28/10
f 2/4/11 84/16/11 98/29/11
f 3/17/12 97/19/12 111/30/12
f 4/20/13 110/22/13 123/31/13
f 5/23/14 122/25/14 136/32/14
f 6/26/15 135/28/15 85/33/15
f 7/34/16 148/35/16 182/36/16
f 8/37/17 155/38/17 194/39/17
f 9/40/18 162/41/18 200/42/18
f 10/43/19 169/44/19 206/45/19
f 11/46/20 176/47/20 183/48/20
f 188/49/21 201/50/21 12/51/21
f 187/52/22 207/53/22 188/49/22
f 185/54/23 211/55/23 186/56/23
f 184/57/24 215/58/24 185/54/24
f 183/48/25 220/59/25 184/57/25
f 188/49/26 207/53/26 201/50/26
f 207/53/27 202/60/27 201/50/27
f 186/56/28 211/55/28 208/61/28
f 211/55/29 212/62/29 208/61/29
f 208/61/30 212/62/30 209/63/30
f 212/62/31 213/64/31 209/63/31
f 209/63/32 213/64/32 210/65/32
f 213/64/33 214/66/33 210/65/33
f 210/65/34 214/66/34 203/67/34
f 214/66/35 204/68/35 203/67/35
f 185/54/36 215/58/36 211/55/36
f 215/58/37 216/69/37 211/55/37
f 211/55/38 216/69/38 212/62/38
f 216/69/39 217/70/39 212/62/39
f 212/62/40 217/70/40 213/64/40
f 217/70/41 218/71/41 213/64/41
f 213/64/42 218/71/42 214/66/42
f 218/71/43 219/72/43 214/66/43
f 214/66/44 219/72/44 204/68/44
f 219/72/45 205/73/45 204/68/45
f 184/57/46 220/59/46 215/58/46
f 220/59/47 221/74/47 215/58/47
f 215/58/48 221/74/48 216/69/48
f 221/74/49 222/75/49 216/69/49
f 216/69/50 222/75/50 217/70/50
f 222/75/51 223/76/51 217/70/51
f 217/70/52 223/76/52 218/71/52
f 223/76/53 224/77/53 218/71/53
f 218/71/54 224/77/54 219/72/54
f 224/77/55 225/78/55 219/72/55
f 219/72/56 225/78/56 205/73/56
f 225/78/57 206/79/57 205/73/57
f 183/48/58 176/47/58 220/59/58
f 176/47/59 175/80/59 220/59/59
f 220/59/60 175/80/60 221/74/60
f 175/80/61 174/81/61 221/74/61
f 221/74/62 174/81/62 222/75/62
f 174/81/63 173/82/63 222/75/63
f 222/75/64 173/82/64 223/76/64
f 173/82/65 172/83/65 223/76/65
f 223/76/66 172/83/66 224/77/66
f 172/83/67 171/84/67 224/77/67
f 224/77/68 171/84/68 225/78/68
f 171/84/69 170/85/69 225/78/69
f 225/78/70 170/85/70 206/79/70
f 170/85/71 10/43/71 206/79/71
f 201/86/72 195/87/72 12/88/72
f 202/89/73 226/90/73 201/86/73
f 204/91/74 230/92/74 203/93/74
f 205/94/75 234/95/75 204/91/75
f 206/45/76 239/96/76 205/94/76
f 201/86/77 226/90/77 195/87/77
f 226/90/78 196/97/78 195/87/78
f 203/93/79 230/92/79 227/98/79
f 230/92/80 231/99/80 227/98/80
f 227/98/81 231/99/81 228/100/81
f 231/99/82 232/101/82 228/100/82
f 228/100/83 232/101/83 229/102/83
f 232/101/84 233/103/84 229/102/84
f 229/102/85 233/103/85 197/104/85
f 233/103/86 198/105/86 197/104/86
f 204/91/87 234/95/87 230/92/87
f 234/95/88 235/106/88 230/92/88
f 230/92/89 235/106/89 231/99/89
f 235/106/90 236/107/90 231/99/90
f 231/99/91 236/107/91 232/101/91
f 236/107/92 237/108/92 232/101/92
f 232/101/93 237/108/93 233/103/93
f 237/108/94 238/109/94 233/103/94
f 233/103/95 238/109/95 198/105/95
f 238/109/96 199/110/96 198/105/96
f 205/94/97 239/96/97 234/95/97
f 239/96/98 240/111/98 234/95/98
f 234/95/99 240/111/99 235/106/99
f 240/111/100 241/112/100 235/106/100
f 235/106/101 241/112/101 236/107/101
f 241/112/102 242/113/102 236/107/102
f 236/107/103 242/113/103 237/108/103
f 242/113/104 243/114/104 237/108/104
f 237/108/105 243/114/105 238/109/105
f 243/114/106 244/115/106 238/109/106
f 238/109/107 244/115/107 199/110/107
f 244/115/108 200/116/108 199/110/108
f 206/45/109 169/44/109 239/96/109
f 169/44/110 168/117/110 239/96/110
f 239/96/111 168/117/111 240/111/111
f 168/117/112 167/118/112 240/111/112
f 240/111/113 167/118/113 241/112/113
f 167/118/114 166/119/114 241/112/114
f 241/112/115 166/119/115 242/113/115
f 166/119/116 165/120/116 242/113/116
f 242/113/117 165/120/117 243/114/117
f 165/120/118 164/121/118 243/114/118
f 243/114/119 164/121/119 244/115/119
f 164/121/120 163/122/120 244/115/120
f 244/115/121 163/122/121 200/116/121
f 163/122/122 9/40/122 200/116/122
f 195/123/123 189/124/123 12/125/123
f 196/126/124 245/127/124 195/123/124
f 198/128/125 249/129/125 197/130/125
f 199/131/126 253/132/126 198/128/126
f 200/42/127 258/133/127 199/131/127
f 195/123/128 245/127/128 189/124/128
f 245/127/129 190/134/129 189/124/129
f 197/130/130 249/129/130 246/135/130
f 249/129/131 250/136/131 246/135/131
f 246/135/132 250/136/132 247/137/132
f 250/136/133 251/138/133 247/137/133
f 247/137/134 251/138/134 248/139/134
f 251/138/135 252/140/135 248/139/135
f 248/139/136 252/140/136 191/141/136
f 252/140/137 192/142/137 191/141/137
f 198/128/138 253/132/138 249/129/138
f 253/132/139 254/143/139 249/129/139
f 249/129/140 254/143/140 250/136/140
f 254/143/141 255/144/141 250/136/141
f 250/136/142 255/144/142 251/138/142
f 255/144/143 256/145/143 251/138/143
f 251/138/144 256/145/144 252/140/144
f 256/145/145 257/146/145 252/140/145
f 252/140/146 257/146/146 192/142/146
f 257/146/147 193/147/147 192/142/147
f 199/131/148 258/133/148 253/132/148
f 258/133/149 259/148/149 253/132/149
f 253/132/150 259/148/150 254/143/150
f 259/148/151 260/149/151 254/143/151
f 254/143/152 260/149/152 255/144/152
f 260/149/153 261/150/153 255/144/153
f 255/144/154 261/150/154 256/145/154
f 261/150/155 262/151/155 256/145/155
f 256/145/156 262/151/156 257/146/156
f 262/151/157 263/152/157 257/146/157
f 257/146/158 263/152/158 193/147/158
f 263/152/159 194/153/159 193/147/159
f 200/42/160 162/41/160 258/133/160
f 162/41/161 161/154/161 258/133/161
f 258/133/162 161/154/162 259/148/162
f 161/154/163 160/155/163 259/148/163
f 259/148/164 160/155/164 260/149/164
f 160/155/165 159/156/165 260/149/165
f 260/149/166 159/156/166 261/150/166
f 159/156/167 158/157/167 261/150/167
f 261/150/168 158/157/168 262/151/168
f 158/157/169 157/158/169 262/151/169
f 262/151/170 157/158/170 263/152/170
f 157/158/171 156/159/171 263/152/171
f 263/152/172 156/159/172 194/153/172
f 156/159/173 8/160/173 194/153/173
f 189/161/174 177/162/174 12/163/174
f 190/164/175 264/165/175 189/161/175
f 192/166/176 268/167/176 191/168/176
f 193/169/177 272/170/177 192/166/177
f 194/39/178 277/171/178 193/169/178
f 189/161/179 264/165/179 177/162/179
f 264/165/180 178/172/180 177/162/180
f 191/168/181 268/167/181 265/173/181
f 268/167/182 269/174/182 265/173/182
f 265/173/183 269/174/183 266/175/183
f 269/174/184 270/176/184 266/175/184
f 266/175/185 270/176/185 267/177/185
f 270/176/186 271/178/186 267/177/186
f 267/177/187 271/178/187 179/179/187
f 271/178/188 180/180/188 179/179/188
f 192/166/189 272/170/189 268/167/189
f 272/170/190 273/181/190 268/167/190
f 268/167/191 273/181/191 269/174/191
f 273/181/192 274/182/192 269/174/192
f 269/174/193 274/182/193 270/176/193
f 274/182/194 275/183/194 270/176/194
f 270/176/195 275/183/195 271/178/195
f 275/183/196 276/184/196 271/178/196
f 271/178/197 276/184/197 180/180/197
f 276/184/198 181/185/198 180/180/198
f 193/169/199 277/171/199 272/170/199
f 277/171/200 278/186/200 272/170/200
f 272/170/201 278/186/201 273/181/201
f 278/186/202 279/187/202 273/181/202
f 273/181/203 279/187/203 274/182/203
f 279/187/204 280/188/204 274/182/204
f 274/182/205 280/188/205 275/183/205
f 280/188/206 281/189/206 275/183/206
f 275/183/207 281/189/207 276/184/207
f 281/189/208 282/190/208 276/184/208
f 276/184/209 282/190/209 181/185/209
f 282/190/210 182/191/210 181/185/210
f 194/39/211 155/38/211 277/171/211
f 155/38/212 154/192/212 277/171/212
f 277/171/213 154/192/213 278/186/213
f 154/192/214 153/193/214 278/186/214
f 278/186/215 153/193/215 279/187/215
f 153/193/216 152/194/216 279/187/216
f 279/187/217 152/194/217 280/188/217
f 152/194/218 151/195/218 280/188/218
f 280/188/219 151/195/219 281/189/219
f 151/195/220 150/196/220 281/189/220
f 281/189/221 150/196/221 282/190/221
f 150/196/222 149/197/222 282/190/222
f 282/190/223 149/197/223 182/191/223
f 149/197/224 7/34/224 182/191/224
f 177/198/225 188/199/225 12/200/225
f 178/201/226 283/202/226 177/198/226
f 180/203/227 287/204/227 179/205/227
f 181/206/228 291/207/228 180/203/228
f 182/36/229 296/208/229 181/206/229
f 177/198/230 283/202/230 188/199/230
f 283/202/231 187/209/231 188/199/231
f 179/205/232 287/204/232 284/210/232
f 287/204/233 288/211/233 284/210/233
f 284/210/234 288/211/234 285/212/234
f 288/211/235 289/213/235 285/212/235
f 285/212/236 289/213/236 286/214/236
f 289/213/237 290/215/237 286/214/237
f 286/214/238 290/215/238 186/216/238
f 290/215/239 185/217/239 186/216/239
f 180/203/240 291/207/240 287/204/240
f 291/207/241 292/218/241 287/204/241
f 287/204/242 292/218/242 288/211/242
f 292/218/243 293/219/243 288/211/243
f 288/211/244 293/219/244 289/213/244
f 293/219/245 294/220/245 289/213/245
f 289/213/246 294/220/246 290/215/246
f 294/220/247 295/221/247 290/215/247
f 290/215/248 295/221/248 185/217/248
f 295/221/249 184/222/249 185/217/249
f 181/206/250 296/208/250 291/207/250
f 296/208/251 297/223/251 291/207/251
f 291/207/252 297/223/252 292/218/252
f 297/223/253 298/224/253 292/218/253
f 292/218/254 298/224/254 293/219/254
f 298/224/255 299/225/255 293/219/255
f 293/219/256 299/225/256 294/220/256
f 299/225/257 300/226/257 294/220/257
f 294/220/258 300/226/258 295/221/258
f 300/226/259 301/227/259 295/221/259
f 295/221/260 301/227/260 184/222/260
f 301/227/261 183/228/261 184/222/261
f 182/36/262 148/35/262 296/208/262
f 148/35/263 147/229/263 296/208/263
f 296/208/264 147/229/264 297/223/264
f 147/229/265 146/230/265 297/223/265
f 297/223/266 146/230/266 298/224/266
f 146/230/267 145/231/267 298/224/267
f 298/224/268 145/231/268 299/225/268
f 145/231/269 144/232/269 299/225/269
f 299/225/270 144/232/270 300/226/270
f 144/232/271 143/233/271 300/226/271
f 300/226/272 143/233/272 301/227/272
f 143/233/273 142/234/273 301/227/273
f 301/227/274 142/234/274 183/228/274
f 142/234/275 11/46/275 183/228/275
f 91/235/276 176/47/276 11/46/276
f 90/236/277 302/237/277 91/235/277
f 89/238/278 303/239/278 90/236/278
f 88/240/279 305/241/279 89/238/279
f 87/242/280 308/243/280 88/240/280
f 86/244/281 312/245/281 87/242/281
f 85/33/282 317/246/282 86/244/282
f 91/235/283 302/237/283 176/47/283
f 302/237/284 175/80/284 176/47/284
f 90/236/285 303/239/285 302/237/285
f 303/239/286 304/247/286 302/237/286
f 302/237/287 304/247/287 175/80/287
f 304/247/288 174/81/288 175/80/288
f 89/238/289 305/241/289 303/239/289
f 305/241/290 306/248/290 303/239/290
f 303/239/291 306/248/291 304/247/291
f 306/248/292 307/249/292 304/247/292
f 304/247/293 307/249/293 174/81/293
f 307/249/294 173/82/294 174/81/294
f 88/240/295 308/243/295 305/241/295
f 308/243/296 309/250/296 305/241/296
f 305/241/297 309/250/297 306/248/297
f 309/250/298 310/251/298 306/248/298
f 306/248/299 310/251/299 307/249/299
f 310/251/300 311/252/300 307/249/300
f 307/249/301 311/252/301 173/82/301
f 311/252/302 172/83/302 173/82/302
f 87/242/303 312/245/303 308/243/303
f 312/245/304 313/253/304 308/243/304
f 308/243/305 313/253/305 309/250/305
f 313/253/306 314/254/306 309/250/306
f 309/250/307 314/254/307 310/251/307
f 314/254/308 315/255/308 310/251/308
f 310/251/309 315/255/309 311/252/309
f 315/255/310 316/256/310 311/252/310
f 311/252/311 316/256/311 172/83/311
f 316/256/312 171/84/312 172/83/312
f 86/244/313 317/246/313 312/245/313
f 317/246/314 318/257/314 312/245/314
f 312/245/315 318/257/315 313/253/315
f 314/254/316 319/258/316 315/255/316
f 319/258/317 320/259/317 315/255/317
f 315/255/318 320/259/318 316/256/318
f 320/259/319 321/260/319 316/256/319
f 316/256/320 321/260/320 171/84/320
f 321/260/321 170/85/321 171/84/321
f 85/33/322 135/28/322 317/246/322
f 135/28/323 134/261/323 317/246/323
f 317/246/324 134/261/324 318/257/324
f 134/261/325 133/262/325 318/257/325
f 319/258/326 132/263/326 320/259/326
f 132/263/327 131/264/327 320/259/327
f 320/259/328 131/264/328 321/260/328
f 131/264/329 130/265/329 321/260/329
f 321/260/330 130/265/330 170/85/330
f 130/265/331 10/43/331 170/85/331
f 141/266/332 169/44/332 10/43/332
f 140/267/333 322/268/333 141/266/333
f 139/269/334 323/270/334 140/267/334
f 137/271/335 332/272/335 138/273/335
f 136/32/336 337/274/336 137/271/336
f 141/266/337 322/268/337 169/44/337
f 322/268/338 168/117/338 169/44/338
f 140/267/339 323/270/339 322/268/339
f 323/270/340 324/275/340 322/268/340
f 322/268/341 324/275/341 168/117/341
f 324/275/342 167/118/342 168/117/342
f 139/269/343 325/276/343 323/270/343
f 325/276/344 326/277/344 323/270/344
f 323/270/345 326/277/345 324/275/345
f 326/277/346 327/278/346 324/275/346
f 324/275/347 327/278/347 167/118/347
f 327/278/348 166/119/348 167/118/348
f 328/279/349 329/280/349 325/276/349
f 325/276/350 329/280/350 326/277/350
f 329/280/351 330/281/351 326/277/351
f 326/277/352 330/281/352 327/278/352
f 330/281/353 331/282/353 327/278/353
f 327/278/354 331/282/354 166/119/354
f 331/282/355 165/120/355 166/119/355
f 138/273/356 332/272/356 328/279/356
f 332/272/357 333/283/357 328/279/357
f 328/279/358 333/283/358 329/280/358
f 333/283/359 334/284/359 329/280/359
f 329/280/360 334/284/360 330/281/360
f 334/284/361 335/285/361 330/281/361
f 330/281/362 335/285/362 331/282/362
f 335/285/363 336/286/363 331/282/363
f 331/282/364 336/286/364 165/120/364
f 336/286/365 164/121/365 165/120/365
f 137/271/366 337/274/366 332/272/366
f 337/274/367 338/287/367 332/272/367
f 332/272/368 338/287/368 333/283/368
f 338/287/369 339/288/369 333/283/369
f 333/283/370 339/288/370 334/284/370
f 339/288/371 340/289/371 334/284/371
f 334/284/372 340/289/372 335/285/372
f 340/289/373 341/290/373 335/285/373
f 335/285/374 341/290/374 336/286/374
f 341/290/375 342/291/375 336/286/375
f 336/286/376 342/291/376 164/121/376
f 342/291/377 163/122/377 164/121/377
f 136/32/378 122/25/378 337/274/378
f 122/25/379 121/292/379 337/274/379
f 337/274/380 121/292/380 338/287/380
f 121/292/381 120/293/381 338/287/381
f 338/287/382 120/293/382 339/288/382
f 340/289/383 119/294/383 341/290/383
f 119/294/384 118/295/384 341/290/384
f 341/290/385 118/295/385 342/291/385
f 118/295/386 117/296/386 342/291/386
f 342/291/387 117/296/387 163/122/387
f 117/296/388 9/40/388 163/122/388
f 129/297/389 162/41/389 9/40/389
f 128/298/390 343/299/390 129/297/390
f 127/300/391 344/301/391 128/298/391
f 126/302/392 346/303/392 127/300/392
f 125/304/393 349/305/393 126/302/393
f 124/306/394 353/307/394 125/304/394
f 123/31/395 357/308/395 124/306/395
f 129/297/396 343/299/396 162/41/396
f 343/299/397 161/154/397 162/41/397
f 128/298/398 344/301/398 343/299/398
f 344/301/399 345/309/399 343/299/399
f 343/299/400 345/309/400 161/154/400
f 345/309/401 160/155/401 161/154/401
f 127/300/402 346/303/402 344/301/402
f 346/303/403 347/310/403 344/301/403
f 344/301/404 347/310/404 345/309/404
f 347/310/405 348/311/405 345/309/405
f 345/309/406 348/311/406 160/155/406
f 348/311/407 159/156/407 160/155/407
f 126/302/408 349/305/408 346/303/408
f 349/305/409 350/312/409 346/303/409
f 346/303/410 350/312/410 347/310/410
f 350/312/411 351/313/411 347/310/411
f 347/310/412 351/313/412 348/311/412
f 351/313/413 352/314/413 348/311/413
f 348/311/414 352/314/414 159/156/414
f 352/314/415 158/157/415 159/156/415
f 125/304/416 353/307/416 349/305/416
f 350/312/417 354/315/417 351/313/417
f 354/315/418 355/316/418 351/313/418
f 351/313/419 355/316/419 352/314/419
f 355/316/420 356/317/420 352/314/420
f 352/314/421 356/317/421 158/157/421
f 356/317/422 157/158/422 158/157/422
f 124/306/423 357/308/423 353/307/423
f 357/308/424 358/318/424 353/307/424
f 359/319/425 360/320/425 354/315/425
f 354/315/426 360/320/426 355/316/426
f 360/320/427 361/321/427 355/316/427
f 355/316/428 361/321/428 356/317/428
f 361/321/429 362/322/429 356/317/429
f 356/317/430 362/322/430 157/158/430
f 362/322/431 156/159/431 157/158/431
f 123/31/432 110/22/432 357/308/432
f 110/22/433 109/323/433 357/308/433
f 357/308/434 109/323/434 358/318/434
f 109/323/435 108/324/435 358/318/435
f 358/318/436 108/324/436 359/319/436
f 108/324/437 107/325/437 359/319/437
f 359/319/438 107/325/438 360/320/438
f 107/325/439 106/326/439 360/320/439
f 360/320/440 106/326/440 361/321/440
f 106/326/441 105/327/441 361/321/441
f 361/321/442 105/327/442 362/322/442
f 105/327/443 104/328/443 362/322/443
f 362/322/444 104/328/444 156/159/444
f 104/328/445 8/160/445 156/159/445
f 116/329/446 155/38/446 8/37/446
f 115/330/447 363/331/447 116/329/447
f 114/332/448 364/333/448 115/330/448
f 112/334/449 373/335/449 113/336/449
f 111/30/450 378/337/450 112/334/450
f 116/329/451 363/331/451 155/38/451
f 363/331/452 154/192/452 155/38/452
f 115/330/453 364/333/453 363/331/453
f 364/333/454 365/338/454 363/331/454
f 363/331/455 365/338/455 154/192/455
f 365/338/456 153/193/456 154/192/456
f 114/332/457 366/339/457 364/333/457
f 366/339/458 367/340/458 364/333/458
f 364/333/459 367/340/459 365/338/459
f 367/340/460 368/341/460 365/338/460
f 365/338/461 368/341/461 153/193/461
f 368/341/462 152/194/462 153/193/462
f 369/342/463 370/343/463 366/339/463
f 366/339/464 370/343/464 367/340/464
f 370/343/465 371/344/465 367/340/465
f 367/340/466 371/344/466 368/341/466
f 371/344/467 372/345/467 368/341/467
f 368/341/468 372/345/468 152/194/468
f 372/345/469 151/195/469 152/194/469
f 113/336/470 373/335/470 369/342/470
f 373/335/471 374/346/471 369/342/471
f 369/342/472 374/346/472 370/343/472
f 374/346/473 375/347/473 370/343/473
f 370/343/474 375/347/474 371/344/474
f 375/347/475 376/348/475 371/344/475
f 371/344/476 376/348/476 372/345/476
f 376/348/477 377/349/477 372/345/477
f 372/345/478 377/349/478 151/195/478
f 377/349/479 150/196/479 151/195/479
f 112/334/480 378/337/480 373/335/480
f 378/337/481 379/350/481 373/335/481
f 373/335/482 379/350/482 374/346/482
f 379/350/483 380/351/483 374/346/483
f 374/346/484 380/351/484 375/347/484
f 380/351/485 381/352/485 375/347/485
f 375/347/486 381/352/486 376/348/486
f 381/352/487 382/353/487 376/348/487
f 376/348/488 382/353/488 377/349/488
f 382/353/489 383/354/489 377/349/489
f 377/349/490 383/354/490 150/196/490
f 383/354/491 149/197/491 150/196/491
f 111/30/492 97/19/492 378/337/492
f 97/19/493 96/355/493 378/337/493
f 378/337/494 96/355/494 379/350/494
f 96/355/495 95/356/495 379/350/495
f 379/350/496 95/356/496 380/351/496
f 381/352/497 94/357/497 382/353/497
f 94/357/498 93/358/498 382/353/498
f 382/353/499 93/358/499 383/354/499
f 93/358/500 92/359/500 383/354/500
f 383/354/501 92/359/501 149/197/501
f 92/359/502 7/34/502 149/197/502
f 103/360/503 148/35/503 7/34/503
f 102/361/504 384/362/504 103/360/504
f 101/363/505 385/364/505 102/361/505
f 99/365/506 393/366/506 100/367/506
f 98/29/507 398/368/507 99/365/507
f 103/360/508 384/362/508 148/35/508
f 384/362/509 147/229/509 148/35/509
f 102/361/510 385/364/510 384/362/510
f 385/364/511 386/369/511 384/362/511
f 384/362/512 386/369/512 147/229/512
f 386/369/513 146/230/513 147/229/513
f 101/363/514 387/370/514 385/364/514
f 387/370/515 388/371/515 385/364/515
f 385/364/516 388/371/516 386/369/516
f 388/371/517 389/372/517 386/369/517
f 386/369/518 389/372/518 146/230/518
f 389/372/519 145/231/519 146/230/519
f 387/370/520 390/373/520 388/371/520
f 390/373/521 391/374/521 388/371/521
f 388/371/522 391/374/522 389/372/522
f 391/374/523 392/375/523 389/372/523
f 389/372/524 392/375/524 145/231/524
f 392/375/525 144/232/525 145/231/525
f 394/376/526 395/377/526 390/373/526
f 390/373/527 395/377/527 391/374/527
f 395/377/528 396/378/528 391/374/528
f 391/374/529 396/378/529 392/375/529
f 396/378/530 397/379/530 392/375/530
f 392/375/531 397/379/531 144/232/531
f 397/379/532 143/233/532 144/232/532
f 99/365/533 398/368/533 393/366/533
f 398/368/534 399/380/534 393/366/534
f 393/366/535 399/380/535 394/376/535
f 399/380/536 400/381/536 394/376/536
f 394/376/537 400/381/537 395/377/537
f 400/381/538 401/382/538 395/377/538
f 395/377/539 401/382/539 396/378/539
f 401/382/540 402/383/540 396/378/540
f 396/378/541 402/383/541 397/379/541
f 402/383/542 403/384/542 397/379/542
f 397/379/543 403/384/543 143/233/543
f 403/384/544 142/234/544 143/233/544
f 98/29/545 84/16/545 398/368/545
f 84/16/546 83/385/546 398/368/546
f 398/368/547 83/385/547 399/380/547
f 83/385/548 82/386/548 399/380/548
f 399/380/549 82/386/549 400/381/549
f 82/386/550 81/387/550 400/381/550
f 400/381/551 81/387/551 401/382/551
f 81/387/552 80/388/552 401/382/552
f 401/382/553 80/388/553 402/383/553
f 80/388/554 79/389/554 402/383/554
f 402/383/555 79/389/555 403/384/555
f 79/389/556 78/390/556 403/384/556
f 403/384/557 78/390/557 142/234/557
f 78/390/558 11/46/558 142/234/558
f 130/265/559 141/266/559 10/43/559
f 131/264/560 404/391/560 130/265/560
f 132/263/561 405/392/561 131/264/561
f 134/261/562 413/393/562 133/262/562
f 135/28/563 418/394/563 134/261/563
f 130/265/564 404/391/564 141/266/564
f 404/391/565 140/267/565 141/266/565
f 131/264/566 405/392/566 404/391/566
f 405/392/567 406/395/567 404/391/567
f 404/391/568 406/395/568 140/267/568
f 406/395/569 139/269/569 140/267/569
f 405/392/570 407/396/570 406/395/570
f 407/396/571 408/397/571 406/395/571
f 406/395/572 408/397/572 139/269/572
f 410/398/573 411/399/573 407/396/573
f 407/396/574 411/399/574 408/397/574
f 411/399/575 412/400/575 408/397/575
f 133/262/576 413/393/576 409/401/576
f 413/393/577 414/402/577 409/401/577
f 409/401/578 414/402/578 410/398/578
f 414/402/579 415/403/579 410/398/579
f 410/398/580 415/403/580 411/399/580
f 415/403/581 416/404/581 411/399/581
f 411/399/582 416/404/582 412/400/582
f 416/404/583 417/405/583 412/400/583
f 412/400/584 417/405/584 138/273/584
f 417/405/585 137/271/585 138/273/585
f 134/261/586 418/394/586 413/393/586
f 418/394/587 419/406/587 413/393/587
f 413/393/588 419/406/588 414/402/588
f 419/406/589 420/407/589 414/402/589
f 414/402/590 420/407/590 415/403/590
f 420/407/591 421/408/591 415/403/591
f 415/403/592 421/408/592 416/404/592
f 421/408/593 422/409/593 416/404/593
f 416/404/594 422/409/594 417/405/594
f 422/409/595 423/410/595 417/405/595
f 417/405/596 423/410/596 137/271/596
f 423/410/597 136/32/597 137/271/597
f 135/28/598 77/27/598 418/394/598
f 77/27/599 76/411/599 418/394/599
f 418/394/600 76/411/600 419/406/600
f 76/411/601 75/412/601 419/406/601
f 419/406/602 75/412/602 420/407/602
f 75/412/603 74/413/603 420/407/603
f 420/407/604 74/413/604 421/408/604
f 74/413/605 73/414/605 421/408/605
f 421/408/606 73/414/606 422/409/606
f 73/414/607 72/415/607 422/409/607
f 422/409/608 72/415/608 423/410/608
f 72/415/609 71/416/609 423/410/609
f 423/410/610 71/416/610 136/32/610
f 71/416/611 5/23/611 136/32/611
f 117/296/612 129/297/612 9/40/612
f 118/295/613 424/417/613 117/296/613
f 119/294/614 425/418/614 118/295/614
f 121/292/615 432/419/615 120/293/615
f 122/25/616 437/420/616 121/292/616
f 117/296/617 424/417/617 129/297/617
f 424/417/618 128/298/618 129/297/618
f 118/295/619 425/418/619 424/417/619
f 425/418/620 426/421/620 424/417/620
f 424/417/621 426/421/621 128/298/621
f 426/421/622 127/300/622 128/298/622
f 426/421/623 427/422/623 127/300/623
f 427/422/624 126/302/624 127/300/624
f 430/423/625 431/424/625 427/422/625
f 427/422/626 431/424/626 126/302/626
f 431/424/627 125/304/627 126/302/627
f 120/293/628 432/419/628 428/425/628
f 432/419/629 433/426/629 428/425/629
f 428/425/630 433/426/630 429/427/630
f 433/426/631 434/428/631 429/427/631
f 429/427/632 434/428/632 430/423/632
f 434/428/633 435/429/633 430/423/633
f 430/423/634 435/429/634 431/424/634
f 435/429/635 436/430/635 431/424/635
f 431/424/636 436/430/636 125/304/636
f 436/430/637 124/306/637 125/304/637
f 121/292/638 437/420/638 432/419/638
f 437/420/639 438/431/639 432/419/639
f 432/419/640 438/431/640 433/426/640
f 438/431/641 439/432/641 433/426/641
f 433/426/642 439/432/642 434/428/642
f 439/432/643 440/433/643 434/428/643
f 434/428/644 440/433/644 435/429/644
f 440/433/645 441/434/645 435/429/645
f 435/429/646 441/434/646 436/430/646
f 441/434/647 442/435/647 436/430/647
f 436/430/648 442/435/648 124/306/648
f 442/435/649 123/31/649 124/306/649
f 122/25/650 70/24/650 437/420/650
f 70/24/651 69/436/651 437/420/651
f 437/420/652 69/436/652 438/431/652
f 69/436/653 68/437/653 438/431/653
f 438/431/654 68/437/654 439/432/654
f 68/437/655 67/438/655 439/432/655
f 439/432/656 67/438/656 440/433/656
f 67/438/657 66/439/657 440/433/657
f 440/433/658 66/439/658 441/434/658
f 66/439/659 65/440/659 441/434/659
f 441/434/660 65/440/660 442/435/660
f 65/440/661 64/441/661 442/435/661
f 442/435/662 64/441/662 123/31/662
f 64/441/663 4/20/663 123/31/663
f 104/328/664 116/442/664 8/160/664
f 105/327/665 443/443/665 104/328/665
f 106/326/666 444/444/666 105/327/666
f 107/325/667 446/445/667 106/326/667
f 108/324/668 447/446/668 107/325/668
f 109/323/669 451/447/669 108/324/669
f 110/22/670 456/448/670 109/323/670
f 104/328/671 443/443/671 116/442/671
f 443/443/672 115/449/672 116/442/672
f 105/327/673 444/444/673 443/443/673
f 444/444/674 445/450/674 443/443/674
f 443/443/675 445/450/675 115/449/675
f 445/450/676 114/451/676 115/449/676
f 106/326/677 446/445/677 444/444/677
f 107/325/678 447/446/678 446/445/678
f 447/446/679 448/452/679 446/445/679
f 108/324/680 451/447/680 447/446/680
f 451/447/681 452/453/681 447/446/681
f 447/446/682 452/453/682 448/452/682
f 452/453/683 453/454/683 448/452/683
f 448/452/684 453/454/684 449/455/684
f 453/454/685 454/456/685 449/455/685
f 449/455/686 454/456/686 450/457/686
f 454/456/687 455/458/687 450/457/687
f 450/457/688 455/458/688 113/459/688
f 455/458/689 112/460/689 113/459/689
f 109/323/690 456/448/690 451/447/690
f 456/448/691 457/461/691 451/447/691
f 451/447/692 457/461/692 452/453/692
f 457/461/693 458/462/693 452/453/693
f 452/453/694 458/462/694 453/454/694
f 458/462/695 459/463/695 453/454/695
f 453/454/696 459/463/696 454/456/696
f 459/463/697 460/464/697 454/456/697
f 454/456/698 460/464/698 455/458/698
f 460/464/699 461/465/699 455/458/699
f 455/458/700 461/465/700 112/460/700
f 461/465/701 111/466/701 112/460/701
f 110/22/702 57/21/702 456/448/702
f 57/21/703 56/467/703 456/448/703
f 456/448/704 56/467/704 457/461/704
f 56/467/705 55/468/705 457/461/705
f 457/461/706 55/468/706 458/462/706
f 55/468/707 54/469/707 458/462/707
f 458/462/708 54/469/708 459/463/708
f 54/469/709 53/470/709 459/463/709
f 459/463/710 53/470/710 460/464/710
f 53/470/711 52/471/711 460/464/711
f 460/464/712 52/471/712 461/465/712
f 52/471/713 51/472/713 461/465/713
f 461/465/714 51/472/714 111/466/714
f 51/472/715 3/473/715 111/466/715
f 92/359/716 103/360/716 7/34/716
f 93/358/717 462/474/717 92/359/717
f 94/357/718 463/475/718 93/358/718
f 96/355/719 471/476/719 95/356/719
f 97/19/720 476/477/720 96/355/720
f 92/359/721 462/474/721 103/360/721
f 462/474/722 102/361/722 103/360/722
f 93/358/723 463/475/723 462/474/723
f 463/475/724 464/478/724 462/474/724
f 462/474/725 464/478/725 102/361/725
f 464/478/726 101/363/726 102/361/726
f 94/357/727 465/479/727 463/475/727
f 465/479/728 466/480/728 463/475/728
f 463/475/729 466/480/729 464/478/729
f 467/481/730 468/482/730 465/479/730
f 465/479/731 468/482/731 466/480/731
f 468/482/732 469/483/732 466/480/732
f 95/356/733 471/476/733 467/481/733
f 471/476/734 472/484/734 467/481/734
f 467/481/735 472/484/735 468/482/735
f 472/484/736 473/485/736 468/482/736
f 468/482/737 473/485/737 469/483/737
f 473/485/738 474/486/738 469/483/738
f 469/483/739 474/486/739 470/487/739
f 474/486/740 475/488/740 470/487/740
f 470/487/741 475/488/741 100/367/741
f 475/488/742 99/365/742 100/367/742
f 96/355/743 476/477/743 471/476/743
f 476/477/744 477/489/744 471/476/744
f 471/476/745 477/489/745 472/484/745
f 477/489/746 478/490/746 472/484/746
f 472/484/747 478/490/747 473/485/747
f 478/490/748 479/491/748 473/485/748
f 473/485/749 479/491/749 474/486/749
f 479/491/750 480/492/750 474/486/750
f 474/486/751 480/492/751 475/488/751
f 480/492/752 481/493/752 475/488/752
f 475/488/753 481/493/753 99/365/753
f 481/493/754 98/29/754 99/365/754
f 97/19/755 31/18/755 476/477/755
f 31/18/756 30/494/756 476/477/756
f 476/477/757 30/494/757 477/489/757
f 30/494/758 29/495/758 477/489/758
f 477/489/759 29/495/759 478/490/759
f 29/495/760 28/496/760 478/490/760
f 478/490/761 28/496/761 479/491/761
f 28/496/762 27/497/762 479/491/762
f 479/491/763 27/497/763 480/492/763
f 27/497/764 26/498/764 480/492/764
f 480/492/765 26/498/765 481/493/765
f 26/498/766 25/499/766 481/493/766
f 481/493/767 25/499/767 98/29/767
f 25/499/768 2/4/768 98/29/768
f 78/390/769 91/235/769 11/46/769
f 79/389/770 482/500/770 78/390/770
f 80/388/771 483/501/771 79/389/771
f 82/386/772 485/502/772 81/387/772
f 83/385/773 489/503/773 82/386/773
f 84/16/774 494/504/774 83/385/774
f 78/390/775 482/500/775 91/235/775
f 482/500/776 90/236/776 91/235/776
f 79/389/777 483/501/777 482/500/777
f 483/501/778 484/505/778 482/500/778
f 482/500/779 484/505/779 90/236/779
f 484/505/780 89/238/780 90/236/780
f 488/506/781 87/242/781 88/240/781
f 82/386/782 489/503/782 485/502/782
f 489/503/783 490/507/783 485/502/783
f 485/502/784 490/507/784 486/508/784
f 490/507/785 491/509/785 486/508/785
f 486/508/786 491/509/786 487/510/786
f 491/509/787 492/511/787 487/510/787
f 487/510/788 492/511/788 488/506/788
f 492/511/789 493/512/789 488/506/789
f 488/506/790 493/512/790 87/242/790
f 493/512/791 86/244/791 87/242/791
f 83/385/792 494/504/792 489/503/792
f 494/504/793 495/513/793 489/503/793
f 489/503/794 495/513/794 490/507/794
f 495/513/795 496/514/795 490/507/795
f 490/507/796 496/514/796 491/509/796
f 496/514/797 497/515/797 491/509/797
f 491/509/798 497/515/798 492/511/798
f 497/515/799 498/516/799 492/511/799
f 492/511/800 498/516/800 493/512/800
f 498/516/801 499/517/801 493/512/801
f 493/512/802 499/517/802 86/244/802
f 499/517/803 85/33/803 86/244/803
f 84/16/804 38/6/804 494/504/804
f 38/6/805 37/518/805 494/504/805
f 494/504/806 37/518/806 495/513/806
f 37/518/807 36/519/807 495/513/807
f 495/513/808 36/519/808 496/514/808
f 36/519/809 35/520/809 496/514/809
f 496/514/810 35/520/810 497/515/810
f 35/520/811 34/521/811 497/515/811
f 497/515/812 34/521/812 498/516/812
f 34/521/813 33/522/813 498/516/813
f 498/516/814 33/522/814 499/517/814
f 33/522/815 32/523/815 499/517/815
f 499/517/816 32/523/816 85/33/816
f 32/523/817 6/26/817 85/33/817
f 44/524/818 77/27/818 6/26/818
f 43/525/819 500/526/819 44/524/819
f 42/527/820 501/528/820 43/525/820
f 40/529/821 509/530/821 41/531/821
f 39/15/822 513/532/822 40/529/822
f 44/524/823 500/526/823 77/27/823
f 500/526/824 76/411/824 77/27/824
f 43/525/825 501/528/825 500/526/825
f 501/528/826 502/533/826 500/526/826
f 500/526/827 502/533/827 76/411/827
f 502/533/828 75/412/828 76/411/828
f 42/527/829 503/534/829 501/528/829
f 503/534/830 504/535/830 501/528/830
f 501/528/831 504/535/831 502/533/831
f 504/535/832 505/536/832 502/533/832
f 502/533/833 505/536/833 75/412/833
f 505/536/834 74/413/834 75/412/834
f 503/534/835 506/537/835 504/535/835
f 506/537/836 507/538/836 504/535/836
f 504/535/837 507/538/837 505/536/837
f 507/538/838 508/539/838 505/536/838
f 505/536/839 508/539/839 74/413/839
f 508/539/840 73/414/840 74/413/840
f 506/537/841 510/540/841 507/538/841
f 510/540/842 511/541/842 507/538/842
f 507/538/843 511/541/843 508/539/843
f 511/541/844 512/542/844 508/539/844
f 508/539/845 512/542/845 73/414/845
f 512/542/846 72/415/846 73/414/846
f 40/529/847 513/532/847 509/530/847
f 513/532/848 514/543/848 509/530/848
f 510/540/849 515/544/849 511/541/849
f 515/544/850 516/545/850 511/541/850
f 511/541/851 516/545/851 512/542/851
f 516/545/852 517/546/852 512/542/852
f 512/542/853 517/546/853 72/415/853
f 517/546/854 71/416/854 72/415/854
f 39/15/855 63/14/855 513/532/855
f 63/14/856 62/547/856 513/532/856
f 513/532/857 62/547/857 514/543/857
f 62/547/858 61/548/858 514/543/858
f 515/544/859 60/549/859 516/545/859
f 60/549/860 59/550/860 516/545/860
f 516/545/861 59/550/861 517/546/861
f 59/550/862 58/551/862 517/546/862
f 517/546/863 58/551/863 71/416/863
f 58/551/864 5/23/864 71/416/864
f 58/552/865 70/24/865 5/23/865
f 59/553/866 518/554/866 58/552/866
f 60/555/867 519/556/867 59/553/867
f 62/557/868 527/558/868 61/559/868
f 63/12/869 531/560/869 62/557/869
f 58/552/870 518/554/870 70/24/870
f 518/554/871 69/436/871 70/24/871
f 59/553/872 519/556/872 518/554/872
f 519/556/873 520/561/873 518/554/873
f 518/554/874 520/561/874 69/436/874
f 520/561/875 68/437/875 69/436/875
f 60/555/876 521/562/876 519/556/876
f 521/562/877 522/563/877 519/556/877
f 519/556/878 522/563/878 520/561/878
f 522/563/879 523/564/879 520/561/879
f 520/561/880 523/564/880 68/437/880
f 523/564/881 67/438/881 68/437/881
f 521/562/882 524/565/882 522/563/882
f 524/565/883 525/566/883 522/563/883
f 522/563/884 525/566/884 523/564/884
f 525/566/885 526/567/885 523/564/885
f 523/564/886 526/567/886 67/438/886
f 526/567/887 66/439/887 67/438/887
f 524/565/888 528/568/888 525/566/888
f 528/568/889 529/569/889 525/566/889
f 525/566/890 529/569/890 526/567/890
f 529/569/891 530/570/891 526/567/891
f 526/567/892 530/570/892 66/439/892
f 530/570/893 65/440/893 66/439/893
f 62/557/894 531/560/894 527/558/894
f 531/560/895 532/571/895 527/558/895
f 528/568/896 533/572/896 529/569/896
f 533/572/897 534/573/897 529/569/897
f 529/569/898 534/573/898 530/570/898
f 534/573/899 535/574/899 530/570/899
f 530/570/900 535/574/900 65/440/900
f 535/574/901 64/441/901 65/440/901
f 63/12/902 50/11/902 531/560/902
f 50/11/903 49/575/903 531/560/903
f 531/560/904 49/575/904 532/571/904
f 49/575/905 48/576/905 532/571/905
f 533/572/906 47/577/906 534/573/906
f 47/577/907 46/578/907 534/573/907
f 534/573/908 46/578/908 535/574/908
f 46/578/909 45/579/909 535/574/909
f 535/574/910 45/579/910 64/441/910
f 45/579/911 4/20/911 64/441/911
f 45/580/912 57/21/912 4/20/912
f 46/581/913 536/582/913 45/580/913
f 47/583/914 537/584/914 46/581/914
f 49/585/915 545/586/915 48/587/915
f 50/9/916 549/588/916 49/585/916
f 45/580/917 536/582/917 57/21/917
f 536/582/918 56/467/918 57/21/918
f 46/581/919 537/584/919 536/582/919
f 537/584/920 538/589/920 536/582/920
f 536/582/921 538/589/921 56/467/921
f 538/589/922 55/468/922 56/467/922
f 47/583/923 539/590/923 537/584/923
f 539/590/924 540/591/924 537/584/924
f 537/584/925 540/591/925 538/589/925
f 540/591/926 541/592/926 538/589/926
f 538/589/927 541/592/927 55/468/927
f 541/592/928 54/469/928 55/468/928
f 539/590/929 542/593/929 540/591/929
f 542/593/930 543/594/930 540/591/930
f 540/591/931 543/594/931 541/592/931
f 543/594/932 544/595/932 541/592/932
f 541/592/933 544/595/933 54/469/933
f 544/595/934 53/470/934 54/469/934
f 542/593/935 546/596/935 543/594/935
f 546/596/936 547/597/936 543/594/936
f 543/594/937 547/597/937 544/595/937
f 547/597/938 548/598/938 544/595/938
f 544/595/939 548/598/939 53/470/939
f 548/598/940 52/471/940 53/470/940
f 49/585/941 549/588/941 545/586/941
f 549/588/942 550/599/942 545/586/942
f 546/596/943 551/600/943 547/597/943
f 551/600/944 552/601/944 547/597/944
f 547/597/945 552/601/945 548/598/945
f 552/601/946 553/602/946 548/598/946
f 548/598/947 553/602/947 52/471/947
f 553/602/948 51/472/948 52/471/948
f 50/9/949 18/8/949 549/588/949
f 18/8/950 17/603/950 549/588/950
f 549/588/951 17/603/951 550/599/951
f 17/603/952 16/604/952 550/599/952
f 551/600/953 15/605/953 552/601/953
f 15/605/954 14/606/954 552/601/954
f 552/601/955 14/606/955 553/602/955
f 14/606/956 13/607/956 553/602/956
f 553/602/957 13/607/957 51/472/957
f 13/607/958 3/473/958 51/472/958
f 32/523/959 44/608/959 6/26/959
f 33/522/960 554/609/960 32/523/960
f 34/521/961 555/610/961 33/522/961
f 35/520/962 557/611/962 34/521/962
f 36/519/963 560/612/963 35/520/963
f 37/518/964 563/613/964 36/519/964
f 38/6/965 567/614/965 37/518/965
f 32/523/966 554/609/966 44/608/966
f 554/609/967 43/615/967 44/608/967
f 33/522/968 555/610/968 554/609/968
f 555/610/969 556/616/969 554/609/969
f 554/609/970 556/616/970 43/615/970
f 556/616/971 42/617/971 43/615/971
f 34/521/972 557/611/972 555/610/972
f 557/611/973 558/618/973 555/610/973
f 555/610/974 558/618/974 556/616/974
f 558/618/975 559/619/975 556/616/975
f 556/616/976 559/619/976 42/617/976
f 35/520/977 560/612/977 557/611/977
f 560/612/978 561/620/978 557/611/978
f 557/611/979 561/620/979 558/618/979
f 561/620/980 562/621/980 558/618/980
f 558/618/981 562/621/981 559/619/981
f 36/519/982 563/613/982 560/612/982
f 563/613/983 564/622/983 560/612/983
f 560/612/984 564/622/984 561/620/984
f 564/622/985 565/623/985 561/620/985
f 561/620/986 565/623/986 562/621/986
f 566/624/987 40/625/987 41/626/987
f 37/518/988 567/614/988 563/613/988
f 567/614/989 568/627/989 563/613/989
f 563/613/990 568/627/990 564/622/990
f 568/627/991 569/628/991 564/622/991
f 564/622/992 569/628/992 565/623/992
f 570/629/993 571/630/993 566/624/993
f 566/624/994 571/630/994 40/625/994
f 571/630/995 39/631/995 40/625/995
f 38/6/996 24/5/996 567/614/996
f 24/5/997 23/632/997 567/614/997
f 567/614/998 23/632/998 568/627/998
f 23/632/999 22/633/999 568/627/999
f 568/627/1000 22/633/1000 569/628/1000
f 21/634/1001 20/635/1001 570/629/1001
f 570/629/1002 20/635/1002 571/630/1002
f 20/635/1003 19/636/1003 571/630/1003
f 571/630/1004 19/636/1004 39/631/1004
f 19/636/1005 1/637/1005 39/631/1005
f 13/638/1006 31/18/1006 3/17/1006
f 14/639/1007 572/640/1007 13/638/1007
f 15/641/1008 573/642/1008 14/639/1008
f 17/643/1009 581/644/1009 16/645/1009
f 18/3/1010 585/646/1010 17/643/1010
f 13/638/1011 572/640/1011 31/18/1011
f 572/640/1012 30/494/1012 31/18/1012
f 14/639/1013 573/642/1013 572/640/1013
f 573/642/1014 574/647/1014 572/640/1014
f 572/640/1015 574/647/1015 30/494/1015
f 574/647/1016 29/495/1016 30/494/1016
f 15/641/1017 575/648/1017 573/642/1017
f 575/648/1018 576/649/1018 573/642/1018
f 573/642/1019 576/649/1019 574/647/1019
f 576/649/1020 577/650/1020 574/647/1020
f 574/647/1021 577/650/1021 29/495/1021
f 577/650/1022 28/496/1022 29/495/1022
f 575/648/1023 578/651/1023 576/649/1023
f 578/651/1024 579/652/1024 576/649/1024
f 576/649/1025 579/652/1025 577/650/1025
f 579/652/1026 580/653/1026 577/650/1026
f 577/650/1027 580/653/1027 28/496/1027
f 580/653/1028 27/497/1028 28/496/1028
f 578/651/1029 582/654/1029 579/652/1029
f 582/654/1030 583/655/1030 579/652/1030
f 579/652/1031 583/655/1031 580/653/1031
f 583/655/1032 584/656/1032 580/653/1032
f 580/653/1033 584/656/1033 27/497/1033
f 584/656/1034 26/498/1034 27/497/1034
f 17/643/1035 585/646/1035 581/644/1035
f 585/646/1036 586/657/1036 581/644/1036
f 582/654/1037 587/658/1037 583/655/1037
f 587/658/1038 588/659/1038 583/655/1038
f 583/655/1039 588/659/1039 584/656/1039
f 588/659/1040 589/660/1040 584/656/1040
f 584/656/1041 589/660/1041 26/498/1041
f 589/660/1042 25/499/1042 26/498/1042
f 18/3/1043 19/2/1043 585/646/1043
f 19/2/1044 20/661/1044 585/646/1044
f 585/646/1045 20/661/1045 586/657/1045
f 20/661/1046 21/662/1046 586/657/1046
f 587/658/1047 22/663/1047 588/659/1047
f 22/663/1048 23/664/1048 588/659/1048
f 588/659/1049 23/664/1049 589/660/1049
f 23/664/1050 24/665/1050 589/660/1050
f 589/660/1051 24/665/1051 25/499/1051
f 24/665/1052 2/4/1052 25/499/1052
f 590/1/72 607/3/72 608/2/72
f 591/4/18 627/6/18 613/5/18
f 590/7/21 639/9/21 607/8/21
f 590/10/225 652/12/225 639/11/225
f 590/13/174 628/15/174 652/14/174
f 591/4/389 673/16/389 627/6/389
f 592/17/332 686/19/332 620/18/332
f 593/20/1053 699/22/1053 646/21/1053
f 594/23/1054 711/25/1054 659/24/1054
f 595/26/446 724/28/446 666/27/446
f 591/4/612 687/29/612 673/16/612
f 592/17/559 700/30/559 686/19/559
f 593/20/769 712/31/769 699/22/769
f 594/23/716 725/32/716 711/25/716
f 595/26/664 674/33/664 724/28/664
f 596/34/865 771/36/865 737/35/865
f 597/37/818 783/39/818 744/38/818
f 598/40/2 789/42/2 751/41/2
f 599/43/1055 795/45/1055 758/44/1055
f 600/46/1056 772/48/1056 765/47/1056
f 777/49/1057 601/51/1057 790/50/1057
f 776/52/916 777/49/916 796/53/916
f 774/54/1058 775/56/1058 800/55/1058
f 773/57/914 774/54/914 804/58/914
f 772/48/913 773/57/913 809/59/913
f 777/49/949 790/50/949 796/53/949
f 796/53/950 790/50/950 791/60/950
f 775/56/1059 797/61/1059 800/55/1059
f 800/55/1060 797/61/1060 801/62/1060
f 797/61/1061 798/63/1061 801/62/1061
f 801/62/708 798/63/708 802/64/708
f 798/63/1062 799/65/1062 802/64/1062
f 802/64/1063 799/65/1063 803/66/1063
f 799/65/1064 792/67/1064 803/66/1064
f 803/66/1065 792/67/1065 793/68/1065
f 774/54/923 800/55/923 804/58/923
f 804/58/1066 800/55/1066 805/69/1066
f 800/55/929 801/62/929 805/69/929
f 805/69/930 801/62/930 806/70/930
f 801/62/935 802/64/935 806/70/935
f 806/70/936 802/64/936 807/71/936
f 802/64/943 803/66/943 807/71/943
f 807/71/944 803/66/944 808/72/944
f 803/66/953 793/68/953 808/72/953
f 808/72/954 793/68/954 794/73/954
f 773/57/919 804/58/919 809/59/919
f 809/59/1067 804/58/1067 810/74/1067
f 804/58/925 805/69/925 810/74/925
f 810/74/926 805/69/926 811/75/926
f 805/69/931 806/70/931 811/75/931
f 811/75/932 806/70/932 812/76/932
f 806/70/937 807/71/937 812/76/937
f 812/76/1068 807/71/1068 813/77/1068
f 807/71/945 808/72/945 813/77/945
f 813/77/1069 808/72/1069 814/78/1069
f 808/72/955 794/73/955 814/78/955
f 814/78/956 794/73/956 795/79/956
f 772/48/917 809/59/917 765/47/917
f 765/47/918 809/59/918 764/80/918
f 809/59/921 810/74/921 764/80/921
f 764/80/922 810/74/922 763/81/922
f 810/74/927 811/75/927 763/81/927
f 763/81/928 811/75/928 762/82/928
f 811/75/933 812/76/933 762/82/933
f 762/82/934 812/76/934 761/83/934
f 812/76/1070 813/77/1070 761/83/1070
f 761/83/940 813/77/940 760/84/940
f 813/77/1071 814/78/1071 760/84/1071
f 760/84/948 814/78/948 759/85/948
f 814/78/957 795/79/957 759/85/957
f 759/85/958 795/79/958 599/43/958
f 790/86/1 601/88/1 784/87/1
f 791/89/1010 790/86/1010 815/90/1010
f 793/91/1072 792/93/1072 819/92/1072
f 794/94/1073 793/91/1073 823/95/1073
f 795/45/1007 794/94/1007 828/96/1007
f 790/86/1043 784/87/1043 815/90/1043
f 815/90/1044 784/87/1044 785/97/1044
f 792/93/1074 816/98/1074 819/92/1074
f 819/92/1075 816/98/1075 820/99/1075
f 816/98/1076 817/100/1076 820/99/1076
f 820/99/1077 817/100/1077 821/101/1077
f 817/100/1078 818/102/1078 821/101/1078
f 821/101/1079 818/102/1079 822/103/1079
f 818/102/1080 786/104/1080 822/103/1080
f 822/103/1081 786/104/1081 787/105/1081
f 793/91/1017 819/92/1017 823/95/1017
f 823/95/1018 819/92/1018 824/106/1018
f 819/92/1023 820/99/1023 824/106/1023
f 824/106/1024 820/99/1024 825/107/1024
f 820/99/1029 821/101/1029 825/107/1029
f 825/107/1030 821/101/1030 826/108/1030
f 821/101/1037 822/103/1037 826/108/1037
f 826/108/1038 822/103/1038 827/109/1038
f 822/103/1047 787/105/1047 827/109/1047
f 827/109/1048 787/105/1048 788/110/1048
f 794/94/1013 823/95/1013 828/96/1013
f 828/96/1014 823/95/1014 829/111/1014
f 823/95/1019 824/106/1019 829/111/1019
f 829/111/1020 824/106/1020 830/112/1020
f 824/106/1025 825/107/1025 830/112/1025
f 830/112/1026 825/107/1026 831/113/1026
f 825/107/1031 826/108/1031 831/113/1031
f 831/113/1032 826/108/1032 832/114/1032
f 826/108/1039 827/109/1039 832/114/1039
f 832/114/1040 827/109/1040 833/115/1040
f 827/109/1049 788/110/1049 833/115/1049
f 833/115/1050 788/110/1050 789/116/1050
f 795/45/1011 828/96/1011 758/44/1011
f 758/44/1012 828/96/1012 757/117/1012
f 828/96/1015 829/111/1015 757/117/1015
f 757/117/1016 829/111/1016 756/118/1016
f 829/111/1021 830/112/1021 756/118/1021
f 756/118/1022 830/112/1022 755/119/1022
f 830/112/1027 831/113/1027 755/119/1027
f 755/119/1028 831/113/1028 754/120/1028
f 831/113/1033 832/114/1033 754/120/1033
f 754/120/1034 832/114/1034 753/121/1034
f 832/114/1041 833/115/1041 753/121/1041
f 753/121/1042 833/115/1042 752/122/1042
f 833/115/1051 789/116/1051 752/122/1051
f 752/122/1052 789/116/1052 598/40/1052
f 784/123/1005 601/125/1005 778/124/1005
f 785/126/1082 784/123/1082 834/127/1082
f 787/128/1083 786/130/1083 838/129/1083
f 788/131/999 787/128/999 842/132/999
f 789/42/1084 788/131/1084 847/133/1084
f 784/123/1004 778/124/1004 834/127/1004
f 834/127/1085 778/124/1085 779/134/1085
f 786/130/1086 835/135/1086 838/129/1086
f 838/129/1087 835/135/1087 839/136/1087
f 835/135/1088 836/137/1088 839/136/1088
f 839/136/810 836/137/810 840/138/810
f 836/137/1089 837/139/1089 840/138/1089
f 840/138/1090 837/139/1090 841/140/1090
f 837/139/1091 780/141/1091 841/140/1091
f 841/140/1092 780/141/1092 781/142/1092
f 787/128/1000 838/129/1000 842/132/1000
f 842/132/991 838/129/991 843/143/991
f 838/129/992 839/136/992 843/143/992
f 843/143/985 839/136/985 844/144/985
f 839/136/986 840/138/986 844/144/986
f 844/144/980 840/138/980 845/145/980
f 840/138/981 841/140/981 845/145/981
f 845/145/975 841/140/975 846/146/975
f 841/140/976 781/142/976 846/146/976
f 846/146/971 781/142/971 782/147/971
f 788/131/998 842/132/998 847/133/998
f 847/133/989 842/132/989 848/148/989
f 842/132/990 843/143/990 848/148/990
f 848/148/983 843/143/983 849/149/983
f 843/143/984 844/144/984 849/149/984
f 849/149/978 844/144/978 850/150/978
f 844/144/979 845/145/979 850/150/979
f 850/150/973 845/145/973 851/151/973
f 845/145/974 846/146/974 851/151/974
f 851/151/969 846/146/969 852/152/969
f 846/146/970 782/147/970 852/152/970
f 852/152/1093 782/147/1093 783/153/1093
f 789/42/996 847/133/996 751/41/996
f 751/41/965 847/133/965 750/154/965
f 847/133/988 848/148/988 750/154/988
f 750/154/964 848/148/964 749/155/964
f 848/148/982 849/149/982 749/155/982
f 749/155/963 849/149/963 748/156/963
f 849/149/977 850/150/977 748/156/977
f 748/156/962 850/150/962 747/157/962
f 850/150/972 851/151/972 747/157/972
f 747/157/961 851/151/961 746/158/961
f 851/151/968 852/152/968 746/158/968
f 746/158/960 852/152/960 745/159/960
f 852/152/966 783/153/966 745/159/966
f 745/159/959 783/153/959 597/160/959
f 778/161/5 601/163/5 766/162/5
f 779/164/822 778/161/822 853/165/822
f 781/166/1094 780/168/1094 857/167/1094
f 782/169/820 781/166/820 861/170/820
f 783/39/819 782/169/819 866/171/819
f 778/161/855 766/162/855 853/165/855
f 853/165/856 766/162/856 767/172/856
f 780/168/1095 854/173/1095 857/167/1095
f 857/167/1096 854/173/1096 858/174/1096
f 854/173/1097 855/175/1097 858/174/1097
f 858/174/1098 855/175/1098 859/176/1098
f 855/175/1099 856/177/1099 859/176/1099
f 859/176/1100 856/177/1100 860/178/1100
f 856/177/1101 768/179/1101 860/178/1101
f 860/178/1102 768/179/1102 769/180/1102
f 781/166/829 857/167/829 861/170/829
f 861/170/830 857/167/830 862/181/830
f 857/167/835 858/174/835 862/181/835
f 862/181/836 858/174/836 863/182/836
f 858/174/841 859/176/841 863/182/841
f 863/182/842 859/176/842 864/183/842
f 859/176/849 860/178/849 864/183/849
f 864/183/850 860/178/850 865/184/850
f 860/178/859 769/180/859 865/184/859
f 865/184/1103 769/180/1103 770/185/1103
f 782/169/825 861/170/825 866/171/825
f 866/171/826 861/170/826 867/186/826
f 861/170/831 862/181/831 867/186/831
f 867/186/832 862/181/832 868/187/832
f 862/181/837 863/182/837 868/187/837
f 868/187/838 863/182/838 869/188/838
f 863/182/1104 864/183/1104 869/188/1104
f 869/188/844 864/183/844 870/189/844
f 864/183/851 865/184/851 870/189/851
f 870/189/852 865/184/852 871/190/852
f 865/184/861 770/185/861 871/190/861
f 871/190/862 770/185/862 771/191/862
f 783/39/823 866/171/823 744/38/823
f 744/38/824 866/171/824 743/192/824
f 866/171/827 867/186/827 743/192/827
f 743/192/828 867/186/828 742/193/828
f 867/186/833 868/187/833 742/193/833
f 742/193/834 868/187/834 741/194/834
f 868/187/839 869/188/839 741/194/839
f 741/194/840 869/188/840 740/195/840
f 869/188/845 870/189/845 740/195/845
f 740/195/846 870/189/846 739/196/846
f 870/189/853 871/190/853 739/196/853
f 739/196/854 871/190/854 738/197/854
f 871/190/863 771/191/863 738/197/863
f 738/197/1105 771/191/1105 596/34/1105
f 766/198/1106 601/200/1106 777/199/1106
f 767/201/869 766/198/869 872/202/869
f 769/203/1107 768/205/1107 876/204/1107
f 770/206/867 769/203/867 880/207/867
f 771/36/866 770/206/866 885/208/866
f 766/198/902 777/199/902 872/202/902
f 872/202/903 777/199/903 776/209/903
f 768/205/1108 873/210/1108 876/204/1108
f 876/204/1109 873/210/1109 877/211/1109
f 873/210/1110 874/212/1110 877/211/1110
f 877/211/656 874/212/656 878/213/656
f 874/212/1111 875/214/1111 878/213/1111
f 878/213/1112 875/214/1112 879/215/1112
f 875/214/1113 775/216/1113 879/215/1113
f 879/215/1114 775/216/1114 774/217/1114
f 769/203/876 876/204/876 880/207/876
f 880/207/877 876/204/877 881/218/877
f 876/204/882 877/211/882 881/218/882
f 881/218/883 877/211/883 882/219/883
f 877/211/888 878/213/888 882/219/888
f 882/219/889 878/213/889 883/220/889
f 878/213/896 879/215/896 883/220/896
f 883/220/1115 879/215/1115 884/221/1115
f 879/215/906 774/217/906 884/221/906
f 884/221/907 774/217/907 773/222/907
f 770/206/872 880/207/872 885/208/872
f 885/208/1116 880/207/1116 886/223/1116
f 880/207/878 881/218/878 886/223/878
f 886/223/1117 881/218/1117 887/224/1117
f 881/218/884 882/219/884 887/224/884
f 887/224/885 882/219/885 888/225/885
f 882/219/890 883/220/890 888/225/890
f 888/225/891 883/220/891 889/226/891
f 883/220/898 884/221/898 889/226/898
f 889/226/1118 884/221/1118 890/227/1118
f 884/221/908 773/222/908 890/227/908
f 890/227/909 773/222/909 772/228/909
f 771/36/870 885/208/870 737/35/870
f 737/35/871 885/208/871 736/229/871
f 885/208/1119 886/223/1119 736/229/1119
f 736/229/875 886/223/875 735/230/875
f 886/223/1120 887/224/1120 735/230/1120
f 735/230/881 887/224/881 734/231/881
f 887/224/886 888/225/886 734/231/886
f 734/231/887 888/225/887 733/232/887
f 888/225/892 889/226/892 733/232/892
f 733/232/893 889/226/893 732/233/893
f 889/226/900 890/227/900 732/233/900
f 732/233/901 890/227/901 731/234/901
f 890/227/910 772/228/910 731/234/910
f 731/234/1121 772/228/1121 600/46/1121
f 680/235/1122 600/46/1122 765/47/1122
f 679/236/670 680/235/670 891/237/670
f 678/238/1123 679/236/1123 892/239/1123
f 677/240/1124 678/238/1124 894/241/1124
f 676/242/1125 677/240/1125 897/243/1125
f 675/244/666 676/242/666 901/245/666
f 674/33/665 675/244/665 906/246/665
f 680/235/702 765/47/702 891/237/702
f 891/237/703 765/47/703 764/80/703
f 679/236/690 891/237/690 892/239/690
f 892/239/691 891/237/691 893/247/691
f 891/237/704 764/80/704 893/247/704
f 893/247/1126 764/80/1126 763/81/1126
f 678/238/1127 892/239/1127 894/241/1127
f 894/241/681 892/239/681 895/248/681
f 892/239/692 893/247/692 895/248/692
f 895/248/693 893/247/693 896/249/693
f 893/247/706 763/81/706 896/249/706
f 896/249/707 763/81/707 762/82/707
f 677/240/1128 894/241/1128 897/243/1128
f 897/243/679 894/241/679 898/250/679
f 894/241/682 895/248/682 898/250/682
f 898/250/683 895/248/683 899/251/683
f 895/248/694 896/249/694 899/251/694
f 899/251/695 896/249/695 900/252/695
f 896/249/708 762/82/708 900/252/708
f 900/252/709 762/82/709 761/83/709
f 676/242/1129 897/243/1129 901/245/1129
f 901/245/1130 897/243/1130 902/253/1130
f 897/243/1131 898/250/1131 902/253/1131
f 902/253/1132 898/250/1132 903/254/1132
f 898/250/684 899/251/684 903/254/684
f 903/254/1133 899/251/1133 904/255/1133
f 899/251/696 900/252/696 904/255/696
f 904/255/697 900/252/697 905/256/697
f 900/252/710 761/83/710 905/256/710
f 905/256/1134 761/83/1134 760/84/1134
f 675/244/673 901/245/673 906/246/673
f 906/246/674 901/245/674 907/257/674
f 901/245/1135 902/253/1135 907/257/1135
f 903/254/1136 904/255/1136 908/258/1136
f 908/258/687 904/255/687 909/259/687
f 904/255/698 905/256/698 909/259/698
f 909/259/699 905/256/699 910/260/699
f 905/256/712 760/84/712 910/260/712
f 910/260/1137 760/84/1137 759/85/1137
f 674/33/671 906/246/671 724/28/671
f 724/28/672 906/246/672 723/261/672
f 906/246/675 907/257/675 723/261/675
f 723/261/676 907/257/676 722/262/676
f 908/258/688 909/259/688 721/263/688
f 721/263/689 909/259/689 720/264/689
f 909/259/700 910/260/700 720/264/700
f 720/264/701 910/260/701 719/265/701
f 910/260/714 759/85/714 719/265/714
f 719/265/1138 759/85/1138 599/43/1138
f 730/266/7 599/43/7 758/44/7
f 729/267/720 730/266/720 911/268/720
f 728/269/719 729/267/719 912/270/719
f 726/271/718 727/273/718 921/272/718
f 725/32/717 726/271/717 926/274/717
f 730/266/755 758/44/755 911/268/755
f 911/268/1139 758/44/1139 757/117/1139
f 729/267/743 911/268/743 912/270/743
f 912/270/744 911/268/744 913/275/744
f 911/268/757 757/117/757 913/275/757
f 913/275/758 757/117/758 756/118/758
f 728/269/733 912/270/733 914/276/733
f 914/276/734 912/270/734 915/277/734
f 912/270/745 913/275/745 915/277/745
f 915/277/746 913/275/746 916/278/746
f 913/275/759 756/118/759 916/278/759
f 916/278/760 756/118/760 755/119/760
f 917/279/730 914/276/730 918/280/730
f 914/276/735 915/277/735 918/280/735
f 918/280/736 915/277/736 919/281/736
f 915/277/747 916/278/747 919/281/747
f 919/281/748 916/278/748 920/282/748
f 916/278/761 755/119/761 920/282/761
f 920/282/762 755/119/762 754/120/762
f 727/273/727 917/279/727 921/272/727
f 921/272/728 917/279/728 922/283/728
f 917/279/731 918/280/731 922/283/731
f 922/283/732 918/280/732 923/284/732
f 918/280/737 919/281/737 923/284/737
f 923/284/738 919/281/738 924/285/738
f 919/281/749 920/282/749 924/285/749
f 924/285/750 920/282/750 925/286/750
f 920/282/1140 754/120/1140 925/286/1140
f 925/286/764 754/120/764 753/121/764
f 726/271/723 921/272/723 926/274/723
f 926/274/724 921/272/724 927/287/724
f 921/272/729 922/283/729 927/287/729
f 927/287/1141 922/283/1141 928/288/1141
f 922/283/1142 923/284/1142 928/288/1142
f 928/288/1143 923/284/1143 929/289/1143
f 923/284/1144 924/285/1144 929/289/1144
f 929/289/740 924/285/740 930/290/740
f 924/285/751 925/286/751 930/290/751
f 930/290/752 925/286/752 931/291/752
f 925/286/765 753/121/765 931/291/765
f 931/291/766 753/121/766 752/122/766
f 725/32/721 926/274/721 711/25/721
f 711/25/722 926/274/722 710/292/722
f 926/274/725 927/287/725 710/292/725
f 710/292/726 927/287/726 709/293/726
f 927/287/1145 928/288/1145 709/293/1145
f 929/289/741 930/290/741 708/294/741
f 708/294/742 930/290/742 707/295/742
f 930/290/753 931/291/753 707/295/753
f 707/295/754 931/291/754 706/296/754
f 931/291/767 752/122/767 706/296/767
f 706/296/768 752/122/768 598/40/768
f 718/297/6 598/40/6 751/41/6
f 717/298/1146 718/297/1146 932/299/1146
f 716/300/773 717/298/773 933/301/773
f 715/302/1147 716/300/1147 935/303/1147
f 714/304/1148 715/302/1148 938/305/1148
f 713/306/1149 714/304/1149 942/307/1149
f 712/31/770 713/306/770 946/308/770
f 718/297/804 751/41/804 932/299/804
f 932/299/1150 751/41/1150 750/154/1150
f 717/298/792 932/299/792 933/301/792
f 933/301/793 932/299/793 934/309/793
f 932/299/806 750/154/806 934/309/806
f 934/309/1151 750/154/1151 749/155/1151
f 716/300/1152 933/301/1152 935/303/1152
f 935/303/1153 933/301/1153 936/310/1153
f 933/301/794 934/309/794 936/310/794
f 936/310/795 934/309/795 937/311/795
f 934/309/808 749/155/808 937/311/808
f 937/311/809 749/155/809 748/156/809
f 715/302/1154 935/303/1154 938/305/1154
f 938/305/1155 935/303/1155 939/312/1155
f 935/303/1156 936/310/1156 939/312/1156
f 939/312/1157 936/310/1157 940/313/1157
f 936/310/796 937/311/796 940/313/796
f 940/313/797 937/311/797 941/314/797
f 937/311/810 748/156/810 941/314/810
f 941/314/811 748/156/811 747/157/811
f 714/304/1158 938/305/1158 942/307/1158
f 939/312/1159 940/313/1159 943/315/1159
f 943/315/1160 940/313/1160 944/316/1160
f 940/313/798 941/314/798 944/316/798
f 944/316/799 941/314/799 945/317/799
f 941/314/812 747/157/812 945/317/812
f 945/317/1161 747/157/1161 746/158/1161
f 713/306/1162 942/307/1162 946/308/1162
f 946/308/1163 942/307/1163 947/318/1163
f 948/319/1164 943/315/1164 949/320/1164
f 943/315/1165 944/316/1165 949/320/1165
f 949/320/1166 944/316/1166 950/321/1166
f 944/316/800 945/317/800 950/321/800
f 950/321/801 945/317/801 951/322/801
f 945/317/814 746/158/814 951/322/814
f 951/322/1167 746/158/1167 745/159/1167
f 712/31/775 946/308/775 699/22/775
f 699/22/776 946/308/776 698/323/776
f 946/308/1168 947/318/1168 698/323/1168
f 698/323/1169 947/318/1169 697/324/1169
f 947/318/1170 948/319/1170 697/324/1170
f 697/324/1171 948/319/1171 696/325/1171
f 948/319/1172 949/320/1172 696/325/1172
f 696/325/1173 949/320/1173 695/326/1173
f 949/320/1174 950/321/1174 695/326/1174
f 695/326/791 950/321/791 694/327/791
f 950/321/802 951/322/802 694/327/802
f 694/327/1175 951/322/1175 693/328/1175
f 951/322/816 745/159/816 693/328/816
f 693/328/817 745/159/817 597/160/817
f 705/329/10 597/37/10 744/38/10
f 704/330/563 705/329/563 952/331/563
f 703/332/562 704/330/562 953/333/562
f 701/334/561 702/336/561 962/335/561
f 700/30/560 701/334/560 967/337/560
f 705/329/598 744/38/598 952/331/598
f 952/331/599 744/38/599 743/192/599
f 704/330/586 952/331/586 953/333/586
f 953/333/587 952/331/587 954/338/587
f 952/331/600 743/192/600 954/338/600
f 954/338/1176 743/192/1176 742/193/1176
f 703/332/576 953/333/576 955/339/576
f 955/339/577 953/333/577 956/340/577
f 953/333/588 954/338/588 956/340/588
f 956/340/589 954/338/589 957/341/589
f 954/338/1177 742/193/1177 957/341/1177
f 957/341/603 742/193/603 741/194/603
f 958/342/1178 955/339/1178 959/343/1178
f 955/339/1179 956/340/1179 959/343/1179
f 959/343/579 956/340/579 960/344/579
f 956/340/590 957/341/590 960/344/590
f 960/344/591 957/341/591 961/345/591
f 957/341/604 741/194/604 961/345/604
f 961/345/605 741/194/605 740/195/605
f 702/336/1180 958/342/1180 962/335/1180
f 962/335/1181 958/342/1181 963/346/1181
f 958/342/1182 959/343/1182 963/346/1182
f 963/346/573 959/343/573 964/347/573
f 959/343/580 960/344/580 964/347/580
f 964/347/581 960/344/581 965/348/581
f 960/344/592 961/345/592 965/348/592
f 965/348/593 961/345/593 966/349/593
f 961/345/606 740/195/606 966/349/606
f 966/349/607 740/195/607 739/196/607
f 701/334/566 962/335/566 967/337/566
f 967/337/567 962/335/567 968/350/567
f 962/335/570 963/346/570 968/350/570
f 968/350/571 963/346/571 969/351/571
f 963/346/574 964/347/574 969/351/574
f 969/351/575 964/347/575 970/352/575
f 964/347/582 965/348/582 970/352/582
f 970/352/583 965/348/583 971/353/583
f 965/348/594 966/349/594 971/353/594
f 971/353/595 966/349/595 972/354/595
f 966/349/608 739/196/608 972/354/608
f 972/354/1183 739/196/1183 738/197/1183
f 700/30/564 967/337/564 686/19/564
f 686/19/565 967/337/565 685/355/565
f 967/337/568 968/350/568 685/355/568
f 685/355/569 968/350/569 684/356/569
f 968/350/572 969/351/572 684/356/572
f 970/352/584 971/353/584 683/357/584
f 683/357/585 971/353/585 682/358/585
f 971/353/596 972/354/596 682/358/596
f 682/358/597 972/354/597 681/359/597
f 972/354/610 738/197/610 681/359/610
f 681/359/611 738/197/611 596/34/611
f 692/360/1184 596/34/1184 737/35/1184
f 691/361/616 692/360/616 973/362/616
f 690/363/615 691/361/615 974/364/615
f 688/365/614 689/367/614 982/366/614
f 687/29/613 688/365/613 987/368/613
f 692/360/650 737/35/650 973/362/650
f 973/362/1185 737/35/1185 736/229/1185
f 691/361/638 973/362/638 974/364/638
f 974/364/639 973/362/639 975/369/639
f 973/362/652 736/229/652 975/369/652
f 975/369/1186 736/229/1186 735/230/1186
f 690/363/628 974/364/628 976/370/628
f 976/370/629 974/364/629 977/371/629
f 974/364/640 975/369/640 977/371/640
f 977/371/641 975/369/641 978/372/641
f 975/369/654 735/230/654 978/372/654
f 978/372/655 735/230/655 734/231/655
f 976/370/1187 977/371/1187 979/373/1187
f 979/373/1188 977/371/1188 980/374/1188
f 977/371/642 978/372/642 980/374/642
f 980/374/643 978/372/643 981/375/643
f 978/372/656 734/231/656 981/375/656
f 981/375/657 734/231/657 733/232/657
f 983/376/1189 979/373/1189 984/377/1189
f 979/373/632 980/374/632 984/377/632
f 984/377/633 980/374/633 985/378/633
f 980/374/644 981/375/644 985/378/644
f 985/378/645 981/375/645 986/379/645
f 981/375/658 733/232/658 986/379/658
f 986/379/1190 733/232/1190 732/233/1190
f 688/365/619 982/366/619 987/368/619
f 987/368/620 982/366/620 988/380/620
f 982/366/1191 983/376/1191 988/380/1191
f 988/380/1192 983/376/1192 989/381/1192
f 983/376/1193 984/377/1193 989/381/1193
f 989/381/625 984/377/625 990/382/625
f 984/377/634 985/378/634 990/382/634
f 990/382/1194 985/378/1194 991/383/1194
f 985/378/646 986/379/646 991/383/646
f 991/383/647 986/379/647 992/384/647
f 986/379/660 732/233/660 992/384/660
f 992/384/661 732/233/661 731/234/661
f 687/29/617 987/368/617 673/16/617
f 673/16/618 987/368/618 672/385/618
f 987/368/621 988/380/621 672/385/621
f 672/385/622 988/380/622 671/386/622
f 988/380/623 989/381/623 671/386/623
f 671/386/1195 989/381/1195 670/387/1195
f 989/381/1196 990/382/1196 670/387/1196
f 670/387/1197 990/382/1197 669/388/1197
f 990/382/1198 991/383/1198 669/388/1198
f 669/388/1199 991/383/1199 668/389/1199
f 991/383/648 992/384/648 668/389/648
f 668/389/649 992/384/649 667/390/649
f 992/384/662 731/234/662 667/390/662
f 667/390/1200 731/234/1200 600/46/1200
f 719/265/12 599/43/12 730/266/12
f 720/264/450 719/265/450 993/391/450
f 721/263/449 720/264/449 994/392/449
f 723/261/448 722/262/448 1002/393/448
f 724/28/447 723/261/447 1007/394/447
f 719/265/492 730/266/492 993/391/492
f 993/391/493 730/266/493 729/267/493
f 720/264/480 993/391/480 994/392/480
f 994/392/481 993/391/481 995/395/481
f 993/391/494 729/267/494 995/395/494
f 995/395/495 729/267/495 728/269/495
f 994/392/482 995/395/482 996/396/482
f 996/396/483 995/395/483 997/397/483
f 995/395/496 728/269/496 997/397/496
f 999/398/473 996/396/473 1000/399/473
f 996/396/484 997/397/484 1000/399/484
f 1000/399/485 997/397/485 1001/400/485
f 722/262/457 998/401/457 1002/393/457
f 1002/393/458 998/401/458 1003/402/458
f 998/401/1201 999/398/1201 1003/402/1201
f 1003/402/465 999/398/465 1004/403/465
f 999/398/474 1000/399/474 1004/403/474
f 1004/403/475 1000/399/475 1005/404/475
f 1000/399/486 1001/400/486 1005/404/486
f 1005/404/487 1001/400/487 1006/405/487
f 1001/400/497 727/273/497 1006/405/497
f 1006/405/498 727/273/498 726/271/498
f 723/261/453 1002/393/453 1007/394/453
f 1007/394/454 1002/393/454 1008/406/454
f 1002/393/459 1003/402/459 1008/406/459
f 1008/406/460 1003/402/460 1009/407/460
f 1003/402/466 1004/403/466 1009/407/466
f 1009/407/467 1004/403/467 1010/408/467
f 1004/403/476 1005/404/476 1010/408/476
f 1010/408/477 1005/404/477 1011/409/477
f 1005/404/488 1006/405/488 1011/409/488
f 1011/409/489 1006/405/489 1012/410/489
f 1006/405/499 726/271/499 1012/410/499
f 1012/410/500 726/271/500 725/32/500
f 724/28/451 1007/394/451 666/27/451
f 666/27/452 1007/394/452 665/411/452
f 1007/394/455 1008/406/455 665/411/455
f 665/411/1202 1008/406/1202 664/412/1202
f 1008/406/1203 1009/407/1203 664/412/1203
f 664/412/462 1009/407/462 663/413/462
f 1009/407/468 1010/408/468 663/413/468
f 663/413/469 1010/408/469 662/414/469
f 1010/408/478 1011/409/478 662/414/478
f 662/414/1204 1011/409/1204 661/415/1204
f 1011/409/490 1012/410/490 661/415/490
f 661/415/1205 1012/410/1205 660/416/1205
f 1012/410/501 725/32/501 660/416/501
f 660/416/502 725/32/502 594/23/502
f 706/296/11 598/40/11 718/297/11
f 707/295/507 706/296/507 1013/417/507
f 708/294/506 707/295/506 1014/418/506
f 710/292/505 709/293/505 1021/419/505
f 711/25/504 710/292/504 1026/420/504
f 706/296/545 718/297/545 1013/417/545
f 1013/417/546 718/297/546 717/298/546
f 707/295/533 1013/417/533 1014/418/533
f 1014/418/534 1013/417/534 1015/421/534
f 1013/417/547 717/298/547 1015/421/547
f 1015/421/548 717/298/548 716/300/548
f 1015/421/549 716/300/549 1016/422/549
f 1016/422/1206 716/300/1206 715/302/1206
f 1019/423/538 1016/422/538 1020/424/538
f 1016/422/1207 715/302/1207 1020/424/1207
f 1020/424/1208 715/302/1208 714/304/1208
f 709/293/514 1017/425/514 1021/419/514
f 1021/419/515 1017/425/515 1022/426/515
f 1017/425/1209 1018/427/1209 1022/426/1209
f 1022/426/1210 1018/427/1210 1023/428/1210
f 1018/427/527 1019/423/527 1023/428/527
f 1023/428/528 1019/423/528 1024/429/528
f 1019/423/539 1020/424/539 1024/429/539
f 1024/429/540 1020/424/540 1025/430/540
f 1020/424/1211 714/304/1211 1025/430/1211
f 1025/430/1212 714/304/1212 713/306/1212
f 710/292/510 1021/419/510 1026/420/510
f 1026/420/511 1021/419/511 1027/431/511
f 1021/419/516 1022/426/516 1027/431/516
f 1027/431/517 1022/426/517 1028/432/517
f 1022/426/522 1023/428/522 1028/432/522
f 1028/432/523 1023/428/523 1029/433/523
f 1023/428/529 1024/429/529 1029/433/529
f 1029/433/530 1024/429/530 1030/434/530
f 1024/429/541 1025/430/541 1030/434/541
f 1030/434/542 1025/430/542 1031/435/542
f 1025/430/555 713/306/555 1031/435/555
f 1031/435/556 713/306/556 712/31/556
f 711/25/508 1026/420/508 659/24/508
f 659/24/1213 1026/420/1213 658/436/1213
f 1026/420/512 1027/431/512 658/436/512
f 658/436/1214 1027/431/1214 657/437/1214
f 1027/431/518 1028/432/518 657/437/518
f 657/437/519 1028/432/519 656/438/519
f 1028/432/524 1029/433/524 656/438/524
f 656/438/525 1029/433/525 655/439/525
f 1029/433/531 1030/434/531 655/439/531
f 655/439/1215 1030/434/1215 654/440/1215
f 1030/434/543 1031/435/543 654/440/543
f 654/440/544 1031/435/544 653/441/544
f 1031/435/557 712/31/557 653/441/557
f 653/441/1216 712/31/1216 593/20/1216
f 693/328/15 597/160/15 705/442/15
f 694/327/282 693/328/282 1032/443/282
f 695/326/281 694/327/281 1033/444/281
f 696/325/1217 695/326/1217 1035/445/1217
f 697/324/1218 696/325/1218 1036/446/1218
f 698/323/1219 697/324/1219 1040/447/1219
f 699/22/277 698/323/277 1045/448/277
f 693/328/322 705/442/322 1032/443/322
f 1032/443/323 705/442/323 704/449/323
f 694/327/313 1032/443/313 1033/444/313
f 1033/444/314 1032/443/314 1034/450/314
f 1032/443/324 704/449/324 1034/450/324
f 1034/450/325 704/449/325 703/451/325
f 695/326/1220 1033/444/1220 1035/445/1220
f 696/325/1221 1035/445/1221 1036/446/1221
f 1036/446/296 1035/445/296 1037/452/296
f 697/324/1222 1036/446/1222 1040/447/1222
f 1040/447/290 1036/446/290 1041/453/290
f 1036/446/297 1037/452/297 1041/453/297
f 1041/453/298 1037/452/298 1042/454/298
f 1037/452/307 1038/455/307 1042/454/307
f 1042/454/1223 1038/455/1223 1043/456/1223
f 1038/455/1224 1039/457/1224 1043/456/1224
f 1043/456/317 1039/457/317 1044/458/317
f 1039/457/326 702/459/326 1044/458/326
f 1044/458/327 702/459/327 701/460/327
f 698/323/285 1040/447/285 1045/448/285
f 1045/448/286 1040/447/286 1046/461/286
f 1040/447/291 1041/453/291 1046/461/291
f 1046/461/292 1041/453/292 1047/462/292
f 1041/453/299 1042/454/299 1047/462/299
f 1047/462/300 1042/454/300 1048/463/300
f 1042/454/309 1043/456/309 1048/463/309
f 1048/463/310 1043/456/310 1049/464/310
f 1043/456/318 1044/458/318 1049/464/318
f 1049/464/319 1044/458/319 1050/465/319
f 1044/458/328 701/460/328 1050/465/328
f 1050/465/329 701/460/329 700/466/329
f 699/22/283 1045/448/283 646/21/283
f 646/21/284 1045/448/284 645/467/284
f 1045/448/287 1046/461/287 645/467/287
f 645/467/1225 1046/461/1225 644/468/1225
f 1046/461/293 1047/462/293 644/468/293
f 644/468/294 1047/462/294 643/469/294
f 1047/462/301 1048/463/301 643/469/301
f 643/469/302 1048/463/302 642/470/302
f 1048/463/311 1049/464/311 642/470/311
f 642/470/1226 1049/464/1226 641/471/1226
f 1049/464/320 1050/465/320 641/471/320
f 641/471/1227 1050/465/1227 640/472/1227
f 1050/465/330 700/466/330 640/472/330
f 640/472/1228 700/466/1228 592/473/1228
f 681/359/14 596/34/14 692/360/14
f 682/358/336 681/359/336 1051/474/336
f 683/357/335 682/358/335 1052/475/335
f 685/355/334 684/356/334 1060/476/334
f 686/19/333 685/355/333 1065/477/333
f 681/359/378 692/360/378 1051/474/378
f 1051/474/379 692/360/379 691/361/379
f 682/358/366 1051/474/366 1052/475/366
f 1052/475/367 1051/474/367 1053/478/367
f 1051/474/380 691/361/380 1053/478/380
f 1053/478/381 691/361/381 690/363/381
f 683/357/356 1052/475/356 1054/479/356
f 1054/479/357 1052/475/357 1055/480/357
f 1052/475/368 1053/478/368 1055/480/368
f 1056/481/349 1054/479/349 1057/482/349
f 1054/479/358 1055/480/358 1057/482/358
f 1057/482/359 1055/480/359 1058/483/359
f 684/356/343 1056/481/343 1060/476/343
f 1060/476/344 1056/481/344 1061/484/344
f 1056/481/350 1057/482/350 1061/484/350
f 1061/484/351 1057/482/351 1062/485/351
f 1057/482/360 1058/483/360 1062/485/360
f 1062/485/361 1058/483/361 1063/486/361
f 1058/483/1229 1059/487/1229 1063/486/1229
f 1063/486/373 1059/487/373 1064/488/373
f 1059/487/383 689/367/383 1064/488/383
f 1064/488/384 689/367/384 688/365/384
f 685/355/339 1060/476/339 1065/477/339
f 1065/477/340 1060/476/340 1066/489/340
f 1060/476/345 1061/484/345 1066/489/345
f 1066/489/346 1061/484/346 1067/490/346
f 1061/484/352 1062/485/352 1067/490/352
f 1067/490/353 1062/485/353 1068/491/353
f 1062/485/362 1063/486/362 1068/491/362
f 1068/491/363 1063/486/363 1069/492/363
f 1063/486/374 1064/488/374 1069/492/374
f 1069/492/375 1064/488/375 1070/493/375
f 1064/488/385 688/365/385 1070/493/385
f 1070/493/386 688/365/386 687/29/386
f 686/19/337 1065/477/337 620/18/337
f 620/18/1230 1065/477/1230 619/494/1230
f 1065/477/341 1066/489/341 619/494/341
f 619/494/342 1066/489/342 618/495/342
f 1066/489/347 1067/490/347 618/495/347
f 618/495/348 1067/490/348 617/496/348
f 1067/490/354 1068/491/354 617/496/354
f 617/496/355 1068/491/355 616/497/355
f 1068/491/1231 1069/492/1231 616/497/1231
f 616/497/365 1069/492/365 615/498/365
f 1069/492/376 1070/493/376 615/498/376
f 615/498/377 1070/493/377 614/499/377
f 1070/493/387 687/29/387 614/499/387
f 614/499/388 687/29/388 591/4/388
f 667/390/13 600/46/13 680/235/13
f 668/389/395 667/390/395 1071/500/395
f 669/388/1232 668/389/1232 1072/501/1232
f 671/386/1233 670/387/1233 1074/502/1233
f 672/385/391 671/386/391 1078/503/391
f 673/16/1234 672/385/1234 1083/504/1234
f 667/390/432 680/235/432 1071/500/432
f 1071/500/433 680/235/433 679/236/433
f 668/389/1235 1071/500/1235 1072/501/1235
f 1072/501/1236 1071/500/1236 1073/505/1236
f 1071/500/1237 679/236/1237 1073/505/1237
f 1073/505/1238 679/236/1238 678/238/1238
f 1077/506/1239 677/240/1239 676/242/1239
f 671/386/1240 1074/502/1240 1078/503/1240
f 1078/503/1241 1074/502/1241 1079/507/1241
f 1074/502/1242 1075/508/1242 1079/507/1242
f 1079/507/1243 1075/508/1243 1080/509/1243
f 1075/508/1244 1076/510/1244 1080/509/1244
f 1080/509/1245 1076/510/1245 1081/511/1245
f 1076/510/1246 1077/506/1246 1081/511/1246
f 1081/511/1247 1077/506/1247 1082/512/1247
f 1077/506/1248 676/242/1248 1082/512/1248
f 1082/512/441 676/242/441 675/244/441
f 672/385/398 1078/503/398 1083/504/398
f 1083/504/399 1078/503/399 1084/513/399
f 1078/503/404 1079/507/404 1084/513/404
f 1084/513/405 1079/507/405 1085/514/405
f 1079/507/412 1080/509/412 1085/514/412
f 1085/514/413 1080/509/413 1086/515/413
f 1080/509/419 1081/511/419 1086/515/419
f 1086/515/420 1081/511/420 1087/516/420
f 1081/511/428 1082/512/428 1087/516/428
f 1087/516/429 1082/512/429 1088/517/429
f 1082/512/442 675/244/442 1088/517/442
f 1088/517/1249 675/244/1249 674/33/1249
f 673/16/396 1083/504/396 627/6/396
f 627/6/1250 1083/504/1250 626/518/1250
f 1083/504/400 1084/513/400 626/518/400
f 626/518/1251 1084/513/1251 625/519/1251
f 1084/513/406 1085/514/406 625/519/406
f 625/519/407 1085/514/407 624/520/407
f 1085/514/414 1086/515/414 624/520/414
f 624/520/415 1086/515/415 623/521/415
f 1086/515/421 1087/516/421 623/521/421
f 623/521/1252 1087/516/1252 622/522/1252
f 1087/516/430 1088/517/430 622/522/430
f 622/522/1253 1088/517/1253 621/523/1253
f 1088/517/444 674/33/444 621/523/444
f 621/523/445 674/33/445 595/26/445
f 633/524/17 595/26/17 666/27/17
f 632/525/178 633/524/178 1089/526/178
f 631/527/177 632/525/177 1090/528/177
f 629/529/1254 630/531/1254 1098/530/1254
f 628/15/175 629/529/175 1102/532/175
f 633/524/211 666/27/211 1089/526/211
f 1089/526/212 666/27/212 665/411/212
f 632/525/199 1089/526/199 1090/528/199
f 1090/528/200 1089/526/200 1091/533/200
f 1089/526/213 665/411/213 1091/533/213
f 1091/533/214 665/411/214 664/412/214
f 631/527/189 1090/528/189 1092/534/189
f 1092/534/190 1090/528/190 1093/535/190
f 1090/528/201 1091/533/201 1093/535/201
f 1093/535/202 1091/533/202 1094/536/202
f 1091/533/215 664/412/215 1094/536/215
f 1094/536/216 664/412/216 663/413/216
f 1092/534/191 1093/535/191 1095/537/191
f 1095/537/192 1093/535/192 1096/538/192
f 1093/535/203 1094/536/203 1096/538/203
f 1096/538/204 1094/536/204 1097/539/204
f 1094/536/217 663/413/217 1097/539/217
f 1097/539/218 663/413/218 662/414/218
f 1095/537/193 1096/538/193 1099/540/193
f 1099/540/194 1096/538/194 1100/541/194
f 1096/538/1255 1097/539/1255 1100/541/1255
f 1100/541/206 1097/539/206 1101/542/206
f 1097/539/219 662/414/219 1101/542/219
f 1101/542/220 662/414/220 661/415/220
f 629/529/1256 1098/530/1256 1102/532/1256
f 1102/532/1257 1098/530/1257 1103/543/1257
f 1099/540/195 1100/541/195 1104/544/195
f 1104/544/196 1100/541/196 1105/545/196
f 1100/541/207 1101/542/207 1105/545/207
f 1105/545/208 1101/542/208 1106/546/208
f 1101/542/221 661/415/221 1106/546/221
f 1106/546/222 661/415/222 660/416/222
f 628/15/179 1102/532/179 652/14/179
f 652/14/180 1102/532/180 651/547/180
f 1102/532/1258 1103/543/1258 651/547/1258
f 651/547/1259 1103/543/1259 650/548/1259
f 1104/544/197 1105/545/197 649/549/197
f 649/549/1260 1105/545/1260 648/550/1260
f 1105/545/209 1106/546/209 648/550/209
f 648/550/210 1106/546/210 647/551/210
f 1106/546/223 660/416/223 647/551/223
f 647/551/1261 660/416/1261 594/23/1261
f 647/552/16 594/23/16 659/24/16
f 648/553/229 647/552/229 1107/554/229
f 649/555/228 648/553/228 1108/556/228
f 651/557/1262 650/559/1262 1116/558/1262
f 652/12/226 651/557/226 1120/560/226
f 647/552/262 659/24/262 1107/554/262
f 1107/554/263 659/24/263 658/436/263
f 648/553/250 1107/554/250 1108/556/250
f 1108/556/1263 1107/554/1263 1109/561/1263
f 1107/554/1264 658/436/1264 1109/561/1264
f 1109/561/265 658/436/265 657/437/265
f 649/555/240 1108/556/240 1110/562/240
f 1110/562/241 1108/556/241 1111/563/241
f 1108/556/252 1109/561/252 1111/563/252
f 1111/563/253 1109/561/253 1112/564/253
f 1109/561/1265 657/437/1265 1112/564/1265
f 1112/564/267 657/437/267 656/438/267
f 1110/562/242 1111/563/242 1113/565/242
f 1113/565/243 1111/563/243 1114/566/243
f 1111/563/254 1112/564/254 1114/566/254
f 1114/566/255 1112/564/255 1115/567/255
f 1112/564/268 656/438/268 1115/567/268
f 1115/567/269 656/438/269 655/439/269
f 1113/565/244 1114/566/244 1117/568/244
f 1117/568/245 1114/566/245 1118/569/245
f 1114/566/256 1115/567/256 1118/569/256
f 1118/569/257 1115/567/257 1119/570/257
f 1115/567/270 655/439/270 1119/570/270
f 1119/570/271 655/439/271 654/440/271
f 651/557/1266 1116/558/1266 1120/560/1266
f 1120/560/1267 1116/558/1267 1121/571/1267
f 1117/568/246 1118/569/246 1122/572/246
f 1122/572/1268 1118/569/1268 1123/573/1268
f 1118/569/258 1119/570/258 1123/573/258
f 1123/573/1269 1119/570/1269 1124/574/1269
f 1119/570/272 654/440/272 1124/574/272
f 1124/574/273 654/440/273 653/441/273
f 652/12/230 1120/560/230 639/11/230
f 639/11/231 1120/560/231 638/575/231
f 1120/560/1270 1121/571/1270 638/575/1270
f 638/575/1271 1121/571/1271 637/576/1271
f 1122/572/248 1123/573/248 636/577/248
f 636/577/249 1123/573/249 635/578/249
f 1123/573/260 1124/574/260 635/578/260
f 635/578/261 1124/574/261 634/579/261
f 1124/574/274 653/441/274 634/579/274
f 634/579/1272 653/441/1272 593/20/1272
f 634/580/1273 593/20/1273 646/21/1273
f 635/581/25 634/580/25 1125/582/25
f 636/583/24 635/581/24 1126/584/24
f 638/585/1274 637/587/1274 1134/586/1274
f 639/9/22 638/585/22 1138/588/22
f 634/580/58 646/21/58 1125/582/58
f 1125/582/59 646/21/59 645/467/59
f 635/581/46 1125/582/46 1126/584/46
f 1126/584/1275 1125/582/1275 1127/589/1275
f 1125/582/60 645/467/60 1127/589/60
f 1127/589/61 645/467/61 644/468/61
f 636/583/36 1126/584/36 1128/590/36
f 1128/590/1276 1126/584/1276 1129/591/1276
f 1126/584/48 1127/589/48 1129/591/48
f 1129/591/49 1127/589/49 1130/592/49
f 1127/589/62 644/468/62 1130/592/62
f 1130/592/63 644/468/63 643/469/63
f 1128/590/38 1129/591/38 1131/593/38
f 1131/593/39 1129/591/39 1132/594/39
f 1129/591/50 1130/592/50 1132/594/50
f 1132/594/51 1130/592/51 1133/595/51
f 1130/592/64 643/469/64 1133/595/64
f 1133/595/65 643/469/65 642/470/65
f 1131/593/40 1132/594/40 1135/596/40
f 1135/596/41 1132/594/41 1136/597/41
f 1132/594/52 1133/595/52 1136/597/52
f 1136/597/1277 1133/595/1277 1137/598/1277
f 1133/595/1278 642/470/1278 1137/598/1278
f 1137/598/67 642/470/67 641/471/67
f 638/585/1279 1134/586/1279 1138/588/1279
f 1138/588/1280 1134/586/1280 1139/599/1280
f 1135/596/42 1136/597/42 1140/600/42
f 1140/600/1281 1136/597/1281 1141/601/1281
f 1136/597/54 1137/598/54 1141/601/54
f 1141/601/1282 1137/598/1282 1142/602/1282
f 1137/598/68 641/471/68 1142/602/68
f 1142/602/69 641/471/69 640/472/69
f 639/9/26 1138/588/26 607/8/26
f 607/8/27 1138/588/27 606/603/27
f 1138/588/1283 1139/599/1283 606/603/1283
f 606/603/1284 1139/599/1284 605/604/1284
f 1140/600/44 1141/601/44 604/605/44
f 604/605/45 1141/601/45 603/606/45
f 1141/601/56 1142/602/56 603/606/56
f 603/606/57 1142/602/57 602/607/57
f 1142/602/70 640/472/70 602/607/70
f 602/607/71 640/472/71 592/473/71
f 621/523/173 595/26/173 633/608/173
f 622/522/171 621/523/171 1143/609/171
f 623/521/169 622/522/169 1144/610/169
f 624/520/167 623/521/167 1146/611/167
f 625/519/165 624/520/165 1149/612/165
f 626/518/163 625/519/163 1152/613/163
f 627/6/161 626/518/161 1156/614/161
f 621/523/172 633/608/172 1143/609/172
f 1143/609/1285 633/608/1285 632/615/1285
f 622/522/170 1143/609/170 1144/610/170
f 1144/610/157 1143/609/157 1145/616/157
f 1143/609/158 632/615/158 1145/616/158
f 1145/616/147 632/615/147 631/617/147
f 623/521/168 1144/610/168 1146/611/168
f 1146/611/155 1144/610/155 1147/618/155
f 1144/610/156 1145/616/156 1147/618/156
f 1147/618/145 1145/616/145 1148/619/145
f 1145/616/146 631/617/146 1148/619/146
f 624/520/166 1146/611/166 1149/612/166
f 1149/612/153 1146/611/153 1150/620/153
f 1146/611/1286 1147/618/1286 1150/620/1286
f 1150/620/143 1147/618/143 1151/621/143
f 1147/618/144 1148/619/144 1151/621/144
f 625/519/164 1149/612/164 1152/613/164
f 1152/613/151 1149/612/151 1153/622/151
f 1149/612/152 1150/620/152 1153/622/152
f 1153/622/141 1150/620/141 1154/623/141
f 1150/620/142 1151/621/142 1154/623/142
f 1155/624/1287 630/626/1287 629/625/1287
f 626/518/162 1152/613/162 1156/614/162
f 1156/614/149 1152/613/149 1157/627/149
f 1152/613/150 1153/622/150 1157/627/150
f 1157/627/139 1153/622/139 1158/628/139
f 1153/622/140 1154/623/140 1158/628/140
f 1159/629/1288 1155/624/1288 1160/630/1288
f 1155/624/1289 629/625/1289 1160/630/1289
f 1160/630/1290 629/625/1290 628/631/1290
f 627/6/160 1156/614/160 613/5/160
f 613/5/127 1156/614/127 612/632/127
f 1156/614/148 1157/627/148 612/632/148
f 612/632/126 1157/627/126 611/633/126
f 1157/627/1291 1158/628/1291 611/633/1291
f 610/634/1292 1159/629/1292 609/635/1292
f 1159/629/1293 1160/630/1293 609/635/1293
f 609/635/124 1160/630/124 608/636/124
f 1160/630/128 628/631/128 608/636/128
f 608/636/123 628/631/123 590/637/123
f 602/638/1294 592/17/1294 620/18/1294
f 603/639/76 602/638/76 1161/640/76
f 604/641/1295 603/639/1295 1162/642/1295
f 606/643/1296 605/645/1296 1170/644/1296
f 607/3/73 606/643/73 1174/646/73
f 602/638/109 620/18/109 1161/640/109
f 1161/640/110 620/18/110 619/494/110
f 603/639/1297 1161/640/1297 1162/642/1297
f 1162/642/98 1161/640/98 1163/647/98
f 1161/640/111 619/494/111 1163/647/111
f 1163/647/112 619/494/112 618/495/112
f 604/641/87 1162/642/87 1164/648/87
f 1164/648/88 1162/642/88 1165/649/88
f 1162/642/99 1163/647/99 1165/649/99
f 1165/649/100 1163/647/100 1166/650/100
f 1163/647/113 618/495/113 1166/650/113
f 1166/650/114 618/495/114 617/496/114
f 1164/648/89 1165/649/89 1167/651/89
f 1167/651/90 1165/649/90 1168/652/90
f 1165/649/1298 1166/650/1298 1168/652/1298
f 1168/652/102 1166/650/102 1169/653/102
f 1166/650/115 617/496/115 1169/653/115
f 1169/653/116 617/496/116 616/497/116
f 1167/651/91 1168/652/91 1171/654/91
f 1171/654/92 1168/652/92 1172/655/92
f 1168/652/103 1169/653/103 1172/655/103
f 1172/655/104 1169/653/104 1173/656/104
f 1169/653/117 616/497/117 1173/656/117
f 1173/656/118 616/497/118 615/498/118
f 606/643/1299 1170/644/1299 1174/646/1299
f 1174/646/1300 1170/644/1300 1175/657/1300
f 1171/654/93 1172/655/93 1176/658/93
f 1176/658/94 1172/655/94 1177/659/94
f 1172/655/105 1173/656/105 1177/659/105
f 1177/659/106 1173/656/106 1178/660/106
f 1173/656/119 615/498/119 1178/660/119
f 1178/660/120 615/498/120 614/499/120
f 607/3/77 1174/646/77 608/2/77
f 608/2/78 1174/646/78 609/661/78
f 1174/646/1301 1175/657/1301 609/661/1301
f 609/661/1302 1175/657/1302 610/662/1302
f 1176/658/1303 1177/659/1303 611/663/1303
f 611/663/96 1177/659/96 612/664/96
f 1177/659/107 1178/660/107 612/664/107
f 612/664/108 1178/660/108 613/665/108
f 1178/660/121 614/499/121 613/665/121
f 613/665/122 614/499/122 591/4/122
f 1188/666/1304 1199/667/1304 1201/668/1304 1190/669/1304
f 1190/669/1305 1201/668/1305 1202/670/1305 1189/671/1305
f 1189/671/1306 1202/670/1306 1200/672/1306 1187/673/1306
f 1199/667/1307 1203/674/1307 1205/675/1307 1201/668/1307
f 1201/668/1308 1205/675/1308 1206/676/1308 1202/670/1308
f 1202/670/1309 1206/676/1309 1204/677/1309 1200/672/1309
f 1203/674/1310 1207/678/1310 1209/679/1310 1205/675/1310
f 1205/675/1311 1209/679/1311 1210/680/1311 1206/676/1311
f 1206/676/1312 1210/680/1312 1208/681/1312 1204/677/1312
f 1207/678/1313 1195/682/1313 1197/683/1313 1209/679/1313
f 1209/679/1314 1197/683/1314 1198/684/1314 1210/680/1314
f 1210/680/1315 1198/684/1315 1196/685/1315 1208/681/1315
f 1195/686/1316 1211/687/1316 1213/688/1316 1197/689/1316
f 1197/689/1317 1213/688/1317 1214/690/1317 1198/691/1317
f 1198/691/1318 1214/690/1318 1212/692/1318 1196/693/1318
f 1211/687/1319 1215/694/1319 1217/695/1319 1213/688/1319
f 1213/688/1320 1217/695/1320 1218/696/1320 1214/690/1320
f 1214/690/1321 1218/696/1321 1216/697/1321 1212/692/1321
f 1215/694/1322 1219/698/1322 1221/699/1322 1217/695/1322
f 1217/695/1323 1221/699/1323 1222/700/1323 1218/696/1323
f 1218/696/1324 1222/700/1324 1220/701/1324 1216/697/1324
f 1219/698/1325 1191/702/1325 1193/703/1325 1221/699/1325
f 1221/699/1326 1193/703/1326 1194/704/1326 1222/700/1326
f 1222/700/1327 1194/704/1327 1192/705/1327 1220/701/1327
f 1191/706/1328 1223/707/1328 1225/708/1328 1193/709/1328
f 1193/709/1329 1225/708/1329 1226/710/1329 1194/711/1329
f 1194/711/1330 1226/710/1330 1224/712/1330 1192/713/1330
f 1223/707/1331 1227/714/1331 1229/715/1331 1225/708/1331
f 1225/708/1332 1229/715/1332 1230/716/1332 1226/710/1332
f 1226/710/1333 1230/716/1333 1228/717/1333 1224/712/1333
f 1227/714/1334 1231/718/1334 1233/719/1334 1229/715/1334
f 1229/715/1335 1233/719/1335 1234/720/1335 1230/716/1335
f 1230/716/1336 1234/720/1336 1232/721/1336 1228/717/1336
f 1231/718/1337 1179/722/1337 1181/723/1337 1233/719/1337
f 1233/719/1338 1181/723/1338 1182/724/1338 1234/720/1338
f 1234/720/1339 1182/724/1339 1180/725/1339 1232/721/1339
f 1187/726/1340 1235/727/1340 1237/728/1340 1189/729/1340
f 1189/729/1341 1237/728/1341 1238/730/1341 1190/731/1341
f 1190/731/1342 1238/730/1342 1236/732/1342 1188/733/1342
f 1235/727/1343 1239/734/1343 1241/735/1343 1237/728/1343
f 1237/728/1344 1241/735/1344 1242/736/1344 1238/730/1344
f 1238/730/1345 1242/736/1345 1240/737/1345 1236/732/1345
f 1239/734/1346 1243/738/1346 1245/739/1346 1241/735/1346
f 1241/735/1347 1245/739/1347 1246/740/1347 1242/736/1347
f 1242/736/1348 1246/740/1348 1244/741/1348 1240/737/1348
f 1243/738/1349 1183/742/1349 1185/743/1349 1245/739/1349
f 1245/739/1350 1185/743/1350 1186/744/1350 1246/740/1350
f 1246/740/1351 1186/744/1351 1184/745/1351 1244/741/1351
f 1179/746/1352 1247/747/1352 1249/748/1352 1181/749/1352
f 1181/749/1353 1249/748/1353 1250/750/1353 1182/751/1353
f 1182/751/1354 1250/750/1354 1248/752/1354 1180/753/1354
f 1247/747/1355 1251/754/1355 1253/755/1355 1249/748/1355
f 1249/748/1356 1253/755/1356 1254/756/1356 1250/750/1356
f 1250/750/1357 1254/756/1357 1252/757/1357 1248/752/1357
f 1251/754/1358 1255/758/1358 1257/759/1358 1253/755/1358
f 1253/755/1359 1257/759/1359 1258/760/1359 1254/756/1359
f 1254/756/1360 1258/760/1360 1256/761/1360 1252/757/1360
f 1255/758/1361 1184/762/1361 1186/763/1361 1257/759/1361
f 1257/759/1362 1186/763/1362 1185/764/1362 1258/760/1362
f 1258/760/1363 1185/764/1363 1183/765/1363 1256/761/1363
f 1268/766/1364 1279/767/1364 1281/768/1364 1270/769/1364
f 1270/769/1365 1281/768/1365 1282/770/1365 1269/771/1365
f 1269/771/1366 1282/770/1366 1280/772/1366 1267/773/1366
f 1279/767/1367 1283/774/1367 1285/775/1367 1281/768/1367
f 1281/768/1368 1285/775/1368 1286/776/1368 1282/770/1368
f 1282/770/1369 1286/776/1369 1284/777/1369 1280/772/1369
f 1283/774/1370 1287/778/1370 1289/779/1370 1285/775/1370
f 1285/775/1371 1289/779/1371 1290/780/1371 1286/776/1371
f 1286/776/1372 1290/780/1372 1288/781/1372 1284/777/1372
f 1287/778/1373 1275/782/1373 1277/783/1373 1289/779/1373
f 1289/779/1374 1277/783/1374 1278/784/1374 1290/780/1374
f 1290/780/1375 1278/784/1375 1276/785/1375 1288/781/1375
f 1275/786/1376 1291/787/1376 1293/788/1376 1277/789/1376
f 1277/789/1377 1293/788/1377 1294/790/1377 1278/791/1377
f 1278/791/1378 1294/790/1378 1292/792/1378 1276/793/1378
f 1291/787/1379 1295/794/1379 1297/795/1379 1293/788/1379
f 1293/788/1380 1297/795/1380 1298/796/1380 1294/790/1380
f 1294/790/1381 1298/796/1381 1296/797/1381 1292/792/1381
f 1295/794/1382 1299/798/1382 1301/799/1382 1297/795/1382
f 1297/795/1383 1301/799/1383 1302/800/1383 1298/796/1383
f 1298/796/1384 1302/800/1384 1300/801/1384 1296/797/1384
f 1299/798/1385 1271/802/1385 1273/803/1385 1301/799/1385
f 1301/799/1386 1273/803/1386 1274/804/1386 1302/800/1386
f 1302/800/1387 1274/804/1387 1272/805/1387 1300/801/1387
f 1271/806/1388 1303/807/1388 1305/808/1388 1273/809/1388
f 1273/809/1389 1305/808/1389 1306/810/1389 1274/811/1389
f 1274/811/1390 1306/810/1390 1304/812/1390 1272/813/1390
f 1303/807/1391 1307/814/1391 1309/815/1391 1305/808/1391
f 1305/808/1392 1309/815/1392 1310/816/1392 1306/810/1392
f 1306/810/1393 1310/816/1393 1308/817/1393 1304/812/1393
f 1307/814/1394 1311/818/1394 1313/819/1394 1309/815/1394
f 1309/815/1395 1313/819/1395 1314/820/1395 1310/816/1395
f 1310/816/1396 1314/820/1396 1312/821/1396 1308/817/1396
f 1311/818/1397 1259/822/1397 1261/823/1397 1313/819/1397
f 1313/819/1398 1261/823/1398 1262/824/1398 1314/820/1398
f 1314/820/1399 1262/824/1399 1260/825/1399 1312/821/1399
f 1267/826/1400 1315/827/1400 1317/828/1400 1269/829/1400
f 1269/829/1401 1317/828/1401 1318/830/1401 1270/831/1401
f 1270/831/1402 1318/830/1402 1316/832/1402 1268/833/1402
f 1315/827/1403 1319/834/1403 1321/835/1403 1317/828/1403
f 1317/828/1404 1321/835/1404 1322/836/1404 1318/830/1404
f 1318/830/1405 1322/836/1405 1320/837/1405 1316/832/1405
f 1319/834/1406 1323/838/1406 1325/839/1406 1321/835/1406
f 1321/835/1407 1325/839/1407 1326/840/1407 1322/836/1407
f 1322/836/1408 1326/840/1408 1324/841/1408 1320/837/1408
f 1323/838/1409 1263/842/1409 1265/843/1409 1325/839/1409
f 1325/839/1410 1265/843/1410 1266/844/1410 1326/840/1410
f 1326/840/1411 1266/844/1411 1264/845/1411 1324/841/1411
f 1259/846/1412 1327/847/1412 1329/848/1412 1261/849/1412
f 1261/849/1413 1329/848/1413 1330/850/1413 1262/851/1413
f 1262/851/1414 1330/850/1414 1328/852/1414 1260/853/1414
f 1327/847/1415 1331/854/1415 1333/855/1415 1329/848/1415
f 1329/848/1416 1333/855/1416 1334/856/1416 1330/850/1416
f 1330/850/1417 1334/856/1417 1332/857/1417 1328/852/1417
f 1331/854/1418 1335/858/1418 1337/859/1418 1333/855/1418
f 1333/855/1419 1337/859/1419 1338/860/1419 1334/856/1419
f 1334/856/1420 1338/860/1420 1336/861/1420 1332/857/1420
f 1335/858/1421 1264/862/1421 1266/863/1421 1337/859/1421
f 1337/859/1422 1266/863/1422 1265/864/1422 1338/860/1422
f 1338/860/1423 1265/864/1423 1263/865/1423 1336/861/1423
f 1180/753/1424 575/648/1424 15/641/1424
f 1180/753/1425 1248/752/1425 575/648/1425
f 1180/725/1426 15/605/1426 551/600/1426
f 16/645/1427 1247/747/1427 1179/746/1427
f 16/604/1428 1179/722/1428 1231/718/1428
f 1232/721/1429 1180/725/1429 551/600/1429
f 21/662/1430 1184/762/1430 1255/758/1430
f 1256/761/1431 1183/765/1431 587/658/1431
f 1184/745/1432 21/634/1432 1244/741/1432
f 1183/765/1433 22/663/1433 587/658/1433
f 22/633/1434 1183/742/1434 569/628/1434
f 569/628/1435 1183/742/1435 1243/738/1435
f 1236/732/1436 41/626/1436 1188/733/1436
f 41/531/1437 1199/667/1437 1188/666/1437
f 559/619/1438 1187/726/1438 42/617/1438
f 1187/673/1439 503/534/1439 42/527/1439
f 1187/673/1440 1200/672/1440 503/534/1440
f 559/619/1441 1235/727/1441 1187/726/1441
f 1192/713/1442 539/590/1442 47/583/1442
f 1192/713/1443 1224/712/1443 539/590/1443
f 1192/705/1444 47/577/1444 533/572/1444
f 48/587/1445 1223/707/1445 1191/706/1445
f 48/576/1446 1191/702/1446 1219/698/1446
f 1220/701/1447 1192/705/1447 533/572/1447
f 1196/693/1448 521/562/1448 60/555/1448
f 1196/693/1449 1212/692/1449 521/562/1449
f 1196/685/1450 60/549/1450 515/544/1450
f 61/559/1451 1211/687/1451 1195/686/1451
f 61/548/1452 1195/682/1452 1207/678/1452
f 1208/681/1453 1196/685/1453 515/544/1453
f 41/531/1454 509/530/1454 1199/667/1454
f 1200/672/1455 506/537/1455 503/534/1455
f 509/530/1456 1203/674/1456 1199/667/1456
f 1200/672/1457 1204/677/1457 506/537/1457
f 509/530/1458 514/543/1458 1203/674/1458
f 1204/677/1459 510/540/1459 506/537/1459
f 514/543/1460 1207/678/1460 1203/674/1460
f 1204/677/1461 1208/681/1461 510/540/1461
f 514/543/1462 61/548/1462 1207/678/1462
f 1208/681/1463 515/544/1463 510/540/1463
f 61/559/1464 527/558/1464 1211/687/1464
f 1212/692/1465 524/565/1465 521/562/1465
f 527/558/1466 1215/694/1466 1211/687/1466
f 1212/692/1467 1216/697/1467 524/565/1467
f 527/558/1468 532/571/1468 1215/694/1468
f 1216/697/1469 528/568/1469 524/565/1469
f 532/571/1470 1219/698/1470 1215/694/1470
f 1216/697/1471 1220/701/1471 528/568/1471
f 532/571/1472 48/576/1472 1219/698/1472
f 1220/701/1473 533/572/1473 528/568/1473
f 48/587/1474 545/586/1474 1223/707/1474
f 1224/712/1475 542/593/1475 539/590/1475
f 545/586/1476 1227/714/1476 1223/707/1476
f 1224/712/1477 1228/717/1477 542/593/1477
f 545/586/1478 550/599/1478 1227/714/1478
f 1228/717/1479 546/596/1479 542/593/1479
f 550/599/1480 1231/718/1480 1227/714/1480
f 1228/717/1481 1232/721/1481 546/596/1481
f 550/599/1482 16/604/1482 1231/718/1482
f 1232/721/1483 551/600/1483 546/596/1483
f 1236/732/1484 566/624/1484 41/626/1484
f 562/621/1485 1239/734/1485 1235/727/1485
f 562/621/1486 1235/727/1486 559/619/1486
f 1240/737/1487 566/624/1487 1236/732/1487
f 565/623/1488 1243/738/1488 1239/734/1488
f 565/623/1489 1239/734/1489 562/621/1489
f 1244/741/1490 570/629/1490 1240/737/1490
f 1240/737/1491 570/629/1491 566/624/1491
f 569/628/1492 1243/738/1492 565/623/1492
f 1244/741/1493 21/634/1493 570/629/1493
f 16/645/1494 581/644/1494 1247/747/1494
f 1248/752/1495 578/651/1495 575/648/1495
f 581/644/1496 1251/754/1496 1247/747/1496
f 1248/752/1497 1252/757/1497 578/651/1497
f 581/644/1498 586/657/1498 1251/754/1498
f 1252/757/1499 582/654/1499 578/651/1499
f 586/657/1500 1255/758/1500 1251/754/1500
f 1252/757/1501 1256/761/1501 582/654/1501
f 586/657/1502 21/662/1502 1255/758/1502
f 1256/761/1503 587/658/1503 582/654/1503
f 1259/846/1504 604/641/1504 1164/648/1504
f 605/604/1505 1312/821/1505 1260/825/1505
f 1311/818/1506 1140/600/1506 1259/822/1506
f 1259/822/1507 1140/600/1507 604/605/1507
f 1259/846/1508 1164/648/1508 1327/847/1508
f 605/645/1509 1260/853/1509 1328/852/1509
f 610/662/1510 1336/861/1510 1263/865/1510
f 611/633/1511 1158/628/1511 1264/845/1511
f 1158/628/1512 1324/841/1512 1264/845/1512
f 1263/842/1513 1323/838/1513 610/634/1513
f 1335/858/1514 1176/658/1514 1264/862/1514
f 1264/862/1515 1176/658/1515 611/663/1515
f 1315/827/1516 1267/826/1516 630/626/1516
f 1268/766/1517 631/527/1517 1092/534/1517
f 1268/766/1518 1092/534/1518 1279/767/1518
f 630/531/1519 1267/773/1519 1280/772/1519
f 1148/619/1520 631/617/1520 1268/833/1520
f 1148/619/1521 1268/833/1521 1316/832/1521
f 1271/806/1522 636/583/1522 1128/590/1522
f 637/576/1523 1300/801/1523 1272/805/1523
f 1299/798/1524 1122/572/1524 1271/802/1524
f 1271/802/1525 1122/572/1525 636/577/1525
f 1271/806/1526 1128/590/1526 1303/807/1526
f 637/587/1527 1272/813/1527 1304/812/1527
f 1275/786/1528 649/555/1528 1110/562/1528
f 650/548/1529 1288/781/1529 1276/785/1529
f 1287/778/1530 1104/544/1530 1275/782/1530
f 1275/782/1531 1104/544/1531 649/549/1531
f 1275/786/1532 1110/562/1532 1291/787/1532
f 650/559/1533 1276/793/1533 1292/792/1533
f 630/531/1534 1280/772/1534 1098/530/1534
f 1098/530/1535 1280/772/1535 1284/777/1535
f 1279/767/1536 1095/537/1536 1283/774/1536
f 1279/767/1537 1092/534/1537 1095/537/1537
f 1098/530/1538 1284/777/1538 1103/543/1538
f 1103/543/1539 1284/777/1539 1288/781/1539
f 1283/774/1540 1099/540/1540 1287/778/1540
f 1283/774/1541 1095/537/1541 1099/540/1541
f 1103/543/1542 1288/781/1542 650/548/1542
f 1287/778/1543 1099/540/1543 1104/544/1543
f 650/559/1544 1292/792/1544 1116/558/1544
f 1116/558/1545 1292/792/1545 1296/797/1545
f 1291/787/1546 1113/565/1546 1295/794/1546
f 1291/787/1547 1110/562/1547 1113/565/1547
f 1116/558/1548 1296/797/1548 1121/571/1548
f 1121/571/1549 1296/797/1549 1300/801/1549
f 1295/794/1550 1117/568/1550 1299/798/1550
f 1295/794/1551 1113/565/1551 1117/568/1551
f 1121/571/1552 1300/801/1552 637/576/1552
f 1299/798/1553 1117/568/1553 1122/572/1553
f 637/587/1554 1304/812/1554 1134/586/1554
f 1134/586/1555 1304/812/1555 1308/817/1555
f 1303/807/1556 1131/593/1556 1307/814/1556
f 1303/807/1557 1128/590/1557 1131/593/1557
f 1134/586/1558 1308/817/1558 1139/599/1558
f 1139/599/1559 1308/817/1559 1312/821/1559
f 1307/814/1560 1135/596/1560 1311/818/1560
f 1307/814/1561 1131/593/1561 1135/596/1561
f 1139/599/1562 1312/821/1562 605/604/1562
f 1311/818/1563 1135/596/1563 1140/600/1563
f 1315/827/1564 630/626/1564 1155/624/1564
f 1151/621/1565 1148/619/1565 1316/832/1565
f 1151/621/1566 1316/832/1566 1320/837/1566
f 1319/834/1567 1315/827/1567 1155/624/1567
f 1154/623/1568 1320/837/1568 1324/841/1568
f 1323/838/1569 1319/834/1569 1159/629/1569
f 1154/623/1570 1151/621/1570 1320/837/1570
f 1319/834/1571 1155/624/1571 1159/629/1571
f 1158/628/1572 1154/623/1572 1324/841/1572
f 1323/838/1573 1159/629/1573 610/634/1573
f 605/645/1574 1328/852/1574 1170/644/1574
f 1170/644/1575 1328/852/1575 1332/857/1575
f 1327/847/1576 1167/651/1576 1331/854/1576
f 1327/847/1577 1164/648/1577 1167/651/1577
f 1170/644/1578 1332/857/1578 1175/657/1578
f 1175/657/1579 1332/857/1579 1336/861/1579
f 1331/854/1580 1171/654/1580 1335/858/1580
f 1331/854/1581 1167/651/1581 1171/654/1581
f 1175/657/1582 1336/861/1582 610/662/1582
f 1335/858/1583 1171/654/1583 1176/658/1583
f 1364/866/1584 1355/867/1584 1357/868/1584 1366/869/1584
f 1366/869/1585 1357/868/1585 1358/870/1585 1365/871/1585
f 1365/871/1586 1358/870/1586 1356/872/1586 1363/873/1586
f 1344/874/1587 1359/875/1587 1361/876/1587 1346/877/1587
f 1346/877/1588 1361/876/1588 1362/878/1588 1345/879/1588
f 1345/879/1589 1362/878/1589 1360/880/1589 1343/881/1589
f 1359/875/1590 1364/866/1590 1366/869/1590 1361/876/1590
f 1361/876/1591 1366/869/1591 1365/871/1591 1362/878/1591
f 1362/878/1592 1365/871/1592 1363/873/1592 1360/880/1592
f 1372/882/1593 1351/883/1593 1353/884/1593 1374/885/1593
f 1374/885/1594 1353/884/1594 1354/886/1594 1373/887/1594
f 1373/887/1595 1354/886/1595 1352/888/1595 1371/889/1595
f 1355/890/1596 1367/891/1596 1369/892/1596 1357/893/1596
f 1357/893/1597 1369/892/1597 1370/894/1597 1358/895/1597
f 1358/895/1598 1370/894/1598 1368/896/1598 1356/897/1598
f 1367/891/1599 1372/882/1599 1374/885/1599 1369/892/1599
f 1369/892/1600 1374/885/1600 1373/887/1600 1370/894/1600
f 1370/894/1601 1373/887/1601 1371/889/1601 1368/896/1601
f 1380/898/1602 1347/899/1602 1349/900/1602 1382/901/1602
f 1382/901/1603 1349/900/1603 1350/902/1603 1381/903/1603
f 1381/903/1604 1350/902/1604 1348/904/1604 1379/905/1604
f 1351/906/1605 1375/907/1605 1377/908/1605 1353/909/1605
f 1353/909/1606 1377/908/1606 1378/910/1606 1354/911/1606
f 1354/911/1607 1378/910/1607 1376/912/1607 1352/913/1607
f 1375/907/1608 1380/898/1608 1382/901/1608 1377/908/1608
f 1377/908/1609 1382/901/1609 1381/903/1609 1378/910/1609
f 1378/910/1610 1381/903/1610 1379/905/1610 1376/912/1610
f 1388/914/1611 1339/915/1611 1341/916/1611 1390/917/1611
f 1390/917/1612 1341/916/1612 1342/918/1612 1389/919/1612
f 1389/919/1613 1342/918/1613 1340/920/1613 1387/921/1613
f 1347/922/1614 1383/923/1614 1385/924/1614 1349/925/1614
f 1349/925/1615 1385/924/1615 1386/926/1615 1350/927/1615
f 1350/927/1616 1386/926/1616 1384/928/1616 1348/929/1616
f 1383/923/1617 1388/914/1617 1390/917/1617 1385/924/1617
f 1385/924/1618 1390/917/1618 1389/919/1618 1386/926/1618
f 1386/926/1619 1389/919/1619 1387/921/1619 1384/928/1619
f 1396/930/1620 1344/931/1620 1346/932/1620 1398/933/1620
f 1398/933/1621 1346/932/1621 1345/934/1621 1397/935/1621
f 1397/935/1622 1345/934/1622 1343/936/1622 1395/937/1622
f 1339/938/1623 1391/939/1623 1393/940/1623 1341/941/1623
f 1341/941/1624 1393/940/1624 1394/942/1624 1342/943/1624
f 1342/943/1625 1394/942/1625 1392/944/1625 1340/945/1625
f 1391/939/1626 1396/930/1626 1398/933/1626 1393/940/1626
f 1393/940/1627 1398/933/1627 1397/935/1627 1394/942/1627
f 1394/942/1628 1397/935/1628 1395/937/1628 1392/944/1628
f 1424/946/1629 1415/947/1629 1417/948/1629 1426/949/1629
f 1426/949/1630 1417/948/1630 1418/950/1630 1425/951/1630
f 1425/951/1631 1418/950/1631 1416/952/1631 1423/953/1631
f 1404/954/1632 1419/955/1632 1421/956/1632 1406/957/1632
f 1406/957/1633 1421/956/1633 1422/958/1633 1405/959/1633
f 1405/959/1634 1422/958/1634 1420/960/1634 1403/961/1634
f 1419/955/1635 1424/946/1635 1426/949/1635 1421/956/1635
f 1421/956/1636 1426/949/1636 1425/951/1636 1422/958/1636
f 1422/958/1637 1425/951/1637 1423/953/1637 1420/960/1637
f 1432/962/1638 1411/963/1638 1413/964/1638 1434/965/1638
f 1434/965/1639 1413/964/1639 1414/966/1639 1433/967/1639
f 1433/967/1640 1414/966/1640 1412/968/1640 1431/969/1640
f 1415/970/1641 1427/971/1641 1429/972/1641 1417/973/1641
f 1417/973/1642 1429/972/1642 1430/974/1642 1418/975/1642
f 1418/975/1643 1430/974/1643 1428/976/1643 1416/977/1643
f 1427/971/1644 1432/962/1644 1434/965/1644 1429/972/1644
f 1429/972/1645 1434/965/1645 1433/967/1645 1430/974/1645
f 1430/974/1646 1433/967/1646 1431/969/1646 1428/976/1646
f 1440/978/1647 1407/979/1647 1409/980/1647 1442/981/1647
f 1442/981/1648 1409/980/1648 1410/982/1648 1441/983/1648
f 1441/983/1649 1410/982/1649 1408/984/1649 1439/985/1649
f 1411/986/1650 1435/987/1650 1437/988/1650 1413/989/1650
f 1413/989/1651 1437/988/1651 1438/990/1651 1414/991/1651
f 1414/991/1652 1438/990/1652 1436/992/1652 1412/993/1652
f 1435/987/1653 1440/978/1653 1442/981/1653 1437/988/1653
f 1437/988/1654 1442/981/1654 1441/983/1654 1438/990/1654
f 1438/990/1655 1441/983/1655 1439/985/1655 1436/992/1655
f 1448/994/1656 1399/995/1656 1401/996/1656 1450/997/1656
f 1450/997/1657 1401/996/1657 1402/998/1657 1449/999/1657
f 1449/999/1658 1402/998/1658 1400/1000/1658 1447/1001/1658
f 1407/1002/1659 1443/1003/1659 1445/1004/1659 1409/1005/1659
f 1409/1005/1660 1445/1004/1660 1446/1006/1660 1410/1007/1660
f 1410/1007/1661 1446/1006/1661 1444/1008/1661 1408/1009/1661
f 1443/1003/1662 1448/994/1662 1450/997/1662 1445/1004/1662
f 1445/1004/1663 1450/997/1663 1449/999/1663 1446/1006/1663
f 1446/1006/1664 1449/999/1664 1447/1001/1664 1444/1008/1664
f 1456/1010/1665 1404/1011/1665 1406/1012/1665 1458/1013/1665
f 1458/1013/1666 1406/1012/1666 1405/1014/1666 1457/1015/1666
f 1457/1015/1667 1405/1014/1667 1403/1016/1667 1455/1017/1667
f 1399/1018/1668 1451/1019/1668 1453/1020/1668 1401/1021/1668
f 1401/1021/1669 1453/1020/1669 1454/1022/1669 1402/1023/1669
f 1402/1023/1670 1454/1022/1670 1452/1024/1670 1400/1025/1670
f 1451/1019/1671 1456/1010/1671 1458/1013/1671 1453/1020/1671
f 1453/1020/1672 1458/1013/1672 1457/1015/1672 1454/1022/1672
f 1454/1022/1673 1457/1015/1673 1455/1017/1673 1452/1024/1673
f 1340/945/1674 1392/944/1674 178/201/1674
f 1339/938/1675 284/210/1675 1391/939/1675
f 1387/921/1676 1340/920/1676 178/172/1676
f 179/205/1677 284/210/1677 1339/938/1677
f 1388/914/1678 267/177/1678 1339/915/1678
f 267/177/1679 179/179/1679 1339/915/1679
f 286/214/1680 186/216/1680 1344/931/1680
f 186/56/1681 208/61/1681 1344/874/1681
f 1395/937/1682 1343/936/1682 187/209/1682
f 1343/881/1683 1360/880/1683 187/52/1683
f 1344/874/1684 208/61/1684 1359/875/1684
f 1396/930/1685 286/214/1685 1344/931/1685
f 1348/929/1686 1384/928/1686 190/164/1686
f 1347/922/1687 265/173/1687 1383/923/1687
f 1379/905/1688 1348/904/1688 190/134/1688
f 191/168/1689 265/173/1689 1347/922/1689
f 1380/898/1690 248/139/1690 1347/899/1690
f 248/139/1691 191/141/1691 1347/899/1691
f 1352/913/1692 1376/912/1692 196/126/1692
f 1351/906/1693 246/135/1693 1375/907/1693
f 1371/889/1694 1352/888/1694 196/97/1694
f 197/130/1695 246/135/1695 1351/906/1695
f 1372/882/1696 229/102/1696 1351/883/1696
f 229/102/1697 197/104/1697 1351/883/1697
f 1356/897/1698 1368/896/1698 202/89/1698
f 1355/890/1699 227/98/1699 1367/891/1699
f 1363/873/1700 1356/872/1700 202/60/1700
f 203/93/1701 227/98/1701 1355/890/1701
f 1364/866/1702 210/65/1702 1355/867/1702
f 210/65/1703 203/67/1703 1355/867/1703
f 1360/880/1704 1363/873/1704 207/53/1704
f 187/52/1705 1360/880/1705 207/53/1705
f 208/61/1706 209/63/1706 1359/875/1706
f 1359/875/1707 209/63/1707 1364/866/1707
f 207/53/1708 1363/873/1708 202/60/1708
f 209/63/1709 210/65/1709 1364/866/1709
f 1368/896/1710 1371/889/1710 226/90/1710
f 202/89/1711 1368/896/1711 226/90/1711
f 227/98/1712 228/100/1712 1367/891/1712
f 1367/891/1713 228/100/1713 1372/882/1713
f 226/90/1714 1371/889/1714 196/97/1714
f 228/100/1715 229/102/1715 1372/882/1715
f 1376/912/1716 1379/905/1716 245/127/1716
f 196/126/1717 1376/912/1717 245/127/1717
f 246/135/1718 247/137/1718 1375/907/1718
f 1375/907/1719 247/137/1719 1380/898/1719
f 245/127/1720 1379/905/1720 190/134/1720
f 247/137/1721 248/139/1721 1380/898/1721
f 1384/928/1722 1387/921/1722 264/165/1722
f 190/164/1723 1384/928/1723 264/165/1723
f 265/173/1724 266/175/1724 1383/923/1724
f 1383/923/1725 266/175/1725 1388/914/1725
f 264/165/1726 1387/921/1726 178/172/1726
f 266/175/1727 267/177/1727 1388/914/1727
f 1392/944/1728 1395/937/1728 283/202/1728
f 178/201/1729 1392/944/1729 283/202/1729
f 284/210/1730 285/212/1730 1391/939/1730
f 1391/939/1731 285/212/1731 1396/930/1731
f 283/202/1732 1395/937/1732 187/209/1732
f 285/212/1733 286/214/1733 1396/930/1733
f 1399/1018/1734 767/201/1734 1451/1019/1734
f 856/177/1735 1400/1000/1735 768/179/1735
f 1448/994/1736 767/172/1736 1399/995/1736
f 1447/1001/1737 1400/1000/1737 856/177/1737
f 1400/1025/1738 1452/1024/1738 873/210/1738
f 768/205/1739 1400/1025/1739 873/210/1739
f 875/214/1740 1403/1016/1740 775/216/1740
f 1404/954/1741 776/52/1741 1419/955/1741
f 1403/961/1742 1420/960/1742 797/61/1742
f 775/56/1743 1403/961/1743 797/61/1743
f 1456/1010/1744 776/209/1744 1404/1011/1744
f 1455/1017/1745 1403/1016/1745 875/214/1745
f 1407/1002/1746 779/164/1746 1443/1003/1746
f 837/139/1747 1408/984/1747 780/141/1747
f 1440/978/1748 779/134/1748 1407/979/1748
f 1439/985/1749 1408/984/1749 837/139/1749
f 1408/1009/1750 1444/1008/1750 854/173/1750
f 780/168/1751 1408/1009/1751 854/173/1751
f 1411/986/1752 785/126/1752 1435/987/1752
f 818/102/1753 1412/968/1753 786/104/1753
f 1432/962/1754 785/97/1754 1411/963/1754
f 1431/969/1755 1412/968/1755 818/102/1755
f 1412/993/1756 1436/992/1756 835/135/1756
f 786/130/1757 1412/993/1757 835/135/1757
f 1415/970/1758 791/89/1758 1427/971/1758
f 799/65/1759 1416/952/1759 792/67/1759
f 1424/946/1760 791/60/1760 1415/947/1760
f 1423/953/1761 1416/952/1761 799/65/1761
f 1416/977/1762 1428/976/1762 816/98/1762
f 792/93/1763 1416/977/1763 816/98/1763
f 797/61/1764 1420/960/1764 798/63/1764
f 1420/960/1765 1423/953/1765 798/63/1765
f 776/52/1766 796/53/1766 1419/955/1766
f 1419/955/1767 796/53/1767 1424/946/1767
f 796/53/1768 791/60/1768 1424/946/1768
f 798/63/1769 1423/953/1769 799/65/1769
f 816/98/1770 1428/976/1770 817/100/1770
f 1428/976/1771 1431/969/1771 817/100/1771
f 791/89/1772 815/90/1772 1427/971/1772
f 1427/971/1773 815/90/1773 1432/962/1773
f 815/90/1774 785/97/1774 1432/962/1774
f 817/100/1775 1431/969/1775 818/102/1775
f 835/135/1776 1436/992/1776 836/137/1776
f 1436/992/1777 1439/985/1777 836/137/1777
f 785/126/1778 834/127/1778 1435/987/1778
f 1435/987/1779 834/127/1779 1440/978/1779
f 834/127/1780 779/134/1780 1440/978/1780
f 836/137/1781 1439/985/1781 837/139/1781
f 854/173/1782 1444/1008/1782 855/175/1782
f 1444/1008/1783 1447/1001/1783 855/175/1783
f 779/164/1784 853/165/1784 1443/1003/1784
f 1443/1003/1785 853/165/1785 1448/994/1785
f 853/165/1786 767/172/1786 1448/994/1786
f 855/175/1787 1447/1001/1787 856/177/1787
f 873/210/1788 1452/1024/1788 874/212/1788
f 1452/1024/1789 1455/1017/1789 874/212/1789
f 767/201/1790 872/202/1790 1451/1019/1790
f 1451/1019/1791 872/202/1791 1456/1010/1791
f 872/202/1792 776/209/1792 1456/1010/1792
f 874/212/1793 1455/1017/1793 875/214/1793
