# Blender 5.2.1 LTS
# www.blender.org
mtllib Details1.mtl
o Cube.081
v -37.460472 9.534660 25.062962
v -42.620060 9.535747 8.430198
v -37.460472 9.534660 -25.062962
v -42.620060 9.535747 -8.430202
v -37.474483 -8.642024 25.071428
v -42.636368 -8.642236 8.432680
v -37.474483 -8.642024 -25.071426
v -42.636368 -8.642236 -8.432677
v -29.366699 26.139118 20.172081
v -31.503674 24.018700 21.463408
v -33.441418 26.141830 7.034913
v -39.585461 18.366024 7.968896
v -35.863888 24.022160 7.403162
v -38.083549 21.213049 7.740584
v -29.366699 26.139118 -20.172083
v -31.503674 24.018700 -21.463409
v -39.585461 18.366024 -7.968900
v -33.441418 26.141830 -7.034916
v -38.083549 21.213049 -7.740587
v -35.863888 24.022160 -7.403166
v -28.199852 -22.320171 19.466984
v -39.150291 -14.798707 7.902749
v -32.117146 -22.323372 6.833609
v -37.214226 -17.491409 7.608438
v -34.673035 -20.210175 7.222140
v -28.199852 -22.320171 -19.466982
v -32.117153 -22.323372 -6.833606
v -39.150291 -14.798707 -7.902745
v -34.673035 -20.210178 -7.222136
v -37.214222 -17.491409 -7.608433
v -27.553070 -22.798428 19.076147
v -26.217766 -23.585873 18.269255
v -24.636608 -24.275280 17.313801
v -31.385010 -22.800880 6.722314
v -29.872776 -23.587292 6.492433
v -28.081997 -24.275902 6.220208
v -27.553066 -22.798428 -19.076143
v -24.636616 -24.275280 -17.313799
v -26.217770 -23.585869 -18.269255
v -31.385014 -22.800880 -6.722311
v -28.082001 -24.275902 -6.220205
v -29.872780 -23.587292 -6.492430
v -26.766171 28.000954 18.600609
v -24.326729 29.268173 17.116627
v -25.657726 28.653702 17.927906
v -30.491871 28.003716 6.586388
v -27.744061 29.268551 6.121330
v -29.240593 28.655571 6.382215
v -26.766171 28.000954 -18.600611
v -25.657722 28.653702 -17.927908
v -24.326725 29.268177 -17.116627
v -30.491875 28.003716 -6.586391
v -29.240593 28.655571 -6.382219
v -27.744061 29.268551 -6.121334
v -33.461380 21.209049 22.646404
v -34.785725 18.362078 23.446674
v -33.461384 21.209049 -22.646410
v -34.785725 18.362078 -23.446676
v -30.454056 -20.206291 20.829149
v -32.695076 -17.486889 22.183342
v -34.402275 -14.793801 23.214968
v -30.454056 -20.206291 -20.829147
v -32.695076 -17.486889 -22.183342
v -34.402275 -14.793801 -23.214966
v -37.539444 6.152318 21.547546
v -37.369499 7.441091 22.843773
v -37.408020 6.804645 22.189606
v -37.380234 -6.549664 22.850269
v -37.548206 -5.261228 21.552853
v -37.417778 -5.913470 22.195515
v -37.548214 -5.261228 -21.552851
v -37.380238 -6.549664 -22.850267
v -37.417782 -5.913470 -22.195511
v -40.705772 -5.261358 11.374931
v -41.301609 -6.549831 10.210349
v -40.961979 -5.913616 10.771343
v -41.289005 7.441909 10.208428
v -40.695503 6.152982 11.373363
v -40.950520 6.805387 10.769592
v -37.369499 7.441091 -22.843773
v -37.539448 6.152318 -21.547544
v -37.408016 6.804646 -22.189606
v -40.695503 6.152982 -11.373365
v -41.289005 7.441909 -10.208432
v -40.950520 6.805387 -10.769596
v -41.301609 -6.549831 -10.210347
v -40.705772 -5.261358 -11.374930
v -40.961979 -5.913616 -10.771341
v -37.547234 -3.993056 21.552263
v -37.546261 -2.724885 21.551674
v -37.545288 -1.456713 21.551085
v -37.544315 -0.188541 21.550495
v -37.543343 1.079630 21.549906
v -37.542370 2.347802 21.549316
v -37.541393 3.615974 21.548727
v -37.540417 4.884146 21.548138
v -40.696644 4.884722 11.373537
v -40.697784 3.616462 11.373712
v -40.698925 2.348202 11.373886
v -40.700066 1.079942 11.374061
v -40.701206 -0.188318 11.374235
v -40.702347 -1.456578 11.374409
v -40.703487 -2.724838 11.374583
v -40.704632 -3.993098 11.374758
v -37.540421 4.884146 -21.548134
v -37.541393 3.615974 -21.548723
v -37.542366 2.347803 -21.549313
v -37.543339 1.079631 -21.549902
v -37.544315 -0.188541 -21.550491
v -37.545292 -1.456713 -21.551081
v -37.546265 -2.724884 -21.551670
v -37.547237 -3.993056 -21.552261
v -40.704632 -3.993098 -11.374757
v -40.703491 -2.724838 -11.374583
v -40.702351 -1.456578 -11.374410
v -40.701210 -0.188318 -11.374235
v -40.700069 1.079942 -11.374062
v -40.698929 2.348202 -11.373888
v -40.697788 3.616462 -11.373713
v -40.696644 4.884722 -11.373539
v -40.354931 -5.261344 12.505812
v -40.004089 -5.261330 13.636692
v -39.653248 -5.261315 14.767572
v -39.302406 -5.261301 15.898453
v -38.951565 -5.261287 17.029333
v -38.600727 -5.261271 18.160213
v -38.249886 -5.261257 19.291094
v -37.899044 -5.261243 20.421974
v -37.890118 6.152391 20.417082
v -38.240791 6.152465 19.286617
v -38.591465 6.152539 18.156153
v -38.942139 6.152613 17.025688
v -39.292812 6.152687 15.895223
v -39.643486 6.152761 14.764757
v -39.994160 6.152834 13.634293
v -40.344830 6.152908 12.503828
v -40.344830 6.152908 -12.503830
v -39.994156 6.152835 -13.634295
v -39.643482 6.152761 -14.764759
v -39.292809 6.152687 -15.895224
v -38.942135 6.152613 -17.025688
v -38.591465 6.152539 -18.156153
v -38.240791 6.152465 -19.286617
v -37.890118 6.152391 -20.417080
v -37.899055 -5.261242 -20.421970
v -38.249897 -5.261256 -19.291090
v -38.600735 -5.261271 -18.160210
v -38.951572 -5.261285 -17.029329
v -39.302414 -5.261299 -15.898450
v -39.653255 -5.261313 -14.767570
v -40.004093 -5.261329 -13.636690
v -40.354931 -5.261344 -12.505810
v -39.475536 3.945366 -20.234781
v -37.878761 3.077815 -20.462652
v -37.737175 2.079603 -20.922054
v -37.665039 0.999449 -21.157816
v -37.665974 -0.108489 -21.158115
v -37.739929 -1.188649 -20.922939
v -37.883205 -2.186871 -20.464081
v -39.481464 -3.051767 -20.236595
v -38.338776 4.634809 -18.975136
v -38.345844 -3.743892 -18.977406
v -38.634132 5.115516 -18.021610
v -38.642010 -4.224616 -18.024143
v -38.953964 5.362044 -16.989887
v -38.962257 -4.471164 -16.992552
v -39.282234 5.362035 -15.931698
v -39.290527 -4.471175 -15.934364
v -39.602482 5.115486 -14.900107
v -39.610359 -4.224646 -14.902638
v -39.898647 4.634761 -13.946843
v -39.905716 -3.743939 -13.949114
v -41.548717 3.945222 -13.551826
v -40.361286 3.077741 -12.460170
v -40.504559 2.079520 -12.001310
v -40.578518 0.999359 -11.766133
v -40.579453 -0.108577 -11.766434
v -40.507317 -1.188734 -12.002196
v -40.365726 -2.186946 -12.461597
v -41.554646 -3.051913 -13.553644
v -39.481453 -3.051774 20.236603
v -37.883194 -2.186871 20.464081
v -37.739922 -1.188649 20.922941
v -37.665962 -0.108491 21.158117
v -37.665028 0.999446 21.157818
v -37.737167 2.079604 20.922056
v -37.878757 3.077817 20.462654
v -39.475536 3.945365 20.234781
v -38.345833 -3.743894 18.977407
v -38.338776 4.634812 18.975136
v -38.642002 -4.224619 18.024143
v -38.634132 5.115518 18.021612
v -38.962254 -4.471169 16.992552
v -38.953968 5.362047 16.989887
v -39.290524 -4.471179 15.934364
v -39.282242 5.362037 15.931699
v -39.610359 -4.224649 14.902639
v -39.602489 5.115488 14.900108
v -39.905716 -3.743942 13.949115
v -39.898659 4.634762 13.946844
v -41.554646 -3.051914 13.553653
v -40.365734 -2.186949 12.461597
v -40.507324 -1.188736 12.002197
v -40.579464 -0.108579 11.766435
v -40.578529 0.999357 11.766134
v -40.504574 2.079519 12.001310
v -40.361298 3.077741 12.460171
v -41.548725 3.945210 13.551840
v -38.082706 3.944029 -19.802649
v -37.878761 3.077815 -20.462652
v -37.737175 2.079603 -20.922054
v -37.665039 0.999449 -21.157816
v -37.665974 -0.108489 -21.158115
v -37.739929 -1.188649 -20.922939
v -37.883205 -2.186871 -20.464081
v -38.088608 -3.053097 -19.804544
v -40.155884 3.943966 -13.119704
v -40.361286 3.077741 -12.460170
v -40.504559 2.079520 -12.001310
v -40.578518 0.999359 -11.766133
v -40.579453 -0.108577 -11.766434
v -40.507317 -1.188734 -12.002196
v -40.365726 -2.186946 -12.461597
v -40.161785 -3.053160 -13.121601
v -38.338776 4.634809 -18.975136
v -38.345844 -3.743892 -18.977406
v -38.634132 5.115516 -18.021610
v -38.642010 -4.224616 -18.024143
v -38.953964 5.362044 -16.989887
v -38.962257 -4.471164 -16.992552
v -39.282234 5.362035 -15.931698
v -39.290527 -4.471175 -15.934364
v -39.602482 5.115486 -14.900107
v -39.610359 -4.224646 -14.902638
v -39.898647 4.634761 -13.946843
v -39.905716 -3.743939 -13.949114
v -38.088596 -3.053098 19.804546
v -37.883194 -2.186871 20.464081
v -37.739922 -1.188649 20.922941
v -37.665962 -0.108491 21.158117
v -37.665028 0.999446 21.157818
v -37.737167 2.079604 20.922056
v -37.878757 3.077817 20.462654
v -38.082703 3.944032 19.802649
v -40.161789 -3.053163 13.121602
v -40.365734 -2.186949 12.461597
v -40.507324 -1.188736 12.002197
v -40.579464 -0.108579 11.766435
v -40.578529 0.999357 11.766134
v -40.504574 2.079519 12.001310
v -40.361298 3.077741 12.460171
v -40.155895 3.943967 13.119705
v -38.345833 -3.743894 18.977407
v -38.338776 4.634812 18.975136
v -38.642002 -4.224619 18.024143
v -38.634132 5.115518 18.021612
v -38.962254 -4.471169 16.992552
v -38.953968 5.362047 16.989887
v -39.290524 -4.471179 15.934364
v -39.282242 5.362037 15.931699
v -39.610359 -4.224649 14.902639
v -39.602489 5.115488 14.900108
v -39.905716 -3.743942 13.949115
v -39.898659 4.634762 13.946844
v -38.082706 3.944029 -19.802649
v -39.271595 3.079129 -20.894773
v -39.130016 2.080891 -21.354156
v -39.057884 1.000734 -21.589907
v -39.058819 -0.107203 -21.590200
v -39.132778 -1.187360 -21.355017
v -39.276058 -2.185561 -20.896141
v -38.088608 -3.053097 -19.804544
v -40.155884 3.943966 -13.119704
v -41.754124 3.079016 -12.892282
v -41.897400 2.080815 -12.433408
v -41.971363 1.000657 -12.198223
v -41.972301 -0.107278 -12.198516
v -41.900166 -1.187439 -12.434267
v -41.758583 -2.185678 -12.893651
v -40.161785 -3.053160 -13.121601
v -39.731613 4.636136 -19.407246
v -39.738697 -3.742571 -19.409475
v -40.026978 5.116826 -18.453695
v -40.034855 -4.223310 -18.456234
v -40.346813 5.363342 -17.421968
v -40.355103 -4.469871 -17.424646
v -40.675083 5.363326 -16.363781
v -40.683372 -4.469892 -16.366457
v -40.995331 5.116768 -15.332190
v -41.003204 -4.223374 -15.334728
v -41.291489 4.636027 -14.378945
v -41.298569 -3.742684 -14.381178
v -38.088596 -3.053098 19.804546
v -39.276047 -2.185565 20.896147
v -39.132771 -1.187362 21.355021
v -39.058807 -0.107205 21.590206
v -39.057873 1.000731 21.589912
v -39.130009 2.080890 21.354160
v -39.271591 3.079129 20.894775
v -38.082703 3.944032 19.802649
v -40.161789 -3.053163 13.121602
v -41.758587 -2.185678 12.893659
v -41.900173 -1.187443 12.434275
v -41.972309 -0.107283 12.198521
v -41.971375 1.000654 12.198229
v -41.897415 2.080814 12.433415
v -41.754131 3.079009 12.892293
v -40.155895 3.943967 13.119705
v -39.738682 -3.742577 19.409481
v -39.731613 4.636136 19.407246
v -40.034847 -4.223314 18.456236
v -40.026978 5.116824 18.453699
v -40.355099 -4.469872 17.424646
v -40.346813 5.363342 17.421972
v -40.683365 -4.469893 16.366461
v -40.675087 5.363322 16.363783
v -41.003204 -4.223375 15.334733
v -40.995335 5.116761 15.332194
v -41.298569 -3.742685 14.381185
v -41.291496 4.636017 14.378956
v -41.246517 -11.074910 10.745845
v -37.675610 -11.074792 22.256439
v -38.064648 12.043987 22.489521
v -41.685875 12.044773 10.816145
v -41.685875 12.044773 -10.816149
v -38.064648 12.043987 -22.489521
v -37.675606 -11.074792 -22.256439
v -41.246517 -11.074908 -10.745841
v -40.232876 16.272442 10.595251
v -36.784386 16.269630 21.715853
v -36.784386 16.269630 -21.715855
v -40.232876 16.272442 -10.595254
v -36.717636 -12.992743 21.677591
v -40.158672 -12.996325 10.580496
v -40.158672 -12.996325 -10.580491
v -36.717632 -12.992743 -21.677589
v -35.880726 16.588554 21.974056
v -37.480438 11.308731 22.940752
v -39.638760 16.591627 9.855308
v -41.454075 11.309586 10.131274
v -39.638760 16.591627 -9.855310
v -41.454075 11.309586 -10.131278
v -37.480438 11.308731 -22.940752
v -35.880726 16.588554 -21.974058
v -37.219357 -10.274261 22.774040
v -35.777054 -13.162101 21.902515
v -41.154728 -10.274399 10.088683
v -39.517494 -13.165986 9.839815
v -41.154728 -10.274399 -10.088679
v -39.517494 -13.165986 -9.839810
v -35.777050 -13.162101 -21.902514
v -37.219357 -10.274260 -22.774040
v -41.603992 -8.642194 11.760429
v -40.571613 -8.642152 15.088179
v -39.539238 -8.642109 18.415928
v -38.506863 -8.642066 21.743679
v -31.333687 -22.322731 9.360285
v -30.550228 -22.322090 11.886959
v -29.766769 -22.321453 14.413634
v -28.983311 -22.320812 16.940310
v -31.297852 -20.207069 18.107748
v -32.141647 -20.207844 15.386346
v -32.985443 -20.208622 12.664944
v -33.829239 -20.209396 9.943542
v -33.598907 -17.487793 19.268362
v -34.502735 -17.488697 16.353382
v -35.406567 -17.489601 13.438400
v -36.310398 -17.490505 10.523419
v -35.351879 -14.794782 20.152523
v -36.301483 -14.795762 17.090080
v -37.251087 -14.796744 14.027637
v -38.200687 -14.797727 10.965193
v -25.325687 -24.275406 15.095082
v -26.014767 -24.275528 12.876364
v -26.703842 -24.275654 10.657645
v -27.392918 -24.275776 8.438927
v -26.948769 -23.586159 15.913891
v -27.679771 -23.586441 13.558527
v -28.410774 -23.586727 11.203162
v -29.141773 -23.587009 8.847797
v -28.319458 -22.798920 16.605381
v -29.085846 -22.799408 14.134615
v -29.852234 -22.799900 11.663848
v -30.618622 -22.800388 9.193081
v -38.126617 -5.913500 19.910681
v -38.835457 -5.913529 17.625847
v -39.544296 -5.913558 15.341012
v -40.253139 -5.913587 13.056177
v -38.164509 -6.549697 20.322285
v -38.948784 -6.549730 17.794300
v -39.733059 -6.549764 15.266316
v -40.517334 -6.549798 12.738333
v -40.367653 -10.274371 12.625754
v -39.580578 -10.274343 15.162826
v -38.793503 -10.274316 17.699898
v -38.006428 -10.274288 20.236969
v -36.525143 -13.162877 19.489975
v -37.273232 -13.163655 17.077435
v -38.021320 -13.164432 14.664894
v -38.769405 -13.165208 12.252355
v -40.532337 -11.074887 13.047964
v -39.818157 -11.074864 15.350082
v -39.103973 -11.074840 17.652201
v -38.389790 -11.074815 19.954319
v -37.405842 -12.993461 19.458172
v -38.094051 -12.994176 17.238752
v -38.782257 -12.994893 15.019333
v -39.470463 -12.995610 12.799914
v -38.506859 -8.642066 -21.743677
v -39.539234 -8.642108 -18.415928
v -40.571613 -8.642151 -15.088178
v -41.603992 -8.642194 -11.760427
v -28.983311 -22.320812 -16.940306
v -29.766773 -22.321453 -14.413630
v -30.550232 -22.322094 -11.886955
v -31.333691 -22.322731 -9.360280
v -33.829239 -20.209400 -9.943539
v -32.985443 -20.208622 -12.664941
v -32.141647 -20.207848 -15.386343
v -31.297852 -20.207069 -18.107746
v -36.310394 -17.490505 -10.523415
v -35.406567 -17.489601 -13.438396
v -34.502735 -17.488697 -16.353378
v -33.598904 -17.487793 -19.268360
v -38.200687 -14.797727 -10.965189
v -37.251083 -14.796746 -14.027634
v -36.301479 -14.795764 -17.090078
v -35.351879 -14.794782 -20.152523
v -27.392925 -24.275780 -8.438923
v -26.703846 -24.275654 -10.657642
v -26.014771 -24.275532 -12.876362
v -25.325695 -24.275406 -15.095080
v -29.141777 -23.587009 -8.847795
v -28.410774 -23.586723 -11.203159
v -27.679771 -23.586441 -13.558525
v -26.948772 -23.586155 -15.913890
v -30.618626 -22.800392 -9.193077
v -29.852238 -22.799900 -11.663843
v -29.085846 -22.799412 -14.134610
v -28.319454 -22.798920 -16.605377
v -40.253139 -5.913587 -13.056175
v -39.544300 -5.913558 -15.341009
v -38.835461 -5.913528 -17.625843
v -38.126621 -5.913499 -19.910677
v -40.517334 -6.549798 -12.738331
v -39.733059 -6.549765 -15.266315
v -38.948784 -6.549731 -17.794300
v -38.164509 -6.549698 -20.322285
v -38.006432 -10.274287 -20.236969
v -38.793507 -10.274315 -17.699896
v -39.580582 -10.274343 -15.162824
v -40.367657 -10.274371 -12.625751
v -38.769405 -13.165210 -12.252351
v -38.021317 -13.164433 -14.664891
v -37.273228 -13.163655 -17.077433
v -36.525139 -13.162877 -19.489973
v -38.389790 -11.074815 -19.954319
v -39.103970 -11.074838 -17.652199
v -39.818153 -11.074861 -15.350080
v -40.532337 -11.074883 -13.047960
v -39.470463 -12.995608 -12.799911
v -38.782253 -12.994893 -15.019330
v -38.094048 -12.994176 -17.238750
v -37.405842 -12.993459 -19.458170
v -34.065102 -17.374527 19.956593
v -35.320461 -15.445989 20.589767
v -34.658321 -15.445300 22.725138
v -33.435749 -17.373905 21.986362
v -37.075699 -17.377590 -10.247020
v -38.429390 -15.449204 -10.563386
v -39.093006 -15.449895 -8.423270
v -37.706520 -17.378216 -8.212502
v -27.388912 -23.777954 16.622293
v -28.003403 -23.425022 16.932295
v -27.530678 -23.424725 18.456320
v -26.931984 -23.777775 18.094545
v -29.892433 -23.778896 -8.555701
v -30.553745 -23.426666 -8.710314
v -31.029800 -23.426968 -7.175551
v -30.352718 -23.779076 -7.072626
v -30.352715 -23.779076 7.072629
v -31.029797 -23.426968 7.175554
v -30.553741 -23.426666 8.710317
v -29.892429 -23.778896 8.555704
v -29.612797 -23.778797 9.456711
v -30.274246 -23.426479 9.611356
v -29.796947 -23.426178 11.150136
v -29.151276 -23.778614 10.943782
v -28.872196 -23.778515 11.843016
v -29.517998 -23.425995 12.049412
v -29.040844 -23.425694 13.587722
v -28.410824 -23.778332 13.329594
v -28.130894 -23.778236 14.231550
v -28.761047 -23.425510 14.489733
v -28.285427 -23.425209 16.023096
v -27.671066 -23.778053 15.713162
v -37.706524 -17.378216 8.212507
v -39.093006 -15.449895 8.423275
v -38.429390 -15.449204 10.563390
v -37.075703 -17.377590 10.247025
v -36.796623 -17.377293 11.147072
v -38.150318 -15.448920 11.463441
v -37.486172 -15.448228 13.605283
v -36.165260 -17.376667 13.183315
v -35.886417 -17.376373 14.082606
v -37.207340 -15.447942 14.504578
v -36.543259 -15.447249 16.646202
v -35.255127 -17.375744 16.118631
v -34.975910 -17.375450 17.019117
v -36.264053 -15.446965 17.546690
v -35.600639 -15.446275 19.686150
v -34.345291 -17.374825 19.052977
v -26.931988 -23.777771 -18.094545
v -27.530674 -23.424725 -18.456316
v -28.003399 -23.425026 -16.932291
v -27.388916 -23.777950 -16.622293
v -27.671070 -23.778053 -15.713161
v -28.285423 -23.425209 -16.023094
v -28.761047 -23.425510 -14.489728
v -28.130898 -23.778233 -14.231548
v -28.410824 -23.778336 -13.329592
v -29.040844 -23.425694 -13.587718
v -29.518002 -23.425999 -12.049408
v -28.872196 -23.778515 -11.843012
v -29.151279 -23.778614 -10.943779
v -29.796947 -23.426178 -11.150131
v -30.274250 -23.426483 -9.611352
v -29.612801 -23.778797 -9.456708
v -33.435749 -17.373905 -21.986362
v -34.658318 -15.445300 -22.725136
v -35.320461 -15.445989 -20.589767
v -34.065098 -17.374527 -19.956591
v -34.345287 -17.374825 -19.052977
v -35.600639 -15.446275 -19.686150
v -36.264050 -15.446965 -17.546688
v -34.975910 -17.375450 -17.019114
v -35.255127 -17.375744 -16.118628
v -36.543255 -15.447251 -16.646198
v -37.207336 -15.447944 -14.504575
v -35.886417 -17.376373 -14.082603
v -36.165260 -17.376667 -13.183311
v -37.486168 -15.448230 -13.605279
v -38.150318 -15.448920 -11.463436
v -36.796619 -17.377293 -11.147066
vn 0.6289 -0.7526 -0.1952
vn 0.7493 -0.6200 -0.2325
vn 0.8447 -0.4666 -0.2621
vn 0.6289 -0.7526 0.1952
vn 0.7493 -0.6200 0.2325
vn 0.8447 -0.4666 0.2621
vn 0.9032 -0.3250 -0.2802
vn 0.9032 -0.3250 0.2802
vn 0.6086 0.7707 -0.1889
vn 0.6977 0.6828 -0.2165
vn 0.7754 0.5838 -0.2406
vn 0.6085 0.7707 0.1889
vn 0.6977 0.6829 0.2165
vn 0.7754 0.5838 0.2406
vn 0.8310 0.4929 -0.2578
vn 0.8311 0.4927 0.2578
vn 0.3427 0.9334 -0.1065
vn 0.4405 0.8872 -0.1368
vn 0.3427 0.9334 0.1065
vn 0.4406 0.8872 0.1368
vn 0.5216 0.8377 -0.1619
vn 0.5217 0.8376 0.1620
vn 0.3597 -0.9263 -0.1118
vn 0.4399 -0.8876 -0.1366
vn 0.3597 -0.9263 0.1118
vn 0.4399 -0.8876 0.1366
vn 0.5098 -0.8456 -0.1583
vn 0.5098 -0.8456 0.1583
vn 0.9983 -0.0008 -0.0580
vn 0.9799 -0.0008 -0.1997
vn 0.9209 -0.0009 -0.3899
vn 0.8559 -0.0008 -0.5172
vn 0.9983 -0.0008 0.0580
vn 0.9799 -0.0008 0.1997
vn 0.9209 -0.0009 0.3899
vn 0.8559 -0.0008 0.5172
vn 0.9503 -0.1005 -0.2948
vn 0.9269 -0.2412 -0.2876
vn 0.9504 0.0987 -0.2948
vn 0.9273 0.2395 -0.2876
vn 0.9504 0.0987 0.2948
vn 0.9273 0.2395 0.2876
vn 0.9503 -0.1004 0.2948
vn 0.9269 -0.2412 0.2876
vn 0.9991 -0.0007 0.0417
vn 0.9551 -0.0009 -0.2963
vn 0.8999 0.3350 -0.2791
vn 0.8993 -0.3367 -0.2790
vn 0.9991 -0.0007 -0.0417
vn 0.9551 -0.0009 0.2963
vn 0.8993 -0.3367 0.2790
vn 0.8001 -0.0008 -0.5998
vn 0.8999 0.3350 0.2791
vn 0.8001 -0.0008 0.5998
vn 0.9551 -0.0009 -0.2962
vn -0.0000 1.0000 -0.0000
vn -0.2322 -0.6235 0.7466
vn -0.2673 -0.4339 0.8604
vn -0.2891 -0.2225 0.9311
vn -0.2963 -0.0000 0.9551
vn -0.2887 0.2225 0.9312
vn -0.2666 0.4339 0.8606
vn -0.2311 0.6235 0.7469
vn 0.2311 -0.6235 -0.7469
vn 0.2666 -0.4339 -0.8606
vn 0.2887 -0.2225 -0.9312
vn 0.2963 -0.0000 -0.9551
vn 0.2890 0.2225 -0.9311
vn 0.2673 0.4339 -0.8604
vn 0.2321 0.6235 -0.7466
vn -0.1854 -0.7818 0.5953
vn -0.1840 0.7818 0.5957
vn -0.1293 -0.9010 0.4141
vn -0.1278 0.9010 0.4147
vn -0.0668 -0.9749 0.2123
vn -0.0651 0.9749 0.2128
vn -0.0008 -1.0000 -0.0003
vn 0.0008 1.0000 0.0003
vn 0.0651 -0.9749 -0.2128
vn 0.0667 0.9749 -0.2123
vn 0.1278 -0.9010 -0.4147
vn 0.1293 0.9010 -0.4142
vn 0.1841 -0.7818 -0.5957
vn 0.1854 0.7818 -0.5953
vn -0.2311 0.6235 -0.7469
vn -0.2666 0.4339 -0.8606
vn -0.2887 0.2225 -0.9312
vn -0.2963 -0.0000 -0.9551
vn -0.2891 -0.2225 -0.9311
vn -0.2673 -0.4339 -0.8604
vn -0.2322 -0.6235 -0.7466
vn 0.2321 0.6235 0.7466
vn 0.2673 0.4339 0.8604
vn 0.2890 0.2225 0.9311
vn 0.2963 -0.0000 0.9551
vn 0.2887 -0.2225 0.9312
vn 0.2666 -0.4339 0.8606
vn 0.2312 -0.6235 0.7469
vn -0.1841 0.7818 -0.5957
vn -0.1854 -0.7818 -0.5953
vn -0.1278 0.9010 -0.4147
vn -0.1293 -0.9010 -0.4141
vn -0.0651 0.9749 -0.2128
vn -0.0668 -0.9749 -0.2123
vn 0.0008 1.0000 -0.0003
vn -0.0008 -1.0000 0.0003
vn 0.0667 0.9749 0.2123
vn 0.0651 -0.9749 0.2128
vn 0.1293 0.9010 0.4142
vn 0.1278 -0.9010 0.4146
vn 0.1854 0.7818 0.5953
vn 0.1841 -0.7818 0.5957
vn 0.8311 0.4928 -0.2578
vn 0.8311 0.4928 0.2578
vn 0.9033 -0.3250 -0.2802
vn 0.9033 -0.3250 0.2802
vn 0.8311 0.4928 -0.2579
vn 0.8310 0.4928 0.2579
vn 0.8310 0.4928 -0.2578
vn 0.8310 0.4928 0.2578
vn 0.3516 -0.2706 -0.8962
vn 0.8048 -0.2484 0.5391
vn 0.8048 -0.2484 -0.5391
vn 0.3516 -0.2706 0.8962
vn 0.2808 0.4031 -0.8710
vn 0.7422 0.3723 0.5572
vn 0.7422 0.3723 -0.5572
vn 0.2808 0.4031 0.8710
vn 0.9007 -0.3327 -0.2794
vn 0.8272 0.4998 -0.2566
vn 0.8272 0.4998 0.2566
vn 0.9007 -0.3327 0.2794
vn 0.3589 -0.9267 -0.1115
vn 0.3589 -0.9267 0.1115
vn 0.1906 0.9799 -0.0594
vn 0.1906 0.9799 0.0594
vn 0.8310 0.4928 -0.2579
vn 0.9269 -0.2412 -0.2875
vn 0.5217 0.8376 -0.1620
vn 0.5216 0.8377 -0.1620
vn 0.4406 0.8872 -0.1368
vn 0.8311 0.4927 -0.2578
vn 0.6977 0.6829 -0.2165
vn 0.6085 0.7707 -0.1889
vn 0.8311 0.4928 0.2579
vn 0.9269 -0.2412 0.2875
vn 0.5216 0.8377 0.1619
vn 0.5216 0.8377 0.1620
vn 0.5216 0.8376 0.1620
vn 0.4405 0.8872 0.1368
vn 0.8310 0.4929 0.2578
vn 0.6977 0.6828 0.2165
vn 0.6086 0.7707 0.1889
vn 0.7984 0.3617 0.4813
vn 0.9442 -0.1510 -0.2927
vn 0.2930 0.4983 -0.8160
vn 0.1639 0.9852 -0.0511
vn 0.3631 0.3935 0.8446
vn 0.9442 -0.1509 0.2927
vn 0.7263 0.4671 -0.5044
vn 0.1638 0.9852 0.0511
vn 0.6072 0.5864 0.5361
vn 0.9077 0.3112 -0.2816
vn -0.0150 0.7031 -0.7110
vn -0.2781 0.9567 0.0862
vn 0.1452 0.6134 0.7763
vn 0.9077 0.3111 0.2816
vn 0.4415 0.6769 -0.5890
vn -0.2781 0.9567 -0.0862
vn 0.4415 0.6769 0.5890
vn 0.9077 0.3111 -0.2816
vn 0.1452 0.6134 -0.7763
vn 0.4843 0.6544 0.5807
vn 0.1029 0.6363 -0.7646
vn 0.5266 0.6316 0.5691
vn 0.0618 0.6590 -0.7496
vn 0.5678 0.6088 0.5541
vn 0.0223 0.6814 -0.7316
vn 0.7263 0.4671 0.5044
vn 0.9442 -0.1509 -0.2927
vn 0.3631 0.3935 -0.8446
vn 0.1638 0.9852 -0.0511
vn 0.7449 0.4408 0.5008
vn 0.3448 0.4199 -0.8396
vn 0.7633 0.4143 0.4957
vn 0.3269 0.4463 -0.8331
vn 0.7811 0.3879 0.4892
vn 0.3096 0.4725 -0.8252
vn -0.0150 0.7031 0.7110
vn 0.9077 0.3112 0.2816
vn 0.6072 0.5864 -0.5361
vn 0.0223 0.6814 0.7316
vn 0.5678 0.6088 -0.5541
vn 0.0618 0.6590 0.7496
vn 0.5266 0.6316 -0.5691
vn 0.1029 0.6362 0.7646
vn 0.4843 0.6544 -0.5807
vn 0.2930 0.4983 0.8160
vn 0.9442 -0.1510 0.2927
vn 0.7984 0.3617 -0.4813
vn 0.1639 0.9852 0.0511
vn 0.3096 0.4725 0.8252
vn 0.7811 0.3879 -0.4892
vn 0.3269 0.4463 0.8331
vn 0.7633 0.4143 -0.4957
vn 0.3448 0.4199 0.8396
vn 0.7449 0.4408 -0.5008
vt 0.832755 0.684738
vt 0.840784 0.688751
vt 0.853790 0.646906
vt 0.844864 0.645761
vt 0.847985 0.692393
vt 0.861815 0.647943
vt 0.851088 0.694023
vt 0.865246 0.648398
vt 0.844864 0.604239
vt 0.853790 0.603094
vt 0.840784 0.561249
vt 0.832755 0.565262
vt 0.861815 0.602057
vt 0.847985 0.557607
vt 0.865246 0.601602
vt 0.851088 0.555977
vt 0.855487 0.688345
vt 0.859650 0.690531
vt 0.870330 0.656197
vt 0.865659 0.655586
vt 0.865659 0.594414
vt 0.870330 0.593803
vt 0.859650 0.559469
vt 0.855487 0.561655
vt 0.168686 0.675282
vt 0.160367 0.678775
vt 0.162883 0.686875
vt 0.171021 0.682800
vt 0.152390 0.682168
vt 0.155083 0.690835
vt 0.152119 0.683809
vt 0.148649 0.685315
vt 0.150604 0.691612
vt 0.153992 0.689838
vt 0.161679 0.597272
vt 0.152820 0.595527
vt 0.150304 0.603628
vt 0.159344 0.604790
vt 0.144309 0.593834
vt 0.141616 0.602501
vt 0.143162 0.595020
vt 0.139468 0.594262
vt 0.137509 0.600573
vt 0.141284 0.601063
vt 0.142692 0.681696
vt 0.139456 0.683107
vt 0.141562 0.689877
vt 0.144721 0.688229
vt 0.136605 0.587902
vt 0.133139 0.587202
vt 0.131034 0.593972
vt 0.134575 0.594435
vt 0.181239 0.670048
vt 0.175466 0.672433
vt 0.177660 0.679475
vt 0.183312 0.676690
vt 0.174674 0.674300
vt 0.172699 0.675128
vt 0.174111 0.679667
vt 0.176043 0.678697
vt 0.175020 0.599877
vt 0.168884 0.598693
vt 0.166690 0.605735
vt 0.172947 0.606519
vt 0.167174 0.599784
vt 0.165081 0.599368
vt 0.163660 0.603940
vt 0.165795 0.604212
vt 0.171063 0.674283
vt 0.173348 0.681634
vt 0.164208 0.597771
vt 0.161923 0.605122
vt 0.818050 0.677382
vt 0.820419 0.678563
vt 0.831214 0.643969
vt 0.828579 0.643634
vt 0.824036 0.680379
vt 0.835202 0.644522
vt 0.828579 0.606366
vt 0.831214 0.606031
vt 0.820419 0.571437
vt 0.818049 0.572618
vt 0.835202 0.605478
vt 0.824036 0.569621
vt 0.596213 0.057298
vt 0.403787 0.057296
vt 0.412461 0.059067
vt 0.587539 0.059068
vt 0.421511 0.060913
vt 0.438953 0.060913
vt 0.456395 0.060914
vt 0.473837 0.060914
vt 0.491279 0.060914
vt 0.508721 0.060914
vt 0.526163 0.060914
vt 0.543605 0.060915
vt 0.561047 0.060915
vt 0.578489 0.060915
vt 0.578491 0.090819
vt 0.561049 0.090820
vt 0.543606 0.090820
vt 0.526164 0.090820
vt 0.508721 0.090820
vt 0.491279 0.090820
vt 0.473836 0.090821
vt 0.456394 0.090821
vt 0.438951 0.090821
vt 0.421509 0.090821
vt 0.412460 0.092668
vt 0.587540 0.092666
vt 0.403786 0.094438
vt 0.596214 0.094437
vt 0.403787 0.192704
vt 0.596213 0.192702
vt 0.587539 0.190932
vt 0.412461 0.190933
vt 0.578489 0.189085
vt 0.561047 0.189085
vt 0.543605 0.189085
vt 0.526163 0.189086
vt 0.508721 0.189086
vt 0.491279 0.189086
vt 0.473837 0.189086
vt 0.456395 0.189086
vt 0.438953 0.189087
vt 0.421511 0.189087
vt 0.421509 0.159179
vt 0.438951 0.159179
vt 0.456394 0.159179
vt 0.473836 0.159179
vt 0.491279 0.159180
vt 0.508721 0.159180
vt 0.526164 0.159180
vt 0.543606 0.159180
vt 0.561049 0.159180
vt 0.578491 0.159181
vt 0.587540 0.157334
vt 0.412460 0.157332
vt 0.596214 0.155563
vt 0.403786 0.155562
vt 0.421509 0.087498
vt 0.421509 0.084175
vt 0.421510 0.080852
vt 0.421510 0.077529
vt 0.421510 0.074206
vt 0.421510 0.070883
vt 0.421510 0.067559
vt 0.421510 0.064236
vt 0.412461 0.065787
vt 0.412461 0.072507
vt 0.412461 0.079227
vt 0.412460 0.085948
vt 0.403787 0.064725
vt 0.578490 0.064238
vt 0.578490 0.067560
vt 0.578490 0.070883
vt 0.578490 0.074206
vt 0.578490 0.077529
vt 0.578490 0.080851
vt 0.578491 0.084174
vt 0.578491 0.087497
vt 0.578491 0.162503
vt 0.578491 0.165826
vt 0.578491 0.169149
vt 0.578490 0.172471
vt 0.578490 0.175794
vt 0.578490 0.179117
vt 0.578490 0.182440
vt 0.578490 0.185762
vt 0.421510 0.185764
vt 0.421510 0.182441
vt 0.421510 0.179117
vt 0.421510 0.175794
vt 0.421510 0.172471
vt 0.421510 0.169148
vt 0.421509 0.165825
vt 0.421509 0.162502
vt 0.412460 0.164052
vt 0.412461 0.170773
vt 0.412461 0.177493
vt 0.412461 0.184213
vt 0.403786 0.162990
vt 0.625000 0.051422
vt 0.375000 0.051422
vt 0.561048 0.087497
vt 0.625000 0.100312
vt 0.375000 0.061200
vt 0.375000 0.198578
vt 0.625000 0.198578
vt 0.438952 0.162502
vt 0.375000 0.149688
vt 0.375000 0.159466
vt 0.375000 0.100312
vt 0.625000 0.149688
vt 0.438953 0.185763
vt 0.438952 0.182440
vt 0.438952 0.179117
vt 0.438952 0.175794
vt 0.438952 0.172471
vt 0.438952 0.169148
vt 0.438952 0.165825
vt 0.561047 0.185762
vt 0.543605 0.185763
vt 0.526163 0.185763
vt 0.508721 0.185763
vt 0.491279 0.185763
vt 0.473837 0.185763
vt 0.456395 0.185763
vt 0.561048 0.182440
vt 0.561048 0.179117
vt 0.561048 0.175794
vt 0.561048 0.172471
vt 0.561048 0.169149
vt 0.561048 0.165826
vt 0.561049 0.162503
vt 0.543606 0.162503
vt 0.526164 0.162503
vt 0.508721 0.162503
vt 0.491279 0.162503
vt 0.473836 0.162502
vt 0.456394 0.162502
vt 0.561047 0.064238
vt 0.561048 0.067560
vt 0.561048 0.070883
vt 0.561048 0.074206
vt 0.561048 0.077529
vt 0.561048 0.080851
vt 0.561048 0.084174
vt 0.438953 0.064237
vt 0.456395 0.064237
vt 0.473837 0.064237
vt 0.491279 0.064237
vt 0.508721 0.064237
vt 0.526163 0.064237
vt 0.543605 0.064237
vt 0.438952 0.067560
vt 0.438952 0.070883
vt 0.438952 0.074206
vt 0.438952 0.077529
vt 0.438952 0.080852
vt 0.438952 0.084175
vt 0.438952 0.087498
vt 0.456394 0.087498
vt 0.473836 0.087498
vt 0.491279 0.087497
vt 0.508721 0.087497
vt 0.526164 0.087497
vt 0.543606 0.087497
vt 0.131972 0.662034
vt 0.129652 0.654575
vt 0.125000 0.649688
vt 0.128043 0.659466
vt 0.871399 0.654705
vt 0.859681 0.692375
vt 0.859784 0.698578
vt 0.875000 0.649688
vt 0.859681 0.557625
vt 0.871400 0.595295
vt 0.875000 0.600312
vt 0.859784 0.551422
vt 0.138933 0.565588
vt 0.141253 0.558129
vt 0.140216 0.551422
vt 0.137173 0.561200
vt 0.854480 0.689645
vt 0.865565 0.653940
vt 0.865565 0.596060
vt 0.854480 0.560355
vt 0.143804 0.682288
vt 0.146010 0.689391
vt 0.150348 0.693303
vt 0.147548 0.684281
vt 0.137187 0.589020
vt 0.134981 0.596123
vt 0.136347 0.601807
vt 0.139148 0.592785
vt 0.141253 0.691871
vt 0.140216 0.698578
vt 0.134981 0.653877
vt 0.136347 0.648193
vt 0.129652 0.595425
vt 0.125000 0.600312
vt 0.146010 0.560609
vt 0.150348 0.556697
vt 0.131034 0.656028
vt 0.134575 0.655565
vt 0.141562 0.560123
vt 0.144721 0.561771
vt 0.133139 0.662798
vt 0.139456 0.566893
vt 0.136604 0.662098
vt 0.137187 0.660980
vt 0.138633 0.668631
vt 0.139393 0.668082
vt 0.140662 0.675163
vt 0.141598 0.675185
vt 0.138933 0.684412
vt 0.137350 0.676337
vt 0.136613 0.676952
vt 0.135245 0.669568
vt 0.134292 0.669493
vt 0.139148 0.657215
vt 0.141948 0.666237
vt 0.144748 0.675259
vt 0.137173 0.688800
vt 0.134129 0.679022
vt 0.131086 0.669244
vt 0.403786 0.087010
vt 0.375000 0.090534
vt 0.403786 0.079581
vt 0.375000 0.080756
vt 0.403787 0.072153
vt 0.375000 0.070978
vt 0.161923 0.644878
vt 0.159344 0.645210
vt 0.161679 0.652728
vt 0.164208 0.652229
vt 0.164015 0.660246
vt 0.166493 0.659580
vt 0.166350 0.667764
vt 0.168778 0.666932
vt 0.165795 0.645788
vt 0.163660 0.646060
vt 0.165081 0.650632
vt 0.167174 0.650216
vt 0.168012 0.652906
vt 0.165916 0.653317
vt 0.167342 0.657900
vt 0.169395 0.657346
vt 0.170230 0.660031
vt 0.168175 0.660580
vt 0.169600 0.665163
vt 0.171613 0.664470
vt 0.172451 0.667162
vt 0.170436 0.667851
vt 0.171856 0.672418
vt 0.173829 0.671587
vt 0.172947 0.643481
vt 0.166690 0.644265
vt 0.168884 0.651307
vt 0.175020 0.650123
vt 0.171078 0.658348
vt 0.177093 0.656765
vt 0.173272 0.665391
vt 0.179166 0.663406
vt 0.141284 0.648937
vt 0.137509 0.649427
vt 0.139468 0.655738
vt 0.143162 0.654980
vt 0.143992 0.657650
vt 0.140293 0.658395
vt 0.142253 0.664711
vt 0.145871 0.663699
vt 0.146700 0.666367
vt 0.143077 0.667365
vt 0.145038 0.673681
vt 0.148579 0.672415
vt 0.149409 0.675086
vt 0.145863 0.676339
vt 0.147821 0.682648
vt 0.151286 0.681128
vt 0.150304 0.646372
vt 0.141616 0.647499
vt 0.144309 0.656166
vt 0.152820 0.654473
vt 0.147003 0.664834
vt 0.155336 0.662573
vt 0.149696 0.673501
vt 0.157852 0.670674
vt 0.142692 0.568304
vt 0.143804 0.567712
vt 0.140663 0.574837
vt 0.141598 0.574815
vt 0.138634 0.581369
vt 0.139393 0.581918
vt 0.131972 0.587966
vt 0.135245 0.580433
vt 0.134292 0.580507
vt 0.137351 0.573663
vt 0.136613 0.573047
vt 0.147548 0.565719
vt 0.144748 0.574741
vt 0.141948 0.583763
vt 0.128043 0.590534
vt 0.131086 0.580756
vt 0.134129 0.570978
vt 0.403787 0.185275
vt 0.375000 0.188800
vt 0.403787 0.177847
vt 0.375000 0.179022
vt 0.403786 0.170419
vt 0.375000 0.169244
vt 0.173348 0.568366
vt 0.171021 0.567200
vt 0.168686 0.574718
vt 0.171063 0.575717
vt 0.166350 0.582236
vt 0.168778 0.583068
vt 0.164015 0.589754
vt 0.166493 0.590420
vt 0.176043 0.571303
vt 0.174111 0.570333
vt 0.172699 0.574873
vt 0.174674 0.575700
vt 0.173829 0.578414
vt 0.171857 0.577582
vt 0.170436 0.582150
vt 0.172451 0.582838
vt 0.171613 0.585530
vt 0.169600 0.584837
vt 0.168175 0.589420
vt 0.170230 0.589969
vt 0.169395 0.592654
vt 0.167342 0.592099
vt 0.165916 0.596683
vt 0.168012 0.597094
vt 0.183312 0.573310
vt 0.177660 0.570526
vt 0.175466 0.577567
vt 0.181239 0.579952
vt 0.173272 0.584609
vt 0.179166 0.586594
vt 0.171078 0.591651
vt 0.177093 0.593235
vt 0.153992 0.560162
vt 0.150604 0.558388
vt 0.148649 0.564685
vt 0.152119 0.566191
vt 0.151286 0.568872
vt 0.147821 0.567352
vt 0.145863 0.573661
vt 0.149409 0.574914
vt 0.148579 0.577585
vt 0.145038 0.576319
vt 0.143077 0.582635
vt 0.146700 0.583633
vt 0.145871 0.586301
vt 0.142253 0.585289
vt 0.140293 0.591605
vt 0.143992 0.592350
vt 0.162883 0.563125
vt 0.155083 0.559165
vt 0.152390 0.567832
vt 0.160367 0.571225
vt 0.149696 0.576499
vt 0.157852 0.579326
vt 0.147003 0.585166
vt 0.155336 0.587427
s 0
f 9/1/1 10/2/1 13/3/1 11/4/1
f 10/2/2 55/5/2 14/6/2 13/3/2
f 55/5/3 56/7/3 12/8/3 14/6/3
f 18/9/4 20/10/4 16/11/4 15/12/4
f 20/10/5 19/13/5 57/14/5 16/11/5
f 19/13/6 17/15/6 58/16/6 57/14/6
f 330/17/7 323/18/7 324/19/7 329/20/7
f 332/21/8 325/22/8 326/23/8 331/24/8
f 360/25/9 361/26/9 59/27/9 21/28/9
f 361/26/10 365/29/10 60/30/10 59/27/10
f 465/31/11 466/32/11 467/33/11 468/34/11
f 416/35/12 417/36/12 29/37/12 27/38/12
f 417/36/13 421/39/13 30/40/13 29/37/13
f 469/41/14 470/42/14 471/43/14 472/44/14
f 405/45/15 404/46/15 322/47/15 333/48/15
f 461/49/16 460/50/16 328/51/16 335/52/16
f 373/53/17 377/54/17 32/55/17 33/56/17
f 473/57/18 474/58/18 475/59/18 476/60/18
f 429/61/19 433/62/19 42/63/19 41/64/19
f 477/65/20 478/66/20 479/67/20 480/68/20
f 381/69/21 360/25/21 21/28/21 31/70/21
f 437/71/22 416/35/22 27/38/22 40/72/22
f 44/73/23 45/74/23 48/75/23 47/76/23
f 45/74/24 43/77/24 46/78/24 48/75/24
f 54/79/25 53/80/25 50/81/25 51/82/25
f 53/80/26 52/83/26 49/84/26 50/81/26
f 43/77/27 9/1/27 11/4/27 46/78/27
f 52/83/28 18/9/28 15/12/28 49/84/28
f 66/85/29 68/86/29 70/87/29 67/88/29
f 67/88/30 70/87/30 69/89/30 89/90/30 90/91/30 91/92/30 92/93/30 93/94/30 94/95/30 95/96/30 96/97/30 65/98/30
f 78/99/31 97/100/31 98/101/31 99/102/31 100/103/31 101/104/31 102/105/31 103/106/31 104/107/31 74/108/31 76/109/31 79/110/31
f 79/110/32 76/109/32 75/111/32 77/112/32
f 72/113/33 80/114/33 82/115/33 73/116/33
f 73/116/34 82/115/34 81/117/34 105/118/34 106/119/34 107/120/34 108/121/34 109/122/34 110/123/34 111/124/34 112/125/34 71/126/34
f 87/127/35 113/128/35 114/129/35 115/130/35 116/131/35 117/132/35 118/133/35 119/134/35 120/135/35 83/136/35 85/137/35 88/138/35
f 88/138/36 85/137/36 84/139/36 86/140/36
f 74/108/37 121/141/37 122/142/37 123/143/37 124/144/37 125/145/37 126/146/37 127/147/37 128/148/37 69/89/37 70/87/37 385/149/37 386/150/37 387/151/37 388/152/37 76/109/37
f 385/149/38 70/87/38 68/86/38 389/153/38
f 65/98/39 129/154/39 130/155/39 131/156/39 132/157/39 133/158/39 134/159/39 135/160/39 136/161/39 78/99/39 79/110/39 67/88/39
f 67/88/40 79/110/40 77/112/40 66/85/40
f 83/136/41 137/162/41 138/163/41 139/164/41 140/165/41 141/166/41 142/167/41 143/168/41 144/169/41 81/117/41 82/115/41 85/137/41
f 85/137/42 82/115/42 80/114/42 84/139/42
f 71/126/43 145/170/43 146/171/43 147/172/43 148/173/43 149/174/43 150/175/43 151/176/43 152/177/43 87/127/43 88/138/43 441/178/43 442/179/43 443/180/43 444/181/43 73/116/43
f 441/178/44 88/138/44 86/140/44 445/182/44
f 68/86/45 66/85/45 1/183/45 5/184/45
f 252/185/46 97/100/46 78/99/46 136/161/46
f 66/85/47 77/112/47 2/186/47 1/183/47
f 389/153/48 68/86/48 5/184/48 356/187/48
f 80/114/49 72/113/49 7/188/49 3/189/49
f 224/190/50 113/128/50 87/127/50 152/177/50
f 445/182/51 86/140/51 8/191/51 412/192/51
f 77/112/52 75/111/52 6/193/52 2/186/52
f 84/139/53 80/114/53 3/189/53 4/194/53
f 86/140/54 84/139/54 4/194/54 8/191/54
f 112/125/50 216/195/50 145/170/50 71/126/50
f 216/195/50 226/196/50 146/171/50 145/170/50
f 226/196/50 228/197/50 147/172/50 146/171/50
f 228/197/50 230/198/50 148/173/50 147/172/50
f 230/198/50 232/199/50 149/174/50 148/173/50
f 232/199/50 234/200/50 150/175/50 149/174/50
f 234/200/50 236/201/50 151/176/50 150/175/50
f 236/201/50 224/190/50 152/177/50 151/176/50
f 81/117/50 144/169/50 209/202/50 105/118/50
f 105/118/50 209/202/50 210/203/50 106/119/50
f 106/119/50 210/203/50 211/204/50 107/120/50
f 107/120/50 211/204/50 212/205/50 108/121/50
f 108/121/50 212/205/50 213/206/50 109/122/50
f 109/122/50 213/206/50 214/207/50 110/123/50
f 110/123/50 214/207/50 215/208/50 111/124/50
f 111/124/50 215/208/50 216/195/50 112/125/50
f 144/169/50 143/168/50 225/209/50 209/202/50
f 143/168/50 142/167/50 227/210/50 225/209/50
f 142/167/50 141/166/50 229/211/50 227/210/50
f 141/166/50 140/165/50 231/212/50 229/211/50
f 140/165/50 139/164/50 233/213/50 231/212/50
f 139/164/50 138/163/50 235/214/50 233/213/50
f 138/163/50 137/162/50 217/215/50 235/214/50
f 137/162/50 83/136/50 120/135/50 217/215/50
f 217/215/50 120/135/50 119/134/50 218/216/50
f 218/216/50 119/134/50 118/133/50 219/217/50
f 219/217/50 118/133/50 117/132/50 220/218/50
f 220/218/50 117/132/50 116/131/50 221/219/50
f 221/219/50 116/131/50 115/130/50 222/220/50
f 222/220/50 115/130/50 114/129/50 223/221/50
f 223/221/50 114/129/50 113/128/50 224/190/50
f 96/97/46 244/222/46 129/154/46 65/98/46
f 244/222/46 254/223/46 130/155/46 129/154/46
f 254/223/46 256/224/46 131/156/46 130/155/46
f 256/224/46 258/225/46 132/157/46 131/156/46
f 258/225/46 260/226/46 133/158/46 132/157/46
f 260/226/46 262/227/46 134/159/46 133/158/46
f 262/227/46 264/228/46 135/160/46 134/159/46
f 264/228/46 252/185/46 136/161/46 135/160/46
f 69/89/46 128/148/46 237/229/46 89/90/46
f 89/90/46 237/229/46 238/230/46 90/91/46
f 90/91/46 238/230/46 239/231/46 91/92/46
f 91/92/46 239/231/46 240/232/46 92/93/46
f 92/93/46 240/232/46 241/233/46 93/94/46
f 93/94/55 241/233/55 242/234/55 94/95/55
f 94/95/46 242/234/46 243/235/46 95/96/46
f 95/96/46 243/235/46 244/222/46 96/97/46
f 128/148/46 127/147/46 253/236/46 237/229/46
f 127/147/46 126/146/46 255/237/46 253/236/46
f 126/146/46 125/145/46 257/238/46 255/237/46
f 125/145/46 124/144/46 259/239/46 257/238/46
f 124/144/46 123/143/46 261/240/46 259/239/46
f 123/143/46 122/142/46 263/241/46 261/240/46
f 122/142/46 121/141/46 245/242/46 263/241/46
f 121/141/46 74/108/46 104/107/46 245/242/46
f 245/242/46 104/107/46 103/106/46 246/243/46
f 246/243/46 103/106/46 102/105/46 247/244/46
f 247/244/46 102/105/46 101/104/46 248/245/46
f 248/245/46 101/104/46 100/103/46 249/246/46
f 249/246/55 100/103/55 99/102/55 250/247/55
f 250/247/55 99/102/55 98/101/55 251/248/55
f 251/248/46 98/101/46 97/100/46 252/185/46
f 265/202/56 154/203/56 210/203/56 209/202/56
f 154/203/56 155/204/56 211/204/56 210/203/56
f 155/204/56 156/205/56 212/205/56 211/204/56
f 156/205/56 157/206/56 213/206/56 212/205/56
f 157/206/56 158/207/56 214/207/56 213/206/56
f 158/207/56 159/208/56 215/208/56 214/207/56
f 159/208/56 272/195/56 216/195/56 215/208/56
f 174/216/56 273/215/56 217/215/56 218/216/56
f 175/217/56 174/216/56 218/216/56 219/217/56
f 176/218/56 175/217/56 219/217/56 220/218/56
f 177/219/56 176/218/56 220/218/56 221/219/56
f 178/220/56 177/219/56 221/219/56 222/220/56
f 179/221/56 178/220/56 222/220/56 223/221/56
f 280/190/56 179/221/56 223/221/56 224/190/56
f 161/209/56 265/202/56 209/202/56 225/209/56
f 272/195/56 162/196/56 226/196/56 216/195/56
f 163/210/56 161/209/56 225/209/56 227/210/56
f 162/196/56 164/197/56 228/197/56 226/196/56
f 165/211/56 163/210/56 227/210/56 229/211/56
f 164/197/56 166/198/56 230/198/56 228/197/56
f 167/212/56 165/211/56 229/211/56 231/212/56
f 166/198/56 168/199/56 232/199/56 230/198/56
f 169/213/56 167/212/56 231/212/56 233/213/56
f 168/199/56 170/200/56 234/200/56 232/199/56
f 171/214/56 169/213/56 233/213/56 235/214/56
f 170/200/56 172/201/56 236/201/56 234/200/56
f 273/215/56 171/214/56 235/214/56 217/215/56
f 172/201/56 280/190/56 224/190/56 236/201/56
f 293/229/56 182/230/56 238/230/56 237/229/56
f 182/230/56 183/231/56 239/231/56 238/230/56
f 183/231/56 184/232/56 240/232/56 239/231/56
f 184/232/56 185/233/56 241/233/56 240/232/56
f 185/233/56 186/234/56 242/234/56 241/233/56
f 186/234/56 187/235/56 243/235/56 242/234/56
f 187/235/56 300/222/56 244/222/56 243/235/56
f 202/243/56 301/242/56 245/242/56 246/243/56
f 203/244/56 202/243/56 246/243/56 247/244/56
f 204/245/56 203/244/56 247/244/56 248/245/56
f 205/246/56 204/245/56 248/245/56 249/246/56
f 206/247/56 205/246/56 249/246/56 250/247/56
f 207/248/56 206/247/56 250/247/56 251/248/56
f 308/185/56 207/248/56 251/248/56 252/185/56
f 189/236/56 293/229/56 237/229/56 253/236/56
f 300/222/56 190/223/56 254/223/56 244/222/56
f 191/237/56 189/236/56 253/236/56 255/237/56
f 190/223/56 192/224/56 256/224/56 254/223/56
f 193/238/56 191/237/56 255/237/56 257/238/56
f 192/224/56 194/225/56 258/225/56 256/224/56
f 195/239/56 193/238/56 257/238/56 259/239/56
f 194/225/56 196/226/56 260/226/56 258/225/56
f 197/240/56 195/239/56 259/239/56 261/240/56
f 196/226/56 198/227/56 262/227/56 260/226/56
f 199/241/56 197/240/56 261/240/56 263/241/56
f 198/227/56 200/228/56 264/228/56 262/227/56
f 301/242/56 199/241/56 263/241/56 245/242/56
f 200/228/56 308/185/56 252/185/56 264/228/56
f 153/202/57 266/203/57 154/203/57 265/202/57
f 266/203/58 267/204/58 155/204/58 154/203/58
f 267/204/59 268/205/59 156/205/59 155/204/59
f 268/205/60 269/206/60 157/206/60 156/205/60
f 269/206/61 270/207/61 158/207/61 157/206/61
f 270/207/62 271/208/62 159/208/62 158/207/62
f 271/208/63 160/195/63 272/195/63 159/208/63
f 274/216/64 173/215/64 273/215/64 174/216/64
f 275/217/65 274/216/65 174/216/65 175/217/65
f 276/218/66 275/217/66 175/217/66 176/218/66
f 277/219/67 276/218/67 176/218/67 177/219/67
f 278/220/68 277/219/68 177/219/68 178/220/68
f 279/221/69 278/220/69 178/220/69 179/221/69
f 180/190/70 279/221/70 179/221/70 280/190/70
f 281/209/71 153/202/71 265/202/71 161/209/71
f 160/195/72 282/196/72 162/196/72 272/195/72
f 283/210/73 281/209/73 161/209/73 163/210/73
f 282/196/74 284/197/74 164/197/74 162/196/74
f 285/211/75 283/210/75 163/210/75 165/211/75
f 284/197/76 286/198/76 166/198/76 164/197/76
f 287/212/77 285/211/77 165/211/77 167/212/77
f 286/198/78 288/199/78 168/199/78 166/198/78
f 289/213/79 287/212/79 167/212/79 169/213/79
f 288/199/80 290/200/80 170/200/80 168/199/80
f 291/214/81 289/213/81 169/213/81 171/214/81
f 290/200/82 292/201/82 172/201/82 170/200/82
f 173/215/83 291/214/83 171/214/83 273/215/83
f 292/201/84 180/190/84 280/190/84 172/201/84
f 181/229/85 294/230/85 182/230/85 293/229/85
f 294/230/86 295/231/86 183/231/86 182/230/86
f 295/231/87 296/232/87 184/232/87 183/231/87
f 296/232/88 297/233/88 185/233/88 184/232/88
f 297/233/89 298/234/89 186/234/89 185/233/89
f 298/234/90 299/235/90 187/235/90 186/234/90
f 299/235/91 188/222/91 300/222/91 187/235/91
f 302/243/92 201/242/92 301/242/92 202/243/92
f 303/244/93 302/243/93 202/243/93 203/244/93
f 304/245/94 303/244/94 203/244/94 204/245/94
f 305/246/95 304/245/95 204/245/95 205/246/95
f 306/247/96 305/246/96 205/246/96 206/247/96
f 307/248/97 306/247/97 206/247/97 207/248/97
f 208/185/98 307/248/98 207/248/98 308/185/98
f 309/236/99 181/229/99 293/229/99 189/236/99
f 188/222/100 310/223/100 190/223/100 300/222/100
f 311/237/101 309/236/101 189/236/101 191/237/101
f 310/223/102 312/224/102 192/224/102 190/223/102
f 313/238/103 311/237/103 191/237/103 193/238/103
f 312/224/104 314/225/104 194/225/104 192/224/104
f 315/239/105 313/238/105 193/238/105 195/239/105
f 314/225/106 316/226/106 196/226/106 194/225/106
f 317/240/107 315/239/107 195/239/107 197/240/107
f 316/226/108 318/227/108 198/227/108 196/226/108
f 319/241/109 317/240/109 197/240/109 199/241/109
f 318/227/110 320/228/110 200/228/110 198/227/110
f 201/242/111 319/241/111 199/241/111 301/242/111
f 320/228/112 208/185/112 308/185/112 200/228/112
f 393/249/113 347/250/113 6/251/113 353/252/113
f 340/253/7 338/254/7 1/255/7 2/256/7
f 343/257/8 342/258/8 4/259/8 3/260/8
f 449/261/114 352/262/114 7/263/114 409/264/114
f 337/265/7 339/266/7 12/8/7 56/7/7
f 341/267/8 344/268/8 58/16/8 17/15/8
f 338/254/115 337/265/115 56/7/115 1/255/115
f 339/266/7 340/253/7 2/256/7 12/8/7
f 342/258/8 341/267/8 17/15/8 4/259/8
f 344/268/116 343/257/116 3/260/116 58/16/116
f 397/269/117 346/270/117 61/271/117 369/272/117
f 453/273/118 350/274/118 28/275/118 425/276/118
f 346/270/119 345/277/119 5/278/119 61/271/119
f 347/250/113 348/279/113 22/280/113 6/251/113
f 350/274/114 349/281/114 8/282/114 28/275/114
f 352/262/120 351/283/120 64/284/120 7/263/120
f 323/18/121 330/17/121 337/265/121 338/254/121
f 329/20/122 324/19/122 340/253/122 339/266/122
f 325/22/123 332/21/123 341/267/123 342/258/123
f 331/24/124 326/23/124 343/257/124 344/268/124
f 333/48/125 322/47/125 345/277/125 346/270/125
f 321/285/126 334/286/126 348/279/126 347/250/126
f 335/52/127 328/51/127 349/281/127 350/274/127
f 327/287/128 336/288/128 351/283/128 352/262/128
f 401/289/129 321/285/129 347/250/129 393/249/129
f 324/19/130 323/18/130 338/254/130 340/253/130
f 326/23/131 325/22/131 342/258/131 343/257/131
f 457/290/132 327/287/132 352/262/132 449/261/132
f 330/17/133 329/20/133 339/266/133 337/265/133
f 332/21/134 331/24/134 344/268/134 341/267/134
f 405/45/135 333/48/135 346/270/135 397/269/135
f 461/49/136 335/52/136 350/274/136 453/273/136
f 334/286/135 408/291/135 400/292/135 348/279/135
f 408/291/135 407/293/135 399/294/135 400/292/135
f 407/293/135 406/295/135 398/296/135 399/294/135
f 406/295/135 405/45/135 397/269/135 398/296/135
f 322/47/129 404/46/129 396/297/129 345/277/129
f 404/46/129 403/298/129 395/299/129 396/297/129
f 403/298/129 402/300/129 394/301/129 395/299/129
f 402/300/129 401/289/129 393/249/129 394/301/129
f 348/279/137 400/292/137 372/302/137 22/280/137
f 400/292/117 399/294/117 371/303/117 372/302/117
f 399/294/117 398/296/117 370/304/117 371/303/117
f 398/296/117 397/269/117 369/272/117 370/304/117
f 345/277/113 396/297/113 356/305/113 5/278/113
f 396/297/113 395/299/113 355/306/113 356/305/113
f 395/299/113 394/301/113 354/307/113 355/306/113
f 394/301/113 393/249/113 353/252/113 354/307/113
f 75/111/48 392/308/48 353/309/48 6/193/48
f 392/308/48 391/310/48 354/311/48 353/309/48
f 391/310/48 390/312/48 355/313/48 354/311/48
f 390/312/48 389/153/48 356/187/48 355/313/48
f 76/109/38 388/152/38 392/308/38 75/111/38
f 388/152/38 387/151/38 391/310/38 392/308/38
f 387/151/138 386/150/138 390/312/138 391/310/138
f 386/150/38 385/149/38 389/153/38 390/312/38
f 34/314/139 23/315/139 357/316/139 384/317/139
f 384/317/139 357/316/139 358/318/139 383/319/139
f 383/319/140 358/318/140 359/320/140 382/321/140
f 382/321/140 359/320/140 360/25/140 381/69/140
f 481/322/141 482/323/141 483/324/141 484/325/141
f 485/326/141 486/327/141 487/328/141 488/329/141
f 489/330/141 490/331/141 491/332/141 492/333/141
f 493/334/141 494/335/141 495/336/141 496/337/141
f 36/338/17 35/339/17 380/340/17 376/341/17
f 376/341/17 380/340/17 379/342/17 375/343/17
f 375/343/17 379/342/17 378/344/17 374/345/17
f 374/345/17 378/344/17 377/54/17 373/53/17
f 334/286/142 321/285/142 401/289/142 408/291/142
f 408/291/113 401/289/113 402/300/113 407/293/113
f 407/293/113 402/300/113 403/298/113 406/295/113
f 406/295/119 403/298/119 404/46/119 405/45/119
f 497/346/11 498/347/11 499/348/11 500/349/11
f 501/350/11 502/351/11 503/352/11 504/353/11
f 505/354/11 506/355/11 507/356/11 508/357/11
f 509/358/11 510/359/11 511/360/11 512/361/11
f 25/362/143 24/363/143 368/364/143 364/365/143
f 364/365/143 368/364/143 367/366/143 363/367/143
f 363/367/143 367/366/143 366/368/143 362/369/143
f 362/369/143 366/368/143 365/29/143 361/26/143
f 23/315/144 25/362/144 364/365/144 357/316/144
f 357/316/144 364/365/144 363/367/144 358/318/144
f 358/318/144 363/367/144 362/369/144 359/320/144
f 359/320/9 362/369/9 361/26/9 360/25/9
f 336/288/136 464/370/136 456/371/136 351/283/136
f 464/370/136 463/372/136 455/373/136 456/371/136
f 463/372/136 462/374/136 454/375/136 455/373/136
f 462/374/136 461/49/136 453/273/136 454/375/136
f 328/51/132 460/50/132 452/376/132 349/281/132
f 460/50/132 459/377/132 451/378/132 452/376/132
f 459/377/132 458/379/132 450/380/132 451/378/132
f 458/379/132 457/290/132 449/261/132 450/380/132
f 351/283/145 456/371/145 428/381/145 64/284/145
f 456/371/145 455/373/145 427/382/145 428/381/145
f 455/373/145 454/375/145 426/383/145 427/382/145
f 454/375/145 453/273/145 425/276/145 426/383/145
f 349/281/114 452/376/114 412/384/114 8/282/114
f 452/376/114 451/378/114 411/385/114 412/384/114
f 451/378/114 450/380/114 410/386/114 411/385/114
f 450/380/114 449/261/114 409/264/114 410/386/114
f 72/113/51 448/387/51 409/388/51 7/188/51
f 448/387/51 447/389/51 410/390/51 409/388/51
f 447/389/51 446/391/51 411/392/51 410/390/51
f 446/391/51 445/182/51 412/192/51 411/392/51
f 73/116/146 444/181/146 448/387/146 72/113/146
f 444/181/44 443/180/44 447/389/44 448/387/44
f 443/180/44 442/179/44 446/391/44 447/389/44
f 442/179/146 441/178/146 445/182/146 446/391/146
f 37/393/147 26/394/147 413/395/147 440/396/147
f 440/396/148 413/395/148 414/397/148 439/398/148
f 439/398/148 414/397/148 415/399/148 438/400/148
f 438/400/149 415/399/149 416/35/149 437/71/149
f 513/401/150 514/402/150 515/403/150 516/404/150
f 517/405/20 518/406/20 519/407/20 520/408/20
f 521/409/20 522/410/20 523/411/20 524/412/20
f 525/413/20 526/414/20 527/415/20 528/416/20
f 38/417/19 39/418/19 436/419/19 432/420/19
f 432/420/19 436/419/19 435/421/19 431/422/19
f 431/422/19 435/421/19 434/423/19 430/424/19
f 430/424/19 434/423/19 433/62/19 429/61/19
f 336/288/151 327/287/151 457/290/151 464/370/151
f 464/370/120 457/290/120 458/379/120 463/372/120
f 463/372/114 458/379/114 459/377/114 462/374/114
f 462/374/114 459/377/114 460/50/114 461/49/114
f 529/425/14 530/426/14 531/427/14 532/428/14
f 533/429/14 534/430/14 535/431/14 536/432/14
f 537/433/14 538/434/14 539/435/14 540/436/14
f 541/437/14 542/438/14 543/439/14 544/440/14
f 62/441/152 63/442/152 424/443/152 420/444/152
f 420/444/13 424/443/13 423/445/13 419/446/13
f 419/446/13 423/445/13 422/447/13 418/448/13
f 418/448/13 422/447/13 421/39/13 417/36/13
f 26/394/153 62/441/153 420/444/153 413/395/153
f 413/395/153 420/444/153 419/446/153 414/397/153
f 414/397/12 419/446/12 418/448/12 415/399/12
f 415/399/12 418/448/12 417/36/12 416/35/12
f 365/29/154 369/272/154 466/32/154 465/31/154
f 369/272/155 61/271/155 467/33/155 466/32/155
f 61/271/156 60/30/156 468/34/156 467/33/156
f 60/30/157 365/29/157 465/31/157 468/34/157
f 421/39/158 425/276/158 470/42/158 469/41/158
f 425/276/159 28/275/159 471/43/159 470/42/159
f 28/275/160 30/40/160 472/44/160 471/43/160
f 30/40/161 421/39/161 469/41/161 472/44/161
f 377/54/162 381/69/162 474/58/162 473/57/162
f 381/69/163 31/70/163 475/59/163 474/58/163
f 31/70/164 32/55/164 476/60/164 475/59/164
f 32/55/165 377/54/165 473/57/165 476/60/165
f 433/62/166 437/71/166 478/66/166 477/65/166
f 437/71/167 40/72/167 479/67/167 478/66/167
f 40/72/168 42/63/168 480/68/168 479/67/168
f 42/63/169 433/62/169 477/65/169 480/68/169
f 35/339/170 34/314/170 482/323/170 481/322/170
f 34/314/171 384/317/171 483/324/171 482/323/171
f 384/317/172 380/340/172 484/325/172 483/324/172
f 380/340/165 35/339/165 481/322/165 484/325/165
f 380/340/173 384/317/173 486/327/173 485/326/173
f 384/317/171 383/319/171 487/328/171 486/327/171
f 383/319/174 379/342/174 488/329/174 487/328/174
f 379/342/165 380/340/165 485/326/165 488/329/165
f 379/342/175 383/319/175 490/331/175 489/330/175
f 383/319/171 382/321/171 491/332/171 490/331/171
f 382/321/176 378/344/176 492/333/176 491/332/176
f 378/344/165 379/342/165 489/330/165 492/333/165
f 378/344/177 382/321/177 494/335/177 493/334/177
f 382/321/171 381/69/171 495/336/171 494/335/171
f 381/69/178 377/54/178 496/337/178 495/336/178
f 377/54/165 378/344/165 493/334/165 496/337/165
f 24/363/179 22/280/179 498/347/179 497/346/179
f 22/280/180 372/302/180 499/348/180 498/347/180
f 372/302/181 368/364/181 500/349/181 499/348/181
f 368/364/182 24/363/182 497/346/182 500/349/182
f 368/364/183 372/302/183 502/351/183 501/350/183
f 372/302/180 371/303/180 503/352/180 502/351/180
f 371/303/184 367/366/184 504/353/184 503/352/184
f 367/366/182 368/364/182 501/350/182 504/353/182
f 367/366/185 371/303/185 506/355/185 505/354/185
f 371/303/155 370/304/155 507/356/155 506/355/155
f 370/304/186 366/368/186 508/357/186 507/356/186
f 366/368/182 367/366/182 505/354/182 508/357/182
f 366/368/187 370/304/187 510/359/187 509/358/187
f 370/304/155 369/272/155 511/360/155 510/359/155
f 369/272/188 365/29/188 512/361/188 511/360/188
f 365/29/157 366/368/157 509/358/157 512/361/157
f 39/418/189 37/393/189 514/402/189 513/401/189
f 37/393/190 440/396/190 515/403/190 514/402/190
f 440/396/191 436/419/191 516/404/191 515/403/191
f 436/419/169 39/418/169 513/401/169 516/404/169
f 436/419/192 440/396/192 518/406/192 517/405/192
f 440/396/167 439/398/167 519/407/167 518/406/167
f 439/398/193 435/421/193 520/408/193 519/407/193
f 435/421/169 436/419/169 517/405/169 520/408/169
f 435/421/194 439/398/194 522/410/194 521/409/194
f 439/398/167 438/400/167 523/411/167 522/410/167
f 438/400/195 434/423/195 524/412/195 523/411/195
f 434/423/169 435/421/169 521/409/169 524/412/169
f 434/423/196 438/400/196 526/414/196 525/413/196
f 438/400/167 437/71/167 527/415/167 526/414/167
f 437/71/197 433/62/197 528/416/197 527/415/197
f 433/62/169 434/423/169 525/413/169 528/416/169
f 63/442/198 64/284/198 530/426/198 529/425/198
f 64/284/199 428/381/199 531/427/199 530/426/199
f 428/381/200 424/443/200 532/428/200 531/427/200
f 424/443/201 63/442/201 529/425/201 532/428/201
f 424/443/202 428/381/202 534/430/202 533/429/202
f 428/381/199 427/382/199 535/431/199 534/430/199
f 427/382/203 423/445/203 536/432/203 535/431/203
f 423/445/201 424/443/201 533/429/201 536/432/201
f 423/445/204 427/382/204 538/434/204 537/433/204
f 427/382/199 426/383/199 539/435/199 538/434/199
f 426/383/205 422/447/205 540/436/205 539/435/205
f 422/447/161 423/445/161 537/433/161 540/436/161
f 422/447/206 426/383/206 542/438/206 541/437/206
f 426/383/159 425/276/159 543/439/159 542/438/159
f 425/276/207 421/39/207 544/440/207 543/439/207
f 421/39/161 422/447/161 541/437/161 544/440/161
o Cube.082
v -8.570294 9.535747 42.479969
v 24.922867 9.534660 37.320377
v 8.290106 9.535747 42.479969
v -8.572768 -8.642236 42.496277
v 8.292588 -8.642236 42.496277
v 24.931339 -8.642024 37.334389
v -8.108993 18.366024 39.445366
v -7.175008 26.141830 33.301331
v -7.880677 21.213049 37.943455
v -7.543258 24.022163 35.723793
v -20.312176 26.139118 29.226606
v -21.603500 24.018700 31.363586
v 23.306580 18.362078 34.645630
v 20.031990 26.139118 29.226606
v 22.506313 21.209049 33.321293
v 21.323315 24.018700 31.363586
v 6.894820 26.141830 33.301331
v 7.828803 18.366024 39.445366
v 7.263070 24.022163 35.723793
v 7.600491 21.213049 37.943455
v -19.607075 -22.320171 28.059763
v -6.973698 -22.323372 31.977057
v -8.042836 -14.798705 39.010201
v -7.362228 -20.210175 34.532940
v -7.748525 -17.491409 37.074127
v 7.762655 -14.798707 39.010201
v 6.693516 -22.323372 31.977057
v 7.468345 -17.491409 37.074135
v 7.082047 -20.210175 34.532940
v 19.326893 -22.320171 28.059763
v 23.074875 -14.793801 34.262184
v 20.689054 -20.206291 30.313965
v 22.043247 -17.486889 32.554981
v -19.216236 -22.798428 27.412975
v -18.409348 -23.585869 26.077681
v -17.453888 -24.275280 24.496523
v -6.862403 -22.800880 31.244923
v -6.360299 -24.275902 27.941908
v -6.632523 -23.587292 29.732693
v 6.582222 -22.800880 31.244921
v 6.352340 -23.587292 29.732689
v 6.080115 -24.275902 27.941904
v 18.936054 -22.798428 27.412975
v 17.173706 -24.275280 24.496519
v 18.129160 -23.585869 26.077679
v -6.725574 28.005352 30.349039
v -6.481401 28.662060 29.119055
v -18.739491 28.001549 26.625586
v -18.027561 28.656025 25.548607
v 18.458496 28.003368 26.622339
v 17.808350 28.664700 25.526625
v 6.446064 28.005924 30.347937
v 6.275431 28.664883 29.110666
v -25.203053 9.534660 37.320377
v -25.211517 -8.642024 37.334389
v -22.786507 21.209049 33.321297
v -23.586765 18.362078 34.645630
v -22.323433 -17.486889 32.554981
v -20.969238 -20.206291 30.313969
v -23.355057 -14.793801 34.262184
v -11.513459 6.152982 40.555412
v -10.348525 7.441909 41.148914
v -10.909690 6.805388 40.810436
v -21.692944 -5.261228 37.408119
v -22.990360 -6.549664 37.240143
v -22.335602 -5.913470 37.277687
v -10.350436 -6.549832 41.161518
v -11.515019 -5.261358 40.565681
v -10.911435 -5.913617 40.821896
v 11.234838 -5.261358 40.565681
v 10.070256 -6.549832 41.161518
v 10.631252 -5.913617 40.821896
v -22.983864 7.441090 37.229404
v -21.687637 6.152318 37.399353
v -22.329697 6.804646 37.267921
v 21.407452 6.152318 37.399349
v 22.703678 7.441090 37.229404
v 22.049511 6.804644 37.267925
v 10.068337 7.441909 41.148914
v 11.233270 6.152982 40.555412
v 10.629501 6.805388 40.810436
v 22.710178 -6.549664 37.240143
v 21.412762 -5.261228 37.408119
v 22.055424 -5.913470 37.277687
v -11.514846 -3.993098 40.564541
v -11.514672 -2.724838 40.563400
v -11.514499 -1.456578 40.562260
v -11.514325 -0.188318 40.561119
v -11.514152 1.079942 40.559978
v -11.513978 2.348202 40.558838
v -11.513804 3.616462 40.557697
v -11.513631 4.884722 40.556557
v -21.688225 4.884146 37.400326
v -21.688816 3.615974 37.401299
v -21.689404 2.347802 37.402271
v -21.689995 1.079631 37.403244
v -21.690582 -0.188541 37.404221
v -21.691174 -1.456713 37.405197
v -21.691761 -2.724884 37.406170
v -21.692352 -3.993056 37.407143
v 11.233444 4.884722 40.556553
v 11.233619 3.616462 40.557693
v 11.233793 2.348202 40.558834
v 11.233967 1.079942 40.559975
v 11.234141 -0.188318 40.561115
v 11.234316 -1.456578 40.562256
v 11.234490 -2.724838 40.563396
v 11.234665 -3.993098 40.564537
v 21.412172 -3.993056 37.407146
v 21.411583 -2.724885 37.406174
v 21.410992 -1.456713 37.405197
v 21.410400 -0.188541 37.404221
v 21.409811 1.079630 37.403248
v 21.409222 2.347802 37.402275
v 21.408630 3.615974 37.401299
v 21.408043 4.884146 37.400322
v -20.562061 -5.261242 37.758961
v -19.431183 -5.261256 38.109802
v -18.300301 -5.261271 38.460644
v -17.169422 -5.261285 38.811485
v -16.038540 -5.261299 39.162323
v -14.907660 -5.261313 39.513161
v -13.776780 -5.261329 39.864002
v -12.645900 -5.261344 40.214844
v -12.643924 6.152908 40.204739
v -13.774388 6.152834 39.854065
v -14.904853 6.152761 39.503391
v -16.035316 6.152687 39.152718
v -17.165783 6.152613 38.802044
v -18.296246 6.152539 38.451370
v -19.426708 6.152465 38.100697
v -20.557171 6.152391 37.750023
v 20.276987 6.152391 37.750023
v 19.146523 6.152465 38.100697
v 18.016058 6.152539 38.451370
v 16.885593 6.152613 38.802044
v 15.755129 6.152687 39.152718
v 14.624664 6.152761 39.503391
v 13.494200 6.152834 39.854065
v 12.363735 6.152908 40.204739
v 12.365719 -5.261344 40.214840
v 13.496599 -5.261330 39.863998
v 14.627480 -5.261315 39.513157
v 15.758360 -5.261301 39.162315
v 16.889240 -5.261287 38.811478
v 18.020123 -5.261271 38.460640
v 19.151001 -5.261257 38.109798
v 20.281883 -5.261243 37.758957
v 13.411743 3.945209 41.408627
v 12.320076 3.077737 40.221199
v 11.861216 2.079515 40.364475
v 11.626040 0.999358 40.438431
v 11.626341 -0.108579 40.439365
v 11.862103 -1.188736 40.367229
v 12.321506 -2.186948 40.225639
v 13.413561 -3.051912 41.414551
v 13.806749 4.634761 39.758560
v 13.809024 -3.743942 39.765625
v 14.760015 5.115486 39.462391
v 14.762547 -4.224648 39.470268
v 15.791605 5.362036 39.142143
v 15.794272 -4.471178 39.150436
v 16.849792 5.362046 38.813873
v 16.852463 -4.471168 38.822166
v 17.881519 5.115517 38.494041
v 17.884052 -4.224618 38.501915
v 18.835045 4.634810 38.198685
v 18.837315 -3.743894 38.205750
v 20.094688 3.945366 39.335445
v 20.322563 3.077817 37.738670
v 20.781963 2.079606 37.597080
v 21.017727 0.999449 37.524944
v 21.018024 -0.108488 37.525879
v 20.782848 -1.188650 37.599834
v 20.323990 -2.186871 37.743111
v 20.096500 -3.051763 39.341373
v -13.693748 -3.051903 41.414558
v -12.601687 -2.186944 40.225647
v -12.142285 -1.188731 40.367233
v -11.906526 -0.108579 40.439369
v -11.906224 0.999358 40.438435
v -12.141400 2.079519 40.364475
v -12.600261 3.077741 40.221203
v -13.691926 3.945220 41.408630
v -14.089206 -3.743939 39.765633
v -14.086936 4.634763 39.758560
v -15.042729 -4.224647 39.470276
v -15.040198 5.115487 39.462395
v -16.074455 -4.471176 39.150444
v -16.071789 5.362035 39.142143
v -17.132645 -4.471166 38.822174
v -17.129978 5.362045 38.813873
v -18.164234 -4.224618 38.501923
v -18.161701 5.115515 38.494041
v -19.117496 -3.743894 38.205757
v -19.115227 4.634809 38.198685
v -20.376682 -3.051760 39.341377
v -20.604172 -2.186872 37.743114
v -21.063030 -1.188651 37.599842
v -21.298206 -0.108490 37.525883
v -21.297909 0.999446 37.524948
v -21.062145 2.079603 37.597084
v -20.602745 3.077815 37.738674
v -20.374870 3.945366 39.335449
v 12.979610 3.943964 40.015797
v 12.320076 3.077737 40.221199
v 11.861216 2.079515 40.364475
v 11.626040 0.999358 40.438431
v 11.626341 -0.108579 40.439365
v 11.862103 -1.188736 40.367229
v 12.321506 -2.186948 40.225639
v 12.981510 -3.053163 40.021694
v 19.662556 3.944031 37.942612
v 20.322563 3.077817 37.738670
v 20.781963 2.079606 37.597080
v 21.017727 0.999449 37.524944
v 21.018024 -0.108488 37.525879
v 20.782848 -1.188650 37.599834
v 20.323990 -2.186871 37.743111
v 19.664455 -3.053098 37.948513
v 13.806749 4.634761 39.758560
v 13.809024 -3.743942 39.765625
v 14.760015 5.115486 39.462391
v 14.762547 -4.224648 39.470268
v 15.791605 5.362036 39.142143
v 15.794272 -4.471178 39.150436
v 16.849792 5.362046 38.813873
v 16.852463 -4.471168 38.822166
v 17.881519 5.115517 38.494041
v 17.884052 -4.224618 38.501915
v 18.835045 4.634810 38.198685
v 18.837315 -3.743894 38.205750
v -13.261693 -3.053159 40.021702
v -12.601687 -2.186944 40.225647
v -12.142285 -1.188731 40.367233
v -11.906526 -0.108579 40.439369
v -11.906224 0.999358 40.438435
v -12.141400 2.079519 40.364475
v -12.600261 3.077741 40.221203
v -13.259797 3.943968 40.015797
v -19.944637 -3.053098 37.948521
v -20.604172 -2.186872 37.743114
v -21.063030 -1.188651 37.599842
v -21.298206 -0.108490 37.525883
v -21.297909 0.999446 37.524948
v -21.062145 2.079603 37.597084
v -20.602745 3.077815 37.738674
v -19.942741 3.944029 37.942616
v -14.089206 -3.743939 39.765633
v -14.086936 4.634763 39.758560
v -15.042729 -4.224647 39.470276
v -15.040198 5.115487 39.462395
v -16.074455 -4.471176 39.150444
v -16.071789 5.362035 39.142143
v -17.132645 -4.471166 38.822174
v -17.129978 5.362045 38.813873
v -18.164234 -4.224618 38.501923
v -18.161701 5.115515 38.494041
v -19.117496 -3.743894 38.205757
v -19.115227 4.634809 38.198685
v 12.979610 3.943964 40.015797
v 12.752197 3.079006 41.614033
v 12.293321 2.080810 41.757317
v 12.058136 1.000655 41.831272
v 12.058429 -0.107280 41.832211
v 12.294181 -1.187440 41.760078
v 12.753567 -2.185676 41.618492
v 12.981510 -3.053163 40.021694
v 19.662556 3.944031 37.942612
v 20.754681 3.079129 39.131508
v 21.214062 2.080894 38.989922
v 21.449818 1.000735 38.917789
v 21.450109 -0.107203 38.918724
v 21.214924 -1.187362 38.992683
v 20.756046 -2.185557 39.135967
v 19.664455 -3.053098 37.948513
v 14.238859 4.636017 41.151398
v 14.241095 -3.742682 41.158478
v 15.192098 5.116764 40.855236
v 15.194639 -4.223371 40.863113
v 16.223686 5.363326 40.534992
v 16.226364 -4.469890 40.543282
v 17.281876 5.363344 40.206718
v 17.284555 -4.469872 40.215012
v 18.313602 5.116824 39.886887
v 18.316147 -4.223311 39.894760
v 19.267153 4.636134 39.591522
v 19.269384 -3.742569 39.598602
v -13.261693 -3.053159 40.021702
v -13.033751 -2.185668 41.618500
v -12.574363 -1.187436 41.760082
v -12.338611 -0.107281 41.832214
v -12.338317 1.000658 41.831280
v -12.573503 2.080815 41.757317
v -13.032378 3.079013 41.614040
v -13.259797 3.943968 40.015797
v -19.944637 -3.053098 37.948521
v -21.036232 -2.185559 39.135971
v -21.495106 -1.187363 38.992691
v -21.730293 -0.107204 38.918728
v -21.730003 1.000731 38.917793
v -21.494251 2.080892 38.989925
v -21.034863 3.079130 39.131508
v -19.942741 3.944029 37.942616
v -14.521281 -3.742673 41.158482
v -14.519044 4.636024 41.151402
v -15.474822 -4.223363 40.863121
v -15.472285 5.116763 40.855240
v -16.506546 -4.469884 40.543289
v -16.503872 5.363323 40.534992
v -17.564735 -4.469867 40.215019
v -17.562061 5.363343 40.206722
v -18.596325 -4.223309 39.894768
v -18.593788 5.116826 39.886887
v -19.549564 -3.742566 39.598610
v -19.547337 4.636137 39.591522
v -22.396530 -11.074792 37.535515
v -10.885932 -11.074908 41.106426
v -10.956241 12.044773 41.545784
v -22.629612 12.043987 37.924553
v 22.349426 12.043987 37.924553
v 10.676054 12.044773 41.545784
v 10.605752 -11.074908 41.106426
v 22.116348 -11.074792 37.535519
v -21.855946 16.269630 36.644291
v -10.735347 16.272444 40.092781
v 10.455158 16.272444 40.092781
v 21.575760 16.269630 36.644291
v -10.720584 -12.996324 40.018581
v -21.817684 -12.992743 36.577541
v 21.537498 -12.992743 36.577541
v 10.440403 -12.996325 40.018581
v -10.271371 11.309586 41.313984
v -9.995404 16.591627 39.498665
v -22.114147 16.588554 35.740631
v -23.080845 11.308731 37.340343
v 9.991182 11.309586 41.313984
v 9.715215 16.591627 39.498665
v 22.800655 11.308731 37.340343
v 21.833961 16.588554 35.740631
v -22.914131 -10.274261 37.079266
v -22.042606 -13.162101 35.636959
v -9.979903 -13.165984 39.377403
v -10.228770 -10.274399 41.014637
v 9.699721 -13.165986 39.377403
v 9.948590 -10.274399 41.014637
v 21.762424 -13.162101 35.636959
v 22.633949 -10.274261 37.079266
v 11.620338 -8.642194 41.463898
v 14.948088 -8.642152 40.431519
v 18.275837 -8.642109 39.399143
v 21.603588 -8.642066 38.366768
v 9.220192 -22.322731 31.193598
v 11.746867 -22.322090 30.410139
v 14.273542 -22.321453 29.626680
v 16.800217 -22.320812 28.843222
v 17.967653 -20.207069 31.157761
v 15.246252 -20.207844 32.001556
v 12.524851 -20.208622 32.845352
v 9.803449 -20.209396 33.689148
v 19.128265 -17.487793 33.458813
v 16.213285 -17.488697 34.362644
v 13.298306 -17.489601 35.266476
v 10.383326 -17.490505 36.170303
v 20.012432 -14.794782 35.211788
v 16.949987 -14.795762 36.161392
v 13.887543 -14.796744 37.110996
v 10.825099 -14.797727 38.060600
v 14.954988 -24.275406 25.185596
v 12.736269 -24.275528 25.874674
v 10.517551 -24.275654 26.563751
v 8.298834 -24.275776 27.252827
v 15.773796 -23.586155 26.808681
v 13.418432 -23.586437 27.539684
v 11.063068 -23.586723 28.270685
v 8.707705 -23.587006 29.001686
v 16.465286 -22.798920 28.179365
v 13.994520 -22.799408 28.945755
v 11.523754 -22.799900 29.712143
v 9.052988 -22.800388 30.478531
v 19.770588 -5.913500 37.986530
v 17.485756 -5.913529 38.695374
v 15.200920 -5.913559 39.404213
v 12.916086 -5.913589 40.113052
v 20.182194 -6.549698 38.024418
v 17.654209 -6.549731 38.808693
v 15.126225 -6.549765 39.592968
v 12.598241 -6.549798 40.377243
v 12.485662 -10.274371 40.227562
v 15.022735 -10.274343 39.440487
v 17.559807 -10.274316 38.653412
v 20.096878 -10.274288 37.866341
v 19.349884 -13.162877 36.385048
v 16.937344 -13.163655 37.133137
v 14.524802 -13.164432 37.881226
v 12.112262 -13.165208 38.629314
v 12.907871 -11.074885 40.392246
v 15.209991 -11.074862 39.678062
v 17.512112 -11.074840 38.963882
v 19.814230 -11.074815 38.249702
v 19.318081 -12.993461 37.265751
v 17.098660 -12.994176 37.953957
v 14.879241 -12.994893 38.642166
v 12.659822 -12.995610 39.330376
v -21.883770 -8.642066 38.366768
v -18.556019 -8.642108 39.399147
v -15.228269 -8.642151 40.431522
v -11.900517 -8.642194 41.463898
v -17.080399 -22.320812 28.843222
v -14.553723 -22.321453 29.626680
v -12.027047 -22.322094 30.410139
v -9.500373 -22.322731 31.193598
v -10.083631 -20.209400 33.689144
v -12.805032 -20.208622 32.845352
v -15.526435 -20.207848 32.001556
v -18.247837 -20.207069 31.157764
v -10.663507 -17.490505 36.170300
v -13.578488 -17.489601 35.266472
v -16.493469 -17.488697 34.362640
v -19.408451 -17.487793 33.458809
v -11.105281 -14.797725 38.060596
v -14.167726 -14.796744 37.110992
v -17.230171 -14.795764 36.161388
v -20.292614 -14.794782 35.211784
v -8.579017 -24.275780 27.252831
v -10.797734 -24.275654 26.563753
v -13.016452 -24.275532 25.874676
v -15.235169 -24.275406 25.185600
v -8.987887 -23.587009 29.001690
v -11.343253 -23.586723 28.270687
v -13.698619 -23.586441 27.539684
v -16.053982 -23.586155 26.808681
v -9.333169 -22.800392 30.478533
v -11.803937 -22.799900 29.712143
v -14.274703 -22.799412 28.945753
v -16.745468 -22.798920 28.179363
v -13.196269 -5.913588 40.113052
v -15.481103 -5.913558 39.404213
v -17.765938 -5.913528 38.695370
v -20.050770 -5.913499 37.986526
v -12.878421 -6.549799 40.377243
v -15.406405 -6.549766 39.592968
v -17.934391 -6.549731 38.808693
v -20.462376 -6.549697 38.024418
v -20.377060 -10.274288 37.866341
v -17.839985 -10.274316 38.653416
v -15.302915 -10.274343 39.440491
v -12.765843 -10.274371 40.227562
v -12.392444 -13.165208 38.629314
v -14.804984 -13.164432 37.881226
v -17.217525 -13.163655 37.133137
v -19.630066 -13.162877 36.385048
v -20.094410 -11.074815 38.249699
v -17.792290 -11.074838 38.963882
v -15.490170 -11.074861 39.678062
v -13.188050 -11.074883 40.392242
v -12.940003 -12.995608 39.330372
v -15.159423 -12.994893 38.642166
v -17.378841 -12.994176 37.953957
v -19.598263 -12.993459 37.265747
v -10.387111 -17.377590 36.935604
v -10.703477 -15.449203 38.289299
v -8.563361 -15.449893 38.952911
v -8.352593 -17.378216 37.566425
v 19.816498 -17.374531 33.925007
v 20.449677 -15.445989 35.180370
v 22.585045 -15.445300 34.518227
v 21.846268 -17.373905 33.295658
v -8.695796 -23.778893 29.752350
v -8.850406 -23.426666 30.413654
v -7.315643 -23.426968 30.889709
v -7.212718 -23.779076 30.212633
v 16.482201 -23.777950 27.248823
v 16.792200 -23.425022 27.863308
v 18.316225 -23.424725 27.390583
v 17.954453 -23.777771 26.791899
v 6.932537 -23.779076 30.212627
v 7.035462 -23.426968 30.889706
v 8.570225 -23.426666 30.413651
v 8.415612 -23.778893 29.752344
v 9.316618 -23.778793 29.472712
v 9.471262 -23.426479 30.134155
v 11.010041 -23.426178 29.656855
v 10.803688 -23.778610 29.011189
v 11.702921 -23.778511 28.732105
v 11.909317 -23.425995 29.377907
v 13.447626 -23.425694 28.900753
v 13.189499 -23.778328 28.270737
v 14.091457 -23.778233 27.990808
v 14.349638 -23.425510 28.620956
v 15.883003 -23.425209 28.145334
v 15.573069 -23.778049 27.530977
v 8.072414 -17.378216 37.566433
v 8.283181 -15.449895 38.952915
v 10.423296 -15.449204 38.289303
v 10.106931 -17.377590 36.935608
v 11.006977 -17.377293 36.656528
v 11.323347 -15.448920 38.010231
v 13.465189 -15.448228 37.346081
v 13.043221 -17.376667 36.025173
v 13.942512 -17.376373 35.746326
v 14.364485 -15.447942 37.067249
v 16.506107 -15.447249 36.403168
v 15.978537 -17.375744 35.115036
v 16.879021 -17.375450 34.835819
v 17.406595 -15.446963 36.123962
v 19.546055 -15.446275 35.460548
v 18.912880 -17.374825 34.205196
v -18.234638 -23.777771 26.791901
v -18.596409 -23.424725 27.390583
v -17.072384 -23.425026 27.863306
v -16.762386 -23.777950 27.248823
v -15.853255 -23.778053 27.530979
v -16.163185 -23.425209 28.145332
v -14.629823 -23.425510 28.620955
v -14.371642 -23.778233 27.990808
v -13.469686 -23.778332 28.270737
v -13.727809 -23.425694 28.900751
v -12.189500 -23.425995 29.377907
v -11.983106 -23.778515 28.732107
v -11.083873 -23.778614 29.011190
v -11.290225 -23.426182 29.656855
v -9.751443 -23.426483 30.134157
v -9.596801 -23.778793 29.472713
v -22.126453 -17.373905 33.295654
v -22.865227 -15.445300 34.518227
v -20.729858 -15.445989 35.180367
v -20.096684 -17.374531 33.925007
v -19.193069 -17.374825 34.205193
v -19.826241 -15.446275 35.460545
v -17.686779 -15.446965 36.123959
v -17.159206 -17.375450 34.835815
v -16.258720 -17.375744 35.115032
v -16.786289 -15.447251 36.403164
v -14.644668 -15.447942 37.067245
v -14.222695 -17.376373 35.746323
v -13.323401 -17.376667 36.025166
v -13.745370 -15.448228 37.346077
v -11.603528 -15.448918 38.010227
v -11.287158 -17.377296 36.656525
vn 0.1952 -0.7526 -0.6289
vn 0.2325 -0.6200 -0.7493
vn 0.2621 -0.4666 -0.8447
vn -0.1952 -0.7526 -0.6289
vn -0.2325 -0.6200 -0.7493
vn -0.2621 -0.4666 -0.8447
vn 0.2802 -0.3250 -0.9032
vn -0.2802 -0.3250 -0.9032
vn 0.1889 0.7707 -0.6085
vn 0.2165 0.6829 -0.6977
vn 0.2406 0.5838 -0.7754
vn -0.1889 0.7707 -0.6086
vn -0.2165 0.6828 -0.6977
vn -0.2406 0.5838 -0.7755
vn 0.2579 0.4927 -0.8311
vn -0.2578 0.4929 -0.8310
vn 0.1065 0.9334 -0.3427
vn 0.1368 0.8872 -0.4406
vn -0.1065 0.9334 -0.3427
vn -0.1368 0.8872 -0.4405
vn 0.1620 0.8376 -0.5217
vn -0.1619 0.8377 -0.5216
vn 0.1383 -0.8846 -0.4454
vn -0.1398 -0.8820 -0.4500
vn 0.1583 -0.8456 -0.5097
vn -0.1583 -0.8457 -0.5097
vn 0.3899 -0.0009 -0.9208
vn 0.5172 -0.0008 -0.8559
vn 0.1997 -0.0008 -0.9799
vn 0.0580 -0.0008 -0.9983
vn -0.3899 -0.0009 -0.9208
vn -0.5172 -0.0008 -0.8559
vn -0.1997 -0.0008 -0.9799
vn -0.0580 -0.0008 -0.9983
vn 0.2948 -0.1005 -0.9503
vn 0.2876 -0.2412 -0.9269
vn 0.2948 0.0987 -0.9504
vn 0.2876 0.2395 -0.9273
vn -0.2948 0.0987 -0.9504
vn -0.2876 0.2395 -0.9273
vn -0.2948 -0.1005 -0.9503
vn -0.2876 -0.2412 -0.9269
vn 0.5998 -0.0008 -0.8001
vn 0.2963 -0.0009 -0.9551
vn 0.2791 0.3350 -0.8999
vn -0.0417 -0.0007 -0.9991
vn 0.2790 -0.3367 -0.8993
vn -0.5998 -0.0008 -0.8001
vn -0.2963 -0.0009 -0.9551
vn -0.2790 -0.3367 -0.8993
vn 0.0417 -0.0007 -0.9991
vn -0.2791 0.3350 -0.8999
vn -0.0000 1.0000 -0.0000
vn 0.7469 -0.6235 -0.2312
vn 0.8606 -0.4339 -0.2666
vn 0.9312 -0.2225 -0.2887
vn 0.9551 -0.0000 -0.2963
vn 0.9311 0.2225 -0.2890
vn 0.8604 0.4339 -0.2673
vn 0.7466 0.6235 -0.2321
vn -0.7466 -0.6235 0.2322
vn -0.8604 -0.4339 0.2673
vn -0.9311 -0.2225 0.2891
vn -0.9551 -0.0000 0.2963
vn -0.9312 0.2225 0.2887
vn -0.8606 0.4339 0.2666
vn -0.7469 0.6235 0.2311
vn 0.5957 -0.7818 -0.1841
vn 0.5953 0.7818 -0.1854
vn 0.4147 -0.9010 -0.1278
vn 0.4142 0.9010 -0.1293
vn 0.2128 -0.9749 -0.0651
vn 0.2123 0.9749 -0.0667
vn 0.0003 -1.0000 0.0008
vn -0.0003 1.0000 -0.0008
vn -0.2123 -0.9749 0.0668
vn -0.2128 0.9749 0.0651
vn -0.4141 -0.9010 0.1293
vn -0.4147 0.9010 0.1278
vn -0.5953 -0.7818 0.1854
vn -0.5957 0.7818 0.1840
vn -0.7466 0.6235 -0.2322
vn -0.8604 0.4339 -0.2673
vn -0.9311 0.2225 -0.2890
vn -0.9551 -0.0000 -0.2963
vn -0.9312 -0.2225 -0.2887
vn -0.8606 -0.4339 -0.2666
vn -0.7469 -0.6235 -0.2312
vn 0.7469 0.6235 0.2311
vn 0.8606 0.4339 0.2666
vn 0.9312 0.2225 0.2887
vn 0.9551 -0.0000 0.2963
vn 0.9311 -0.2225 0.2891
vn 0.8604 -0.4339 0.2673
vn 0.7466 -0.6235 0.2322
vn -0.5953 0.7818 -0.1854
vn -0.5957 -0.7818 -0.1841
vn -0.4142 0.9010 -0.1293
vn -0.4147 -0.9010 -0.1278
vn -0.2123 0.9749 -0.0667
vn -0.2128 -0.9749 -0.0651
vn 0.0003 1.0000 -0.0008
vn -0.0003 -1.0000 0.0008
vn 0.2128 0.9749 0.0651
vn 0.2123 -0.9749 0.0668
vn 0.4147 0.9010 0.1278
vn 0.4141 -0.9010 0.1293
vn 0.5957 0.7818 0.1840
vn 0.5953 -0.7818 0.1854
vn 0.2578 0.4928 -0.8311
vn -0.2578 0.4928 -0.8311
vn -0.2802 -0.3250 -0.9033
vn 0.2802 -0.3250 -0.9033
vn 0.2579 0.4928 -0.8310
vn -0.2579 0.4928 -0.8311
vn 0.2578 0.4928 -0.8310
vn -0.2578 0.4928 -0.8310
vn -0.5391 -0.2484 -0.8048
vn 0.8962 -0.2706 -0.3516
vn 0.5391 -0.2484 -0.8048
vn -0.8962 -0.2706 -0.3516
vn 0.8710 0.4031 -0.2808
vn -0.5572 0.3723 -0.7422
vn 0.5572 0.3723 -0.7422
vn -0.8710 0.4031 -0.2808
vn 0.2794 -0.3327 -0.9007
vn 0.2566 0.4998 -0.8272
vn -0.2566 0.4998 -0.8272
vn -0.2794 -0.3327 -0.9007
vn 0.1115 -0.9267 -0.3589
vn -0.1115 -0.9267 -0.3589
vn 0.0594 0.9799 -0.1906
vn -0.0594 0.9799 -0.1906
vn -0.1620 0.8376 -0.5217
vn -0.1620 0.8376 -0.5216
vn -0.1620 0.8377 -0.5216
vn -0.1368 0.8872 -0.4406
vn -0.2578 0.4927 -0.8311
vn -0.2406 0.5838 -0.7754
vn -0.2165 0.6829 -0.6977
vn -0.1889 0.7707 -0.6085
vn 0.2579 0.4928 -0.8311
vn 0.1619 0.8377 -0.5216
vn 0.1620 0.8377 -0.5216
vn 0.1368 0.8872 -0.4405
vn 0.2578 0.4929 -0.8310
vn 0.2165 0.6828 -0.6977
vn 0.1889 0.7707 -0.6086
vn 0.8446 0.3934 -0.3631
vn 0.2927 -0.1509 -0.9442
vn -0.5044 0.4671 -0.7263
vn 0.0511 0.9852 -0.1638
vn 0.4813 0.3617 -0.7984
vn -0.2927 -0.1510 -0.9442
vn -0.8160 0.4983 -0.2930
vn -0.0511 0.9852 -0.1639
vn 0.7763 0.6134 -0.1452
vn 0.2816 0.3111 -0.9077
vn -0.5890 0.6769 -0.4415
vn -0.0862 0.9567 0.2781
vn 0.5361 0.5864 -0.6072
vn -0.2816 0.3112 -0.9077
vn -0.7110 0.7031 0.0150
vn 0.0862 0.9567 0.2781
vn 0.5890 0.6769 -0.4415
vn -0.2816 0.3111 -0.9077
vn -0.7763 0.6134 -0.1452
vn 0.5807 0.6544 -0.4843
vn -0.7646 0.6362 -0.1029
vn 0.5691 0.6316 -0.5266
vn -0.7496 0.6590 -0.0618
vn 0.5541 0.6088 -0.5678
vn -0.7316 0.6814 -0.0223
vn 0.5044 0.4671 -0.7263
vn -0.2927 -0.1509 -0.9442
vn -0.8446 0.3934 -0.3631
vn -0.0511 0.9852 -0.1638
vn 0.5008 0.4408 -0.7449
vn -0.8396 0.4199 -0.3448
vn 0.4957 0.4143 -0.7633
vn -0.8331 0.4463 -0.3269
vn 0.4892 0.3879 -0.7811
vn -0.8252 0.4725 -0.3096
vn 0.7110 0.7031 0.0150
vn 0.2816 0.3112 -0.9077
vn -0.5361 0.5864 -0.6072
vn 0.7316 0.6814 -0.0223
vn -0.5541 0.6088 -0.5678
vn 0.7496 0.6590 -0.0618
vn -0.5690 0.6316 -0.5266
vn 0.7646 0.6363 -0.1029
vn -0.5807 0.6544 -0.4843
vn 0.8160 0.4983 -0.2930
vn 0.2927 -0.1510 -0.9442
vn -0.4813 0.3617 -0.7984
vn 0.0511 0.9852 -0.1639
vn 0.8252 0.4725 -0.3096
vn -0.4892 0.3879 -0.7811
vn 0.8331 0.4463 -0.3269
vn -0.4957 0.4143 -0.7633
vn 0.8396 0.4199 -0.3448
vn -0.5008 0.4408 -0.7449
vt 0.758885 0.732185
vt 0.761851 0.739139
vt 0.810622 0.718977
vt 0.804977 0.712613
vt 0.765296 0.744630
vt 0.815633 0.724781
vt 0.767805 0.745962
vt 0.817730 0.727408
vt 0.661663 0.741255
vt 0.655483 0.752175
vt 0.682810 0.775487
vt 0.689754 0.761007
vt 0.650106 0.762125
vt 0.675508 0.789445
vt 0.648017 0.766650
vt 0.670969 0.796671
vt 0.776864 0.744464
vt 0.779947 0.746607
vt 0.814993 0.735201
vt 0.811981 0.731880
vt 0.649508 0.774727
vt 0.646322 0.780980
vt 0.659048 0.806584
vt 0.664675 0.797150
vt 0.233907 0.725389
vt 0.230511 0.732470
vt 0.240154 0.736584
vt 0.242961 0.729342
vt 0.226396 0.738444
vt 0.236368 0.742477
vt 0.227423 0.739429
vt 0.224886 0.741299
vt 0.231850 0.743928
vt 0.234342 0.742206
vt 0.329656 0.739490
vt 0.336059 0.751209
vt 0.341804 0.747008
vt 0.335488 0.735965
vt 0.342314 0.762893
vt 0.347626 0.757816
vt 0.343665 0.763171
vt 0.346394 0.768580
vt 0.349704 0.764533
vt 0.347297 0.759598
vt 0.216036 0.741608
vt 0.213817 0.743516
vt 0.220794 0.745834
vt 0.222996 0.744076
vt 0.347312 0.779004
vt 0.350077 0.784168
vt 0.352718 0.779208
vt 0.350284 0.774500
vt 0.238510 0.714216
vt 0.236688 0.719649
vt 0.245263 0.723477
vt 0.246591 0.717841
vt 0.237823 0.721403
vt 0.237007 0.723064
vt 0.242543 0.725507
vt 0.243206 0.723798
vt 0.320316 0.722332
vt 0.324422 0.729915
vt 0.330328 0.726935
vt 0.326079 0.719683
vt 0.326482 0.731045
vt 0.327986 0.733820
vt 0.331648 0.731795
vt 0.330124 0.729152
vt 0.234881 0.723373
vt 0.243768 0.727281
vt 0.327822 0.736135
vt 0.333680 0.732802
vt 0.754087 0.721720
vt 0.755640 0.724692
vt 0.798836 0.705711
vt 0.796145 0.702960
vt 0.671104 0.724486
vt 0.668377 0.729369
vt 0.697325 0.745282
vt 0.700359 0.738869
vt 0.421509 0.919162
vt 0.438951 0.919162
vt 0.456394 0.919162
vt 0.473836 0.919163
vt 0.491279 0.919163
vt 0.508721 0.919164
vt 0.526164 0.919164
vt 0.543606 0.919164
vt 0.561049 0.919165
vt 0.578491 0.919165
vt 0.587540 0.915376
vt 0.412460 0.915372
vt 0.596214 0.911743
vt 0.403786 0.911740
vt 0.578489 0.980523
vt 0.561047 0.980523
vt 0.543605 0.980523
vt 0.526163 0.980524
vt 0.508721 0.980524
vt 0.491279 0.980525
vt 0.473837 0.980525
vt 0.456395 0.980525
vt 0.438953 0.980526
vt 0.421511 0.980526
vt 0.412461 0.984315
vt 0.587539 0.984312
vt 0.403787 0.987947
vt 0.596213 0.987945
vt 0.597958 0.809561
vt 0.576189 0.809562
vt 0.554421 0.809562
vt 0.532652 0.809562
vt 0.510884 0.809562
vt 0.489116 0.809562
vt 0.467347 0.809563
vt 0.445579 0.809563
vt 0.423810 0.809563
vt 0.402042 0.809563
vt 0.390415 0.810986
vt 0.609585 0.810984
vt 0.379103 0.812349
vt 0.620897 0.812348
vt 0.409219 0.786522
vt 0.429392 0.786522
vt 0.449566 0.786522
vt 0.469740 0.786522
vt 0.489913 0.786522
vt 0.510087 0.786522
vt 0.530261 0.786523
vt 0.550434 0.786523
vt 0.570608 0.786523
vt 0.590781 0.786523
vt 0.600914 0.785100
vt 0.399086 0.785099
vt 0.610461 0.783736
vt 0.389539 0.783735
vt 0.421510 0.973708
vt 0.421510 0.966890
vt 0.421510 0.960071
vt 0.421510 0.953253
vt 0.421510 0.946435
vt 0.421510 0.939617
vt 0.421509 0.932798
vt 0.421509 0.925980
vt 0.412460 0.929161
vt 0.412461 0.942949
vt 0.412461 0.956738
vt 0.412461 0.970526
vt 0.403786 0.926982
vt 0.578491 0.925983
vt 0.578491 0.932800
vt 0.578491 0.939618
vt 0.578490 0.946435
vt 0.578490 0.953253
vt 0.578490 0.960070
vt 0.578490 0.966888
vt 0.578490 0.973705
vt 0.591579 0.789083
vt 0.592376 0.791643
vt 0.593174 0.794202
vt 0.593971 0.796762
vt 0.594768 0.799322
vt 0.595566 0.801882
vt 0.596363 0.804442
vt 0.597160 0.807002
vt 0.402839 0.807003
vt 0.403637 0.804443
vt 0.404434 0.801882
vt 0.405231 0.799322
vt 0.406029 0.796762
vt 0.406826 0.794202
vt 0.407624 0.791642
vt 0.408421 0.789082
vt 0.397352 0.790276
vt 0.395617 0.795454
vt 0.393883 0.800631
vt 0.392149 0.805808
vt 0.387452 0.789458
vt 0.625000 0.899688
vt 0.375000 0.899688
vt 0.561047 0.973705
vt 0.625000 1.000000
vt 0.375000 1.000000
vt 0.375000 0.919750
vt 0.341563 0.816875
vt 0.658437 0.816875
vt 0.428772 0.789082
vt 0.357859 0.779209
vt 0.354600 0.786743
vt 0.642141 0.779209
vt 0.424430 0.807003
vt 0.425051 0.804443
vt 0.425671 0.801882
vt 0.426291 0.799322
vt 0.426911 0.796762
vt 0.427532 0.794202
vt 0.428152 0.791642
vt 0.575569 0.807002
vt 0.553978 0.807002
vt 0.532387 0.807002
vt 0.510795 0.807002
vt 0.489204 0.807002
vt 0.467613 0.807002
vt 0.446022 0.807002
vt 0.574949 0.804442
vt 0.574329 0.801882
vt 0.573709 0.799322
vt 0.573088 0.796762
vt 0.572468 0.794202
vt 0.571848 0.791642
vt 0.571228 0.789083
vt 0.550877 0.789082
vt 0.530526 0.789082
vt 0.510175 0.789082
vt 0.489825 0.789082
vt 0.469474 0.789082
vt 0.449123 0.789082
vt 0.561049 0.925982
vt 0.561048 0.932800
vt 0.561048 0.939618
vt 0.561048 0.946435
vt 0.561048 0.953253
vt 0.561048 0.960070
vt 0.561048 0.966888
vt 0.438952 0.925980
vt 0.456394 0.925981
vt 0.473836 0.925981
vt 0.491279 0.925981
vt 0.508721 0.925981
vt 0.526164 0.925982
vt 0.543606 0.925982
vt 0.438952 0.932799
vt 0.438952 0.939617
vt 0.438952 0.946435
vt 0.438952 0.953253
vt 0.438952 0.960071
vt 0.438952 0.966889
vt 0.438953 0.973708
vt 0.456395 0.973707
vt 0.473837 0.973707
vt 0.491279 0.973707
vt 0.508721 0.973706
vt 0.526163 0.973706
vt 0.543605 0.973706
vt 0.191336 0.736833
vt 0.183706 0.734337
vt 0.176422 0.734784
vt 0.186200 0.737827
vt 0.816982 0.735083
vt 0.778720 0.747406
vt 0.774688 0.750000
vt 0.823578 0.734784
vt 0.658946 0.808916
vt 0.645325 0.780599
vt 0.342734 0.801387
vt 0.339929 0.806922
vt 0.344822 0.809342
vt 0.774810 0.744786
vt 0.813277 0.730877
vt 0.649204 0.772853
vt 0.666079 0.797065
vt 0.217595 0.741478
vt 0.225219 0.744219
vt 0.232824 0.744824
vt 0.222917 0.741115
vt 0.347034 0.777038
vt 0.350371 0.772211
vt 0.350882 0.764649
vt 0.346230 0.770505
vt 0.187098 0.730512
vt 0.183291 0.726279
vt 0.221859 0.746818
vt 0.225312 0.750000
vt 0.333687 0.796344
vt 0.327623 0.793931
vt 0.353952 0.779245
vt 0.185911 0.734244
vt 0.188194 0.731735
vt 0.339514 0.804010
vt 0.335422 0.797018
vt 0.192887 0.736562
vt 0.342155 0.799050
vt 0.338394 0.792514
vt 0.337024 0.791517
vt 0.341367 0.788010
vt 0.340361 0.786691
vt 0.344339 0.783507
vt 0.343698 0.781864
vt 0.351148 0.784780
vt 0.347437 0.789129
vt 0.348343 0.790316
vt 0.344796 0.794089
vt 0.345538 0.795851
vt 0.332275 0.788075
vt 0.336926 0.782218
vt 0.341578 0.776362
vt 0.351341 0.794276
vt 0.348081 0.801809
vt 0.381190 0.806626
vt 0.383277 0.800904
vt 0.385365 0.795181
vt 0.304390 0.749467
vt 0.306327 0.753590
vt 0.312159 0.750065
vt 0.310248 0.746134
vt 0.317991 0.746540
vt 0.316106 0.742801
vt 0.323823 0.743015
vt 0.321964 0.739468
vt 0.302906 0.743353
vt 0.304492 0.746758
vt 0.308181 0.744718
vt 0.306574 0.741446
vt 0.308792 0.740280
vt 0.310357 0.743528
vt 0.314056 0.741483
vt 0.312469 0.738368
vt 0.314683 0.737205
vt 0.316228 0.740295
vt 0.319925 0.738251
vt 0.318360 0.735293
vt 0.320580 0.734126
vt 0.322104 0.737059
vt 0.325789 0.735021
vt 0.324244 0.732221
vt 0.297262 0.732930
vt 0.300801 0.741834
vt 0.306706 0.738854
vt 0.303025 0.730280
vt 0.312611 0.735874
vt 0.308789 0.727631
vt 0.318517 0.732895
vt 0.314552 0.724982
vt 0.322785 0.783919
vt 0.327405 0.791561
vt 0.330722 0.787505
vt 0.326425 0.780337
vt 0.328002 0.778735
vt 0.332150 0.785818
vt 0.335470 0.781760
vt 0.331645 0.775150
vt 0.333222 0.773548
vt 0.336897 0.780074
vt 0.340216 0.776016
vt 0.336864 0.769964
vt 0.338443 0.768360
vt 0.341645 0.774328
vt 0.344961 0.770274
vt 0.342081 0.764780
vt 0.313081 0.768015
vt 0.321066 0.783202
vt 0.326378 0.778124
vt 0.318825 0.763813
vt 0.331690 0.773047
vt 0.324570 0.759612
vt 0.337002 0.767970
vt 0.330315 0.755411
vt 0.195155 0.734203
vt 0.194722 0.733254
vt 0.202115 0.736671
vt 0.202346 0.735995
vt 0.209075 0.739140
vt 0.209971 0.738736
vt 0.214228 0.744322
vt 0.206840 0.741198
vt 0.206598 0.741826
vt 0.199864 0.738880
vt 0.198967 0.739329
vt 0.193197 0.729988
vt 0.203104 0.733697
vt 0.213010 0.737406
vt 0.215534 0.746957
vt 0.205756 0.743914
vt 0.195978 0.740871
vt 0.403787 0.972706
vt 0.375000 0.979938
vt 0.403787 0.957464
vt 0.375000 0.959875
vt 0.403786 0.942223
vt 0.375000 0.939813
vt 0.199334 0.707739
vt 0.197688 0.709578
vt 0.206743 0.713530
vt 0.208220 0.711648
vt 0.215797 0.717483
vt 0.217107 0.715556
vt 0.224852 0.721436
vt 0.225994 0.719464
vt 0.203212 0.706016
vt 0.201837 0.707535
vt 0.207334 0.709961
vt 0.208556 0.708393
vt 0.211853 0.709857
vt 0.210617 0.711412
vt 0.216148 0.713853
vt 0.217231 0.712250
vt 0.220501 0.713702
vt 0.219406 0.715292
vt 0.224955 0.717741
vt 0.225897 0.716103
vt 0.229158 0.717551
vt 0.228202 0.719176
vt 0.233753 0.721626
vt 0.234556 0.719952
vt 0.206187 0.699718
vt 0.202386 0.704338
vt 0.210962 0.708166
vt 0.214268 0.703343
vt 0.219537 0.711993
vt 0.222349 0.706967
vt 0.228112 0.715821
vt 0.230429 0.710592
vt 0.187582 0.723480
vt 0.185233 0.726280
vt 0.192181 0.728904
vt 0.194485 0.726251
vt 0.197538 0.727465
vt 0.195141 0.730033
vt 0.202103 0.732662
vt 0.204454 0.730241
vt 0.207496 0.731452
vt 0.205053 0.733787
vt 0.212022 0.736419
vt 0.214420 0.734231
vt 0.217458 0.735439
vt 0.214968 0.737542
vt 0.221937 0.740174
vt 0.224383 0.738219
vt 0.191942 0.716013
vt 0.186507 0.722309
vt 0.196479 0.726342
vt 0.201585 0.720127
vt 0.206451 0.730376
vt 0.211227 0.724242
vt 0.216424 0.734410
vt 0.220869 0.728356
s 0
f 552/449/208 554/450/208 556/451/208 555/452/208
f 554/450/209 553/453/209 600/454/209 556/451/209
f 553/453/210 551/455/210 601/456/210 600/454/210
f 558/457/211 560/458/211 563/459/211 561/460/211
f 560/458/212 559/461/212 564/462/212 563/459/212
f 559/461/213 557/463/213 562/464/213 564/462/213
f 870/465/214 863/466/214 864/467/214 869/468/214
f 872/469/215 865/470/215 866/471/215 871/472/215
f 956/473/216 957/474/216 568/475/216 566/476/216
f 957/474/217 961/477/217 569/478/217 568/475/217
f 1005/479/218 1006/480/218 1007/481/218 1008/482/218
f 900/483/219 901/484/219 576/485/219 574/486/219
f 901/484/220 905/487/220 577/488/220 576/485/220
f 1009/489/221 1010/490/221 1011/491/221 1012/492/221
f 1001/493/222 1000/494/222 862/495/222 873/496/222
f 945/497/223 944/498/223 868/499/223 875/500/223
f 969/501/224 973/502/224 583/503/224 582/504/224
f 1013/505/225 1014/506/225 1015/507/225 1016/508/225
f 913/509/226 917/510/226 589/511/226 588/512/226
f 1017/513/227 1018/514/227 1019/515/227 1020/516/227
f 977/517/228 956/473/228 566/476/228 581/518/228
f 921/519/229 900/483/229 574/486/229 587/520/229
f 591/521/230 590/522/230 592/523/230 593/524/230
f 595/525/231 594/526/231 596/527/231 597/528/231
f 590/522/232 552/449/232 555/452/232 592/523/232
f 594/526/233 558/457/233 561/460/233 596/527/233
f 612/529/234 629/530/234 630/531/234 631/532/234 632/533/234 633/534/234 634/535/234 635/536/234 636/537/234 605/538/234 607/539/234 613/540/234
f 613/540/235 607/539/235 606/541/235 611/542/235
f 618/543/236 637/544/236 638/545/236 639/546/236 640/547/236 641/548/236 642/549/236 643/550/236 644/551/236 608/552/236 610/553/236 619/554/236
f 619/554/237 610/553/237 609/555/237 617/556/237
f 624/557/238 645/558/238 646/559/238 647/560/238 648/561/238 649/562/238 650/563/238 651/564/238 652/565/238 614/566/238 616/567/238 625/568/238
f 625/568/239 616/567/239 615/569/239 623/570/239
f 627/571/240 653/572/240 654/573/240 655/574/240 656/575/240 657/576/240 658/577/240 659/578/240 660/579/240 620/580/240 622/581/240 628/582/240
f 628/582/241 622/581/241 621/583/241 626/584/241
f 608/552/242 661/585/242 662/586/242 663/587/242 664/588/242 665/589/242 666/590/242 667/591/242 668/592/242 612/529/242 613/540/242 981/593/242 982/594/242 983/595/242 984/596/242 610/553/242
f 981/593/243 613/540/243 611/542/243 985/597/243
f 605/538/244 669/598/244 670/599/244 671/600/244 672/601/244 673/602/244 674/603/244 675/604/244 676/605/244 618/543/244 619/554/244 607/539/244
f 607/539/245 619/554/245 617/556/245 606/541/245
f 620/580/246 677/606/246 678/607/246 679/608/246 680/609/246 681/610/246 682/611/246 683/612/246 684/613/246 624/557/246 625/568/246 622/581/246
f 622/581/247 625/568/247 623/570/247 621/583/247
f 614/566/248 685/614/248 686/615/248 687/616/248 688/617/248 689/618/248 690/619/248 691/620/248 692/621/248 627/571/248 628/582/248 925/622/248 926/623/248 927/624/248 928/625/248 616/567/248
f 925/622/249 628/582/249 626/584/249 929/626/249
f 611/542/250 606/541/250 545/627/250 548/628/250
f 792/629/251 637/544/251 618/543/251 676/605/251
f 606/541/252 617/556/252 598/630/252 545/627/252
f 617/556/253 609/555/253 599/631/253 598/630/253
f 985/597/254 611/542/254 548/628/254 952/632/254
f 623/570/255 615/569/255 549/633/255 547/634/255
f 764/635/256 653/572/256 627/571/256 692/621/256
f 929/626/257 626/584/257 550/636/257 896/637/257
f 626/584/258 621/583/258 546/638/258 550/636/258
f 621/583/259 623/570/259 547/634/259 546/638/259
f 652/565/256 756/639/256 685/614/256 614/566/256
f 756/639/256 766/640/256 686/615/256 685/614/256
f 766/640/256 768/641/256 687/616/256 686/615/256
f 768/641/256 770/642/256 688/617/256 687/616/256
f 770/642/256 772/643/256 689/618/256 688/617/256
f 772/643/256 774/644/256 690/619/256 689/618/256
f 774/644/256 776/645/256 691/620/256 690/619/256
f 776/645/256 764/635/256 692/621/256 691/620/256
f 624/557/256 684/613/256 749/646/256 645/558/256
f 645/558/256 749/646/256 750/647/256 646/559/256
f 646/559/256 750/647/256 751/648/256 647/560/256
f 647/560/256 751/648/256 752/649/256 648/561/256
f 648/561/256 752/649/256 753/650/256 649/562/256
f 649/562/256 753/650/256 754/651/256 650/563/256
f 650/563/256 754/651/256 755/652/256 651/564/256
f 651/564/256 755/652/256 756/639/256 652/565/256
f 684/613/256 683/612/256 765/653/256 749/646/256
f 683/612/256 682/611/256 767/654/256 765/653/256
f 682/611/256 681/610/256 769/655/256 767/654/256
f 681/610/256 680/609/256 771/656/256 769/655/256
f 680/609/256 679/608/256 773/657/256 771/656/256
f 679/608/256 678/607/256 775/658/256 773/657/256
f 678/607/256 677/606/256 757/659/256 775/658/256
f 677/606/256 620/580/256 660/579/256 757/659/256
f 757/659/256 660/579/256 659/578/256 758/660/256
f 758/660/256 659/578/256 658/577/256 759/661/256
f 759/661/256 658/577/256 657/576/256 760/662/256
f 760/662/256 657/576/256 656/575/256 761/663/256
f 761/663/256 656/575/256 655/574/256 762/664/256
f 762/664/256 655/574/256 654/573/256 763/665/256
f 763/665/256 654/573/256 653/572/256 764/635/256
f 636/537/251 784/666/251 669/598/251 605/538/251
f 784/666/251 794/667/251 670/599/251 669/598/251
f 794/667/251 796/668/251 671/600/251 670/599/251
f 796/668/251 798/669/251 672/601/251 671/600/251
f 798/669/251 800/670/251 673/602/251 672/601/251
f 800/670/251 802/671/251 674/603/251 673/602/251
f 802/671/251 804/672/251 675/604/251 674/603/251
f 804/672/251 792/629/251 676/605/251 675/604/251
f 612/529/251 668/592/251 777/673/251 629/530/251
f 629/530/251 777/673/251 778/674/251 630/531/251
f 630/531/251 778/674/251 779/675/251 631/532/251
f 631/532/251 779/675/251 780/676/251 632/533/251
f 632/533/251 780/676/251 781/677/251 633/534/251
f 633/534/251 781/677/251 782/678/251 634/535/251
f 634/535/251 782/678/251 783/679/251 635/536/251
f 635/536/251 783/679/251 784/666/251 636/537/251
f 668/592/251 667/591/251 793/680/251 777/673/251
f 667/591/251 666/590/251 795/681/251 793/680/251
f 666/590/251 665/589/251 797/682/251 795/681/251
f 665/589/251 664/588/251 799/683/251 797/682/251
f 664/588/251 663/587/251 801/684/251 799/683/251
f 663/587/251 662/586/251 803/685/251 801/684/251
f 662/586/251 661/585/251 785/686/251 803/685/251
f 661/585/251 608/552/251 644/551/251 785/686/251
f 785/686/251 644/551/251 643/550/251 786/687/251
f 786/687/251 643/550/251 642/549/251 787/688/251
f 787/688/251 642/549/251 641/548/251 788/689/251
f 788/689/251 641/548/251 640/547/251 789/690/251
f 789/690/251 640/547/251 639/546/251 790/691/251
f 790/691/251 639/546/251 638/545/251 791/692/251
f 791/692/251 638/545/251 637/544/251 792/629/251
f 805/646/260 694/647/260 750/647/260 749/646/260
f 694/647/260 695/648/260 751/648/260 750/647/260
f 695/648/260 696/649/260 752/649/260 751/648/260
f 696/649/260 697/650/260 753/650/260 752/649/260
f 697/650/260 698/651/260 754/651/260 753/650/260
f 698/651/260 699/652/260 755/652/260 754/651/260
f 699/652/260 812/639/260 756/639/260 755/652/260
f 714/660/260 813/659/260 757/659/260 758/660/260
f 715/661/260 714/660/260 758/660/260 759/661/260
f 716/662/260 715/661/260 759/661/260 760/662/260
f 717/663/260 716/662/260 760/662/260 761/663/260
f 718/664/260 717/663/260 761/663/260 762/664/260
f 719/665/260 718/664/260 762/664/260 763/665/260
f 820/635/260 719/665/260 763/665/260 764/635/260
f 701/653/260 805/646/260 749/646/260 765/653/260
f 812/639/260 702/640/260 766/640/260 756/639/260
f 703/654/260 701/653/260 765/653/260 767/654/260
f 702/640/260 704/641/260 768/641/260 766/640/260
f 705/655/260 703/654/260 767/654/260 769/655/260
f 704/641/260 706/642/260 770/642/260 768/641/260
f 707/656/260 705/655/260 769/655/260 771/656/260
f 706/642/260 708/643/260 772/643/260 770/642/260
f 709/657/260 707/656/260 771/656/260 773/657/260
f 708/643/260 710/644/260 774/644/260 772/643/260
f 711/658/260 709/657/260 773/657/260 775/658/260
f 710/644/260 712/645/260 776/645/260 774/644/260
f 813/659/260 711/658/260 775/658/260 757/659/260
f 712/645/260 820/635/260 764/635/260 776/645/260
f 833/673/260 722/674/260 778/674/260 777/673/260
f 722/674/260 723/675/260 779/675/260 778/674/260
f 723/675/260 724/676/260 780/676/260 779/675/260
f 724/676/260 725/677/260 781/677/260 780/676/260
f 725/677/260 726/678/260 782/678/260 781/677/260
f 726/678/260 727/679/260 783/679/260 782/678/260
f 727/679/260 840/666/260 784/666/260 783/679/260
f 742/687/260 841/686/260 785/686/260 786/687/260
f 743/688/260 742/687/260 786/687/260 787/688/260
f 744/689/260 743/688/260 787/688/260 788/689/260
f 745/690/260 744/689/260 788/689/260 789/690/260
f 746/691/260 745/690/260 789/690/260 790/691/260
f 747/692/260 746/691/260 790/691/260 791/692/260
f 848/629/260 747/692/260 791/692/260 792/629/260
f 729/680/260 833/673/260 777/673/260 793/680/260
f 840/666/260 730/667/260 794/667/260 784/666/260
f 731/681/260 729/680/260 793/680/260 795/681/260
f 730/667/260 732/668/260 796/668/260 794/667/260
f 733/682/260 731/681/260 795/681/260 797/682/260
f 732/668/260 734/669/260 798/669/260 796/668/260
f 735/683/260 733/682/260 797/682/260 799/683/260
f 734/669/260 736/670/260 800/670/260 798/669/260
f 737/684/260 735/683/260 799/683/260 801/684/260
f 736/670/260 738/671/260 802/671/260 800/670/260
f 739/685/260 737/684/260 801/684/260 803/685/260
f 738/671/260 740/672/260 804/672/260 802/671/260
f 841/686/260 739/685/260 803/685/260 785/686/260
f 740/672/260 848/629/260 792/629/260 804/672/260
f 693/646/261 806/647/261 694/647/261 805/646/261
f 806/647/262 807/648/262 695/648/262 694/647/262
f 807/648/263 808/649/263 696/649/263 695/648/263
f 808/649/264 809/650/264 697/650/264 696/649/264
f 809/650/265 810/651/265 698/651/265 697/650/265
f 810/651/266 811/652/266 699/652/266 698/651/266
f 811/652/267 700/639/267 812/639/267 699/652/267
f 814/660/268 713/659/268 813/659/268 714/660/268
f 815/661/269 814/660/269 714/660/269 715/661/269
f 816/662/270 815/661/270 715/661/270 716/662/270
f 817/663/271 816/662/271 716/662/271 717/663/271
f 818/664/272 817/663/272 717/663/272 718/664/272
f 819/665/273 818/664/273 718/664/273 719/665/273
f 720/635/274 819/665/274 719/665/274 820/635/274
f 821/653/275 693/646/275 805/646/275 701/653/275
f 700/639/276 822/640/276 702/640/276 812/639/276
f 823/654/277 821/653/277 701/653/277 703/654/277
f 822/640/278 824/641/278 704/641/278 702/640/278
f 825/655/279 823/654/279 703/654/279 705/655/279
f 824/641/280 826/642/280 706/642/280 704/641/280
f 827/656/281 825/655/281 705/655/281 707/656/281
f 826/642/282 828/643/282 708/643/282 706/642/282
f 829/657/283 827/656/283 707/656/283 709/657/283
f 828/643/284 830/644/284 710/644/284 708/643/284
f 831/658/285 829/657/285 709/657/285 711/658/285
f 830/644/286 832/645/286 712/645/286 710/644/286
f 713/659/287 831/658/287 711/658/287 813/659/287
f 832/645/288 720/635/288 820/635/288 712/645/288
f 721/673/289 834/674/289 722/674/289 833/673/289
f 834/674/290 835/675/290 723/675/290 722/674/290
f 835/675/291 836/676/291 724/676/291 723/675/291
f 836/676/292 837/677/292 725/677/292 724/676/292
f 837/677/293 838/678/293 726/678/293 725/677/293
f 838/678/294 839/679/294 727/679/294 726/678/294
f 839/679/295 728/666/295 840/666/295 727/679/295
f 842/687/296 741/686/296 841/686/296 742/687/296
f 843/688/297 842/687/297 742/687/297 743/688/297
f 844/689/298 843/688/298 743/688/298 744/689/298
f 845/690/299 844/689/299 744/689/299 745/690/299
f 846/691/300 845/690/300 745/690/300 746/691/300
f 847/692/301 846/691/301 746/691/301 747/692/301
f 748/629/302 847/692/302 747/692/302 848/629/302
f 849/680/303 721/673/303 833/673/303 729/680/303
f 728/666/304 850/667/304 730/667/304 840/666/304
f 851/681/305 849/680/305 729/680/305 731/681/305
f 850/667/306 852/668/306 732/668/306 730/667/306
f 853/682/307 851/681/307 731/681/307 733/682/307
f 852/668/308 854/669/308 734/669/308 732/668/308
f 855/683/309 853/682/309 733/682/309 735/683/309
f 854/669/310 856/670/310 736/670/310 734/669/310
f 857/684/311 855/683/311 735/683/311 737/684/311
f 856/670/312 858/671/312 738/671/312 736/670/312
f 859/685/313 857/684/313 737/684/313 739/685/313
f 858/671/314 860/672/314 740/672/314 738/671/314
f 741/686/315 859/685/315 739/685/315 841/686/315
f 860/672/316 748/629/316 848/629/316 740/672/316
f 989/693/317 885/694/317 599/695/317 949/696/317
f 880/697/214 877/698/214 545/699/214 598/700/214
f 881/701/215 883/702/215 546/638/215 547/634/215
f 933/703/318 890/704/318 549/633/318 893/705/318
f 878/706/214 879/707/214 601/456/214 551/455/214
f 884/708/319 882/709/319 562/464/319 557/463/319
f 877/698/214 878/706/214 551/455/214 545/699/214
f 879/707/320 880/697/320 598/700/320 601/456/320
f 882/709/215 881/701/215 547/634/215 562/464/215
f 883/702/319 884/708/319 557/463/319 546/638/319
f 993/710/321 887/711/321 567/712/321 965/713/321
f 937/714/322 891/715/322 575/716/322 909/717/322
f 885/694/323 886/718/323 604/719/323 599/695/323
f 887/711/317 888/720/317 548/721/317 567/712/317
f 890/704/318 889/722/318 570/723/318 549/633/318
f 891/715/324 892/724/324 550/636/324 575/716/324
f 863/466/325 870/465/325 878/706/325 877/698/325
f 869/468/326 864/467/326 880/697/326 879/707/326
f 871/472/327 866/471/327 881/701/327 882/709/327
f 865/470/328 872/469/328 884/708/328 883/702/328
f 861/725/329 874/726/329 886/718/329 885/694/329
f 873/496/330 862/495/330 888/720/330 887/711/330
f 867/727/331 876/728/331 889/722/331 890/704/331
f 875/500/332 868/499/332 892/724/332 891/715/332
f 997/729/333 861/725/333 885/694/333 989/693/333
f 864/467/334 863/466/334 877/698/334 880/697/334
f 866/471/335 865/470/335 883/702/335 881/701/335
f 941/730/336 867/727/336 890/704/336 933/703/336
f 870/465/337 869/468/337 879/707/337 878/706/337
f 872/469/338 871/472/338 882/709/338 884/708/338
f 1001/493/339 873/496/339 887/711/339 993/710/339
f 945/497/340 875/500/340 891/715/340 937/714/340
f 876/728/340 948/731/340 940/732/340 889/722/340
f 948/731/340 947/733/340 939/734/340 940/732/340
f 947/733/340 946/735/340 938/736/340 939/734/340
f 946/735/340 945/497/340 937/714/340 938/736/340
f 868/499/336 944/498/336 936/737/336 892/724/336
f 944/498/336 943/738/336 935/739/336 936/737/336
f 943/738/336 942/740/336 934/741/336 935/739/336
f 942/740/336 941/730/336 933/703/336 934/741/336
f 889/722/322 940/732/322 912/742/322 570/723/322
f 940/732/322 939/734/322 911/743/322 912/742/322
f 939/734/322 938/736/322 910/744/322 911/743/322
f 938/736/322 937/714/322 909/717/322 910/744/322
f 892/724/318 936/737/318 896/637/318 550/636/318
f 936/737/318 935/739/318 895/745/318 896/637/318
f 935/739/318 934/741/318 894/746/318 895/745/318
f 934/741/318 933/703/318 893/705/318 894/746/318
f 615/569/257 932/747/257 893/705/257 549/633/257
f 932/747/257 931/748/257 894/746/257 893/705/257
f 931/748/257 930/749/257 895/745/257 894/746/257
f 930/749/257 929/626/257 896/637/257 895/745/257
f 616/567/249 928/625/249 932/747/249 615/569/249
f 928/625/249 927/624/249 931/748/249 932/747/249
f 927/624/249 926/623/249 930/749/249 931/748/249
f 926/623/249 925/622/249 929/626/249 930/749/249
f 584/750/341 571/751/341 897/752/341 924/753/341
f 924/753/342 897/752/342 898/754/342 923/755/342
f 923/755/343 898/754/343 899/756/343 922/757/343
f 922/757/343 899/756/343 900/483/343 921/519/343
f 1021/758/344 1022/759/344 1023/760/344 1024/761/344
f 1025/762/344 1026/763/344 1027/764/344 1028/765/344
f 1029/766/344 1030/767/344 1031/768/344 1032/769/344
f 1033/770/344 1034/771/344 1035/772/344 1036/773/344
f 586/774/226 585/775/226 920/776/226 916/777/226
f 916/777/226 920/776/226 919/778/226 915/779/226
f 915/779/226 919/778/226 918/780/226 914/781/226
f 914/781/226 918/780/226 917/510/226 913/509/226
f 876/728/345 867/727/345 941/730/345 948/731/345
f 948/731/318 941/730/318 942/740/318 947/733/318
f 947/733/318 942/740/318 943/738/318 946/735/318
f 946/735/324 943/738/324 944/498/324 945/497/324
f 1037/782/346 1038/783/346 1039/784/346 1040/785/346
f 1041/786/346 1042/787/346 1043/788/346 1044/789/346
f 1045/790/346 1046/791/346 1047/792/346 1048/793/346
f 1049/794/346 1050/795/346 1051/796/346 1052/797/346
f 573/798/347 572/799/347 908/800/347 904/801/347
f 904/801/347 908/800/347 907/802/347 903/803/347
f 903/803/347 907/802/347 906/804/347 902/805/347
f 902/805/347 906/804/347 905/487/347 901/484/347
f 571/751/348 573/798/348 904/801/348 897/752/348
f 897/752/348 904/801/348 903/803/348 898/754/348
f 898/754/348 903/803/348 902/805/348 899/756/348
f 899/756/219 902/805/219 901/484/219 900/483/219
f 874/726/339 1004/806/339 996/807/339 886/718/339
f 1004/806/339 1003/808/339 995/809/339 996/807/339
f 1003/808/339 1002/810/339 994/811/339 995/809/339
f 1002/810/339 1001/493/339 993/710/339 994/811/339
f 862/495/333 1000/494/333 992/812/333 888/720/333
f 1000/494/333 999/813/333 991/814/333 992/812/333
f 999/813/333 998/815/333 990/816/333 991/814/333
f 998/815/333 997/729/333 989/693/333 990/816/333
f 886/718/349 996/807/349 968/817/349 604/719/349
f 996/807/349 995/809/349 967/818/349 968/817/349
f 995/809/349 994/811/349 966/819/349 967/818/349
f 994/811/349 993/710/349 965/713/349 966/819/349
f 888/720/317 992/812/317 952/820/317 548/721/317
f 992/812/317 991/814/317 951/821/317 952/820/317
f 991/814/317 990/816/317 950/822/317 951/821/317
f 990/816/317 989/693/317 949/696/317 950/822/317
f 609/555/254 988/823/254 949/824/254 599/631/254
f 988/823/254 987/825/254 950/826/254 949/824/254
f 987/825/254 986/827/254 951/828/254 950/826/254
f 986/827/254 985/597/254 952/632/254 951/828/254
f 610/553/243 984/596/243 988/823/243 609/555/243
f 984/596/243 983/595/243 987/825/243 988/823/243
f 983/595/243 982/594/243 986/827/243 987/825/243
f 982/594/243 981/593/243 985/597/243 986/827/243
f 578/829/350 565/830/350 953/831/350 980/832/350
f 980/832/351 953/831/351 954/833/351 979/834/351
f 979/834/351 954/833/351 955/835/351 978/836/351
f 978/836/228 955/835/228 956/473/228 977/517/228
f 1053/837/352 1054/838/352 1055/839/352 1056/840/352
f 1057/841/225 1058/842/225 1059/843/225 1060/844/225
f 1061/845/225 1062/846/225 1063/847/225 1064/848/225
f 1065/849/225 1066/850/225 1067/851/225 1068/852/225
f 580/853/224 579/854/224 976/855/224 972/856/224
f 972/856/224 976/855/224 975/857/224 971/858/224
f 971/858/224 975/857/224 974/859/224 970/860/224
f 970/860/224 974/859/224 973/502/224 969/501/224
f 874/726/353 861/725/353 997/729/353 1004/806/353
f 1004/806/323 997/729/323 998/815/323 1003/808/323
f 1003/808/317 998/815/317 999/813/317 1002/810/317
f 1002/810/317 999/813/317 1000/494/317 1001/493/317
f 1069/861/218 1070/862/218 1071/863/218 1072/864/218
f 1073/865/218 1074/866/218 1075/867/218 1076/868/218
f 1077/869/218 1078/870/218 1079/871/218 1080/872/218
f 1081/873/218 1082/874/218 1083/875/218 1084/876/218
f 603/877/354 602/878/354 964/879/354 960/880/354
f 960/880/217 964/879/217 963/881/217 959/882/217
f 959/882/217 963/881/217 962/883/217 958/884/217
f 958/884/217 962/883/217 961/477/217 957/474/217
f 565/830/355 603/877/355 960/880/355 953/831/355
f 953/831/355 960/880/355 959/882/355 954/833/355
f 954/833/216 959/882/216 958/884/216 955/835/216
f 955/835/216 958/884/216 957/474/216 956/473/216
f 961/477/356 965/713/356 1006/480/356 1005/479/356
f 965/713/357 567/712/357 1007/481/357 1006/480/357
f 567/712/358 569/478/358 1008/482/358 1007/481/358
f 569/478/359 961/477/359 1005/479/359 1008/482/359
f 905/487/360 909/717/360 1010/490/360 1009/489/360
f 909/717/361 575/716/361 1011/491/361 1010/490/361
f 575/716/362 577/488/362 1012/492/362 1011/491/362
f 577/488/363 905/487/363 1009/489/363 1012/492/363
f 973/502/364 977/517/364 1014/506/364 1013/505/364
f 977/517/365 581/518/365 1015/507/365 1014/506/365
f 581/518/366 583/503/366 1016/508/366 1015/507/366
f 583/503/367 973/502/367 1013/505/367 1016/508/367
f 917/510/368 921/519/368 1018/514/368 1017/513/368
f 921/519/369 587/520/369 1019/515/369 1018/514/369
f 587/520/370 589/511/370 1020/516/370 1019/515/370
f 589/511/371 917/510/371 1017/513/371 1020/516/371
f 585/775/372 584/750/372 1022/759/372 1021/758/372
f 584/750/373 924/753/373 1023/760/373 1022/759/373
f 924/753/374 920/776/374 1024/761/374 1023/760/374
f 920/776/371 585/775/371 1021/758/371 1024/761/371
f 920/776/375 924/753/375 1026/763/375 1025/762/375
f 924/753/373 923/755/373 1027/764/373 1026/763/373
f 923/755/376 919/778/376 1028/765/376 1027/764/376
f 919/778/371 920/776/371 1025/762/371 1028/765/371
f 919/778/377 923/755/377 1030/767/377 1029/766/377
f 923/755/373 922/757/373 1031/768/373 1030/767/373
f 922/757/378 918/780/378 1032/769/378 1031/768/378
f 918/780/371 919/778/371 1029/766/371 1032/769/371
f 918/780/379 922/757/379 1034/771/379 1033/770/379
f 922/757/373 921/519/373 1035/772/373 1034/771/373
f 921/519/380 917/510/380 1036/773/380 1035/772/380
f 917/510/371 918/780/371 1033/770/371 1036/773/371
f 572/799/381 570/723/381 1038/783/381 1037/782/381
f 570/723/382 912/742/382 1039/784/382 1038/783/382
f 912/742/383 908/800/383 1040/785/383 1039/784/383
f 908/800/384 572/799/384 1037/782/384 1040/785/384
f 908/800/385 912/742/385 1042/787/385 1041/786/385
f 912/742/382 911/743/382 1043/788/382 1042/787/382
f 911/743/386 907/802/386 1044/789/386 1043/788/386
f 907/802/384 908/800/384 1041/786/384 1044/789/384
f 907/802/387 911/743/387 1046/791/387 1045/790/387
f 911/743/361 910/744/361 1047/792/361 1046/791/361
f 910/744/388 906/804/388 1048/793/388 1047/792/388
f 906/804/384 907/802/384 1045/790/384 1048/793/384
f 906/804/389 910/744/389 1050/795/389 1049/794/389
f 910/744/361 909/717/361 1051/796/361 1050/795/361
f 909/717/390 905/487/390 1052/797/390 1051/796/390
f 905/487/363 906/804/363 1049/794/363 1052/797/363
f 579/854/391 578/829/391 1054/838/391 1053/837/391
f 578/829/392 980/832/392 1055/839/392 1054/838/392
f 980/832/393 976/855/393 1056/840/393 1055/839/393
f 976/855/367 579/854/367 1053/837/367 1056/840/367
f 976/855/394 980/832/394 1058/842/394 1057/841/394
f 980/832/365 979/834/365 1059/843/365 1058/842/365
f 979/834/395 975/857/395 1060/844/395 1059/843/395
f 975/857/367 976/855/367 1057/841/367 1060/844/367
f 975/857/396 979/834/396 1062/846/396 1061/845/396
f 979/834/365 978/836/365 1063/847/365 1062/846/365
f 978/836/397 974/859/397 1064/848/397 1063/847/397
f 974/859/367 975/857/367 1061/845/367 1064/848/367
f 974/859/398 978/836/398 1066/850/398 1065/849/398
f 978/836/365 977/517/365 1067/851/365 1066/850/365
f 977/517/399 973/502/399 1068/852/399 1067/851/399
f 973/502/367 974/859/367 1065/849/367 1068/852/367
f 602/878/400 604/719/400 1070/862/400 1069/861/400
f 604/719/401 968/817/401 1071/863/401 1070/862/401
f 968/817/402 964/879/402 1072/864/402 1071/863/402
f 964/879/403 602/878/403 1069/861/403 1072/864/403
f 964/879/404 968/817/404 1074/866/404 1073/865/404
f 968/817/401 967/818/401 1075/867/401 1074/866/401
f 967/818/405 963/881/405 1076/868/405 1075/867/405
f 963/881/403 964/879/403 1073/865/403 1076/868/403
f 963/881/406 967/818/406 1078/870/406 1077/869/406
f 967/818/401 966/819/401 1079/871/401 1078/870/401
f 966/819/407 962/883/407 1080/872/407 1079/871/407
f 962/883/359 963/881/359 1077/869/359 1080/872/359
f 962/883/408 966/819/408 1082/874/408 1081/873/408
f 966/819/357 965/713/357 1083/875/357 1082/874/357
f 965/713/409 961/477/409 1084/876/409 1083/875/409
f 961/477/359 962/883/359 1081/873/359 1084/876/359
o Cube.083
v -8.570291 9.535747 -42.479969
v 24.922871 9.534660 -37.320377
v 8.290110 9.535747 -42.479969
v -8.572774 -8.642236 -42.496277
v 24.931335 -8.642024 -37.334389
v 8.292584 -8.642236 -42.496277
v -20.312172 26.139118 -29.226606
v -21.603500 24.018700 -31.363586
v -7.175005 26.141830 -33.301331
v -8.108989 18.366024 -39.445366
v -7.543254 24.022163 -35.723793
v -7.880673 21.213049 -37.943455
v 23.306581 18.362078 -34.645630
v 20.031992 26.139118 -29.226606
v 22.506317 21.209051 -33.321297
v 21.323317 24.018700 -31.363586
v 7.828806 18.366024 -39.445366
v 6.894824 26.141830 -33.301331
v 7.600494 21.213049 -37.943455
v 7.263073 24.022163 -35.723793
v -8.042840 -14.798707 -39.010201
v -6.973701 -22.323372 -31.977055
v -7.748528 -17.491409 -37.074135
v -7.362232 -20.210175 -34.532940
v -19.607079 -22.320171 -28.059763
v 19.326891 -22.320171 -28.059763
v 23.074873 -14.793801 -34.262184
v 20.689053 -20.206291 -30.313969
v 22.043247 -17.486889 -32.554981
v 6.693513 -22.323372 -31.977055
v 7.762651 -14.798705 -39.010201
v 7.082044 -20.210178 -34.532940
v 7.468340 -17.491409 -37.074127
v -6.862407 -22.800880 -31.244921
v -6.632525 -23.587292 -29.732689
v -6.360300 -24.275902 -27.941904
v -19.216236 -22.798428 -27.412977
v -17.453888 -24.275280 -24.496519
v -18.409348 -23.585869 -26.077679
v 18.936052 -22.798428 -27.412975
v 17.173704 -24.275280 -24.496523
v 18.129160 -23.585869 -26.077681
v 6.582218 -22.800880 -31.244923
v 6.080112 -24.275902 -27.941908
v 6.352337 -23.587292 -29.732693
v -18.739491 28.001549 -26.625586
v -18.027557 28.656025 -25.548607
v -17.123726 29.272625 -24.296415
v -6.725572 28.005352 -30.349039
v -6.126300 29.281376 -27.682768
v -6.481398 28.662060 -29.119051
v 18.458498 28.003368 -26.622341
v 17.808352 28.664700 -25.526627
v 17.058809 29.291470 -24.238659
v 6.446067 28.005924 -30.347937
v 6.275434 28.664883 -29.110666
v 6.096657 29.287743 -27.660170
v -25.211517 -8.642024 -37.334389
v -25.203053 9.534660 -37.320377
v -23.586765 18.362078 -34.645630
v -22.786499 21.209049 -33.321293
v -20.969242 -20.206291 -30.313965
v -22.323433 -17.486889 -32.554981
v -23.355061 -14.793801 -34.262184
v -11.515023 -5.261358 -40.565681
v -10.350442 -6.549832 -41.161518
v -10.911437 -5.913617 -40.821896
v -21.687637 6.152318 -37.399349
v -22.983864 7.441091 -37.229404
v -22.329697 6.804645 -37.267929
v -10.348521 7.441909 -41.148914
v -11.513455 6.152982 -40.555412
v -10.909686 6.805388 -40.810436
v 21.412760 -5.261228 -37.408119
v 22.710175 -6.549664 -37.240143
v 22.055420 -5.913469 -37.277687
v -22.990360 -6.549664 -37.240143
v -21.692944 -5.261228 -37.408115
v -22.335602 -5.913470 -37.277679
v 22.703682 7.441091 -37.229404
v 21.407455 6.152318 -37.399353
v 22.049511 6.804645 -37.267921
v 11.233274 6.152982 -40.555412
v 10.068340 7.441909 -41.148914
v 10.629505 6.805388 -40.810436
v 10.070253 -6.549831 -41.161518
v 11.234837 -5.261358 -40.565681
v 10.631248 -5.913617 -40.821896
v -11.513629 4.884722 -40.556553
v -11.513803 3.616462 -40.557693
v -11.513976 2.348202 -40.558834
v -11.514150 1.079942 -40.559975
v -11.514325 -0.188318 -40.561115
v -11.514501 -1.456578 -40.562256
v -11.514674 -2.724838 -40.563396
v -11.514848 -3.993098 -40.564537
v -21.692352 -3.993056 -37.407143
v -21.691765 -2.724885 -37.406170
v -21.691174 -1.456713 -37.405197
v -21.690586 -0.188541 -37.404221
v -21.689995 1.079630 -37.403248
v -21.689407 2.347802 -37.402275
v -21.688816 3.615974 -37.401299
v -21.688225 4.884146 -37.400322
v 21.408043 4.884146 -37.400326
v 21.408634 3.615974 -37.401299
v 21.409222 2.347802 -37.402271
v 21.409813 1.079631 -37.403244
v 21.410400 -0.188541 -37.404221
v 21.410992 -1.456713 -37.405197
v 21.411579 -2.724884 -37.406170
v 21.412170 -3.993056 -37.407143
v 11.234663 -3.993098 -40.564541
v 11.234489 -2.724838 -40.563400
v 11.234316 -1.456578 -40.562260
v 11.234142 -0.188318 -40.561119
v 11.233968 1.079942 -40.559978
v 11.233794 2.348202 -40.558838
v 11.233621 3.616462 -40.557697
v 11.233447 4.884722 -40.556557
v -20.557171 6.152391 -37.750023
v -19.426708 6.152465 -38.100697
v -18.296242 6.152539 -38.451370
v -17.165779 6.152613 -38.802044
v -16.035313 6.152687 -39.152718
v -14.904849 6.152761 -39.503391
v -13.774384 6.152834 -39.854065
v -12.643920 6.152908 -40.204739
v -12.645904 -5.261344 -40.214840
v -13.776784 -5.261330 -39.863998
v -14.907664 -5.261315 -39.513157
v -16.038544 -5.261301 -39.162315
v -17.169426 -5.261287 -38.811474
v -18.300304 -5.261271 -38.460632
v -19.431183 -5.261257 -38.109795
v -20.562061 -5.261243 -37.758957
v 12.363738 6.152908 -40.204739
v 13.494203 6.152834 -39.854065
v 14.624667 6.152761 -39.503391
v 15.755132 6.152687 -39.152718
v 16.885597 6.152613 -38.802044
v 18.016060 6.152539 -38.451370
v 19.146526 6.152465 -38.100697
v 20.276989 6.152391 -37.750023
v 20.281879 -5.261242 -37.758961
v 19.150999 -5.261256 -38.109802
v 18.020119 -5.261271 -38.460644
v 16.889238 -5.261285 -38.811485
v 15.758358 -5.261299 -39.162323
v 14.627478 -5.261313 -39.513161
v 13.496597 -5.261329 -39.864002
v 12.365717 -5.261344 -40.214844
v 20.094685 3.945358 -39.335449
v 20.322563 3.077815 -37.738674
v 20.781967 2.079602 -37.597084
v 21.017727 0.999448 -37.524948
v 21.018028 -0.108490 -37.525883
v 20.782850 -1.188651 -37.599838
v 20.323990 -2.186872 -37.743114
v 20.096498 -3.051764 -39.341377
v 18.835047 4.634810 -38.198689
v 18.837315 -3.743894 -38.205753
v 17.881523 5.115517 -38.494045
v 17.884052 -4.224618 -38.501919
v 16.849796 5.362047 -38.813877
v 16.852461 -4.471167 -38.822170
v 15.791609 5.362037 -39.142147
v 15.794271 -4.471177 -39.150440
v 14.760017 5.115488 -39.462395
v 14.762547 -4.224647 -39.470272
v 13.806753 4.634763 -39.758564
v 13.809023 -3.743940 -39.765629
v 13.411755 3.945204 -41.408630
v 12.320080 3.077741 -40.221203
v 11.861219 2.079521 -40.364475
v 11.626041 0.999359 -40.438435
v 11.626343 -0.108577 -40.439369
v 11.862104 -1.188734 -40.367233
v 12.321506 -2.186946 -40.225643
v 13.413561 -3.051909 -41.414555
v -13.691928 3.945210 -41.408627
v -12.600261 3.077739 -40.221199
v -12.141400 2.079517 -40.364471
v -11.906224 0.999360 -40.438427
v -11.906524 -0.108577 -40.439362
v -12.142285 -1.188734 -40.367226
v -12.601687 -2.186947 -40.225636
v -13.693736 -3.051921 -41.414551
v -14.086934 4.634762 -39.758560
v -14.089206 -3.743941 -39.765617
v -15.040200 5.115487 -39.462395
v -15.042729 -4.224648 -39.470261
v -16.071789 5.362036 -39.142147
v -16.074455 -4.471177 -39.150429
v -17.129978 5.362047 -38.813873
v -17.132645 -4.471168 -38.822159
v -18.161705 5.115517 -38.494041
v -18.164234 -4.224618 -38.501907
v -19.115227 4.634810 -38.198685
v -19.117500 -3.743893 -38.205742
v -20.374874 3.945366 -39.335445
v -20.602745 3.077817 -37.738670
v -21.062145 2.079605 -37.597080
v -21.297909 0.999448 -37.524940
v -21.298210 -0.108489 -37.525875
v -21.063034 -1.188650 -37.599831
v -20.604172 -2.186872 -37.743103
v -20.376690 -3.051768 -39.341366
v 19.662560 3.944030 -37.942616
v 20.322563 3.077815 -37.738674
v 20.781967 2.079602 -37.597084
v 21.017727 0.999448 -37.524948
v 21.018028 -0.108490 -37.525883
v 20.782850 -1.188651 -37.599838
v 20.323990 -2.186872 -37.743114
v 19.664454 -3.053100 -37.948517
v 12.979614 3.943968 -40.015800
v 12.320080 3.077741 -40.221203
v 11.861219 2.079521 -40.364475
v 11.626041 0.999359 -40.438435
v 11.626343 -0.108577 -40.439369
v 11.862104 -1.188734 -40.367233
v 12.321506 -2.186946 -40.225643
v 12.981510 -3.053161 -40.021698
v 18.835047 4.634810 -38.198689
v 18.837315 -3.743894 -38.205753
v 17.881523 5.115517 -38.494045
v 17.884052 -4.224618 -38.501919
v 16.849796 5.362047 -38.813877
v 16.852461 -4.471167 -38.822170
v 15.791609 5.362037 -39.142147
v 15.794271 -4.471177 -39.150440
v 14.760017 5.115488 -39.462395
v 14.762547 -4.224647 -39.470272
v 13.806753 4.634763 -39.758564
v 13.809023 -3.743940 -39.765629
v -13.259795 3.943966 -40.015797
v -12.600261 3.077739 -40.221199
v -12.141400 2.079517 -40.364471
v -11.906224 0.999360 -40.438427
v -11.906524 -0.108577 -40.439362
v -12.142285 -1.188734 -40.367226
v -12.601687 -2.186947 -40.225636
v -13.261693 -3.053162 -40.021690
v -19.942741 3.944031 -37.942612
v -20.602745 3.077817 -37.738670
v -21.062145 2.079605 -37.597080
v -21.297909 0.999448 -37.524940
v -21.298210 -0.108489 -37.525875
v -21.063034 -1.188650 -37.599831
v -20.604172 -2.186872 -37.743103
v -19.944637 -3.053098 -37.948509
v -14.086934 4.634762 -39.758560
v -14.089206 -3.743941 -39.765617
v -15.040200 5.115487 -39.462395
v -15.042729 -4.224648 -39.470261
v -16.071789 5.362036 -39.142147
v -16.074455 -4.471177 -39.150429
v -17.129978 5.362047 -38.813873
v -17.132645 -4.471168 -38.822159
v -18.161705 5.115517 -38.494041
v -18.164234 -4.224618 -38.501907
v -19.115227 4.634810 -38.198685
v -19.117500 -3.743893 -38.205742
v 19.662560 3.944030 -37.942616
v 20.754677 3.079123 -39.131512
v 21.214062 2.080889 -38.989925
v 21.449814 1.000733 -38.917793
v 21.450108 -0.107203 -38.918732
v 21.214924 -1.187362 -38.992687
v 20.756046 -2.185558 -39.135971
v 19.664454 -3.053100 -37.948517
v 12.979614 3.943968 -40.015800
v 12.752205 3.079007 -41.614037
v 12.293323 2.080817 -41.757317
v 12.058135 1.000657 -41.831280
v 12.058430 -0.107280 -41.832214
v 12.294184 -1.187438 -41.760082
v 12.753568 -2.185673 -41.618496
v 12.981510 -3.053161 -40.021698
v 19.267151 4.636128 -39.591530
v 19.269382 -3.742567 -39.598606
v 18.313606 5.116819 -39.886890
v 18.316145 -4.223309 -39.894764
v 17.281879 5.363340 -40.206726
v 17.284557 -4.469871 -40.215012
v 16.223690 5.363323 -40.534996
v 16.226364 -4.469890 -40.543285
v 15.192101 5.116761 -40.855240
v 15.194637 -4.223370 -40.863117
v 14.238867 4.636013 -41.151402
v 14.241093 -3.742680 -41.158482
v -13.259795 3.943966 -40.015797
v -13.032382 3.079007 -41.614033
v -12.573503 2.080810 -41.757313
v -12.338317 1.000657 -41.831272
v -12.338607 -0.107278 -41.832207
v -12.574359 -1.187439 -41.760075
v -13.033742 -2.185680 -41.618492
v -13.261693 -3.053162 -40.021690
v -19.942741 3.944031 -37.942612
v -21.034863 3.079129 -39.131508
v -21.494247 2.080891 -38.989922
v -21.730003 1.000733 -38.917786
v -21.730297 -0.107204 -38.918720
v -21.495113 -1.187364 -38.992680
v -21.036236 -2.185563 -39.135956
v -19.944637 -3.053098 -37.948509
v -14.519042 4.636018 -41.151398
v -14.521272 -3.742690 -41.158470
v -15.472283 5.116761 -40.855244
v -15.474820 -4.223378 -40.863106
v -16.503872 5.363323 -40.534996
v -16.506546 -4.469894 -40.543274
v -17.562061 5.363343 -40.206718
v -17.564739 -4.469876 -40.215004
v -18.593788 5.116825 -39.886887
v -18.596329 -4.223316 -39.894753
v -19.547337 4.636134 -39.591522
v -19.549572 -3.742575 -39.598595
v -22.629612 12.043987 -37.924553
v -10.956237 12.044773 -41.545784
v -10.885938 -11.074910 -41.106426
v -22.396530 -11.074792 -37.535519
v 10.676057 12.044773 -41.545784
v 22.349428 12.043987 -37.924553
v 22.116344 -11.074792 -37.535515
v 10.605748 -11.074908 -41.106426
v -10.735343 16.272444 -40.092781
v -21.855946 16.269630 -36.644291
v 21.575760 16.269630 -36.644291
v 10.455161 16.272444 -40.092781
v -21.817684 -12.992743 -36.577545
v -10.720588 -12.996325 -40.018581
v 10.440398 -12.996324 -40.018581
v 21.537498 -12.992743 -36.577541
v -23.080845 11.308731 -37.340343
v -22.114151 16.588554 -35.740631
v -9.995400 16.591627 -39.498665
v -10.271367 11.309586 -41.313984
v 9.715218 16.591627 -39.498665
v 9.991186 11.309586 -41.313984
v 22.800659 11.308731 -37.340343
v 21.833965 16.588554 -35.740631
v -10.228776 -10.274399 -41.014637
v -9.979907 -13.165986 -39.377403
v -22.042610 -13.162101 -35.636963
v -22.914131 -10.274261 -37.079266
v 9.948586 -10.274399 -41.014637
v 9.699718 -13.165984 -39.377403
v 21.762421 -13.162101 -35.636959
v 22.633945 -10.274261 -37.079266
v -11.900523 -8.642194 -41.463898
v -15.228272 -8.642152 -40.431519
v -18.556023 -8.642109 -39.399143
v -21.883770 -8.642066 -38.366768
v -9.500377 -22.322731 -31.193596
v -12.027053 -22.322090 -30.410137
v -14.553729 -22.321453 -29.626678
v -17.080402 -22.320812 -28.843220
v -18.247841 -20.207069 -31.157761
v -15.526439 -20.207844 -32.001556
v -12.805036 -20.208622 -32.845352
v -10.083634 -20.209396 -33.689148
v -19.408451 -17.487793 -33.458813
v -16.493469 -17.488697 -34.362644
v -13.578490 -17.489601 -35.266476
v -10.663510 -17.490505 -36.170303
v -20.292618 -14.794782 -35.211788
v -17.230171 -14.795762 -36.161392
v -14.167727 -14.796744 -37.110996
v -11.105283 -14.797727 -38.060600
v -15.235171 -24.275406 -25.185596
v -13.016454 -24.275528 -25.874674
v -10.797736 -24.275654 -26.563751
v -8.579019 -24.275776 -27.252827
v -16.053986 -23.586155 -26.808681
v -13.698621 -23.586437 -27.539684
v -11.343255 -23.586723 -28.270685
v -8.987889 -23.587006 -29.001686
v -16.745472 -22.798920 -28.179365
v -14.274705 -22.799408 -28.945755
v -11.803939 -22.799900 -29.712143
v -9.333173 -22.800388 -30.478531
v -20.050770 -5.913500 -37.986523
v -17.765934 -5.913529 -38.695366
v -15.481103 -5.913559 -39.404209
v -13.196271 -5.913589 -40.113052
v -20.462376 -6.549698 -38.024418
v -17.934391 -6.549731 -38.808693
v -15.406409 -6.549765 -39.592968
v -12.878427 -6.549798 -40.377243
v -12.765847 -10.274371 -40.227562
v -15.302918 -10.274343 -39.440487
v -17.839989 -10.274316 -38.653412
v -20.377060 -10.274288 -37.866341
v -19.630070 -13.162877 -36.385052
v -17.217529 -13.163655 -37.133141
v -14.804988 -13.164432 -37.881229
v -12.392447 -13.165208 -38.629318
v -13.188056 -11.074887 -40.392246
v -15.490174 -11.074864 -39.678062
v -17.792294 -11.074840 -38.963882
v -20.094410 -11.074815 -38.249702
v -19.598267 -12.993461 -37.265751
v -17.378845 -12.994176 -37.953957
v -15.159427 -12.994893 -38.642166
v -12.940007 -12.995610 -39.330376
v 21.603584 -8.642066 -38.366768
v 18.275833 -8.642108 -39.399147
v 14.948084 -8.642151 -40.431522
v 11.620335 -8.642194 -41.463898
v 16.800217 -22.320812 -28.843222
v 14.273540 -22.321453 -29.626680
v 11.746864 -22.322094 -30.410139
v 9.220189 -22.322731 -31.193596
v 9.803446 -20.209400 -33.689144
v 12.524847 -20.208622 -32.845352
v 15.246249 -20.207848 -32.001556
v 17.967651 -20.207069 -31.157763
v 10.383322 -17.490505 -36.170300
v 13.298304 -17.489601 -35.266472
v 16.213285 -17.488697 -34.362640
v 19.128265 -17.487793 -33.458809
v 10.825096 -14.797725 -38.060596
v 13.887540 -14.796744 -37.110992
v 16.949986 -14.795764 -36.161388
v 20.012428 -14.794782 -35.211784
v 8.298831 -24.275780 -27.252831
v 10.517550 -24.275654 -26.563753
v 12.736267 -24.275532 -25.874676
v 14.954986 -24.275406 -25.185600
v 8.707702 -23.587009 -29.001690
v 11.063066 -23.586723 -28.270687
v 13.418431 -23.586441 -27.539684
v 15.773796 -23.586155 -26.808681
v 9.052985 -22.800392 -30.478533
v 11.523752 -22.799900 -29.712143
v 13.994518 -22.799412 -28.945753
v 16.465286 -22.798920 -28.179363
v 12.916082 -5.913588 -40.113052
v 15.200916 -5.913558 -39.404213
v 17.485752 -5.913528 -38.695370
v 19.770584 -5.913499 -37.986526
v 12.598238 -6.549798 -40.377243
v 15.126223 -6.549765 -39.592968
v 17.654207 -6.549731 -38.808693
v 20.182190 -6.549698 -38.024418
v 20.096874 -10.274288 -37.866341
v 17.559803 -10.274316 -38.653416
v 15.022730 -10.274343 -39.440491
v 12.485659 -10.274371 -40.227562
v 12.112259 -13.165208 -38.629314
v 14.524799 -13.164432 -37.881226
v 16.937340 -13.163655 -37.133137
v 19.349880 -13.162877 -36.385048
v 19.814226 -11.074815 -38.249699
v 17.512108 -11.074838 -38.963882
v 15.209988 -11.074861 -39.678062
v 12.907867 -11.074883 -40.392242
v 12.659819 -12.995608 -39.330372
v 14.879238 -12.994893 -38.642166
v 17.098660 -12.994176 -37.953957
v 19.318077 -12.993459 -37.265747
v -20.096684 -17.374531 -33.925007
v -20.729862 -15.445989 -35.180370
v -22.865231 -15.445300 -34.518227
v -22.126453 -17.373905 -33.295658
v 10.106927 -17.377590 -36.935604
v 10.423292 -15.449203 -38.289299
v 8.283177 -15.449893 -38.952911
v 8.072410 -17.378216 -37.566425
v -16.762386 -23.777950 -27.248823
v -17.072384 -23.425022 -27.863308
v -18.596409 -23.424725 -27.390585
v -18.234638 -23.777771 -26.791899
v 8.415609 -23.778893 -29.752348
v 8.570222 -23.426666 -30.413652
v 7.035459 -23.426968 -30.889708
v 6.932533 -23.779076 -30.212631
v -7.212722 -23.779076 -30.212627
v -7.315647 -23.426968 -30.889706
v -8.850410 -23.426666 -30.413651
v -8.695798 -23.778893 -29.752344
v -9.596803 -23.778793 -29.472712
v -9.751447 -23.426479 -30.134155
v -11.290227 -23.426178 -29.656855
v -11.083875 -23.778610 -29.011189
v -11.983108 -23.778511 -28.732105
v -12.189502 -23.425995 -29.377907
v -13.727811 -23.425694 -28.900753
v -13.469686 -23.778328 -28.270737
v -14.371644 -23.778233 -27.990808
v -14.629825 -23.425510 -28.620956
v -16.163189 -23.425209 -28.145334
v -15.853257 -23.778049 -27.530979
v -8.352597 -17.378216 -37.566433
v -8.563365 -15.449895 -38.952915
v -10.703479 -15.449204 -38.289303
v -10.387115 -17.377590 -36.935608
v -11.287162 -17.377293 -36.656528
v -11.603530 -15.448920 -38.010231
v -13.745372 -15.448228 -37.346081
v -13.323403 -17.376667 -36.025173
v -14.222697 -17.376373 -35.746326
v -14.644670 -15.447942 -37.067249
v -16.786293 -15.447249 -36.403168
v -16.258720 -17.375744 -35.115036
v -17.159206 -17.375450 -34.835819
v -17.686783 -15.446963 -36.123962
v -19.826244 -15.446275 -35.460548
v -19.193069 -17.374825 -34.205196
v 17.954453 -23.777771 -26.791901
v 18.316223 -23.424725 -27.390583
v 16.792198 -23.425026 -27.863306
v 16.482201 -23.777950 -27.248823
v 15.573069 -23.778053 -27.530977
v 15.883001 -23.425209 -28.145332
v 14.349636 -23.425510 -28.620955
v 14.091455 -23.778233 -27.990808
v 13.189499 -23.778332 -28.270737
v 13.447625 -23.425694 -28.900751
v 11.909315 -23.425995 -29.377907
v 11.702919 -23.778515 -28.732107
v 10.803686 -23.778614 -29.011190
v 11.010039 -23.426182 -29.656855
v 9.471259 -23.426483 -30.134157
v 9.316615 -23.778793 -29.472713
v 21.846268 -17.373905 -33.295654
v 22.585041 -15.445300 -34.518227
v 20.449675 -15.445989 -35.180367
v 19.816498 -17.374531 -33.925007
v 18.912880 -17.374825 -34.205193
v 19.546055 -15.446275 -35.460545
v 17.406593 -15.446965 -36.123959
v 16.879019 -17.375450 -34.835815
v 15.978535 -17.375744 -35.115032
v 16.506105 -15.447251 -36.403164
v 14.364481 -15.447942 -37.067245
v 13.942510 -17.376373 -35.746323
v 13.043218 -17.376667 -36.025166
v 13.465185 -15.448228 -37.346077
v 11.323343 -15.448918 -38.010227
v 11.006974 -17.377293 -36.656525
vn 0.1952 -0.7526 0.6289
vn 0.2325 -0.6200 0.7493
vn 0.2621 -0.4666 0.8447
vn -0.1952 -0.7526 0.6289
vn -0.2325 -0.6200 0.7493
vn -0.2621 -0.4666 0.8447
vn 0.2802 -0.3250 0.9032
vn -0.2802 -0.3250 0.9032
vn 0.1889 0.7707 0.6086
vn 0.2165 0.6828 0.6977
vn 0.2406 0.5838 0.7755
vn -0.1889 0.7707 0.6085
vn -0.2165 0.6829 0.6977
vn -0.2406 0.5838 0.7754
vn 0.2578 0.4929 0.8310
vn -0.2579 0.4927 0.8311
vn 0.1065 0.9334 0.3427
vn 0.1368 0.8872 0.4405
vn -0.1065 0.9334 0.3427
vn -0.1368 0.8872 0.4406
vn 0.1619 0.8377 0.5216
vn -0.1620 0.8376 0.5217
vn 0.1148 -0.9219 0.3700
vn 0.1383 -0.8846 0.4454
vn -0.1179 -0.9179 0.3789
vn -0.1398 -0.8820 0.4500
vn 0.1583 -0.8456 0.5097
vn -0.1583 -0.8457 0.5097
vn 0.3899 -0.0009 0.9208
vn 0.5172 -0.0008 0.8559
vn 0.1997 -0.0008 0.9799
vn 0.0580 -0.0008 0.9983
vn -0.0580 -0.0008 0.9983
vn -0.1997 -0.0008 0.9799
vn -0.3899 -0.0009 0.9208
vn -0.5172 -0.0008 0.8559
vn 0.2948 0.0987 0.9504
vn 0.2876 0.2395 0.9273
vn 0.2948 -0.1005 0.9503
vn 0.2876 -0.2412 0.9269
vn -0.2948 0.0987 0.9504
vn -0.2876 0.2395 0.9273
vn -0.2948 -0.1005 0.9503
vn -0.2876 -0.2412 0.9269
vn 0.5998 -0.0008 0.8001
vn 0.2963 -0.0009 0.9551
vn 0.2790 -0.3367 0.8993
vn -0.0417 -0.0007 0.9991
vn 0.2791 0.3350 0.8999
vn 0.0417 -0.0007 0.9991
vn -0.2963 -0.0009 0.9551
vn -0.2790 -0.3367 0.8993
vn -0.2791 0.3350 0.8999
vn -0.5998 -0.0008 0.8001
vn -0.0000 1.0000 -0.0000
vn -0.7466 -0.6235 -0.2322
vn -0.8604 -0.4339 -0.2673
vn -0.9311 -0.2225 -0.2891
vn -0.9551 -0.0000 -0.2963
vn -0.9312 0.2225 -0.2887
vn -0.8606 0.4339 -0.2666
vn -0.7469 0.6235 -0.2311
vn 0.7469 -0.6235 0.2312
vn 0.8606 -0.4339 0.2666
vn 0.9312 -0.2225 0.2887
vn 0.9551 -0.0000 0.2963
vn 0.9311 0.2225 0.2890
vn 0.8604 0.4339 0.2673
vn 0.7466 0.6235 0.2321
vn -0.5953 -0.7818 -0.1854
vn -0.5957 0.7818 -0.1840
vn -0.4141 -0.9010 -0.1293
vn -0.4147 0.9010 -0.1278
vn -0.2123 -0.9749 -0.0668
vn -0.2128 0.9749 -0.0651
vn 0.0003 -1.0000 -0.0008
vn -0.0003 1.0000 0.0008
vn 0.2128 -0.9749 0.0651
vn 0.2123 0.9749 0.0667
vn 0.4147 -0.9010 0.1278
vn 0.4142 0.9010 0.1293
vn 0.5957 -0.7818 0.1841
vn 0.5953 0.7818 0.1854
vn -0.7469 -0.6235 0.2312
vn -0.8606 -0.4339 0.2666
vn -0.9312 -0.2225 0.2887
vn -0.9551 -0.0000 0.2963
vn -0.9311 0.2225 0.2890
vn -0.8604 0.4339 0.2673
vn -0.7466 0.6235 0.2321
vn 0.7466 -0.6235 -0.2322
vn 0.8604 -0.4339 -0.2673
vn 0.9311 -0.2225 -0.2891
vn 0.9551 -0.0000 -0.2963
vn 0.9312 0.2225 -0.2887
vn 0.8606 0.4339 -0.2666
vn 0.7469 0.6235 -0.2311
vn -0.5957 -0.7818 0.1841
vn -0.5953 0.7818 0.1854
vn -0.4147 -0.9010 0.1278
vn -0.4142 0.9010 0.1293
vn -0.2128 -0.9749 0.0651
vn -0.2123 0.9749 0.0667
vn -0.0003 -1.0000 -0.0008
vn 0.0003 1.0000 0.0008
vn 0.2123 -0.9749 -0.0668
vn 0.2128 0.9749 -0.0651
vn 0.4141 -0.9010 -0.1293
vn 0.4147 0.9010 -0.1278
vn 0.5953 -0.7818 -0.1854
vn 0.5957 0.7818 -0.1841
vn 0.2578 0.4928 0.8311
vn -0.2578 0.4928 0.8311
vn 0.2802 -0.3250 0.9033
vn -0.2802 -0.3250 0.9033
vn 0.2579 0.4928 0.8311
vn -0.2579 0.4928 0.8310
vn 0.2578 0.4928 0.8310
vn -0.2578 0.4928 0.8310
vn 0.8962 -0.2706 0.3516
vn -0.5391 -0.2484 0.8048
vn 0.5391 -0.2484 0.8048
vn -0.8962 -0.2706 0.3516
vn -0.5572 0.3723 0.7422
vn 0.8710 0.4031 0.2808
vn 0.5572 0.3723 0.7422
vn -0.8710 0.4031 0.2808
vn 0.2566 0.4998 0.8272
vn 0.2794 -0.3327 0.9007
vn -0.2566 0.4998 0.8272
vn -0.2794 -0.3327 0.9007
vn 0.1115 -0.9267 0.3589
vn -0.1115 -0.9267 0.3589
vn 0.0594 0.9799 0.1906
vn -0.0594 0.9799 0.1906
vn 0.2579 0.4928 0.8310
vn 0.2876 -0.2413 0.9269
vn 0.1620 0.8376 0.5217
vn 0.1620 0.8376 0.5216
vn 0.1620 0.8377 0.5216
vn 0.1368 0.8872 0.4406
vn 0.2578 0.4927 0.8311
vn 0.2406 0.5838 0.7754
vn 0.2165 0.6829 0.6977
vn 0.1889 0.7707 0.6085
vn -0.2579 0.4928 0.8311
vn -0.1619 0.8377 0.5216
vn -0.1620 0.8377 0.5216
vn -0.1368 0.8872 0.4405
vn -0.2578 0.4929 0.8310
vn -0.2165 0.6828 0.6977
vn -0.1889 0.7707 0.6086
vn -0.4813 0.3617 0.7984
vn 0.2927 -0.1510 0.9442
vn 0.8160 0.4983 0.2930
vn 0.0511 0.9852 0.1639
vn -0.8446 0.3935 0.3631
vn -0.2927 -0.1509 0.9442
vn 0.5044 0.4671 0.7263
vn -0.0511 0.9852 0.1638
vn -0.5361 0.5864 0.6072
vn 0.2816 0.3112 0.9077
vn 0.7110 0.7031 -0.0150
vn -0.0862 0.9567 -0.2781
vn -0.7763 0.6134 0.1452
vn -0.2816 0.3111 0.9077
vn 0.5890 0.6769 0.4415
vn 0.0862 0.9567 -0.2781
vn -0.5890 0.6769 0.4415
vn 0.2816 0.3111 0.9077
vn 0.7763 0.6134 0.1452
vn -0.5807 0.6544 0.4843
vn 0.7646 0.6362 0.1029
vn -0.5691 0.6316 0.5266
vn 0.7496 0.6590 0.0618
vn -0.5541 0.6088 0.5678
vn 0.7316 0.6814 0.0223
vn -0.5044 0.4671 0.7263
vn 0.2927 -0.1509 0.9442
vn 0.8446 0.3935 0.3631
vn 0.0511 0.9852 0.1638
vn -0.5008 0.4408 0.7449
vn 0.8396 0.4199 0.3448
vn -0.4957 0.4143 0.7633
vn 0.8331 0.4463 0.3269
vn -0.4892 0.3879 0.7811
vn 0.8252 0.4725 0.3096
vn -0.7110 0.7031 -0.0150
vn -0.2816 0.3112 0.9077
vn 0.5361 0.5864 0.6072
vn -0.7316 0.6814 0.0223
vn 0.5541 0.6088 0.5678
vn -0.7496 0.6590 0.0618
vn 0.5690 0.6316 0.5266
vn -0.7646 0.6363 0.1029
vn 0.5807 0.6544 0.4843
vn -0.8160 0.4983 0.2930
vn -0.2927 -0.1510 0.9442
vn 0.4813 0.3617 0.7984
vn -0.0511 0.9852 0.1639
vn -0.8252 0.4725 0.3096
vn 0.4892 0.3879 0.7811
vn -0.8331 0.4463 0.3269
vn 0.4957 0.4143 0.7633
vn -0.8396 0.4199 0.3448
vn 0.5008 0.4408 0.7449
vt 0.804977 0.537387
vt 0.810622 0.531023
vt 0.761851 0.510861
vt 0.758885 0.517815
vt 0.815633 0.525219
vt 0.765296 0.505369
vt 0.817730 0.522592
vt 0.767805 0.504037
vt 0.689754 0.488993
vt 0.682810 0.474513
vt 0.655483 0.497825
vt 0.661663 0.508745
vt 0.675508 0.460555
vt 0.650106 0.487875
vt 0.670969 0.453329
vt 0.648017 0.483350
vt 0.811981 0.518120
vt 0.814993 0.514799
vt 0.779947 0.503393
vt 0.776864 0.505536
vt 0.664675 0.452850
vt 0.659048 0.443417
vt 0.646322 0.469021
vt 0.649508 0.475273
vt 0.206743 0.536470
vt 0.201585 0.529873
vt 0.191942 0.533987
vt 0.197688 0.540423
vt 0.196479 0.523658
vt 0.186507 0.527691
vt 0.194485 0.523749
vt 0.192181 0.521096
vt 0.185233 0.523720
vt 0.187582 0.526520
vt 0.312159 0.499935
vt 0.318825 0.486187
vt 0.313081 0.481986
vt 0.306327 0.496409
vt 0.326378 0.471876
vt 0.321066 0.466798
vt 0.326425 0.469663
vt 0.330722 0.462495
vt 0.327405 0.458439
vt 0.322785 0.466081
vt 0.195155 0.515797
vt 0.192887 0.513438
vt 0.185911 0.515756
vt 0.188194 0.518265
vt 0.338394 0.457486
vt 0.342155 0.450950
vt 0.339514 0.445990
vt 0.335422 0.452982
vt 0.214268 0.546657
vt 0.210962 0.541835
vt 0.202386 0.545662
vt 0.206187 0.550282
vt 0.208556 0.541607
vt 0.207334 0.540039
vt 0.201837 0.542466
vt 0.203212 0.543984
vt 0.303025 0.519720
vt 0.306706 0.511146
vt 0.300801 0.508166
vt 0.297262 0.517070
vt 0.306574 0.508554
vt 0.308181 0.505282
vt 0.304492 0.503242
vt 0.302906 0.506647
vt 0.208220 0.538352
vt 0.199334 0.542261
vt 0.310248 0.503866
vt 0.304390 0.500533
vt 0.794478 0.548939
vt 0.796145 0.547040
vt 0.754086 0.528280
vt 0.753264 0.530440
vt 0.798836 0.544289
vt 0.755640 0.525308
vt 0.702355 0.515413
vt 0.700359 0.511131
vt 0.671104 0.525514
vt 0.672974 0.528796
vt 0.697325 0.504718
vt 0.668377 0.520631
vt 0.578491 0.340819
vt 0.561049 0.340820
vt 0.543606 0.340820
vt 0.526164 0.340820
vt 0.508721 0.340820
vt 0.491279 0.340820
vt 0.473836 0.340821
vt 0.456394 0.340821
vt 0.438951 0.340821
vt 0.421509 0.340821
vt 0.412460 0.342668
vt 0.587540 0.342666
vt 0.403786 0.344438
vt 0.596214 0.344437
vt 0.421511 0.310913
vt 0.438953 0.310913
vt 0.456395 0.310914
vt 0.473837 0.310914
vt 0.491279 0.310914
vt 0.508721 0.310914
vt 0.526163 0.310914
vt 0.543605 0.310915
vt 0.561047 0.310915
vt 0.578489 0.310915
vt 0.587539 0.309068
vt 0.412461 0.309067
vt 0.596213 0.307298
vt 0.403787 0.307296
vt 0.389539 0.466265
vt 0.610461 0.466264
vt 0.600914 0.464900
vt 0.399086 0.464901
vt 0.590782 0.463477
vt 0.570608 0.463477
vt 0.550434 0.463477
vt 0.530261 0.463478
vt 0.510087 0.463478
vt 0.489913 0.463478
vt 0.469740 0.463478
vt 0.449566 0.463478
vt 0.429392 0.463478
vt 0.409219 0.463479
vt 0.402042 0.440437
vt 0.423810 0.440437
vt 0.445579 0.440438
vt 0.467347 0.440438
vt 0.489116 0.440438
vt 0.510884 0.440438
vt 0.532652 0.440438
vt 0.554421 0.440438
vt 0.576189 0.440438
vt 0.597958 0.440439
vt 0.609585 0.439016
vt 0.390415 0.439015
vt 0.620897 0.437652
vt 0.379103 0.437651
vt 0.578490 0.314238
vt 0.578490 0.317560
vt 0.578490 0.320883
vt 0.578490 0.324206
vt 0.578490 0.327529
vt 0.578491 0.330851
vt 0.578491 0.334174
vt 0.578491 0.337497
vt 0.421509 0.337498
vt 0.421509 0.334175
vt 0.421510 0.330852
vt 0.421510 0.327529
vt 0.421510 0.324206
vt 0.421510 0.320883
vt 0.421510 0.317559
vt 0.421510 0.314236
vt 0.412461 0.315787
vt 0.412461 0.322507
vt 0.412461 0.329227
vt 0.412460 0.335948
vt 0.403787 0.314725
vt 0.597161 0.442998
vt 0.596363 0.445558
vt 0.595566 0.448118
vt 0.594768 0.450678
vt 0.593971 0.453238
vt 0.593174 0.455798
vt 0.592376 0.458357
vt 0.591579 0.460917
vt 0.408421 0.460918
vt 0.407624 0.458358
vt 0.406826 0.455798
vt 0.406029 0.453238
vt 0.405231 0.450678
vt 0.404434 0.448118
vt 0.403637 0.445558
vt 0.402839 0.442997
vt 0.392149 0.444192
vt 0.393883 0.449369
vt 0.395617 0.454547
vt 0.397352 0.459724
vt 0.381190 0.443374
vt 0.375000 0.350312
vt 0.625000 0.350312
vt 0.438953 0.314237
vt 0.375000 0.301422
vt 0.375000 0.311200
vt 0.625000 0.301422
vt 0.357859 0.470791
vt 0.642141 0.470791
vt 0.424430 0.442998
vt 0.341563 0.433125
vt 0.344822 0.440658
vt 0.658437 0.433125
vt 0.428772 0.460918
vt 0.428152 0.458358
vt 0.427532 0.455798
vt 0.426911 0.453238
vt 0.426291 0.450678
vt 0.425671 0.448118
vt 0.425051 0.445558
vt 0.571228 0.460917
vt 0.550877 0.460917
vt 0.530526 0.460918
vt 0.510176 0.460918
vt 0.489825 0.460918
vt 0.469474 0.460918
vt 0.449123 0.460918
vt 0.571848 0.458357
vt 0.572468 0.455798
vt 0.573089 0.453238
vt 0.573709 0.450678
vt 0.574329 0.448118
vt 0.574949 0.445558
vt 0.575569 0.442998
vt 0.553978 0.442998
vt 0.532387 0.442998
vt 0.510795 0.442998
vt 0.489204 0.442998
vt 0.467613 0.442998
vt 0.446022 0.442998
vt 0.438952 0.337498
vt 0.438952 0.334175
vt 0.438952 0.330852
vt 0.438952 0.327529
vt 0.438952 0.324206
vt 0.438952 0.320883
vt 0.438952 0.317560
vt 0.561049 0.337497
vt 0.543606 0.337497
vt 0.526164 0.337497
vt 0.508721 0.337497
vt 0.491279 0.337498
vt 0.473836 0.337498
vt 0.456394 0.337498
vt 0.561048 0.334174
vt 0.561048 0.330851
vt 0.561048 0.327529
vt 0.561048 0.324206
vt 0.561048 0.320883
vt 0.561048 0.317560
vt 0.561048 0.314238
vt 0.543605 0.314237
vt 0.526163 0.314237
vt 0.508721 0.314237
vt 0.491279 0.314237
vt 0.473837 0.314237
vt 0.456395 0.314237
vt 0.778720 0.502594
vt 0.816982 0.514917
vt 0.823578 0.515216
vt 0.774688 0.500000
vt 0.214228 0.505678
vt 0.221859 0.503182
vt 0.225312 0.500000
vt 0.215534 0.503043
vt 0.645325 0.469401
vt 0.658946 0.441084
vt 0.351148 0.465220
vt 0.353952 0.470755
vt 0.354600 0.463257
vt 0.813277 0.519123
vt 0.774810 0.505214
vt 0.666079 0.452935
vt 0.649204 0.477147
vt 0.194722 0.516746
vt 0.187098 0.519488
vt 0.183291 0.523721
vt 0.193197 0.520012
vt 0.337024 0.458483
vt 0.333687 0.453656
vt 0.327623 0.456069
vt 0.332275 0.461925
vt 0.225219 0.505781
vt 0.232824 0.505176
vt 0.183706 0.515663
vt 0.176422 0.515216
vt 0.339929 0.443078
vt 0.350371 0.477789
vt 0.350881 0.485352
vt 0.220794 0.504166
vt 0.222996 0.505924
vt 0.352718 0.470792
vt 0.350284 0.475500
vt 0.213817 0.506484
vt 0.350078 0.465832
vt 0.216036 0.508392
vt 0.217595 0.508522
vt 0.209075 0.510861
vt 0.209971 0.511264
vt 0.202115 0.513329
vt 0.202347 0.514005
vt 0.191336 0.513167
vt 0.199864 0.511120
vt 0.198967 0.510671
vt 0.206840 0.508802
vt 0.206598 0.508174
vt 0.222917 0.508885
vt 0.213011 0.512594
vt 0.203104 0.516303
vt 0.186200 0.512173
vt 0.195978 0.509129
vt 0.205756 0.506086
vt 0.403786 0.337010
vt 0.375000 0.340534
vt 0.403786 0.329581
vt 0.375000 0.330756
vt 0.403787 0.322153
vt 0.375000 0.320978
vt 0.243768 0.522719
vt 0.242961 0.520658
vt 0.233907 0.524611
vt 0.234881 0.526627
vt 0.224852 0.528564
vt 0.225994 0.530536
vt 0.215797 0.532517
vt 0.217107 0.534444
vt 0.243206 0.526202
vt 0.242543 0.524492
vt 0.237007 0.526936
vt 0.237823 0.528597
vt 0.234556 0.530048
vt 0.233753 0.528374
vt 0.228202 0.530824
vt 0.229158 0.532449
vt 0.225897 0.533897
vt 0.224955 0.532259
vt 0.219406 0.534708
vt 0.220501 0.536298
vt 0.217231 0.537750
vt 0.216149 0.536147
vt 0.210617 0.538588
vt 0.211853 0.540143
vt 0.246591 0.532159
vt 0.245263 0.526523
vt 0.236688 0.530351
vt 0.238510 0.535784
vt 0.228113 0.534179
vt 0.230430 0.539408
vt 0.219537 0.538007
vt 0.222349 0.543033
vt 0.234342 0.507794
vt 0.231850 0.506072
vt 0.224886 0.508701
vt 0.227423 0.510571
vt 0.224383 0.511781
vt 0.221937 0.509826
vt 0.214968 0.512458
vt 0.217458 0.514561
vt 0.214420 0.515769
vt 0.212022 0.513581
vt 0.205053 0.516213
vt 0.207496 0.518548
vt 0.204454 0.519759
vt 0.202103 0.517338
vt 0.195141 0.519967
vt 0.197538 0.522535
vt 0.240154 0.513416
vt 0.236368 0.507523
vt 0.226396 0.511556
vt 0.230511 0.517530
vt 0.216424 0.515590
vt 0.220869 0.521644
vt 0.206451 0.519624
vt 0.211227 0.525759
vt 0.347312 0.470997
vt 0.347034 0.472963
vt 0.344339 0.466493
vt 0.343697 0.468136
vt 0.341367 0.461989
vt 0.340361 0.463309
vt 0.342734 0.448614
vt 0.344796 0.455911
vt 0.345538 0.454149
vt 0.347437 0.460871
vt 0.348343 0.459684
vt 0.346230 0.479495
vt 0.341578 0.473638
vt 0.336926 0.467782
vt 0.348081 0.448191
vt 0.351341 0.455724
vt 0.387452 0.460542
vt 0.385365 0.454819
vt 0.383278 0.449096
vt 0.333680 0.517198
vt 0.335488 0.514036
vt 0.329655 0.510510
vt 0.327822 0.513865
vt 0.323823 0.506985
vt 0.321964 0.510532
vt 0.317991 0.503460
vt 0.316106 0.507199
vt 0.330124 0.520849
vt 0.331648 0.518205
vt 0.327986 0.516180
vt 0.326482 0.518955
vt 0.324244 0.517779
vt 0.325789 0.514979
vt 0.322104 0.512941
vt 0.320580 0.515874
vt 0.318360 0.514707
vt 0.319925 0.511749
vt 0.316228 0.509705
vt 0.314683 0.512795
vt 0.312469 0.511632
vt 0.314056 0.508517
vt 0.310357 0.506472
vt 0.308792 0.509720
vt 0.326079 0.530317
vt 0.330328 0.523065
vt 0.324422 0.520085
vt 0.320316 0.527668
vt 0.318517 0.517105
vt 0.314552 0.525018
vt 0.312611 0.514126
vt 0.308789 0.522369
vt 0.347297 0.490402
vt 0.349704 0.485467
vt 0.346394 0.481420
vt 0.343665 0.486829
vt 0.342081 0.485220
vt 0.344961 0.479727
vt 0.341645 0.475672
vt 0.338443 0.481640
vt 0.336864 0.480036
vt 0.340216 0.473984
vt 0.336897 0.469926
vt 0.333222 0.476452
vt 0.331645 0.474850
vt 0.335470 0.468241
vt 0.332150 0.464182
vt 0.328002 0.471266
vt 0.341804 0.502992
vt 0.347626 0.492185
vt 0.342314 0.487107
vt 0.336059 0.498791
vt 0.337002 0.482030
vt 0.330314 0.494590
vt 0.331690 0.476953
vt 0.324570 0.490388
s 0
usemtl Material.004
f 1091/885/410 1092/886/410 1095/887/410 1093/888/410
f 1092/886/411 1145/889/411 1096/890/411 1095/887/411
f 1145/889/412 1144/891/412 1094/892/412 1096/890/412
f 1102/893/413 1104/894/413 1100/895/413 1098/896/413
f 1104/894/414 1103/897/414 1099/898/414 1100/895/414
f 1103/897/415 1101/899/415 1097/900/415 1099/898/415
f 1414/901/416 1405/902/416 1406/903/416 1413/904/416
f 1416/905/417 1409/906/417 1410/907/417 1415/908/417
f 1444/909/418 1445/910/418 1146/911/418 1109/912/418
f 1445/910/419 1449/913/419 1147/914/419 1146/911/419
f 1549/915/420 1550/916/420 1551/917/420 1552/918/420
f 1500/919/421 1501/920/421 1116/921/421 1114/922/421
f 1501/920/422 1505/923/422 1117/924/422 1116/921/422
f 1553/925/423 1554/926/423 1555/927/423 1556/928/423
f 1489/929/424 1488/930/424 1408/931/424 1417/932/424
f 1545/933/425 1544/934/425 1412/935/425 1419/936/425
f 1457/937/426 1461/938/426 1123/939/426 1122/940/426
f 1557/941/427 1558/942/427 1559/943/427 1560/944/427
f 1513/945/428 1517/946/428 1129/947/428 1128/948/428
f 1561/949/429 1562/950/429 1563/951/429 1564/952/429
f 1465/953/430 1444/909/430 1109/912/430 1121/954/430
f 1521/955/431 1500/919/431 1114/922/431 1127/956/431
f 1132/957/432 1131/958/432 1135/959/432 1134/960/432
f 1131/958/433 1130/961/433 1133/962/433 1135/959/433
f 1141/963/434 1140/964/434 1137/965/434 1138/966/434
f 1140/964/435 1139/967/435 1136/968/435 1137/965/435
f 1130/961/436 1091/885/436 1093/888/436 1133/962/436
f 1139/967/437 1102/893/437 1098/896/437 1136/968/437
f 1156/969/438 1173/970/438 1174/971/438 1175/972/438 1176/973/438 1177/974/438 1178/975/438 1179/976/438 1180/977/438 1149/978/438 1151/979/438 1157/980/438
f 1157/980/439 1151/979/439 1150/981/439 1155/982/439
f 1162/983/440 1181/984/440 1182/985/440 1183/986/440 1184/987/440 1185/988/440 1186/989/440 1187/990/440 1188/991/440 1152/992/440 1154/993/440 1163/994/440
f 1163/994/441 1154/993/441 1153/995/441 1161/996/441
f 1159/997/442 1164/998/442 1166/999/442 1160/1000/442
f 1160/1000/443 1166/999/443 1165/1001/443 1189/1002/443 1190/1003/443 1191/1004/443 1192/1005/443 1193/1006/443 1194/1007/443 1195/1008/443 1196/1009/443 1158/1010/443
f 1171/1011/444 1197/1012/444 1198/1013/444 1199/1014/444 1200/1015/444 1201/1016/444 1202/1017/444 1203/1018/444 1204/1019/444 1167/1020/444 1169/1021/444 1172/1022/444
f 1172/1022/445 1169/1021/445 1168/1023/445 1170/1024/445
f 1152/992/446 1205/1025/446 1206/1026/446 1207/1027/446 1208/1028/446 1209/1029/446 1210/1030/446 1211/1031/446 1212/1032/446 1156/969/446 1157/980/446 1154/993/446
f 1154/993/447 1157/980/447 1155/982/447 1153/995/447
f 1149/978/448 1213/1033/448 1214/1034/448 1215/1035/448 1216/1036/448 1217/1037/448 1218/1038/448 1219/1039/448 1220/1040/448 1162/983/448 1163/994/448 1469/1041/448 1470/1042/448 1471/1043/448 1472/1044/448 1151/979/448
f 1469/1041/449 1163/994/449 1161/996/449 1473/1045/449
f 1167/1020/450 1221/1046/450 1222/1047/450 1223/1048/450 1224/1049/450 1225/1050/450 1226/1051/450 1227/1052/450 1228/1053/450 1165/1001/450 1166/999/450 1169/1021/450
f 1169/1021/451 1166/999/451 1164/998/451 1168/1023/451
f 1158/1010/452 1229/1054/452 1230/1055/452 1231/1056/452 1232/1057/452 1233/1058/452 1234/1059/452 1235/1060/452 1236/1061/452 1171/1011/452 1172/1022/452 1525/1062/452 1526/1063/452 1527/1064/452 1528/1065/452 1160/1000/452
f 1525/1062/453 1172/1022/453 1170/1024/453 1529/1066/453
f 1155/982/454 1150/981/454 1088/1067/454 1085/1068/454
f 1336/1069/455 1181/984/455 1162/983/455 1220/1040/455
f 1473/1045/456 1161/996/456 1142/1070/456 1440/1071/456
f 1161/996/457 1153/995/457 1143/1072/457 1142/1070/457
f 1153/995/458 1155/982/458 1085/1068/458 1143/1072/458
f 1164/998/459 1159/997/459 1089/1073/459 1086/1074/459
f 1308/1075/460 1197/1012/460 1171/1011/460 1236/1061/460
f 1529/1066/461 1170/1024/461 1090/1076/461 1496/1077/461
f 1168/1023/462 1164/998/462 1086/1074/462 1087/1078/462
f 1170/1024/463 1168/1023/463 1087/1078/463 1090/1076/463
f 1196/1009/460 1300/1079/460 1229/1054/460 1158/1010/460
f 1300/1079/460 1310/1080/460 1230/1055/460 1229/1054/460
f 1310/1080/460 1312/1081/460 1231/1056/460 1230/1055/460
f 1312/1081/460 1314/1082/460 1232/1057/460 1231/1056/460
f 1314/1082/460 1316/1083/460 1233/1058/460 1232/1057/460
f 1316/1083/460 1318/1084/460 1234/1059/460 1233/1058/460
f 1318/1084/460 1320/1085/460 1235/1060/460 1234/1059/460
f 1320/1085/460 1308/1075/460 1236/1061/460 1235/1060/460
f 1165/1001/460 1228/1053/460 1293/1086/460 1189/1002/460
f 1189/1002/460 1293/1086/460 1294/1087/460 1190/1003/460
f 1190/1003/460 1294/1087/460 1295/1088/460 1191/1004/460
f 1191/1004/460 1295/1088/460 1296/1089/460 1192/1005/460
f 1192/1005/460 1296/1089/460 1297/1090/460 1193/1006/460
f 1193/1006/460 1297/1090/460 1298/1091/460 1194/1007/460
f 1194/1007/460 1298/1091/460 1299/1092/460 1195/1008/460
f 1195/1008/460 1299/1092/460 1300/1079/460 1196/1009/460
f 1228/1053/460 1227/1052/460 1309/1093/460 1293/1086/460
f 1227/1052/460 1226/1051/460 1311/1094/460 1309/1093/460
f 1226/1051/460 1225/1050/460 1313/1095/460 1311/1094/460
f 1225/1050/460 1224/1049/460 1315/1096/460 1313/1095/460
f 1224/1049/460 1223/1048/460 1317/1097/460 1315/1096/460
f 1223/1048/460 1222/1047/460 1319/1098/460 1317/1097/460
f 1222/1047/460 1221/1046/460 1301/1099/460 1319/1098/460
f 1221/1046/460 1167/1020/460 1204/1019/460 1301/1099/460
f 1301/1099/460 1204/1019/460 1203/1018/460 1302/1100/460
f 1302/1100/460 1203/1018/460 1202/1017/460 1303/1101/460
f 1303/1101/460 1202/1017/460 1201/1016/460 1304/1102/460
f 1304/1102/460 1201/1016/460 1200/1015/460 1305/1103/460
f 1305/1103/460 1200/1015/460 1199/1014/460 1306/1104/460
f 1306/1104/460 1199/1014/460 1198/1013/460 1307/1105/460
f 1307/1105/460 1198/1013/460 1197/1012/460 1308/1075/460
f 1180/977/455 1328/1106/455 1213/1033/455 1149/978/455
f 1328/1106/455 1338/1107/455 1214/1034/455 1213/1033/455
f 1338/1107/455 1340/1108/455 1215/1035/455 1214/1034/455
f 1340/1108/455 1342/1109/455 1216/1036/455 1215/1035/455
f 1342/1109/455 1344/1110/455 1217/1037/455 1216/1036/455
f 1344/1110/455 1346/1111/455 1218/1038/455 1217/1037/455
f 1346/1111/455 1348/1112/455 1219/1039/455 1218/1038/455
f 1348/1112/455 1336/1069/455 1220/1040/455 1219/1039/455
f 1156/969/455 1212/1032/455 1321/1113/455 1173/970/455
f 1173/970/455 1321/1113/455 1322/1114/455 1174/971/455
f 1174/971/455 1322/1114/455 1323/1115/455 1175/972/455
f 1175/972/455 1323/1115/455 1324/1116/455 1176/973/455
f 1176/973/455 1324/1116/455 1325/1117/455 1177/974/455
f 1177/974/455 1325/1117/455 1326/1118/455 1178/975/455
f 1178/975/455 1326/1118/455 1327/1119/455 1179/976/455
f 1179/976/455 1327/1119/455 1328/1106/455 1180/977/455
f 1212/1032/455 1211/1031/455 1337/1120/455 1321/1113/455
f 1211/1031/455 1210/1030/455 1339/1121/455 1337/1120/455
f 1210/1030/455 1209/1029/455 1341/1122/455 1339/1121/455
f 1209/1029/455 1208/1028/455 1343/1123/455 1341/1122/455
f 1208/1028/455 1207/1027/455 1345/1124/455 1343/1123/455
f 1207/1027/455 1206/1026/455 1347/1125/455 1345/1124/455
f 1206/1026/455 1205/1025/455 1329/1126/455 1347/1125/455
f 1205/1025/455 1152/992/455 1188/991/455 1329/1126/455
f 1329/1126/455 1188/991/455 1187/990/455 1330/1127/455
f 1330/1127/455 1187/990/455 1186/989/455 1331/1128/455
f 1331/1128/455 1186/989/455 1185/988/455 1332/1129/455
f 1332/1129/455 1185/988/455 1184/987/455 1333/1130/455
f 1333/1130/455 1184/987/455 1183/986/455 1334/1131/455
f 1334/1131/455 1183/986/455 1182/985/455 1335/1132/455
f 1335/1132/455 1182/985/455 1181/984/455 1336/1069/455
f 1349/1086/464 1238/1087/464 1294/1087/464 1293/1086/464
f 1238/1087/464 1239/1088/464 1295/1088/464 1294/1087/464
f 1239/1088/464 1240/1089/464 1296/1089/464 1295/1088/464
f 1240/1089/464 1241/1090/464 1297/1090/464 1296/1089/464
f 1241/1090/464 1242/1091/464 1298/1091/464 1297/1090/464
f 1242/1091/464 1243/1092/464 1299/1092/464 1298/1091/464
f 1243/1092/464 1356/1079/464 1300/1079/464 1299/1092/464
f 1258/1100/464 1357/1099/464 1301/1099/464 1302/1100/464
f 1259/1101/464 1258/1100/464 1302/1100/464 1303/1101/464
f 1260/1102/464 1259/1101/464 1303/1101/464 1304/1102/464
f 1261/1103/464 1260/1102/464 1304/1102/464 1305/1103/464
f 1262/1104/464 1261/1103/464 1305/1103/464 1306/1104/464
f 1263/1105/464 1262/1104/464 1306/1104/464 1307/1105/464
f 1364/1075/464 1263/1105/464 1307/1105/464 1308/1075/464
f 1245/1093/464 1349/1086/464 1293/1086/464 1309/1093/464
f 1356/1079/464 1246/1080/464 1310/1080/464 1300/1079/464
f 1247/1094/464 1245/1093/464 1309/1093/464 1311/1094/464
f 1246/1080/464 1248/1081/464 1312/1081/464 1310/1080/464
f 1249/1095/464 1247/1094/464 1311/1094/464 1313/1095/464
f 1248/1081/464 1250/1082/464 1314/1082/464 1312/1081/464
f 1251/1096/464 1249/1095/464 1313/1095/464 1315/1096/464
f 1250/1082/464 1252/1083/464 1316/1083/464 1314/1082/464
f 1253/1097/464 1251/1096/464 1315/1096/464 1317/1097/464
f 1252/1083/464 1254/1084/464 1318/1084/464 1316/1083/464
f 1255/1098/464 1253/1097/464 1317/1097/464 1319/1098/464
f 1254/1084/464 1256/1085/464 1320/1085/464 1318/1084/464
f 1357/1099/464 1255/1098/464 1319/1098/464 1301/1099/464
f 1256/1085/464 1364/1075/464 1308/1075/464 1320/1085/464
f 1377/1113/464 1266/1114/464 1322/1114/464 1321/1113/464
f 1266/1114/464 1267/1115/464 1323/1115/464 1322/1114/464
f 1267/1115/464 1268/1116/464 1324/1116/464 1323/1115/464
f 1268/1116/464 1269/1117/464 1325/1117/464 1324/1116/464
f 1269/1117/464 1270/1118/464 1326/1118/464 1325/1117/464
f 1270/1118/464 1271/1119/464 1327/1119/464 1326/1118/464
f 1271/1119/464 1384/1106/464 1328/1106/464 1327/1119/464
f 1286/1127/464 1385/1126/464 1329/1126/464 1330/1127/464
f 1287/1128/464 1286/1127/464 1330/1127/464 1331/1128/464
f 1288/1129/464 1287/1128/464 1331/1128/464 1332/1129/464
f 1289/1130/464 1288/1129/464 1332/1129/464 1333/1130/464
f 1290/1131/464 1289/1130/464 1333/1130/464 1334/1131/464
f 1291/1132/464 1290/1131/464 1334/1131/464 1335/1132/464
f 1392/1069/464 1291/1132/464 1335/1132/464 1336/1069/464
f 1273/1120/464 1377/1113/464 1321/1113/464 1337/1120/464
f 1384/1106/464 1274/1107/464 1338/1107/464 1328/1106/464
f 1275/1121/464 1273/1120/464 1337/1120/464 1339/1121/464
f 1274/1107/464 1276/1108/464 1340/1108/464 1338/1107/464
f 1277/1122/464 1275/1121/464 1339/1121/464 1341/1122/464
f 1276/1108/464 1278/1109/464 1342/1109/464 1340/1108/464
f 1279/1123/464 1277/1122/464 1341/1122/464 1343/1123/464
f 1278/1109/464 1280/1110/464 1344/1110/464 1342/1109/464
f 1281/1124/464 1279/1123/464 1343/1123/464 1345/1124/464
f 1280/1110/464 1282/1111/464 1346/1111/464 1344/1110/464
f 1283/1125/464 1281/1124/464 1345/1124/464 1347/1125/464
f 1282/1111/464 1284/1112/464 1348/1112/464 1346/1111/464
f 1385/1126/464 1283/1125/464 1347/1125/464 1329/1126/464
f 1284/1112/464 1392/1069/464 1336/1069/464 1348/1112/464
f 1237/1086/465 1350/1087/465 1238/1087/465 1349/1086/465
f 1350/1087/466 1351/1088/466 1239/1088/466 1238/1087/466
f 1351/1088/467 1352/1089/467 1240/1089/467 1239/1088/467
f 1352/1089/468 1353/1090/468 1241/1090/468 1240/1089/468
f 1353/1090/469 1354/1091/469 1242/1091/469 1241/1090/469
f 1354/1091/470 1355/1092/470 1243/1092/470 1242/1091/470
f 1355/1092/471 1244/1079/471 1356/1079/471 1243/1092/471
f 1358/1100/472 1257/1099/472 1357/1099/472 1258/1100/472
f 1359/1101/473 1358/1100/473 1258/1100/473 1259/1101/473
f 1360/1102/474 1359/1101/474 1259/1101/474 1260/1102/474
f 1361/1103/475 1360/1102/475 1260/1102/475 1261/1103/475
f 1362/1104/476 1361/1103/476 1261/1103/476 1262/1104/476
f 1363/1105/477 1362/1104/477 1262/1104/477 1263/1105/477
f 1264/1075/478 1363/1105/478 1263/1105/478 1364/1075/478
f 1365/1093/479 1237/1086/479 1349/1086/479 1245/1093/479
f 1244/1079/480 1366/1080/480 1246/1080/480 1356/1079/480
f 1367/1094/481 1365/1093/481 1245/1093/481 1247/1094/481
f 1366/1080/482 1368/1081/482 1248/1081/482 1246/1080/482
f 1369/1095/483 1367/1094/483 1247/1094/483 1249/1095/483
f 1368/1081/484 1370/1082/484 1250/1082/484 1248/1081/484
f 1371/1096/485 1369/1095/485 1249/1095/485 1251/1096/485
f 1370/1082/486 1372/1083/486 1252/1083/486 1250/1082/486
f 1373/1097/487 1371/1096/487 1251/1096/487 1253/1097/487
f 1372/1083/488 1374/1084/488 1254/1084/488 1252/1083/488
f 1375/1098/489 1373/1097/489 1253/1097/489 1255/1098/489
f 1374/1084/490 1376/1085/490 1256/1085/490 1254/1084/490
f 1257/1099/491 1375/1098/491 1255/1098/491 1357/1099/491
f 1376/1085/492 1264/1075/492 1364/1075/492 1256/1085/492
f 1265/1113/493 1378/1114/493 1266/1114/493 1377/1113/493
f 1378/1114/494 1379/1115/494 1267/1115/494 1266/1114/494
f 1379/1115/495 1380/1116/495 1268/1116/495 1267/1115/495
f 1380/1116/496 1381/1117/496 1269/1117/496 1268/1116/496
f 1381/1117/497 1382/1118/497 1270/1118/497 1269/1117/497
f 1382/1118/498 1383/1119/498 1271/1119/498 1270/1118/498
f 1383/1119/499 1272/1106/499 1384/1106/499 1271/1119/499
f 1386/1127/500 1285/1126/500 1385/1126/500 1286/1127/500
f 1387/1128/501 1386/1127/501 1286/1127/501 1287/1128/501
f 1388/1129/502 1387/1128/502 1287/1128/502 1288/1129/502
f 1389/1130/503 1388/1129/503 1288/1129/503 1289/1130/503
f 1390/1131/504 1389/1130/504 1289/1130/504 1290/1131/504
f 1391/1132/505 1390/1131/505 1290/1131/505 1291/1132/505
f 1292/1069/506 1391/1132/506 1291/1132/506 1392/1069/506
f 1393/1120/507 1265/1113/507 1377/1113/507 1273/1120/507
f 1272/1106/508 1394/1107/508 1274/1107/508 1384/1106/508
f 1395/1121/509 1393/1120/509 1273/1120/509 1275/1121/509
f 1394/1107/510 1396/1108/510 1276/1108/510 1274/1107/510
f 1397/1122/511 1395/1121/511 1275/1121/511 1277/1122/511
f 1396/1108/512 1398/1109/512 1278/1109/512 1276/1108/512
f 1399/1123/513 1397/1122/513 1277/1122/513 1279/1123/513
f 1398/1109/514 1400/1110/514 1280/1110/514 1278/1109/514
f 1401/1124/515 1399/1123/515 1279/1123/515 1281/1124/515
f 1400/1110/516 1402/1111/516 1282/1111/516 1280/1110/516
f 1403/1125/517 1401/1124/517 1281/1124/517 1283/1125/517
f 1402/1111/518 1404/1112/518 1284/1112/518 1282/1111/518
f 1285/1126/519 1403/1125/519 1283/1125/519 1385/1126/519
f 1404/1112/520 1292/1069/520 1392/1069/520 1284/1112/520
f 1424/1133/416 1421/1134/416 1143/1135/416 1085/1136/416
f 1477/1137/521 1429/1138/521 1088/1139/521 1437/1140/521
f 1427/1141/417 1426/1142/417 1087/1078/417 1086/1074/417
f 1533/1143/522 1436/1144/522 1089/1073/522 1493/1145/522
f 1422/1146/416 1423/1147/416 1094/892/416 1144/891/416
f 1425/1148/417 1428/1149/417 1097/900/417 1101/899/417
f 1421/1134/523 1422/1146/523 1144/891/523 1143/1135/523
f 1423/1147/416 1424/1133/416 1085/1136/416 1094/892/416
f 1426/1142/417 1425/1148/417 1101/899/417 1087/1078/417
f 1428/1149/524 1427/1141/524 1086/1074/524 1097/900/524
f 1481/1150/525 1431/1151/525 1148/1152/525 1453/1153/525
f 1537/1154/526 1434/1155/526 1115/1156/526 1509/1157/526
f 1429/1138/521 1430/1158/521 1105/1159/521 1088/1139/521
f 1431/1151/527 1432/1160/527 1142/1161/527 1148/1152/527
f 1434/1155/522 1433/1162/522 1090/1076/522 1115/1156/522
f 1436/1144/528 1435/1163/528 1111/1164/528 1089/1073/528
f 1405/902/529 1414/901/529 1422/1146/529 1421/1134/529
f 1413/904/530 1406/903/530 1424/1133/530 1423/1147/530
f 1409/906/531 1416/905/531 1425/1148/531 1426/1142/531
f 1415/908/532 1410/907/532 1427/1141/532 1428/1149/532
f 1407/1165/533 1418/1166/533 1430/1158/533 1429/1138/533
f 1417/932/534 1408/931/534 1432/1160/534 1431/1151/534
f 1419/936/535 1412/935/535 1433/1162/535 1434/1155/535
f 1411/1167/536 1420/1168/536 1435/1163/536 1436/1144/536
f 1406/903/537 1405/902/537 1421/1134/537 1424/1133/537
f 1485/1169/538 1407/1165/538 1429/1138/538 1477/1137/538
f 1410/907/539 1409/906/539 1426/1142/539 1427/1141/539
f 1541/1170/540 1411/1167/540 1436/1144/540 1533/1143/540
f 1414/901/541 1413/904/541 1423/1147/541 1422/1146/541
f 1416/905/542 1415/908/542 1428/1149/542 1425/1148/542
f 1489/929/543 1417/932/543 1431/1151/543 1481/1150/543
f 1545/933/544 1419/936/544 1434/1155/544 1537/1154/544
f 1418/1166/543 1492/1171/543 1484/1172/543 1430/1158/543
f 1492/1171/543 1491/1173/543 1483/1174/543 1484/1172/543
f 1491/1173/543 1490/1175/543 1482/1176/543 1483/1174/543
f 1490/1175/543 1489/929/543 1481/1150/543 1482/1176/543
f 1408/931/538 1488/930/538 1480/1177/538 1432/1160/538
f 1488/930/538 1487/1178/538 1479/1179/538 1480/1177/538
f 1487/1178/538 1486/1180/538 1478/1181/538 1479/1179/538
f 1486/1180/538 1485/1169/538 1477/1137/538 1478/1181/538
f 1430/1158/545 1484/1172/545 1456/1182/545 1105/1159/545
f 1484/1172/525 1483/1174/525 1455/1183/525 1456/1182/525
f 1483/1174/525 1482/1176/525 1454/1184/525 1455/1183/525
f 1482/1176/525 1481/1150/525 1453/1153/525 1454/1184/525
f 1432/1160/521 1480/1177/521 1440/1185/521 1142/1161/521
f 1480/1177/521 1479/1179/521 1439/1186/521 1440/1185/521
f 1479/1179/521 1478/1181/521 1438/1187/521 1439/1186/521
f 1478/1181/521 1477/1137/521 1437/1140/521 1438/1187/521
f 1150/981/456 1476/1188/456 1437/1189/456 1088/1067/456
f 1476/1188/456 1475/1190/456 1438/1191/456 1437/1189/456
f 1475/1190/456 1474/1192/456 1439/1193/456 1438/1191/456
f 1474/1192/456 1473/1045/456 1440/1071/456 1439/1193/456
f 1151/979/449 1472/1044/449 1476/1188/449 1150/981/449
f 1472/1044/449 1471/1043/449 1475/1190/449 1476/1188/449
f 1471/1043/449 1470/1042/449 1474/1192/449 1475/1190/449
f 1470/1042/546 1469/1041/546 1473/1045/546 1474/1192/546
f 1118/1194/547 1106/1195/547 1441/1196/547 1468/1197/547
f 1468/1197/548 1441/1196/548 1442/1198/548 1467/1199/548
f 1467/1199/549 1442/1198/549 1443/1200/549 1466/1201/549
f 1466/1201/549 1443/1200/549 1444/909/549 1465/953/549
f 1565/1202/550 1566/1203/550 1567/1204/550 1568/1205/550
f 1569/1206/550 1570/1207/550 1571/1208/550 1572/1209/550
f 1573/1210/550 1574/1211/550 1575/1212/550 1576/1213/550
f 1577/1214/550 1578/1215/550 1579/1216/550 1580/1217/550
f 1120/1218/426 1119/1219/426 1464/1220/426 1460/1221/426
f 1460/1221/426 1464/1220/426 1463/1222/426 1459/1223/426
f 1459/1223/426 1463/1222/426 1462/1224/426 1458/1225/426
f 1458/1225/426 1462/1224/426 1461/938/426 1457/937/426
f 1418/1166/551 1407/1165/551 1485/1169/551 1492/1171/551
f 1492/1171/521 1485/1169/521 1486/1180/521 1491/1173/521
f 1491/1173/521 1486/1180/521 1487/1178/521 1490/1175/521
f 1490/1175/527 1487/1178/527 1488/930/527 1489/929/527
f 1581/1226/552 1582/1227/552 1583/1228/552 1584/1229/552
f 1585/1230/552 1586/1231/552 1587/1232/552 1588/1233/552
f 1589/1234/552 1590/1235/552 1591/1236/552 1592/1237/552
f 1593/1238/552 1594/1239/552 1595/1240/552 1596/1241/552
f 1108/1242/553 1107/1243/553 1452/1244/553 1448/1245/553
f 1448/1245/553 1452/1244/553 1451/1246/553 1447/1247/553
f 1447/1247/553 1451/1246/553 1450/1248/553 1446/1249/553
f 1446/1249/553 1450/1248/553 1449/913/553 1445/910/553
f 1106/1195/554 1108/1242/554 1448/1245/554 1441/1196/554
f 1441/1196/554 1448/1245/554 1447/1247/554 1442/1198/554
f 1442/1198/554 1447/1247/554 1446/1249/554 1443/1200/554
f 1443/1200/418 1446/1249/418 1445/910/418 1444/909/418
f 1420/1168/544 1548/1250/544 1540/1251/544 1435/1163/544
f 1548/1250/544 1547/1252/544 1539/1253/544 1540/1251/544
f 1547/1252/544 1546/1254/544 1538/1255/544 1539/1253/544
f 1546/1254/544 1545/933/544 1537/1154/544 1538/1255/544
f 1412/935/540 1544/934/540 1536/1256/540 1433/1162/540
f 1544/934/540 1543/1257/540 1535/1258/540 1536/1256/540
f 1543/1257/540 1542/1259/540 1534/1260/540 1535/1258/540
f 1542/1259/540 1541/1170/540 1533/1143/540 1534/1260/540
f 1435/1163/555 1540/1251/555 1512/1261/555 1111/1164/555
f 1540/1251/555 1539/1253/555 1511/1262/555 1512/1261/555
f 1539/1253/555 1538/1255/555 1510/1263/555 1511/1262/555
f 1538/1255/555 1537/1154/555 1509/1157/555 1510/1263/555
f 1433/1162/522 1536/1256/522 1496/1077/522 1090/1076/522
f 1536/1256/522 1535/1258/522 1495/1264/522 1496/1077/522
f 1535/1258/522 1534/1260/522 1494/1265/522 1495/1264/522
f 1534/1260/522 1533/1143/522 1493/1145/522 1494/1265/522
f 1159/997/461 1532/1266/461 1493/1145/461 1089/1073/461
f 1532/1266/461 1531/1267/461 1494/1265/461 1493/1145/461
f 1531/1267/461 1530/1268/461 1495/1264/461 1494/1265/461
f 1530/1268/461 1529/1066/461 1496/1077/461 1495/1264/461
f 1160/1000/453 1528/1065/453 1532/1266/453 1159/997/453
f 1528/1065/453 1527/1064/453 1531/1267/453 1532/1266/453
f 1527/1064/453 1526/1063/453 1530/1268/453 1531/1267/453
f 1526/1063/453 1525/1062/453 1529/1066/453 1530/1268/453
f 1124/1269/556 1110/1270/556 1497/1271/556 1524/1272/556
f 1524/1272/557 1497/1271/557 1498/1273/557 1523/1274/557
f 1523/1274/557 1498/1273/557 1499/1275/557 1522/1276/557
f 1522/1276/431 1499/1275/431 1500/919/431 1521/955/431
f 1597/1277/558 1598/1278/558 1599/1279/558 1600/1280/558
f 1601/1281/429 1602/1282/429 1603/1283/429 1604/1284/429
f 1605/1285/429 1606/1286/429 1607/1287/429 1608/1288/429
f 1609/1289/429 1610/1290/429 1611/1291/429 1612/1292/429
f 1125/1293/428 1126/1294/428 1520/1295/428 1516/1296/428
f 1516/1296/428 1520/1295/428 1519/1297/428 1515/1298/428
f 1515/1298/428 1519/1297/428 1518/1299/428 1514/1300/428
f 1514/1300/428 1518/1299/428 1517/946/428 1513/945/428
f 1420/1168/559 1411/1167/559 1541/1170/559 1548/1250/559
f 1548/1250/528 1541/1170/528 1542/1259/528 1547/1252/528
f 1547/1252/522 1542/1259/522 1543/1257/522 1546/1254/522
f 1546/1254/522 1543/1257/522 1544/934/522 1545/933/522
f 1613/1301/423 1614/1302/423 1615/1303/423 1616/1304/423
f 1617/1305/423 1618/1306/423 1619/1307/423 1620/1308/423
f 1621/1309/423 1622/1310/423 1623/1311/423 1624/1312/423
f 1625/1313/423 1626/1314/423 1627/1315/423 1628/1316/423
f 1112/1317/560 1113/1318/560 1508/1319/560 1504/1320/560
f 1504/1320/560 1508/1319/560 1507/1321/560 1503/1322/560
f 1503/1322/422 1507/1321/422 1506/1323/422 1502/1324/422
f 1502/1324/422 1506/1323/422 1505/923/422 1501/920/422
f 1110/1270/561 1112/1317/561 1504/1320/561 1497/1271/561
f 1497/1271/561 1504/1320/561 1503/1322/561 1498/1273/561
f 1498/1273/421 1503/1322/421 1502/1324/421 1499/1275/421
f 1499/1275/421 1502/1324/421 1501/920/421 1500/919/421
f 1449/913/562 1453/1153/562 1550/916/562 1549/915/562
f 1453/1153/563 1148/1152/563 1551/917/563 1550/916/563
f 1148/1152/564 1147/914/564 1552/918/564 1551/917/564
f 1147/914/565 1449/913/565 1549/915/565 1552/918/565
f 1505/923/566 1509/1157/566 1554/926/566 1553/925/566
f 1509/1157/567 1115/1156/567 1555/927/567 1554/926/567
f 1115/1156/568 1117/924/568 1556/928/568 1555/927/568
f 1117/924/569 1505/923/569 1553/925/569 1556/928/569
f 1461/938/570 1465/953/570 1558/942/570 1557/941/570
f 1465/953/571 1121/954/571 1559/943/571 1558/942/571
f 1121/954/572 1123/939/572 1560/944/572 1559/943/572
f 1123/939/573 1461/938/573 1557/941/573 1560/944/573
f 1517/946/574 1521/955/574 1562/950/574 1561/949/574
f 1521/955/575 1127/956/575 1563/951/575 1562/950/575
f 1127/956/576 1129/947/576 1564/952/576 1563/951/576
f 1129/947/577 1517/946/577 1561/949/577 1564/952/577
f 1119/1219/578 1118/1194/578 1566/1203/578 1565/1202/578
f 1118/1194/579 1468/1197/579 1567/1204/579 1566/1203/579
f 1468/1197/580 1464/1220/580 1568/1205/580 1567/1204/580
f 1464/1220/573 1119/1219/573 1565/1202/573 1568/1205/573
f 1464/1220/581 1468/1197/581 1570/1207/581 1569/1206/581
f 1468/1197/579 1467/1199/579 1571/1208/579 1570/1207/579
f 1467/1199/582 1463/1222/582 1572/1209/582 1571/1208/582
f 1463/1222/573 1464/1220/573 1569/1206/573 1572/1209/573
f 1463/1222/583 1467/1199/583 1574/1211/583 1573/1210/583
f 1467/1199/579 1466/1201/579 1575/1212/579 1574/1211/579
f 1466/1201/584 1462/1224/584 1576/1213/584 1575/1212/584
f 1462/1224/573 1463/1222/573 1573/1210/573 1576/1213/573
f 1462/1224/585 1466/1201/585 1578/1215/585 1577/1214/585
f 1466/1201/579 1465/953/579 1579/1216/579 1578/1215/579
f 1465/953/586 1461/938/586 1580/1217/586 1579/1216/586
f 1461/938/573 1462/1224/573 1577/1214/573 1580/1217/573
f 1107/1243/587 1105/1159/587 1582/1227/587 1581/1226/587
f 1105/1159/588 1456/1182/588 1583/1228/588 1582/1227/588
f 1456/1182/589 1452/1244/589 1584/1229/589 1583/1228/589
f 1452/1244/590 1107/1243/590 1581/1226/590 1584/1229/590
f 1452/1244/591 1456/1182/591 1586/1231/591 1585/1230/591
f 1456/1182/588 1455/1183/588 1587/1232/588 1586/1231/588
f 1455/1183/592 1451/1246/592 1588/1233/592 1587/1232/592
f 1451/1246/590 1452/1244/590 1585/1230/590 1588/1233/590
f 1451/1246/593 1455/1183/593 1590/1235/593 1589/1234/593
f 1455/1183/563 1454/1184/563 1591/1236/563 1590/1235/563
f 1454/1184/594 1450/1248/594 1592/1237/594 1591/1236/594
f 1450/1248/590 1451/1246/590 1589/1234/590 1592/1237/590
f 1450/1248/595 1454/1184/595 1594/1239/595 1593/1238/595
f 1454/1184/563 1453/1153/563 1595/1240/563 1594/1239/563
f 1453/1153/596 1449/913/596 1596/1241/596 1595/1240/596
f 1449/913/565 1450/1248/565 1593/1238/565 1596/1241/565
f 1126/1294/597 1124/1269/597 1598/1278/597 1597/1277/597
f 1124/1269/598 1524/1272/598 1599/1279/598 1598/1278/598
f 1524/1272/599 1520/1295/599 1600/1280/599 1599/1279/599
f 1520/1295/577 1126/1294/577 1597/1277/577 1600/1280/577
f 1520/1295/600 1524/1272/600 1602/1282/600 1601/1281/600
f 1524/1272/575 1523/1274/575 1603/1283/575 1602/1282/575
f 1523/1274/601 1519/1297/601 1604/1284/601 1603/1283/601
f 1519/1297/577 1520/1295/577 1601/1281/577 1604/1284/577
f 1519/1297/602 1523/1274/602 1606/1286/602 1605/1285/602
f 1523/1274/575 1522/1276/575 1607/1287/575 1606/1286/575
f 1522/1276/603 1518/1299/603 1608/1288/603 1607/1287/603
f 1518/1299/577 1519/1297/577 1605/1285/577 1608/1288/577
f 1518/1299/604 1522/1276/604 1610/1290/604 1609/1289/604
f 1522/1276/575 1521/955/575 1611/1291/575 1610/1290/575
f 1521/955/605 1517/946/605 1612/1292/605 1611/1291/605
f 1517/946/577 1518/1299/577 1609/1289/577 1612/1292/577
f 1113/1318/606 1111/1164/606 1614/1302/606 1613/1301/606
f 1111/1164/607 1512/1261/607 1615/1303/607 1614/1302/607
f 1512/1261/608 1508/1319/608 1616/1304/608 1615/1303/608
f 1508/1319/609 1113/1318/609 1613/1301/609 1616/1304/609
f 1508/1319/610 1512/1261/610 1618/1306/610 1617/1305/610
f 1512/1261/607 1511/1262/607 1619/1307/607 1618/1306/607
f 1511/1262/611 1507/1321/611 1620/1308/611 1619/1307/611
f 1507/1321/609 1508/1319/609 1617/1305/609 1620/1308/609
f 1507/1321/612 1511/1262/612 1622/1310/612 1621/1309/612
f 1511/1262/607 1510/1263/607 1623/1311/607 1622/1310/607
f 1510/1263/613 1506/1323/613 1624/1312/613 1623/1311/613
f 1506/1323/569 1507/1321/569 1621/1309/569 1624/1312/569
f 1506/1323/614 1510/1263/614 1626/1314/614 1625/1313/614
f 1510/1263/567 1509/1157/567 1627/1315/567 1626/1314/567
f 1509/1157/615 1505/923/615 1628/1316/615 1627/1315/615
f 1505/923/569 1506/1323/569 1625/1313/569 1628/1316/569
