# Blender 5.2.1 LTS
# www.blender.org
mtllib Main.mtl
o Cube
v -4.371253 -64.839027 14.857313
v -14.997403 -64.839027 4.231160
v -10.480256 -64.839027 12.956066
v -13.096154 -64.839027 10.340167
v -14.752587 83.601067 4.215569
v -3.672959 83.601067 15.295198
v -12.805333 83.601067 10.472390
v -9.929780 83.601067 13.347946
v -14.997403 -64.839027 -4.231161
v -4.371253 -64.839027 -14.857309
v -13.096158 -64.839027 -10.340164
v -10.480256 -64.839027 -12.956062
v -3.672957 83.601067 -15.295198
v -14.752587 83.601067 -4.215572
v -9.929780 83.601067 -13.347946
v -12.805337 83.601067 -10.472390
v 14.717220 -64.839027 4.231161
v 4.091068 -64.839027 14.857309
v 12.815972 -64.839027 10.340164
v 10.200073 -64.839027 12.956062
v 4.758181 83.601067 15.295198
v 15.837809 83.601067 4.215573
v 11.015002 83.601067 13.347946
v 13.890558 83.601067 10.472390
v 4.091068 -64.839027 -14.857313
v 14.717216 -64.839027 -4.231161
v 10.200071 -64.839027 -12.956065
v 12.815969 -64.839027 -10.340166
v 15.837809 83.601067 -4.215569
v 4.758184 83.601067 -15.295198
v 13.890558 83.601067 -10.472390
v 11.015002 83.601067 -13.347946
v -8.705220 9.684444 43.367542
v -25.667271 9.684444 38.088600
v -38.228695 9.684444 25.527180
v -43.507633 9.684444 8.565122
v -25.667271 9.684444 -38.088600
v -8.705213 9.684444 -43.367542
v -38.228695 9.684444 -25.527182
v -43.507633 9.684444 -8.565125
v 37.948505 9.684444 -25.527180
v 43.227451 9.747360 -8.565122
v 25.387093 9.684444 -38.088600
v 8.425034 9.684444 -43.367542
v 25.387089 9.684444 38.088600
v 8.425030 9.684444 43.367542
v 37.948505 9.684444 25.527182
v 43.227451 9.747360 8.565125
v -25.667271 -8.869072 38.088600
v -8.705213 -8.869072 43.367542
v -38.228695 -8.869072 25.527182
v -43.507633 -8.869072 8.565125
v -8.705220 -8.869072 -43.367542
v -25.667271 -8.869072 -38.088600
v -38.228695 -8.869072 -25.527180
v -43.507633 -8.869072 -8.565122
v 43.227451 -8.861630 -8.565125
v 37.948505 -8.869072 -25.527182
v 25.387089 -8.869072 -38.088600
v 8.425030 -8.869072 -43.367542
v 8.425034 -8.869072 43.367542
v 25.387093 -8.869072 38.088600
v 37.948505 -8.869072 25.527180
v 43.227451 -8.861630 8.565122
v 40.587978 9.747360 17.046154
v 40.587978 -8.861630 17.046150
v 14.864183 83.601067 7.343982
v 13.766598 -64.839027 7.285663
v 40.587978 9.747360 -17.046150
v 40.587978 -8.861630 -17.046154
v 14.864183 83.601067 -7.343980
v 13.766594 -64.839027 -7.285664
v 43.227451 -8.861630 -0.000002
v 43.227451 9.747360 0.000002
v 15.837809 83.601067 0.000001
v 14.717218 -64.839027 -0.000000
v -8.234479 18.727833 40.270863
v -7.256917 26.870564 33.840160
v -7.995271 21.709759 38.697277
v -7.642434 24.648754 36.376209
v -20.592163 26.870564 29.689953
v -24.017715 18.727833 35.358795
v -21.943089 24.648754 31.925558
v -23.179497 21.709759 33.971645
v -29.830048 26.870564 20.452070
v -35.498890 18.727833 23.877625
v -32.065647 24.648754 21.802994
v -34.111729 21.709759 23.039394
v -33.980247 26.870564 7.116822
v -40.410957 18.727833 8.094383
v -36.516304 24.648754 7.502339
v -38.837372 21.709759 7.855176
v -24.017715 18.727833 -35.358795
v -20.592163 26.870564 -29.689953
v -23.179489 21.709759 -33.971642
v -21.943085 24.648754 -31.925558
v -7.256915 26.870564 -33.840160
v -8.234475 18.727833 -40.270863
v -7.642430 24.648754 -36.376209
v -7.995267 21.709759 -38.697277
v -35.498890 18.727833 -23.877626
v -29.830048 26.870564 -20.452072
v -34.111732 21.709759 -23.039400
v -32.065647 24.648754 -21.802996
v -40.410957 18.727833 -8.094387
v -33.980247 26.870564 -7.116826
v -38.837372 21.709759 -7.855179
v -36.516304 24.648754 -7.502343
v 29.549862 26.870564 -20.452070
v 35.218700 18.727833 -23.877625
v 31.785465 24.648754 -21.802994
v 33.831547 21.709759 -23.039394
v 33.700066 26.870564 -7.116822
v 40.130772 18.727833 -8.094383
v 36.236115 24.648754 -7.502339
v 38.557182 21.709759 -7.855176
v 23.737532 18.727833 -35.358795
v 20.311981 26.870564 -29.689953
v 22.899307 21.709759 -33.971645
v 21.662903 24.648754 -31.925558
v 7.954294 18.727833 -40.270863
v 6.976733 26.870564 -33.840160
v 7.715086 21.709759 -38.697277
v 7.362249 24.648754 -36.376209
v 23.737530 18.727833 35.358795
v 20.311979 26.870564 29.689953
v 22.899303 21.709759 33.971642
v 21.662901 24.648754 31.925558
v 6.976730 26.870564 33.840160
v 7.954290 18.727833 40.270863
v 7.362247 24.648754 36.376209
v 7.715083 21.709759 38.697277
v 35.218700 18.727833 23.877626
v 29.549862 26.870564 20.452072
v 33.831554 21.709759 23.039400
v 31.785465 24.648754 21.802996
v 40.130772 18.727833 8.094387
v 33.700066 26.870564 7.116826
v 38.557182 21.709759 7.855179
v 36.236115 24.648754 7.502343
v 37.674736 18.727833 15.986005
v 31.624962 26.870564 13.784450
v 36.194374 21.709759 15.447289
v 34.010796 24.648754 14.652671
v 37.674736 18.727833 -15.986000
v 31.624962 26.870564 -13.784446
v 36.194370 21.709759 -15.447286
v 34.010792 24.648754 -14.652667
v 33.700066 26.870564 0.000002
v 40.130772 18.727833 0.000002
v 36.236115 24.648754 0.000002
v 38.557182 21.709759 0.000002
v -23.749794 -15.289342 34.915424
v -19.883549 -23.056602 28.517288
v -22.684738 -18.070034 33.152893
v -21.289272 -20.873516 30.843584
v -7.054696 -23.056602 32.509888
v -8.158017 -15.289342 39.767902
v -7.455852 -20.873516 35.148827
v -7.854079 -18.070034 37.768497
v -35.055515 -15.289342 23.609705
v -28.657379 -23.056602 19.743456
v -33.292988 -18.070034 22.544647
v -30.983669 -20.873516 21.149183
v -39.907993 -15.289342 8.017930
v -32.649979 -23.056602 6.914608
v -37.908596 -18.070034 7.713992
v -35.288921 -20.873512 7.315763
v -8.158021 -15.289342 -39.767902
v -7.054700 -23.056602 -32.509888
v -7.854083 -18.070034 -37.768505
v -7.455855 -20.873512 -35.148827
v -19.883549 -23.056602 -28.517288
v -23.749798 -15.289342 -34.915424
v -21.289276 -20.873516 -30.843580
v -22.684738 -18.070034 -33.152893
v -28.657379 -23.056602 -19.743454
v -35.055515 -15.289342 -23.609703
v -30.983673 -20.873516 -21.149181
v -33.292988 -18.070034 -22.544647
v -32.649986 -23.056602 -6.914604
v -39.907993 -15.289342 -8.017926
v -35.288921 -20.873516 -7.315760
v -37.908592 -18.070034 -7.713987
v 39.627808 -15.289342 -8.017930
v 32.369793 -23.056602 -6.914608
v 37.628410 -18.070034 -7.713992
v 35.008732 -20.873516 -7.315763
v 28.377197 -23.056602 -19.743456
v 34.775333 -15.289342 -23.609705
v 30.703487 -20.873516 -21.149183
v 33.012798 -18.070034 -22.544647
v 19.603363 -23.056602 -28.517288
v 23.469610 -15.289342 -34.915424
v 21.009087 -20.873516 -30.843584
v 22.404552 -18.070034 -33.152893
v 6.774511 -23.056602 -32.509888
v 7.877833 -15.289342 -39.767902
v 7.175667 -20.873516 -35.148827
v 7.573895 -18.070034 -37.768497
v 7.877837 -15.289342 39.767902
v 6.774514 -23.056602 32.509888
v 7.573899 -18.070034 37.768505
v 7.175671 -20.873512 35.148827
v 19.603365 -23.056602 28.517288
v 23.469612 -15.289342 34.915424
v 21.009089 -20.873516 30.843580
v 22.404552 -18.070034 33.152893
v 28.377197 -23.056602 19.743454
v 34.775333 -15.289342 23.609703
v 30.703491 -20.873516 21.149181
v 33.012798 -18.070034 22.544647
v 32.369797 -23.056602 6.914604
v 39.627808 -15.289342 8.017926
v 35.008732 -20.873516 7.315760
v 37.628407 -18.070034 7.713987
v 37.201569 -15.289342 15.813813
v 30.373501 -23.056602 13.329029
v 35.320606 -18.070034 15.129316
v 32.856110 -20.873516 14.232471
v 37.201569 -15.289342 -15.813815
v 30.373501 -23.056602 -13.329032
v 35.320606 -18.070034 -15.129318
v 32.856110 -20.873516 -14.232473
v 32.369793 -23.056602 -0.000002
v 39.627808 -15.289342 -0.000002
v 35.008732 -20.873516 -0.000002
v 37.628410 -18.070034 -0.000002
v -19.451294 -23.586803 27.801964
v -16.670822 -25.595516 23.200647
v -18.601387 -24.416668 26.395481
v -17.597813 -25.141685 24.734703
v -6.137872 -25.595516 26.478718
v -6.931342 -23.586803 31.698431
v -6.402411 -25.141685 28.218939
v -6.688802 -24.416668 30.102919
v -27.942059 -23.586803 19.311205
v -23.340740 -25.595516 16.530731
v -26.535568 -24.416668 18.461294
v -24.874790 -25.141685 17.457727
v -31.838520 -23.586803 6.791254
v -26.618809 -25.595516 5.997782
v -30.243004 -24.416668 6.548713
v -28.359028 -25.141685 6.262321
v -6.931346 -23.586803 -31.698429
v -6.137874 -25.595516 -26.478714
v -6.688806 -24.416668 -30.102915
v -6.402413 -25.141685 -28.218935
v -16.670826 -25.595516 -23.200647
v -19.451294 -23.586803 -27.801966
v -17.597816 -25.141685 -24.734699
v -18.601387 -24.416668 -26.395479
v -23.340740 -25.595516 -16.530729
v -27.942059 -23.586803 -19.311201
v -24.874798 -25.141685 -17.457726
v -26.535572 -24.416668 -18.461294
v -26.618813 -25.595516 -5.997780
v -31.838524 -23.586803 -6.791250
v -28.359032 -25.141685 -6.262318
v -30.243008 -24.416668 -6.548710
v 31.558334 -23.586803 -6.791254
v 26.338623 -25.595516 -5.997782
v 29.962822 -24.416668 -6.548713
v 28.078842 -25.141685 -6.262321
v 23.060553 -25.595516 -16.530731
v 27.661877 -23.586803 -19.311205
v 24.594608 -25.141685 -17.457727
v 26.255386 -24.416668 -18.461294
v 16.390636 -25.595516 -23.200647
v 19.171110 -23.586803 -27.801964
v 17.317631 -25.141685 -24.734703
v 18.321199 -24.416668 -26.395481
v 5.857687 -25.595516 -26.478718
v 6.651158 -23.586803 -31.698431
v 6.122225 -25.141685 -28.218939
v 6.408617 -24.416668 -30.102919
v 6.651161 -23.586803 31.698429
v 5.857689 -25.595516 26.478714
v 6.408620 -24.416668 30.102915
v 6.122228 -25.141685 28.218935
v 16.390638 -25.595516 23.200647
v 19.171112 -23.586803 27.801966
v 17.317633 -25.141685 24.734699
v 18.321199 -24.416668 26.395479
v 23.060553 -25.595516 16.530729
v 27.661873 -23.586803 19.311201
v 24.594612 -25.141685 17.457726
v 26.255386 -24.416668 18.461294
v 26.338627 -25.595516 5.997780
v 31.558338 -23.586803 6.791250
v 28.078846 -25.141685 6.262318
v 29.962826 -24.416668 6.548710
v 29.610107 -23.586803 13.051227
v 24.699589 -25.595516 11.264255
v 28.109108 -24.416668 12.505002
v 26.336731 -25.141685 11.860022
v 29.610107 -23.586803 -13.051229
v 24.699589 -25.595516 -11.264256
v 28.109104 -24.416668 -12.505003
v 26.336727 -25.141685 -11.860023
v 26.338623 -25.595516 -0.000001
v 31.558338 -23.586803 -0.000002
v 28.078846 -25.141685 -0.000001
v 29.962822 -24.416668 -0.000001
v -14.385652 -26.270092 19.418987
v -11.155831 -33.081272 14.074056
v -12.853593 -27.610874 16.883631
v -11.687840 -30.069271 14.954456
v -4.564044 -33.081272 16.125555
v -5.485745 -26.270092 22.188820
v -4.715865 -30.069271 17.124277
v -5.048539 -27.610874 19.312723
v -19.559071 -26.270092 14.245560
v -14.214143 -33.081272 11.015742
v -17.023716 -27.610874 12.713502
v -15.094541 -30.069271 11.547746
v -22.328907 -26.270092 5.345655
v -16.265640 -33.081272 4.423951
v -19.452808 -27.610874 4.908447
v -17.264362 -30.069271 4.575771
v -5.485747 -26.270092 -22.188814
v -4.564046 -33.081272 -16.125553
v -5.048541 -27.610874 -19.312717
v -4.715865 -30.069271 -17.124269
v -11.155835 -33.081272 -14.074053
v -14.385652 -26.270092 -19.418985
v -11.687840 -30.069271 -14.954453
v -12.853597 -27.610874 -16.883629
v -14.214147 -33.081272 -11.015740
v -19.559074 -26.270092 -14.245559
v -15.094544 -30.069271 -11.547745
v -17.023720 -27.610874 -12.713501
v -16.265648 -33.081272 -4.423952
v -22.328911 -26.270092 -5.345654
v -17.264370 -30.069271 -4.575772
v -19.452816 -27.610874 -4.908446
v 22.048719 -26.270092 -5.345655
v 15.985458 -33.081272 -4.423952
v 19.172626 -27.610874 -4.908447
v 16.984179 -30.069271 -4.575772
v 13.933960 -33.081272 -11.015742
v 19.278893 -26.270092 -14.245560
v 14.814362 -30.069271 -11.547747
v 16.743536 -27.610874 -12.713504
v 10.875647 -33.081272 -14.074055
v 14.105465 -26.270092 -19.418985
v 11.407653 -30.069271 -14.954454
v 12.573408 -27.610874 -16.883627
v 4.283859 -33.081272 -16.125555
v 5.205562 -26.270092 -22.188820
v 4.435679 -30.069271 -17.124277
v 4.768354 -27.610874 -19.312723
v 5.205564 -26.270092 22.188816
v 4.283859 -33.081272 16.125553
v 4.768355 -27.610874 19.312719
v 4.435680 -30.069271 17.124273
v 10.875648 -33.081272 14.074053
v 14.105467 -26.270092 19.418985
v 11.407655 -30.069271 14.954453
v 12.573410 -27.610874 16.883627
v 13.933962 -33.081272 11.015740
v 19.278893 -26.270092 14.245559
v 14.814362 -30.069271 11.547745
v 16.743534 -27.610874 12.713501
v 15.985462 -33.081272 4.423952
v 22.048725 -26.270092 5.345654
v 16.984186 -30.069271 4.575772
v 19.172632 -27.610874 4.908446
v 20.663807 -26.270092 9.795606
v 14.959713 -33.081272 7.719846
v 17.958082 -27.610874 8.810974
v 15.899271 -30.069271 8.061757
v 20.663805 -26.270092 -9.795608
v 14.959709 -33.081272 -7.719848
v 17.958080 -27.610874 -8.810976
v 15.899271 -30.069271 -8.061760
v 15.985460 -33.081272 -0.000000
v 22.048723 -26.270092 -0.000001
v 16.984180 -30.069271 -0.000001
v 19.172626 -27.610874 -0.000001
v -4.032683 40.500134 19.343401
v -4.296742 34.264355 21.243925
v -4.120559 37.487839 20.015387
v -11.771798 40.500175 16.934824
v -12.112199 37.487865 17.528223
v -12.753625 34.264362 18.611971
v -16.392212 40.500179 12.314408
v -16.985607 37.487865 12.654811
v -18.069359 34.264362 13.296240
v -18.800789 40.500145 4.575293
v -19.472775 37.487846 4.663168
v -20.701317 34.264362 4.839353
v -11.771798 40.500175 -16.934824
v -12.753625 34.264362 -18.611971
v -12.112199 37.487869 -17.528223
v -4.032680 40.500134 -19.343401
v -4.120555 37.487839 -20.015387
v -4.296741 34.264355 -21.243925
v -16.392212 40.500179 -12.314408
v -18.069359 34.264362 -13.296240
v -16.985607 37.487865 -12.654812
v -18.800789 40.500145 -4.575294
v -20.701317 34.264362 -4.839355
v -19.472775 37.487846 -4.663171
v 17.477442 40.500141 -12.314410
v 18.070833 37.487843 -12.654812
v 19.154583 34.264359 -13.296240
v 19.886023 40.500015 -4.575293
v 20.558004 37.487782 -4.663169
v 21.786543 34.264343 -4.839352
v 12.857021 40.500153 -16.934828
v 13.838848 34.264362 -18.611971
v 13.197424 37.487850 -17.528221
v 5.117908 40.500126 -19.343403
v 5.381967 34.264359 -21.243925
v 5.205782 37.487835 -20.015385
v 12.857021 40.500153 16.934828
v 13.838848 34.264362 18.611971
v 13.197424 37.487854 17.528221
v 5.117904 40.500126 19.343403
v 5.205780 37.487835 20.015385
v 5.381964 34.264359 21.243925
v 17.477442 40.500141 12.314410
v 19.154583 34.264362 13.296240
v 18.070833 37.487846 12.654812
v 19.886023 40.500015 4.575296
v 21.786543 34.264343 4.839355
v 20.558004 37.487782 4.663172
v 18.681732 40.500076 8.444853
v 20.470558 34.264347 9.067796
v 19.314415 37.487812 8.658993
v 18.681732 40.500076 -8.444853
v 20.470558 34.264347 -9.067795
v 19.314415 37.487812 -8.658991
v 19.886026 40.499989 0.000002
v 20.558002 37.487762 0.000002
v 21.786539 34.264336 0.000001
v -5.032676 31.172100 24.324287
v -4.399941 33.023067 21.936268
v -4.764869 31.586170 23.432629
v -4.536492 32.254250 22.570707
v -13.119908 33.023090 19.222425
v -14.666932 31.177731 21.301291
v -13.498582 32.255119 19.777782
v -14.056958 31.589066 20.528118
v -18.679813 33.023090 13.662519
v -20.918903 31.181351 15.026365
v -19.259476 32.255665 14.013411
v -20.067642 31.590916 14.505672
v -21.393654 33.023079 4.942552
v -23.910522 31.182995 5.389138
v -22.047638 32.255909 5.050867
v -22.956066 31.591759 5.212056
v -14.666932 31.177731 -21.301291
v -13.119908 33.023090 -19.222427
v -14.056958 31.589062 -20.528118
v -13.498582 32.255116 -19.777782
v -4.399940 33.023067 -21.936268
v -5.032672 31.172100 -24.324287
v -4.536490 32.254250 -22.570707
v -4.764865 31.586170 -23.432629
v -20.918903 31.181355 -15.026365
v -18.679813 33.023094 -13.662518
v -20.067642 31.590919 -14.505672
v -19.259476 32.255669 -14.013411
v -23.910522 31.182995 -5.389140
v -21.393654 33.023079 -4.942554
v -22.956066 31.591759 -5.212059
v -22.047638 32.255909 -5.050870
v 19.765043 33.023075 -13.662523
v 21.740564 31.154327 -15.091504
v 20.304722 32.251556 -14.023293
v 21.017759 31.577061 -14.539063
v 22.478903 33.023026 -4.942555
v 24.781418 31.146156 -5.420203
v 23.100365 32.250298 -5.055582
v 23.931423 31.572868 -5.227982
v 15.438203 31.159943 -21.363270
v 14.205132 33.023083 -19.222429
v 14.981245 31.579941 -20.559891
v 14.536188 32.252415 -19.787186
v 5.766457 31.165871 -24.349033
v 5.485167 33.023067 -21.936270
v 5.669938 31.582981 -23.445318
v 5.568410 32.253307 -22.574467
v 15.438203 31.159943 21.363270
v 14.205133 33.023083 19.222431
v 14.981247 31.579937 20.559893
v 14.536188 32.252411 19.787188
v 5.485164 33.023067 21.936270
v 5.766454 31.165871 24.349033
v 5.568408 32.253307 22.574467
v 5.669935 31.582981 23.445318
v 21.740562 31.154327 15.091504
v 19.765043 33.023079 13.662523
v 21.017756 31.577065 14.539062
v 20.304722 32.251560 14.023292
v 24.781418 31.146156 5.420207
v 22.478903 33.023026 4.942558
v 23.931423 31.572868 5.227985
v 23.100365 32.250298 5.055585
v 23.263088 31.149296 10.260591
v 21.121971 33.023048 9.302543
v 22.475668 31.574482 9.885951
v 21.702862 32.250782 9.540158
v 23.263088 31.149296 -10.260587
v 21.121971 33.023048 -9.302541
v 22.475668 31.574482 -9.885948
v 21.702862 32.250782 -9.540156
v 22.478905 33.023014 0.000001
v 24.785629 31.144962 0.000001
v 23.101006 32.250107 0.000001
v 23.933584 31.572258 0.000001
v -6.794620 28.793304 30.799000
v -5.779704 30.592533 26.625996
v -6.540278 29.483780 29.505589
v -6.173959 30.133183 27.999401
v -16.360626 30.584660 23.367422
v -18.972179 28.793304 27.009090
v -17.281643 30.129147 24.560108
v -18.224243 29.482582 25.874517
v -23.283440 30.579594 16.476711
v -27.149181 28.793304 18.832087
v -24.585339 30.126549 17.272869
v -25.980621 29.481815 18.123009
v -26.585896 30.577297 5.899937
v -30.939091 28.793304 6.654523
v -28.047119 30.125370 6.167311
v -29.618343 29.481464 6.439668
v -18.972179 28.793304 -27.009090
v -16.360622 30.584660 -23.367422
v -18.224243 29.482582 -25.874517
v -17.281639 30.129147 -24.560108
v -5.779700 30.592533 -26.625996
v -6.794616 28.793304 -30.799000
v -6.173955 30.133183 -27.999399
v -6.540275 29.483780 -29.505585
v -27.149181 28.793304 -18.832088
v -23.283440 30.579594 -16.476713
v -25.980618 29.481819 -18.123011
v -24.585335 30.126553 -17.272871
v -30.939095 28.793304 -6.654526
v -26.585896 30.577297 -5.899940
v -29.618343 29.481464 -6.439672
v -28.047119 30.125370 -6.167315
v 23.371853 30.617393 -16.385612
v 26.868999 28.793304 -18.832087
v 24.494099 30.145924 -17.226170
v 25.756344 29.487545 -18.109188
v 26.605457 30.628815 -5.856491
v 30.658909 28.793304 -6.654523
v 27.920593 30.151779 -6.145040
v 29.383629 29.489277 -6.433078
v 18.691998 28.793304 -27.009090
v 16.519510 30.609539 -23.280743
v 18.010658 29.486355 -25.861368
v 17.226530 30.141899 -24.515678
v 6.514434 28.793304 -30.799000
v 5.991017 30.601246 -26.591389
v 6.334644 29.485096 -29.500334
v 6.145724 30.137646 -27.981659
v 18.691996 28.793304 27.009090
v 16.519510 30.609539 23.280743
v 18.010656 29.486355 25.861366
v 17.226528 30.141899 24.515676
v 5.991014 30.601246 26.591389
v 6.514431 28.793304 30.799000
v 6.145720 30.137646 27.981657
v 6.334641 29.485096 29.500334
v 26.868999 28.793304 18.832088
v 23.371853 30.617393 16.385616
v 25.756344 29.487545 18.109192
v 24.494102 30.145924 17.226173
v 30.658909 28.793304 6.654526
v 26.605457 30.628815 5.856494
v 29.383629 29.489277 6.433082
v 27.920593 30.151779 6.145044
v 28.763954 28.793304 12.743308
v 24.985722 30.624424 11.114435
v 27.569542 29.488613 12.270134
v 26.205841 30.149529 11.682215
v 28.763954 28.793304 -12.743304
v 24.985722 30.624424 -11.114432
v 27.569542 29.488613 -12.270130
v 26.205841 30.149529 -11.682211
v 26.599567 30.630486 0.000001
v 30.658905 28.793304 0.000002
v 27.917572 30.152634 0.000001
v 29.382732 29.489532 0.000001
v 39.268242 9.747360 21.286667
v 14.377369 83.601067 8.908186
v 39.268242 -8.861630 21.286667
v 13.291285 -64.839027 8.812913
v 30.587410 26.870564 17.118259
v 32.898129 24.648754 18.227833
v 35.012962 21.709759 19.243345
v 36.446724 18.727833 19.931814
v 29.375347 -23.056602 16.536243
v 31.779800 -20.873516 17.690825
v 34.166698 -18.070034 18.836983
v 35.988449 -15.289342 19.711758
v 23.880072 -25.595516 13.897493
v 25.465672 -25.141685 14.658873
v 27.182247 -24.416668 15.483148
v 28.635990 -23.586803 16.181213
v 14.446836 -33.081272 9.367793
v 15.356817 -30.069271 9.804750
v 17.350807 -27.610874 10.762236
v 19.971350 -26.270092 12.020584
v 18.079588 40.500107 10.379631
v 18.692627 37.487827 10.656902
v 19.812571 34.264355 11.182017
v 22.501825 31.151810 12.676047
v 21.746710 31.575775 12.212505
v 21.003792 32.251175 11.781725
v 20.443508 33.023064 11.482532
v 24.178785 30.620907 13.750024
v 25.349972 30.147728 14.454195
v 26.662945 29.488079 15.189663
v 27.816475 28.793304 15.787698
v 39.268242 -8.861630 -21.286667
v 13.291283 -64.839027 -8.812914
v 39.268242 9.747360 -21.286667
v 14.377369 83.601067 -8.908185
v 30.587410 26.870564 -17.118256
v 32.898125 24.648754 -18.227831
v 35.012959 21.709759 -19.243341
v 36.446724 18.727833 -19.931812
v 29.375347 -23.056602 -16.536245
v 31.779800 -20.873516 -17.690828
v 34.166698 -18.070034 -18.836983
v 35.988449 -15.289342 -19.711758
v 23.880072 -25.595516 -13.897494
v 25.465668 -25.141685 -14.658874
v 27.182247 -24.416668 -15.483150
v 28.635990 -23.586803 -16.181215
v 14.446835 -33.081272 -9.367795
v 15.356815 -30.069271 -9.804753
v 17.350807 -27.610874 -10.762239
v 19.971350 -26.270092 -12.020585
v 18.079588 40.500107 -10.379630
v 18.692627 37.487827 -10.656900
v 19.812571 34.264355 -11.182016
v 22.501825 31.151810 -12.676046
v 21.746712 31.575771 -12.212505
v 21.003792 32.251171 -11.781725
v 20.443508 33.023060 -11.482532
v 24.178785 30.620907 -13.750022
v 25.349972 30.147728 -14.454190
v 26.662945 29.488079 -15.189659
v 27.816475 28.793304 -15.787696
v 38.608376 9.747360 23.406927
v 14.133965 83.601067 9.690289
v 30.068638 26.870564 18.785168
v 31.241646 -20.873516 19.420002
v 33.589752 -18.070034 20.690815
v 35.381889 -15.289342 21.660728
v 25.030140 -25.141685 16.058298
v 26.718819 -24.416668 16.972221
v 28.148930 -23.586803 17.746210
v 15.085590 -30.069271 10.676249
v 17.047171 -27.610874 11.737868
v 19.625122 -26.270092 13.133071
v 17.778515 40.500126 11.347021
v 21.382235 31.576420 13.375782
v 20.654257 32.251366 12.902509
v 20.104277 33.023075 12.572528
v 23.775320 30.619148 15.067820
v 38.608376 -8.861630 23.406925
v 13.053628 -64.839027 9.576540
v 32.341797 24.648754 20.015413
v 34.422256 21.709759 21.141373
v 35.832710 18.727833 21.904718
v 28.876270 -23.056602 18.139849
v 23.470314 -25.595516 15.214112
v 14.190398 -33.081272 10.191767
v 18.381729 37.487835 11.655858
v 19.483576 34.264359 12.239128
v 22.121193 31.153072 13.883776
v 24.922035 30.146824 15.840183
v 26.209644 29.487812 16.649429
v 27.342739 28.793304 17.309893
v 38.608376 -8.861630 -23.406927
v 13.053626 -64.839027 -9.576541
v 32.341793 24.648754 -20.015411
v 34.422249 21.709759 -21.141369
v 35.832710 18.727833 -21.904716
v 28.876270 -23.056602 -18.139853
v 23.470314 -25.595516 -15.214114
v 14.190396 -33.081272 -10.191769
v 18.381729 37.487835 -11.655856
v 19.483576 34.264355 -12.239128
v 22.121195 31.153069 -13.883776
v 24.922035 30.146824 -15.840179
v 26.209644 29.487812 -16.649424
v 27.342739 28.793304 -17.309889
v 38.608376 9.747360 -23.406925
v 14.133965 83.601067 -9.690289
v 30.068638 26.870564 -18.785164
v 31.241646 -20.873516 -19.420006
v 33.589752 -18.070034 -20.690815
v 35.381889 -15.289342 -21.660730
v 25.030140 -25.141685 -16.058300
v 26.718815 -24.416668 -16.972221
v 28.148930 -23.586803 -17.746212
v 15.085588 -30.069271 -10.676250
v 17.047171 -27.610874 -11.737870
v 19.625122 -26.270092 -13.133073
v 17.778515 40.500126 -11.347020
v 21.382238 31.576416 -13.375784
v 20.654257 32.251362 -12.902510
v 20.104277 33.023064 -12.572528
v 23.775320 30.619148 -15.067818
v -4.276571 -63.505486 14.228359
v -14.368447 -63.505486 4.136478
v -10.144568 -63.521278 12.398787
v -12.538875 -63.521278 10.004481
v -14.117837 82.956230 4.118711
v -3.576101 82.956230 14.660450
v -12.242723 82.972206 10.131649
v -9.589038 82.972206 12.785337
v -14.368449 -63.505486 -4.136479
v -4.276572 -63.505486 -14.228355
v -12.538878 -63.521278 -10.004478
v -10.144572 -63.521278 -12.398783
v -3.576098 82.956230 -14.660450
v -14.117837 82.956230 -4.118714
v -9.589038 82.972206 -12.785337
v -12.242726 82.972206 -10.131649
v 14.089069 -63.505516 4.134834
v 3.996387 -63.505486 14.228355
v 12.250743 -63.521629 10.027222
v 9.864388 -63.521278 12.398783
v 4.661323 82.956230 14.660450
v 15.203060 82.956230 4.118714
v 10.674261 82.972206 12.785337
v 13.327950 82.972206 10.131650
v 3.996387 -63.505486 -14.228359
v 14.089064 -63.505516 -4.134840
v 9.864386 -63.521278 -12.398786
v 12.250740 -63.521629 -10.027224
v 15.203060 82.956230 -4.118711
v 4.661326 82.956230 -14.660450
v 13.327950 82.972206 -10.131650
v 10.674261 82.972206 -12.785337
v -8.570294 9.535747 42.479969
v -42.620060 9.535747 8.430198
v -8.570291 9.535747 -42.479969
v -42.620060 9.535747 -8.430202
v 37.180283 9.534660 -25.062960
v 42.377335 9.747360 -8.435891
v 24.922871 9.534660 -37.320377
v 8.290110 9.535747 -42.479969
v 24.922867 9.534660 37.320377
v 8.290106 9.535747 42.479969
v 37.180283 9.534660 25.062962
v 42.377335 9.747360 8.435895
v -8.572768 -8.642236 42.496277
v -42.636368 -8.642236 8.432680
v -8.572774 -8.642236 -42.496277
v -42.636368 -8.642236 -8.432677
v 42.444874 -8.861630 -8.446162
v 37.194294 -8.642024 -25.071428
v 24.931335 -8.642024 -37.334389
v 8.292584 -8.642236 -42.496277
v 8.292588 -8.642236 42.496277
v 24.931339 -8.642024 37.334389
v 37.194294 -8.642024 25.071426
v 42.444874 -8.861630 8.446158
v 39.765945 9.747360 16.790319
v 39.830082 -8.861630 16.810276
v 14.278654 82.928719 7.161753
v 13.187366 -63.476753 7.101884
v 39.765945 9.747360 -16.790316
v 39.830082 -8.861630 -16.810280
v 14.278654 82.928719 -7.161751
v 13.187315 -63.476799 -7.101874
v 42.433697 -8.861630 -0.000002
v 42.366528 9.747360 0.000002
v 15.225165 82.928185 0.000001
v 14.109718 -63.476746 -0.000000
v -8.108993 18.366024 39.445366
v -7.175008 26.141830 33.301331
v -7.880677 21.213049 37.943455
v -7.543258 24.022163 35.723793
v -20.312176 26.139118 29.226606
v -21.603500 24.018700 31.363586
v -29.366699 26.139118 20.172081
v -31.503674 24.018700 21.463408
v -33.441418 26.141830 7.034913
v -39.585461 18.366024 7.968896
v -35.863888 24.022160 7.403162
v -38.083549 21.213049 7.740584
v -20.312172 26.139118 -29.226606
v -21.603500 24.018700 -31.363586
v -7.175005 26.141830 -33.301331
v -8.108989 18.366024 -39.445366
v -7.543254 24.022163 -35.723793
v -7.880673 21.213049 -37.943455
v -29.366699 26.139118 -20.172083
v -31.503674 24.018700 -21.463409
v -39.585461 18.366024 -7.968900
v -33.441418 26.141830 -7.034916
v -38.083549 21.213049 -7.740587
v -35.863888 24.022160 -7.403166
v 29.086517 26.139118 -20.172081
v 34.505535 18.362078 -23.446674
v 31.223492 24.018700 -21.463408
v 33.181198 21.209049 -22.646406
v 33.161236 26.141830 -7.034913
v 39.305275 18.366024 -7.968896
v 35.583698 24.022163 -7.403163
v 37.803360 21.213049 -7.740584
v 23.306581 18.362078 -34.645630
v 20.031992 26.139118 -29.226606
v 22.506317 21.209051 -33.321297
v 21.323317 24.018700 -31.363586
v 7.828806 18.366024 -39.445366
v 6.894824 26.141830 -33.301331
v 7.600494 21.213049 -37.943455
v 7.263073 24.022163 -35.723793
v 23.306580 18.362078 34.645630
v 20.031990 26.139118 29.226606
v 22.506313 21.209049 33.321293
v 21.323315 24.018700 31.363586
v 6.894820 26.141830 33.301331
v 7.828803 18.366024 39.445366
v 7.263070 24.022163 35.723793
v 7.600491 21.213049 37.943455
v 34.505535 18.362078 23.446676
v 29.086517 26.139118 20.172083
v 33.181206 21.209049 22.646410
v 31.223492 24.018700 21.463409
v 39.305275 18.366024 7.968900
v 33.161236 26.141830 7.034916
v 37.803360 21.213049 7.740587
v 35.583698 24.022160 7.403166
v 36.877075 18.366987 15.737757
v 31.104935 26.141537 13.622607
v 35.466160 21.213331 15.220654
v 33.380936 24.021896 14.456645
v 36.877075 18.366987 -15.737753
v 31.104935 26.141537 -13.622603
v 35.466156 21.213331 -15.220651
v 33.380928 24.021896 -14.456641
v 33.155437 26.141537 0.000002
v 39.295372 18.366985 0.000002
v 35.576454 24.021900 0.000002
v 37.794514 21.213331 0.000002
v -19.607075 -22.320171 28.059763
v -6.973698 -22.323372 31.977057
v -8.042836 -14.798705 39.010201
v -7.362228 -20.210175 34.532940
v -7.748525 -17.491409 37.074127
v -28.199852 -22.320171 19.466984
v -39.150291 -14.798707 7.902749
v -32.117146 -22.323372 6.833609
v -37.214226 -17.491409 7.608438
v -34.673035 -20.210175 7.222140
v -8.042840 -14.798707 -39.010201
v -6.973701 -22.323372 -31.977055
v -7.748528 -17.491409 -37.074135
v -7.362232 -20.210175 -34.532940
v -19.607079 -22.320171 -28.059763
v -28.199852 -22.320171 -19.466982
v -32.117153 -22.323372 -6.833606
v -39.150291 -14.798707 -7.902745
v -34.673035 -20.210178 -7.222136
v -37.214222 -17.491409 -7.608433
v 38.870106 -14.798707 -7.902749
v 31.836964 -22.323372 -6.833610
v 36.934040 -17.491409 -7.608438
v 34.392845 -20.210175 -7.222140
v 27.919670 -22.320171 -19.466984
v 34.122093 -14.793801 -23.214968
v 30.173874 -20.206291 -20.829149
v 32.414886 -17.486889 -22.183342
v 19.326891 -22.320171 -28.059763
v 23.074873 -14.793801 -34.262184
v 20.689053 -20.206291 -30.313969
v 22.043247 -17.486889 -32.554981
v 6.693513 -22.323372 -31.977055
v 7.762651 -14.798705 -39.010201
v 7.082044 -20.210178 -34.532940
v 7.468340 -17.491409 -37.074127
v 7.762655 -14.798707 39.010201
v 6.693516 -22.323372 31.977057
v 7.468345 -17.491409 37.074135
v 7.082047 -20.210175 34.532940
v 19.326893 -22.320171 28.059763
v 23.074875 -14.793801 34.262184
v 20.689054 -20.206291 30.313965
v 22.043247 -17.486889 32.554981
v 27.919670 -22.320171 19.466982
v 34.122093 -14.793801 23.214966
v 30.173874 -20.206291 20.829147
v 32.414886 -17.486889 22.183342
v 31.836967 -22.323372 6.833606
v 38.870106 -14.798705 7.902745
v 34.392845 -20.210178 7.222136
v 36.934036 -17.491409 7.608433
v 36.468731 -14.800431 15.585740
v 29.858128 -22.323959 13.168634
v 34.649067 -17.492577 14.920320
v 32.260532 -20.210918 14.047115
v 36.468731 -14.800431 -15.585741
v 29.858128 -22.323959 -13.168637
v 34.649067 -17.492577 -14.920321
v 32.260532 -20.210918 -14.047118
v 31.830040 -22.323959 -0.000002
v 38.860302 -14.800431 -0.000002
v 34.384979 -20.210918 -0.000002
v 36.925102 -17.492577 -0.000002
v -19.216236 -22.798428 27.412975
v -16.574093 -24.704945 23.040573
v -18.409348 -23.585869 26.077681
v -17.453888 -24.275280 24.496523
v -6.109646 -24.705109 26.293036
v -6.862403 -22.800880 31.244923
v -6.360299 -24.275902 27.941908
v -6.632523 -23.587292 29.732693
v -27.553070 -22.798428 19.076147
v -23.180664 -24.704945 16.434002
v -26.217766 -23.585873 18.269255
v -24.636608 -24.275280 17.313801
v -31.385010 -22.800880 6.722314
v -26.433125 -24.705109 5.969555
v -29.872776 -23.587292 6.492433
v -28.081997 -24.275902 6.220208
v -6.862407 -22.800880 -31.244921
v -6.109648 -24.705109 -26.293032
v -6.632525 -23.587292 -29.732689
v -6.360300 -24.275902 -27.941904
v -16.574097 -24.704945 -23.040573
v -19.216236 -22.798428 -27.412977
v -17.453888 -24.275280 -24.496519
v -18.409348 -23.585869 -26.077679
v -23.180664 -24.704945 -16.434000
v -27.553066 -22.798428 -19.076143
v -24.636616 -24.275280 -17.313799
v -26.217770 -23.585869 -18.269255
v -26.433128 -24.705109 -5.969553
v -31.385014 -22.800880 -6.722311
v -28.082001 -24.275902 -6.220205
v -29.872780 -23.587292 -6.492430
v 31.104824 -22.800880 -6.722314
v 26.152939 -24.705109 -5.969555
v 29.592594 -23.587292 -6.492433
v 27.801811 -24.275902 -6.220208
v 22.900478 -24.704945 -16.434002
v 27.272884 -22.798428 -19.076147
v 24.356426 -24.275280 -17.313801
v 25.937584 -23.585869 -18.269255
v 16.293907 -24.704945 -23.040573
v 18.936052 -22.798428 -27.412975
v 17.173704 -24.275280 -24.496523
v 18.129160 -23.585869 -26.077681
v 5.829461 -24.705109 -26.293036
v 6.582218 -22.800880 -31.244923
v 6.080112 -24.275902 -27.941908
v 6.352337 -23.587292 -29.732693
v 6.582222 -22.800880 31.244921
v 5.829463 -24.705109 26.293032
v 6.352340 -23.587292 29.732689
v 6.080115 -24.275902 27.941904
v 16.293909 -24.704945 23.040573
v 18.936054 -22.798428 27.412975
v 17.173706 -24.275280 24.496519
v 18.129160 -23.585869 26.077679
v 22.900478 -24.704945 16.434000
v 27.272884 -22.798428 19.076143
v 24.356430 -24.275280 17.313799
v 25.937588 -23.585869 18.269255
v 26.152943 -24.705109 5.969553
v 31.104828 -22.800880 6.722311
v 27.801815 -24.275902 6.220205
v 29.592598 -23.587292 6.492430
v 29.171463 -22.801277 12.914712
v 24.522255 -24.704670 11.209064
v 27.752041 -23.587059 12.393875
v 26.070644 -24.275406 11.777210
v 29.171463 -22.801277 -12.914715
v 24.522251 -24.704670 -11.209065
v 27.752037 -23.587059 -12.393877
v 26.070644 -24.275406 -11.777212
v 26.152897 -24.704670 -0.000001
v 31.098942 -22.801273 -0.000002
v 27.800171 -24.275406 -0.000001
v 29.588863 -23.587055 -0.000001
v -14.261033 -25.392570 19.212761
v -10.693597 -32.910072 13.309118
v -12.587346 -26.860485 16.443027
v -11.287156 -29.591900 14.291380
v -4.429603 -32.914349 15.241156
v -5.447917 -25.395596 21.939966
v -4.598449 -29.602673 16.351879
v -4.969188 -26.869709 18.790730
v -19.352844 -25.392570 14.120941
v -13.449204 -32.910072 10.553509
v -16.583111 -26.860485 12.447256
v -14.431464 -29.591900 11.147064
v -22.080051 -25.395596 5.307826
v -15.381242 -32.914349 4.289510
v -18.930817 -26.869709 4.829096
v -16.491962 -29.602673 4.458355
v -5.447917 -25.395596 -21.939960
v -4.429605 -32.914349 -15.241154
v -4.969190 -26.869709 -18.790724
v -4.598450 -29.602673 -16.351871
v -10.693601 -32.910072 -13.309115
v -14.261033 -25.392570 -19.212759
v -11.287156 -29.591900 -14.291377
v -12.587350 -26.860485 -16.443026
v -13.449208 -32.910072 -10.553506
v -19.352848 -25.392570 -14.120940
v -14.431470 -29.591900 -11.147062
v -16.583115 -26.860485 -12.447254
v -15.381249 -32.914349 -4.289510
v -22.080059 -25.395596 -5.307825
v -16.491970 -29.602673 -4.458356
v -18.930820 -26.869709 -4.829096
v 21.799866 -25.395596 -5.307826
v 15.101059 -32.914349 -4.289511
v 18.650633 -26.869709 -4.829097
v 16.211781 -29.602673 -4.458357
v 13.169023 -32.910072 -10.553508
v 19.072666 -25.392570 -14.120941
v 14.151285 -29.591900 -11.147065
v 16.302933 -26.860485 -12.447258
v 10.413412 -32.910072 -13.309117
v 13.980846 -25.392570 -19.212759
v 11.006970 -29.591900 -14.291378
v 12.307161 -26.860485 -16.443024
v 4.149418 -32.914349 -15.241156
v 5.167732 -25.395596 -21.939966
v 4.318264 -29.602673 -16.351879
v 4.689003 -26.869709 -18.790730
v 5.167734 -25.395596 21.939962
v 4.149418 -32.914349 15.241154
v 4.689005 -26.869709 18.790726
v 4.318264 -29.602673 16.351875
v 10.413414 -32.910072 13.309115
v 13.980848 -25.392570 19.212759
v 11.006972 -29.591900 14.291377
v 12.307163 -26.860485 16.443024
v 13.169024 -32.910072 10.553506
v 19.072666 -25.392570 14.120940
v 14.151284 -29.591900 11.147062
v 16.302931 -26.860485 12.447254
v 15.101063 -32.914349 4.289510
v 21.799871 -25.395596 5.307825
v 16.211788 -29.602673 4.458356
v 18.650639 -26.869709 4.829096
v 20.410271 -25.399693 9.716701
v 14.104865 -32.918316 7.453799
v 17.439304 -26.880871 8.649519
v 15.146863 -29.614136 7.827592
v 20.410271 -25.399693 -9.716702
v 14.104861 -32.918316 -7.453802
v 17.439302 -26.880871 -8.649522
v 15.146863 -29.614136 -7.827595
v 15.090170 -32.918316 0.000000
v 21.783194 -25.399693 -0.000001
v 16.196177 -29.614136 0.000000
v 18.629305 -26.880871 -0.000000
v -3.897677 40.356495 18.455008
v -4.173263 33.873875 20.431288
v -3.989812 37.222019 19.154953
v -11.307200 40.355427 16.165865
v -11.662808 37.217869 16.784414
v -12.330220 33.867283 17.911146
v -15.623254 40.355431 11.849812
v -16.241798 37.217869 12.205420
v -17.368534 33.867283 12.872832
v -17.912395 40.356506 4.440287
v -18.612339 37.222027 4.532421
v -19.888680 33.873882 4.715873
v -11.307200 40.355427 -16.165865
v -12.330220 33.867283 -17.911146
v -11.662808 37.217876 -16.784414
v -3.897675 40.356495 -18.455008
v -3.989808 37.222019 -19.154953
v -4.173262 33.873875 -20.431288
v -15.623254 40.355431 -11.849812
v -17.368534 33.867283 -12.872833
v -16.241798 37.217873 -12.205421
v -17.912395 40.356506 -4.440289
v -19.888680 33.873882 -4.715875
v -18.612339 37.222027 -4.532423
v 16.708483 40.355392 -11.849813
v 17.327024 37.217846 -12.205422
v 18.453758 33.867279 -12.872834
v 18.997629 40.356377 -4.440288
v 19.697571 37.221962 -4.532422
v 20.973907 33.873863 -4.715873
v 12.392425 40.355404 -16.165869
v 13.415442 33.867283 -17.911146
v 12.748034 37.217854 -16.784412
v 4.982902 40.356487 -18.455009
v 5.258488 33.873878 -20.431288
v 5.075035 37.222015 -19.154951
v 12.392425 40.355404 16.165869
v 13.415442 33.867283 17.911146
v 12.748034 37.217857 16.784412
v 4.982898 40.356487 18.455009
v 5.075032 37.222015 19.154951
v 5.258485 33.873878 20.431288
v 16.708483 40.355392 11.849813
v 18.453758 33.867283 12.872834
v 17.327024 37.217850 12.205422
v 18.997629 40.356377 4.440291
v 20.973907 33.873863 4.715876
v 19.697571 37.221962 4.532425
v 17.823259 40.359570 8.177679
v 19.682894 33.880169 8.822659
v 18.481981 37.226974 8.399923
v 17.823259 40.359570 -8.177679
v 19.682896 33.880165 -8.822659
v 18.481981 37.226974 -8.399921
v 18.987158 40.358093 0.000002
v 19.686474 37.225967 0.000002
v 20.961847 33.879650 0.000001
v -4.989441 30.308834 24.039682
v -4.289449 32.500328 21.199629
v -4.696874 30.798664 22.981733
v -4.444482 31.588707 21.956961
v -12.741216 32.488144 18.591137
v -14.530049 30.307465 21.073252
v -13.189151 31.573090 19.260883
v -13.834916 30.788193 20.157438
v -18.050991 32.486008 13.282754
v -20.697208 30.308968 14.892570
v -18.748028 31.569172 13.704784
v -19.703945 30.786106 14.286341
v -20.660667 32.495346 4.831531
v -23.644154 30.313793 5.348707
v -21.445858 31.579395 4.959825
v -22.523304 30.793930 5.146555
v -14.530049 30.307465 -21.073254
v -12.741216 32.488148 -18.591137
v -13.834916 30.788189 -20.157438
v -13.189151 31.573086 -19.260881
v -4.289447 32.500328 -21.199629
v -4.989437 30.308834 -24.039684
v -4.444480 31.588707 -21.956961
v -4.696870 30.798660 -22.981733
v -20.697208 30.308971 -14.892570
v -18.050991 32.486008 -13.282752
v -19.703945 30.786110 -14.286341
v -18.748028 31.569176 -13.704784
v -23.644150 30.313793 -5.348710
v -20.660667 32.495346 -4.831533
v -22.523304 30.793930 -5.146558
v -21.445858 31.579391 -4.959827
v 19.129023 32.496185 -13.280473
v 21.485596 30.294281 -14.938485
v 19.771439 31.587120 -13.703556
v 20.621414 30.793144 -14.301398
v 21.738232 32.506313 -4.830687
v 24.468788 30.292858 -5.372765
v 22.472050 31.598896 -4.960740
v 23.456026 30.800262 -5.156056
v 15.288934 30.296906 -21.116320
v 13.821935 32.493904 -18.589003
v 14.746687 30.791069 -20.171610
v 14.217296 31.582897 -19.259787
v 5.722271 30.304928 -24.057606
v 5.372691 32.501858 -21.198849
v 5.600622 30.799072 -22.988392
v 5.474432 31.591274 -21.957232
v 15.288934 30.296906 21.116320
v 13.821937 32.493904 18.589005
v 14.746689 30.791065 20.171612
v 14.217296 31.582893 19.259789
v 5.372688 32.501858 21.198849
v 5.722268 30.304928 24.057606
v 5.474429 31.591274 21.957232
v 5.600619 30.799072 22.988392
v 21.485594 30.294281 14.938484
v 19.129023 32.496189 13.280472
v 20.621408 30.793148 14.301395
v 19.771439 31.587124 13.703553
v 24.468788 30.292858 5.372768
v 21.738232 32.506313 4.830690
v 23.456024 30.800262 5.156059
v 22.472050 31.598896 4.960742
v 22.954109 30.298801 10.164217
v 20.402195 32.513332 9.078465
v 22.008768 30.807102 9.740232
v 21.089561 31.606247 9.349017
v 22.954109 30.298801 -10.164213
v 20.402195 32.513332 -9.078463
v 22.008768 30.807102 -9.740230
v 21.089561 31.606247 -9.349015
v 21.724348 32.514343 0.000001
v 24.456001 30.296761 0.000001
v 22.455591 31.608593 0.000001
v 23.439236 30.808243 0.000001
v -6.725574 28.005352 30.349039
v -5.742833 29.717796 26.377844
v -6.481401 28.662060 29.119055
v -6.126306 29.281376 27.682770
v -16.239513 29.706108 23.163509
v -18.739491 28.001549 26.625586
v -17.123730 29.272625 24.296415
v -18.027561 28.656025 25.548607
v -23.085709 29.699402 16.357283
v -26.766171 28.000954 18.600609
v -24.326729 29.268173 17.116627
v -25.657726 28.653702 17.927906
v -26.353943 29.698055 5.864852
v -30.491871 28.003716 6.586388
v -27.744061 29.268551 6.121330
v -29.240593 28.655571 6.382215
v -18.739491 28.001549 -26.625586
v -16.239510 29.706108 -23.163509
v -18.027557 28.656025 -25.548607
v -17.123726 29.272625 -24.296415
v -5.742828 29.717796 -26.377844
v -6.725572 28.005352 -30.349039
v -6.126300 29.281376 -27.682768
v -6.481398 28.662060 -29.119051
v -26.766171 28.000954 -18.600611
v -23.085709 29.699402 -16.357285
v -25.657722 28.653702 -17.927908
v -24.326725 29.268177 -17.116627
v -30.491875 28.003716 -6.586391
v -26.353943 29.698055 -5.864855
v -29.240593 28.655571 -6.382219
v -27.744061 29.268551 -6.121334
v 23.144121 29.746857 -16.249935
v 26.481686 28.004036 -18.597260
v 24.211058 29.297890 -17.056396
v 25.418182 28.667744 -17.905050
v 26.331898 29.761883 -5.815333
v 30.205105 28.007580 -6.585227
v 27.584087 29.307816 -6.094121
v 28.984856 28.673557 -6.372397
v 18.458498 28.003368 -26.622341
v 16.386055 29.736687 -23.060703
v 17.808352 28.664700 -25.526627
v 17.058809 29.291470 -24.238659
v 6.446067 28.005924 -30.347937
v 5.952078 29.728333 -26.337221
v 6.275434 28.664883 -29.110666
v 6.096657 29.287743 -27.660170
v 18.458496 28.003368 26.622339
v 16.386055 29.736687 23.060703
v 17.808350 28.664700 25.526625
v 17.058807 29.291470 24.238657
v 5.952075 29.728333 26.337221
v 6.446064 28.005924 30.347937
v 6.096654 29.287743 27.660170
v 6.275431 28.664883 29.110666
v 26.481686 28.004036 18.597261
v 23.144121 29.746857 16.249939
v 25.418182 28.667744 17.905052
v 24.211060 29.297890 17.056400
v 30.205105 28.007584 6.585231
v 26.331898 29.761883 5.815336
v 28.984856 28.673557 6.372401
v 27.584087 29.307816 6.094126
v 28.324303 28.008392 12.606506
v 24.724052 29.756660 11.033094
v 27.184532 28.672810 12.150425
v 25.882355 29.304924 11.581724
v 28.324303 28.008392 -12.606503
v 24.724052 29.756660 -11.033092
v 27.184532 28.672810 -12.150421
v 25.882355 29.304924 -11.581720
v 26.320137 29.764450 0.000001
v 30.197582 28.008907 0.000002
v 27.574558 29.309757 0.000001
v 28.976868 28.675056 0.000001
v 38.446209 9.747360 21.030832
v 13.791840 82.928719 8.725958
v 38.510345 -8.861630 21.050793
v 12.710907 -63.476746 8.632287
v 30.067387 26.141537 16.956417
v 32.268269 24.021896 18.031807
v 34.284748 21.213331 19.016710
v 35.649063 18.366987 19.683565
v 28.859978 -22.323959 16.375849
v 31.184223 -20.210918 17.505468
v 33.495159 -17.492577 18.627987
v 35.255611 -14.800431 19.483685
v 23.702736 -24.704670 13.842303
v 25.199585 -24.275406 14.576061
v 26.825180 -23.587059 15.372021
v 28.197346 -22.801277 16.044699
v 13.591989 -32.918316 9.101747
v 14.604409 -29.614136 9.570586
v 16.832029 -26.880871 10.600781
v 19.717815 -25.399693 11.941679
v 17.221115 40.359600 10.112458
v 17.860191 37.226990 10.397833
v 19.024906 33.880177 10.936882
v 22.192505 30.301456 12.579524
v 21.279119 30.808876 12.066475
v 20.389921 31.607254 11.590342
v 19.723549 32.513638 11.258381
v 23.916950 29.753197 13.668658
v 25.026150 29.303257 14.353642
v 26.277634 28.672428 15.069886
v 27.376705 28.008461 15.650867
v 38.510345 -8.861630 -21.050793
v 12.710878 -63.476784 -8.632260
v 38.446209 9.747360 -21.030832
v 13.791840 82.928719 -8.725957
v 30.067387 26.141537 -16.956413
v 32.268265 24.021896 -18.031805
v 34.284744 21.213331 -19.016705
v 35.649063 18.366987 -19.683563
v 28.859974 -22.323963 -16.375851
v 31.184223 -20.210918 -17.505472
v 33.495159 -17.492577 -18.627987
v 35.255611 -14.800431 -19.483685
v 23.702736 -24.704670 -13.842303
v 25.199581 -24.275406 -14.576062
v 26.825180 -23.587059 -15.372024
v 28.197346 -22.801277 -16.044701
v 13.591987 -32.918316 -9.101748
v 14.604407 -29.614136 -9.570589
v 16.832029 -26.880871 -10.600784
v 19.717813 -25.399693 -11.941680
v 17.221115 40.359600 -10.112457
v 17.860193 37.226990 -10.397831
v 19.024906 33.880177 -10.936880
v 22.192505 30.301456 -12.579522
v 21.279123 30.808872 -12.066475
v 20.389921 31.607250 -11.590342
v 19.723549 32.513634 -11.258380
v 23.916950 29.753197 -13.668655
v 25.026150 29.303257 -14.353638
v 26.277634 28.672428 -15.069882
v 27.376705 28.008461 -15.650866
v 37.760498 9.747360 23.143049
v 13.548435 82.928719 9.508060
v 29.548611 26.141537 18.623325
v 30.646069 -20.210918 19.234646
v 32.918213 -17.492577 20.481819
v 34.649052 -14.800431 21.432655
v 24.764057 -24.275406 15.975487
v 26.361752 -23.587059 16.861094
v 27.710285 -22.801277 17.609694
v 14.333182 -29.614136 10.442083
v 16.528393 -26.880871 11.576414
v 19.371586 -25.399693 13.054166
v 16.920042 40.359619 11.079847
v 20.914173 30.809837 13.229604
v 20.039991 31.607861 12.711001
v 19.384190 32.513847 12.348336
v 23.513391 29.751469 14.986424
v 37.789906 -8.861630 23.152201
v 12.465470 -63.476738 9.419676
v 31.711937 24.021896 19.819387
v 33.694042 21.213331 20.914738
v 35.035049 18.366987 21.656469
v 28.360901 -22.323959 17.979454
v 23.292978 -24.704670 15.158921
v 13.335550 -32.918316 9.925720
v 17.549294 37.226997 11.396789
v 18.695911 33.880180 11.993993
v 21.811661 30.302799 13.787185
v 24.598007 29.302444 15.739567
v 25.824146 28.672260 16.529594
v 26.902897 28.008507 17.173038
v 37.789906 -8.861630 -23.152203
v 12.465475 -63.476738 -9.419661
v 31.711933 24.021896 -19.819386
v 33.694035 21.213331 -20.914732
v 35.035049 18.366987 -21.656467
v 28.360897 -22.323963 -17.979458
v 23.292978 -24.704670 -15.158923
v 13.335548 -32.918316 -9.925722
v 17.549294 37.226997 -11.396787
v 18.695911 33.880177 -11.993992
v 21.811663 30.302795 -13.787186
v 24.598007 29.302444 -15.739563
v 25.824146 28.672256 -16.529589
v 26.902897 28.008507 -17.173037
v 37.760498 9.747360 -23.143047
v 13.548435 82.928719 -9.508060
v 29.548611 26.141537 -18.623322
v 30.646069 -20.210918 -19.234650
v 32.918213 -17.492577 -20.481819
v 34.649052 -14.800431 -21.432657
v 24.764053 -24.275406 -15.975489
v 26.361748 -23.587059 -16.861094
v 27.710285 -22.801277 -17.609697
v 14.333180 -29.614136 -10.442086
v 16.528393 -26.880871 -11.576416
v 19.371586 -25.399693 -13.054168
v 16.920042 40.359619 -11.079846
v 20.914177 30.809834 -13.229606
v 20.039993 31.607853 -12.711002
v 19.384190 32.513836 -12.348337
v 23.513391 29.751469 -14.986423
v 40.587978 -3.061630 17.046150
v 43.227451 -3.061630 8.565122
v 43.227451 -3.061630 -0.000002
v 39.268242 -3.061630 21.286667
v 43.227451 -3.061630 -8.565125
v 40.587978 -3.061630 -17.046154
v 38.608376 -3.061630 23.406925
v 39.268242 -3.061630 -21.286667
v 38.608376 -3.061630 -23.406927
v 39.830082 -3.061630 16.810276
v 42.444874 -3.061630 8.446158
v 42.433697 -3.061630 -0.000002
v 38.510345 -3.061630 21.050793
v 42.444874 -3.061630 -8.446162
v 39.830082 -3.061630 -16.810280
v 37.789906 -3.061630 23.152201
v 38.510345 -3.061630 -21.050793
v 37.789906 -3.061630 -23.152203
v 38.608376 0.747360 23.406927
v 38.608376 0.747360 -23.406925
v 37.760498 0.747360 23.143049
v 37.760498 0.747360 -23.143047
v -22.786507 21.209049 33.321297
v -33.461380 21.209049 22.646404
v -22.786499 21.209049 -33.321293
v -33.461384 21.209049 -22.646410
v -20.969238 -20.206291 30.313969
v -30.454056 -20.206291 20.829149
v -20.969242 -20.206291 -30.313965
v -30.454056 -20.206291 -20.829147
v -22.786507 21.209049 33.321297
v -33.461380 21.209049 22.646404
v -20.954601 -20.186939 30.299330
v -30.439415 -20.186939 20.814510
v -20.954601 -20.186935 -30.299324
v -30.439415 -20.186935 -20.814507
v -13.316388 -37.383972 10.473250
v -13.171285 -42.299599 10.385507
v -13.050756 -46.331772 10.312734
v -12.898395 -51.511776 10.220193
v -12.785121 -55.279572 10.152217
v -12.652303 -59.753471 10.071959
v -10.212047 -59.753471 12.512216
v -10.304751 -54.573471 12.664526
v -10.372563 -50.805672 12.777850
v -10.460404 -45.890045 12.922925
v -10.533080 -41.857872 13.043485
v -10.613339 -37.383972 13.176302
v -4.321209 -54.563427 14.524308
v -4.364468 -45.885735 14.811691
v 4.041024 -54.563427 14.524305
v 4.084283 -45.885735 14.811688
v -15.071061 -42.298134 4.242311
v -14.766734 -51.504578 4.195689
v -15.071069 -42.298134 -4.242312
v -14.766742 -51.504578 -4.195690
v 4.102219 -42.298134 -14.930976
v 4.055597 -51.504578 -14.626649
v -4.321210 -54.563427 -14.524305
v -4.364470 -45.885735 -14.811688
v -10.212050 -59.753471 -12.512212
v -10.304755 -54.573471 -12.664522
v -10.372567 -50.805672 -12.777846
v -10.460408 -45.890045 -12.922921
v -10.533084 -41.857872 -13.043481
v -10.613343 -37.383972 -13.176298
v -12.652307 -59.753471 -10.071956
v -12.804616 -54.573471 -10.164660
v -12.917939 -50.805672 -10.232472
v -13.063012 -45.890045 -10.320314
v -13.183574 -41.857872 -10.392989
v -13.316392 -37.383972 -10.473248
v 14.791037 -42.298138 -4.242466
v 14.486390 -51.504566 -4.196466
v 13.298862 -59.716522 -7.149076
v 13.455653 -54.544060 -7.204542
v 13.567530 -50.783787 -7.250651
v 13.715710 -45.875706 -7.305022
v 13.836195 -41.851051 -7.352226
v 13.970529 -37.384682 -7.403014
v 14.789074 -42.292755 0.000000
v 14.660120 -46.317402 -0.000000
v 14.493760 -51.489853 -0.000000
v 14.373421 -55.250126 -0.000000
v 14.230070 -59.716484 -0.000000
v 12.372119 -59.753471 -10.071958
v 12.519470 -54.573711 -10.179663
v 12.637753 -50.805672 -10.232474
v 12.781363 -45.890118 -10.324805
v 12.903388 -41.857872 -10.392991
v 13.036205 -37.383972 -10.473249
v 9.931863 -59.753471 -12.512215
v 10.024567 -54.573471 -12.664525
v 10.092380 -50.805672 -12.777849
v 10.180222 -45.890045 -12.922924
v 10.252895 -41.857872 -13.043484
v 10.333154 -37.383972 -13.176300
v 9.931865 -59.753471 12.512212
v 10.024569 -54.573471 12.664522
v 10.092381 -50.805672 12.777846
v 10.180223 -45.890045 12.922921
v 10.252897 -41.857872 13.043481
v 10.333156 -37.383972 13.176298
v 12.372122 -59.753471 10.071956
v 12.519472 -54.573711 10.179661
v 12.637756 -50.805672 10.232472
v 12.781364 -45.890118 10.324803
v 12.903391 -41.857872 10.392989
v 13.036207 -37.383972 10.473248
v 13.298908 -59.716484 7.149087
v 13.455691 -54.544029 7.204548
v 13.567560 -50.783760 7.250658
v 13.715734 -45.875683 7.305026
v 13.836212 -41.851036 7.352229
v 13.970539 -37.384674 7.403014
v 14.384591 -54.563446 4.180058
v 14.671572 -45.885735 4.224057
v 12.818228 -59.716484 8.693580
v 12.968827 -54.544025 8.768342
v 13.076149 -50.783760 8.829635
v 13.218645 -45.875679 8.901876
v 13.334068 -41.851036 8.965691
v 13.463029 -37.384674 9.033718
v 12.818197 -59.716515 -8.693573
v 12.968805 -54.544052 -8.768325
v 13.076128 -50.783783 -8.829632
v 13.218632 -45.875698 -8.901869
v 13.334057 -41.851051 -8.965691
v 13.463022 -37.384682 -9.033720
v 12.577888 -59.716484 9.465829
v 12.721116 -54.544029 9.564891
v 12.830441 -50.783760 9.619126
v 12.969021 -45.875683 9.704696
v 13.082996 -41.851036 9.772424
v 13.209273 -37.384674 9.849072
v 12.577887 -59.716484 -9.465830
v 12.721119 -54.544029 -9.564880
v 12.830441 -50.783760 -9.619127
v 12.969021 -45.875683 -9.704692
v 13.082994 -41.851036 -9.772425
v 13.209271 -37.384674 -9.849073
v -10.674914 -33.982620 13.277979
v -4.424367 -33.986450 15.205890
v 4.144182 -33.986450 15.205888
v -4.424369 -33.986450 -15.205888
v -10.674918 -33.982620 -13.277975
v -13.418069 -33.982620 -10.534824
v 14.072380 -33.989719 -7.442117
v 13.137426 -33.982662 -10.537124
v 10.394732 -33.982620 -13.277977
v 10.394733 -33.982620 13.277975
v 13.137428 -33.982662 10.537122
v 14.072385 -33.989719 7.442115
v 15.066154 -33.986462 4.284154
v 13.560342 -33.989723 9.087713
v 13.560339 -33.989723 -9.087715
v 13.303565 -33.989723 9.912745
v 13.303563 -33.989723 -9.912746
v -13.418065 -33.982620 10.534828
v -15.345977 -33.986450 4.284274
v -15.345984 -33.986450 -4.284275
v 4.144183 -33.986450 -15.205890
v 15.066151 -33.986462 -4.284154
v 15.055587 -33.989719 0.000000
v -13.344520 -36.412090 10.490188
v -15.265237 -36.413879 4.271815
v -15.265244 -36.413879 -4.271816
v 4.131723 -36.413879 -15.125152
v 14.984781 -36.413872 -4.271837
v 14.978178 -36.413773 0.000000
v -10.623572 -36.813549 13.193236
v -4.409984 -36.815327 15.112093
v 4.129798 -36.815327 15.112091
v -4.409986 -36.815327 -15.112091
v -10.623576 -36.813549 -13.193233
v -13.333325 -36.813549 -10.483480
v 13.987656 -36.815220 -7.409489
v 13.053139 -36.813549 -10.483482
v 10.343387 -36.813549 -13.193234
v 10.343389 -36.813549 13.193233
v 13.053141 -36.813549 10.483480
v 13.987665 -36.815212 7.409489
v 14.972000 -36.815327 4.269891
v 13.479471 -36.815212 9.042392
v 13.479465 -36.815220 -9.042394
v 13.225374 -36.815212 9.858844
v 13.225372 -36.815212 -9.858846
v 13.572641 -33.588272 -9.091544
v 13.316607 -33.588272 -9.914225
v 13.149101 -33.581158 10.541467
v 13.316608 -33.588272 9.914223
v 14.084711 -33.588272 -7.446184
v 13.572645 -33.588272 9.091542
v 15.078875 -33.585003 4.286137
v 15.068667 -33.588272 0.000000
v 14.084717 -33.588272 7.446181
v 10.401375 -33.581158 13.289192
v 4.146045 -33.585003 15.218966
v 10.401373 -33.581158 -13.289194
v 4.146045 -33.585003 -15.218967
v 13.149099 -33.581158 -10.541469
v 15.078871 -33.585003 -4.286138
v -13.429286 -33.581158 -10.541467
v -15.359061 -33.585003 -4.286138
v -10.681561 -33.581158 -13.289192
v -4.426231 -33.585003 -15.218966
v -15.359054 -33.585003 4.286137
v -13.429282 -33.581158 10.541471
v -4.426229 -33.585003 15.218967
v -10.681558 -33.581158 13.289196
v -13.333322 -36.813549 10.483483
v -10.630277 -36.412090 13.204434
v -4.411908 -36.413879 15.125152
v 4.131723 -36.413879 15.125150
v -15.252179 -36.815327 4.269891
v -15.252187 -36.815327 -4.269891
v 4.129799 -36.815327 -15.112093
v -4.411910 -36.413879 -15.125150
v -10.630280 -36.412090 -13.204431
v -13.344523 -36.412090 -10.490185
v 14.971996 -36.815327 -4.269892
v 14.000051 -36.413773 -7.413354
v 14.965097 -36.815216 0.000000
v 13.237961 -36.413761 -9.861999
v 13.064357 -36.412075 -10.489503
v 10.350091 -36.412090 -13.204432
v 10.350093 -36.412090 13.204431
v 13.064359 -36.412075 10.489501
v 13.491774 -36.413761 9.046221
v 14.000061 -36.413765 7.413353
v 14.984785 -36.413872 4.271835
v 13.237963 -36.413761 9.861999
v 13.491769 -36.413769 -9.046221
v 14.100452 -34.007862 -9.255798
v 13.846737 -34.008102 -10.070971
v 13.643778 -34.003147 10.830651
v 13.846739 -34.008102 10.070970
v 14.612267 -34.008053 -7.610906
v 14.100455 -34.007862 9.255797
v 15.631964 -34.005424 4.370335
v 15.621239 -34.008228 -0.000000
v 14.612272 -34.008053 7.610904
v 10.695484 -34.003204 13.777054
v 4.229492 -34.005852 15.771509
v 10.695482 -34.003204 -13.777056
v 4.229493 -34.005852 -15.771511
v 13.643776 -34.003147 -10.830653
v 15.631960 -34.005424 -4.370336
v -13.917140 -34.003098 -10.835609
v -15.911607 -34.005852 -4.369585
v -10.975703 -34.003098 -13.777047
v -4.509679 -34.005852 -15.771509
v -15.911599 -34.005852 4.369584
v -13.917138 -34.003098 10.835613
v -4.509677 -34.005852 15.771511
v -10.975699 -34.003098 13.777051
v -13.843593 -36.432568 10.790973
v -10.931062 -36.432568 13.703506
v -4.497218 -36.433281 15.690773
v 4.217032 -36.433281 15.690771
v -15.830859 -36.433281 4.357125
v -15.830867 -36.433281 -4.357125
v 4.217033 -36.433281 -15.690773
v -4.497220 -36.433281 -15.690771
v -10.931066 -36.432568 -13.703503
v -13.843595 -36.432568 -10.790970
v 15.550591 -36.432835 -4.358019
v 14.539939 -36.432106 -7.582143
v 15.543831 -36.432281 -0.000000
v 13.781135 -36.432140 -10.020223
v 13.570707 -36.432560 -10.783032
v 10.650843 -36.432674 -13.703511
v 10.650845 -36.432674 13.703509
v 13.570709 -36.432560 10.783031
v 14.031888 -36.431900 9.214305
v 14.539948 -36.432098 7.582143
v 15.550594 -36.432835 4.358016
v 13.781136 -36.432140 10.020224
v 14.031883 -36.431908 -9.214304
v 13.205092 -46.317417 -8.897661
v 12.956717 -46.317398 -9.695776
v 13.320518 -42.292770 -8.961481
v 13.069935 -42.292751 -9.766069
v 12.770573 -46.331772 10.312731
v 12.956718 -46.317398 9.695775
v 12.891842 -42.299568 10.383477
v 13.069939 -42.292751 9.766065
v 13.701862 -46.317421 -7.301439
v 13.822447 -42.292767 -7.348325
v 13.205109 -46.317398 8.897663
v 13.320532 -42.292755 8.961477
v 14.674516 -45.875687 -0.000000
v 14.791039 -42.298134 4.242466
v 14.803470 -41.851040 0.000000
v 13.701886 -46.317398 7.301444
v 13.822464 -42.292751 7.348328
v 10.172640 -46.331772 12.910664
v 10.245412 -42.299599 13.031194
v 4.102219 -42.298130 14.930973
v 10.172638 -46.331772 -12.910666
v 4.084283 -45.885738 -14.811692
v 10.245410 -42.299599 -13.031197
v 12.770571 -46.331772 -10.312733
v 12.891840 -42.299568 -10.383479
v 14.671568 -45.885738 -4.224059
v -13.050756 -46.331772 -10.312731
v -14.951787 -45.885738 -4.224376
v -13.171287 -42.299599 -10.385504
v -10.452825 -46.331772 -12.910664
v -10.525598 -42.299599 -13.031194
v -4.382406 -42.298130 -14.930973
v -14.951779 -45.885738 4.224375
v -13.063012 -45.890045 10.320317
v -13.183572 -41.857872 10.392992
v -4.382404 -42.298130 14.930975
v -10.452821 -46.331772 12.910667
v -10.525594 -42.299599 13.031198
v 13.799061 -45.871944 -9.082498
v 13.550722 -45.872211 -9.881251
v 13.899527 -42.335449 -9.141667
v 13.650299 -42.335712 -9.941825
v 13.320467 -45.888477 10.645472
v 13.550720 -45.872211 9.881259
v 13.429765 -42.344357 10.703007
v 13.650301 -42.335712 9.941824
v 14.296154 -45.872143 -7.485605
v 14.401440 -42.335636 -7.528515
v 13.799073 -45.871922 9.082511
v 13.899538 -42.335430 9.141669
v 15.279432 -45.882805 4.316446
v 15.282404 -45.872284 -0.000000
v 15.397402 -42.341637 4.334640
v 15.395447 -42.335785 -0.000000
v 14.296178 -45.872120 7.485609
v 14.401457 -42.335621 7.528518
v 10.503596 -45.888554 13.459082
v 10.567989 -42.344540 13.566056
v 4.176214 -45.883308 15.419543
v 4.193908 -42.342136 15.537312
v 10.503594 -45.888554 -13.459085
v 4.176213 -45.883312 -15.419547
v 10.567988 -42.344540 -13.566059
v 4.193908 -42.342140 -15.537314
v 13.320465 -45.888477 -10.645473
v 13.429762 -42.344357 -10.703010
v 15.279428 -45.882809 -4.316450
v 15.397398 -42.341640 -4.334641
v -13.599156 -45.888691 -10.643738
v -15.559642 -45.883312 -4.316307
v -13.706124 -42.344677 -10.708126
v -15.677407 -42.342140 -4.334001
v -10.783834 -45.888691 -13.459066
v -10.848220 -42.344677 -13.566033
v -4.456400 -45.883308 -15.419543
v -4.474095 -42.342136 -15.537312
v -15.559634 -45.883312 4.316306
v -15.677400 -42.342140 4.334000
v -13.599158 -45.888691 10.643741
v -13.706124 -42.344677 10.708128
v -4.456398 -45.883308 15.419546
v -4.474093 -42.342136 15.537313
v -10.783830 -45.888691 13.459070
v -10.848216 -42.344677 13.566037
v -10.131787 -64.227371 12.379398
v -4.272198 -64.211586 14.205697
v -12.519486 -64.227371 9.991700
v -14.345786 -64.211586 4.132105
v -4.272199 -64.211586 -14.205693
v -10.131791 -64.227371 -12.379395
v -12.519490 -64.227371 -9.991697
v -14.345788 -64.211586 -4.132106
v 12.451610 -64.182846 -9.389181
v 12.239302 -64.227371 -9.991699
v 9.851604 -64.227371 -12.379397
v 3.992013 -64.211586 -14.205697
v 3.992013 -64.211586 14.205693
v 9.851606 -64.227371 12.379395
v 12.239305 -64.227371 9.991697
v 13.164581 -64.182846 7.098302
v 14.065604 -64.211586 4.132106
v 14.086720 -64.182846 -0.000000
v 12.689268 -64.182846 8.625552
v 14.065600 -64.211586 -4.132106
v 13.164530 -64.182892 -7.098289
v 12.451611 -64.182846 9.389180
v 12.689233 -64.182884 -8.625544
v 12.796554 -60.422615 -8.686853
v 12.562616 -60.422592 -9.439441
v 12.947163 -55.250149 -8.761602
v 12.704164 -55.250122 -9.542479
v 13.054485 -51.489880 -8.822907
v 12.812178 -51.489849 -9.600823
v 12.359276 -60.459274 10.040522
v 12.562622 -60.422592 9.439426
v 12.504938 -55.279572 10.152214
v 12.704165 -55.250122 9.542478
v 12.621913 -51.511600 10.209123
v 12.812181 -51.489849 9.600813
v 13.276245 -60.422615 -7.144941
v 13.433196 -55.250153 -7.199864
v 13.545235 -51.489880 -7.245444
v 12.796589 -60.422585 8.686845
v 12.947188 -55.250122 8.761607
v 13.054510 -51.489857 8.822900
v 14.190228 -60.446625 4.151735
v 14.207068 -60.422585 -0.000000
v 14.396429 -54.544033 -0.000000
v 14.486393 -51.504566 4.196468
v 14.516770 -50.783764 -0.000000
v 13.276290 -60.422577 7.144954
v 13.433234 -55.250122 7.199872
v 13.545266 -51.489853 7.245452
v 9.919253 -60.459572 12.492770
v 10.012123 -55.279572 12.645029
v 10.080098 -51.511776 12.758303
v 4.010295 -60.446648 14.330901
v 4.055597 -51.504578 14.626645
v 9.919251 -60.459572 -12.492773
v 4.010295 -60.446648 -14.330906
v 10.012121 -55.279572 -12.645032
v 4.041024 -54.563427 -14.524309
v 10.080096 -51.511776 -12.758306
v 12.359273 -60.459274 -10.040524
v 12.504936 -55.279572 -10.152216
v 12.621910 -51.511600 -10.209125
v 14.190226 -60.446625 -4.151731
v 14.384586 -54.563446 -4.180062
v -12.632865 -60.459572 -10.059344
v -14.470996 -60.446648 -4.150388
v -12.785123 -55.279572 -10.152214
v -14.664401 -54.563427 -4.181117
v -12.898395 -51.511776 -10.220190
v -10.199439 -60.459572 -12.492770
v -10.292310 -55.279572 -12.645029
v -10.360284 -51.511776 -12.758303
v -4.290481 -60.446648 -14.330901
v -4.335783 -51.504578 -14.626645
v -14.470992 -60.446648 4.150387
v -14.664395 -54.563427 4.181116
v -12.632861 -60.459572 10.059347
v -12.804614 -54.573471 10.164662
v -12.917939 -50.805672 10.232475
v -4.290480 -60.446648 14.330905
v -4.335782 -51.504578 14.626648
v -10.199435 -60.459572 12.492774
v -10.292306 -55.279572 12.645033
v -10.360280 -51.511776 12.758307
v -10.401238 -63.538750 12.823490
v -4.349844 -63.522133 14.710193
v -12.963578 -63.538750 10.261152
v -14.850280 -63.522133 4.209751
v -4.349845 -63.522133 -14.710189
v -10.401242 -63.538750 -12.823486
v -12.963582 -63.538750 -10.261149
v -14.850282 -63.522133 -4.209752
v 12.923477 -63.492584 -9.569570
v 12.670219 -63.538078 -10.289213
v 10.121012 -63.537956 -12.823532
v 4.069659 -63.522133 -14.710193
v 4.069659 -63.522133 14.710189
v 10.121014 -63.537956 12.823529
v 12.670223 -63.538078 10.289211
v 13.647881 -63.492332 7.243754
v 14.570614 -63.521538 4.207683
v 14.591589 -63.492401 -0.000000
v 13.171005 -63.492226 8.775499
v 14.570608 -63.521538 -4.207692
v 13.647828 -63.492378 -7.243746
v 12.923470 -63.492584 9.569593
v 13.170980 -63.492264 -8.775461
v 13.256657 -60.438095 -8.830054
v 13.020618 -60.438438 -9.589350
v 13.428912 -54.559490 -8.911516
v 13.180712 -54.559792 -9.709689
v 13.514591 -51.505318 -8.966099
v 13.271770 -51.505611 -9.745632
v 12.778755 -60.475723 10.302511
v 13.020620 -60.438438 9.589344
v 12.942924 -54.590515 10.437661
v 13.180706 -54.559792 9.709705
v 13.045365 -51.528404 10.467123
v 13.271772 -51.505611 9.745627
v 13.736757 -60.438194 -7.286812
v 13.915958 -54.559654 -7.347079
v 14.005540 -51.505474 -7.387981
v 13.256688 -60.438065 8.830057
v 13.428931 -54.559464 8.911541
v 13.514614 -51.505295 8.966099
v 14.671773 -60.462646 4.224584
v 14.688939 -60.438240 -0.000000
v 14.866287 -54.579521 4.253112
v 14.878294 -54.559734 -0.000000
v 14.968088 -51.520641 4.269522
v 14.975626 -51.505554 -0.000000
v 13.736803 -60.438156 7.286825
v 13.915997 -54.559624 7.347085
v 14.005571 -51.505447 7.387989
v 10.175879 -60.476250 12.917517
v 10.281034 -54.590462 13.089413
v 10.336564 -51.528767 13.183193
v 4.083568 -60.463295 14.812735
v 4.114089 -54.580051 15.006140
v 4.128662 -51.521202 15.108479
v 10.175878 -60.476250 -12.917520
v 4.083568 -60.463295 -14.812739
v 10.281033 -54.590462 -13.089415
v 4.114089 -54.580051 -15.006144
v 10.336562 -51.528767 -13.183195
v 4.128661 -51.521202 -15.108483
v 12.778752 -60.475723 -10.302513
v 12.942923 -54.590515 -10.437663
v 13.045362 -51.528404 -10.467125
v 14.671770 -60.462646 -4.224583
v 14.866282 -54.579521 -4.253119
v 14.968086 -51.520641 -4.269523
v -13.057569 -60.477043 -10.316015
v -14.952828 -60.463295 -4.223660
v -13.229472 -54.590977 -10.421177
v -15.146235 -54.580051 -4.254181
v -13.323251 -51.529282 -10.476707
v -15.248576 -51.521202 -4.268754
v -10.456109 -60.477043 -12.917474
v -10.561273 -54.590977 -13.089378
v -10.616801 -51.529282 -13.183158
v -4.363753 -60.463295 -14.812735
v -4.394275 -54.580051 -15.006139
v -4.408848 -51.521202 -15.108479
v -14.952825 -60.463295 4.223660
v -15.146230 -54.580051 4.254181
v -15.248569 -51.521202 4.268754
v -13.057565 -60.477043 10.316017
v -13.229470 -54.590977 10.421180
v -13.323251 -51.529282 10.476710
v -4.363752 -60.463295 14.812738
v -4.394274 -54.580051 15.006143
v -4.408847 -51.521202 15.108482
v -10.456105 -60.477043 12.917478
v -10.561269 -54.590977 13.089381
v -10.616797 -51.529282 13.183163
v -4.294684 -59.740555 14.353620
v -4.317171 -55.269520 14.501542
v -4.339658 -50.798485 14.649465
v -4.362144 -46.327450 14.797387
v -4.384630 -41.856415 14.945310
v -4.407117 -37.385384 15.093233
v 4.014499 -59.740555 14.353616
v 4.036985 -55.269520 14.501539
v 4.059472 -50.798485 14.649462
v 4.081959 -46.327450 14.797384
v 4.104445 -41.856415 14.945308
v 4.126931 -37.385384 15.093231
v -15.233319 -37.385384 4.267024
v -15.085397 -41.856419 4.244537
v -14.937474 -46.327454 4.222051
v -14.789552 -50.798485 4.199564
v -14.641629 -55.269520 4.177078
v -14.493707 -59.740555 4.154591
v -15.233327 -37.385384 -4.267024
v -15.085404 -41.856419 -4.244538
v -14.937482 -46.327454 -4.222052
v -14.789559 -50.798485 -4.199565
v -14.641635 -55.269520 -4.177079
v -14.493711 -59.740555 -4.154592
v 4.126932 -37.385384 -15.093233
v 4.104445 -41.856419 -14.945311
v 4.081959 -46.327454 -14.797388
v 4.059472 -50.798485 -14.649466
v 4.036986 -55.269520 -14.501543
v 4.014500 -59.740555 -14.353621
v -4.294685 -59.740555 -14.353616
v -4.317172 -55.269520 -14.501539
v -4.339659 -50.798485 -14.649462
v -4.362145 -46.327450 -14.797384
v -4.384632 -41.856415 -14.945308
v -4.407119 -37.385384 -15.093231
v 14.953136 -37.385384 -4.267025
v 14.805214 -41.856419 -4.244538
v 14.657291 -46.327454 -4.222052
v 14.509369 -50.798485 -4.199565
v 14.361446 -55.269520 -4.177079
v 14.213523 -59.740555 -4.154592
v 14.213527 -59.740555 4.154592
v 14.361449 -55.269520 4.177078
v 14.509372 -50.798485 4.199564
v 14.657294 -46.327450 4.222051
v 14.805218 -41.856415 4.244537
v 14.953140 -37.385384 4.267024
v 14.946819 -37.384678 0.000000
v -3.975991 -41.445942 14.958890
v -3.994349 -37.795856 15.079653
vn -0.2972 -0.0000 0.9548
vn -0.7071 -0.0000 0.7071
vn -0.9548 -0.0000 0.2972
vn -0.2972 -0.0000 -0.9548
vn -0.7071 -0.0000 -0.7071
vn -0.9548 -0.0000 -0.2972
vn 0.7071 -0.0000 -0.7071
vn 0.2972 -0.0000 -0.9548
vn 0.2972 -0.0000 0.9548
vn 0.7071 -0.0000 0.7071
vn 0.2409 -0.9676 0.0750
vn -0.0000 -1.0000 -0.0000
vn -1.0000 -0.0000 -0.0000
vn -0.0000 -0.0000 1.0000
vn -0.0000 1.0000 -0.0000
vn -0.0000 -0.0000 -1.0000
vn 0.8333 -0.4888 0.2584
vn 0.7752 -0.5838 0.2413
vn 0.6976 -0.6827 0.2171
vn 0.6086 -0.7705 0.1894
vn -0.1958 0.7522 0.6292
vn -0.2332 0.6198 0.7493
vn -0.2628 0.4667 0.8445
vn -0.4660 0.7522 0.4660
vn -0.5549 0.6198 0.5549
vn -0.6254 0.4667 0.6254
vn -0.6292 0.7522 0.1958
vn -0.7493 0.6198 0.2332
vn -0.8445 0.4667 0.2628
vn -0.1958 0.7522 -0.6292
vn -0.2332 0.6198 -0.7493
vn -0.2628 0.4667 -0.8445
vn -0.4660 0.7522 -0.4660
vn -0.5549 0.6198 -0.5549
vn -0.6254 0.4667 -0.6254
vn -0.6292 0.7522 -0.1958
vn -0.7493 0.6198 -0.2332
vn -0.8445 0.4667 -0.2628
vn 0.6292 0.7522 -0.1958
vn 0.7493 0.6198 -0.2332
vn 0.8445 0.4667 -0.2628
vn 0.4660 0.7522 -0.4660
vn 0.5549 0.6198 -0.5549
vn 0.6254 0.4667 -0.6254
vn 0.1958 0.7522 -0.6292
vn 0.2332 0.6198 -0.7493
vn 0.2628 0.4667 -0.8445
vn 0.1958 0.7522 0.6292
vn 0.2332 0.6198 0.7493
vn 0.2628 0.4667 0.8445
vn 0.4660 0.7522 0.4660
vn 0.5549 0.6198 0.5549
vn 0.6254 0.4667 0.6254
vn 0.6292 0.7522 0.1958
vn 0.7493 0.6198 0.2332
vn 0.8445 0.4667 0.2628
vn -0.6590 0.7522 -0.0000
vn -0.7848 0.6198 -0.0000
vn -0.8844 0.4667 -0.0000
vn -0.0000 0.7522 0.6590
vn -0.0000 0.6198 0.7848
vn -0.0000 0.4667 0.8844
vn 0.8844 0.4667 -0.0000
vn 0.7848 0.6198 -0.0000
vn 0.6590 0.7522 -0.0000
vn -0.0000 0.4667 -0.8844
vn -0.0000 0.6198 -0.7848
vn -0.0000 0.7522 -0.6590
vn -0.2811 0.3240 0.9033
vn -0.0000 0.3240 0.9461
vn -0.6690 0.3240 0.6690
vn -0.9033 0.3240 0.2811
vn -0.9461 0.3240 -0.0000
vn -0.2811 0.3240 -0.9033
vn -0.6690 0.3240 -0.6690
vn -0.0000 0.3240 -0.9461
vn -0.9033 0.3240 -0.2811
vn 0.6690 0.3240 -0.6690
vn 0.9027 0.3260 -0.2809
vn 0.9454 0.3260 -0.0000
vn 0.2811 0.3240 -0.9033
vn 0.2811 0.3240 0.9033
vn 0.6690 0.3240 0.6690
vn 0.9015 0.3253 0.2856
vn 0.9027 0.3260 0.2809
vn -0.1894 -0.7705 0.6086
vn -0.2171 -0.6827 0.6976
vn -0.2413 -0.5838 0.7752
vn -0.4507 -0.7705 0.4507
vn -0.5166 -0.6827 0.5167
vn -0.5741 -0.5838 0.5741
vn -0.6086 -0.7705 0.1894
vn -0.6976 -0.6827 0.2171
vn -0.7752 -0.5838 0.2413
vn -0.1894 -0.7705 -0.6086
vn -0.2171 -0.6827 -0.6976
vn -0.2413 -0.5838 -0.7752
vn -0.4507 -0.7705 -0.4507
vn -0.5167 -0.6827 -0.5167
vn -0.5741 -0.5838 -0.5741
vn -0.6086 -0.7705 -0.1894
vn -0.6976 -0.6827 -0.2171
vn -0.7752 -0.5838 -0.2413
vn 0.6086 -0.7705 -0.1894
vn 0.6976 -0.6827 -0.2171
vn 0.7752 -0.5838 -0.2413
vn 0.4507 -0.7705 -0.4507
vn 0.5166 -0.6827 -0.5167
vn 0.5741 -0.5838 -0.5741
vn 0.1894 -0.7705 -0.6086
vn 0.2171 -0.6827 -0.6976
vn 0.2413 -0.5838 -0.7752
vn 0.1894 -0.7705 0.6086
vn 0.2171 -0.6827 0.6976
vn 0.2413 -0.5838 0.7752
vn 0.4507 -0.7705 0.4507
vn 0.5167 -0.6827 0.5167
vn 0.5741 -0.5838 0.5741
vn -0.8119 -0.5838 -0.0000
vn -0.7307 -0.6827 -0.0000
vn -0.6374 -0.7705 -0.0000
vn -0.0000 -0.5838 -0.8119
vn -0.0000 -0.6827 -0.7307
vn -0.0000 -0.7705 -0.6374
vn 0.8119 -0.5838 -0.0000
vn 0.7307 -0.6827 -0.0000
vn 0.6374 -0.7705 -0.0000
vn -0.0000 -0.5838 0.8119
vn -0.0000 -0.6827 0.7307
vn -0.0000 -0.7705 0.6374
vn -0.2592 -0.4890 0.8329
vn -0.6168 -0.4890 0.6168
vn -0.0000 -0.4890 0.8723
vn -0.8329 -0.4890 0.2592
vn -0.8723 -0.4890 -0.0000
vn -0.2592 -0.4890 -0.8329
vn -0.0000 -0.4890 -0.8723
vn -0.6168 -0.4890 -0.6168
vn -0.8329 -0.4890 -0.2592
vn 0.8331 -0.4886 -0.2593
vn 0.8725 -0.4886 -0.0000
vn 0.6168 -0.4890 -0.6168
vn 0.8333 -0.4888 -0.2584
vn 0.2592 -0.4890 -0.8329
vn 0.2592 -0.4890 0.8329
vn 0.6168 -0.4890 0.6168
vn 0.8331 -0.4886 0.2593
vn -0.0750 -0.9676 0.2409
vn -0.1067 -0.9333 0.3429
vn -0.1371 -0.8872 0.4406
vn -0.1784 -0.9676 0.1784
vn -0.2540 -0.9333 0.2540
vn -0.3263 -0.8872 0.3263
vn -0.2410 -0.9676 0.0750
vn -0.3429 -0.9333 0.1067
vn -0.4406 -0.8872 0.1371
vn -0.0750 -0.9676 -0.2409
vn -0.1067 -0.9333 -0.3429
vn -0.1371 -0.8872 -0.4406
vn -0.1784 -0.9676 -0.1784
vn -0.2540 -0.9333 -0.2540
vn -0.3263 -0.8872 -0.3263
vn -0.2410 -0.9676 -0.0750
vn -0.3429 -0.9333 -0.1067
vn -0.4406 -0.8872 -0.1371
vn 0.2409 -0.9676 -0.0750
vn 0.3429 -0.9333 -0.1067
vn 0.4406 -0.8872 -0.1371
vn 0.1784 -0.9676 -0.1784
vn 0.2540 -0.9333 -0.2540
vn 0.3263 -0.8872 -0.3263
vn 0.0750 -0.9676 -0.2409
vn 0.1067 -0.9333 -0.3429
vn 0.1371 -0.8872 -0.4406
vn 0.0750 -0.9676 0.2409
vn 0.1067 -0.9333 0.3429
vn 0.1371 -0.8872 0.4406
vn 0.1784 -0.9676 0.1784
vn 0.2540 -0.9333 0.2540
vn 0.3263 -0.8872 0.3263
vn 0.3429 -0.9333 0.1067
vn 0.4406 -0.8872 0.1371
vn -0.4614 -0.8872 -0.0000
vn -0.3592 -0.9333 -0.0000
vn -0.2523 -0.9676 -0.0000
vn -0.0000 -0.8872 -0.4614
vn -0.0000 -0.9333 -0.3592
vn -0.0000 -0.9676 -0.2523
vn 0.4614 -0.8872 -0.0000
vn 0.3592 -0.9333 -0.0000
vn 0.2523 -0.9676 -0.0000
vn -0.0000 -0.8872 0.4614
vn -0.0000 -0.9333 0.3592
vn -0.0000 -0.9676 0.2523
vn 0.2410 -0.9676 -0.0750
vn -0.1625 -0.8371 0.5223
vn -0.3868 -0.8371 0.3868
vn -0.0000 -0.8371 0.5470
vn -0.5223 -0.8371 0.1625
vn -0.5470 -0.8371 -0.0000
vn -0.1625 -0.8371 -0.5223
vn -0.0000 -0.8371 -0.5470
vn -0.3868 -0.8371 -0.3868
vn -0.5223 -0.8371 -0.1625
vn 0.5223 -0.8371 -0.1625
vn 0.5470 -0.8371 -0.0000
vn 0.3868 -0.8371 -0.3868
vn 0.1625 -0.8371 -0.5223
vn 0.1625 -0.8371 0.5223
vn 0.3868 -0.8371 0.3868
vn 0.5223 -0.8371 0.1625
vn -0.2821 -0.3147 0.9063
vn -0.2220 -0.6649 0.7132
vn -0.1256 -0.9064 0.4034
vn -0.6712 -0.3147 0.6712
vn -0.5282 -0.6649 0.5282
vn -0.2988 -0.9064 0.2988
vn -0.9063 -0.3147 0.2821
vn -0.7132 -0.6649 0.2220
vn -0.4034 -0.9064 0.1256
vn -0.2821 -0.3147 -0.9063
vn -0.2220 -0.6649 -0.7132
vn -0.1256 -0.9064 -0.4034
vn -0.6712 -0.3147 -0.6712
vn -0.5282 -0.6649 -0.5282
vn -0.2988 -0.9064 -0.2988
vn -0.9063 -0.3147 -0.2821
vn -0.7132 -0.6649 -0.2220
vn -0.4034 -0.9064 -0.1256
vn 0.9063 -0.3147 -0.2821
vn 0.7132 -0.6649 -0.2220
vn 0.4034 -0.9064 -0.1256
vn 0.6712 -0.3147 -0.6712
vn 0.5282 -0.6649 -0.5282
vn 0.2988 -0.9064 -0.2988
vn 0.2821 -0.3147 -0.9063
vn 0.2220 -0.6649 -0.7132
vn 0.1256 -0.9064 -0.4034
vn 0.2821 -0.3147 0.9063
vn 0.2220 -0.6649 0.7132
vn 0.1256 -0.9064 0.4034
vn 0.6712 -0.3147 0.6712
vn 0.5282 -0.6649 0.5282
vn 0.2988 -0.9064 0.2988
vn 0.9063 -0.3147 0.2821
vn 0.7132 -0.6649 0.2220
vn 0.4034 -0.9064 0.1256
vn -0.4225 -0.9064 -0.0000
vn -0.7469 -0.6649 -0.0000
vn -0.9492 -0.3147 -0.0000
vn -0.0000 -0.9064 -0.4225
vn -0.0000 -0.6649 -0.7469
vn -0.0000 -0.3147 -0.9492
vn 0.4225 -0.9064 -0.0000
vn 0.7469 -0.6649 -0.0000
vn 0.9492 -0.3147 -0.0000
vn -0.0000 -0.9064 0.4225
vn -0.0000 -0.6649 0.7469
vn -0.0000 -0.3147 0.9492
vn -0.0462 -0.9879 0.1483
vn -0.7065 -0.0399 0.7065
vn -0.2969 -0.0399 0.9541
vn -0.1098 -0.9879 0.1098
vn -0.0000 -0.9879 0.1553
vn -0.0000 -0.0399 0.9992
vn -0.9541 -0.0399 0.2969
vn -0.1483 -0.9879 0.0462
vn -0.9992 -0.0399 -0.0000
vn -0.1553 -0.9879 -0.0000
vn -0.0462 -0.9879 -0.1483
vn -0.0000 -0.0399 -0.9992
vn -0.2969 -0.0399 -0.9541
vn -0.0000 -0.9879 -0.1553
vn -0.1098 -0.9879 -0.1098
vn -0.7065 -0.0399 -0.7065
vn -0.1483 -0.9879 -0.0462
vn -0.9541 -0.0399 -0.2969
vn 0.9541 -0.0399 -0.2969
vn 0.1483 -0.9879 -0.0462
vn 0.9992 -0.0399 -0.0000
vn 0.1553 -0.9879 -0.0000
vn 0.1098 -0.9879 -0.1098
vn 0.7065 -0.0399 -0.7065
vn 0.0462 -0.9879 -0.1483
vn 0.2969 -0.0399 -0.9541
vn 0.0462 -0.9879 0.1483
vn 0.2969 -0.0399 0.9541
vn 0.1098 -0.9879 0.1098
vn 0.7065 -0.0399 0.7065
vn 0.9541 -0.0399 0.2969
vn 0.1483 -0.9879 0.0462
vn -0.2901 0.2164 0.9322
vn -0.2778 0.3553 0.8925
vn -0.6907 0.2141 0.6907
vn -0.6613 0.3539 0.6613
vn -0.9322 0.2164 0.2901
vn -0.8925 0.3553 0.2778
vn -0.2901 0.2164 -0.9322
vn -0.2778 0.3553 -0.8925
vn -0.6907 0.2141 -0.6907
vn -0.6613 0.3539 -0.6613
vn -0.9322 0.2164 -0.2901
vn -0.8925 0.3553 -0.2778
vn 0.9322 0.2164 -0.2901
vn 0.8925 0.3553 -0.2778
vn 0.6907 0.2141 -0.6907
vn 0.6613 0.3539 -0.6613
vn 0.2901 0.2164 -0.9322
vn 0.2778 0.3553 -0.8925
vn 0.2901 0.2164 0.9322
vn 0.2778 0.3553 0.8925
vn 0.6907 0.2141 0.6907
vn 0.6613 0.3539 0.6613
vn 0.9322 0.2164 0.2901
vn 0.8925 0.3553 0.2778
vn -0.9760 0.2177 -0.0000
vn -0.9344 0.3561 -0.0000
vn -0.0000 0.2177 0.9760
vn -0.0000 0.3561 0.9344
vn 0.9344 0.3561 -0.0000
vn 0.9760 0.2177 -0.0000
vn -0.0000 0.3561 -0.9344
vn -0.0000 0.2177 -0.9760
vn -0.2959 0.0918 0.9508
vn -0.0000 0.0935 0.9956
vn -0.7043 0.0887 0.7043
vn -0.9508 0.0918 0.2959
vn -0.9956 0.0935 -0.0000
vn -0.2959 0.0918 -0.9508
vn -0.7043 0.0887 -0.7043
vn -0.0000 0.0935 -0.9956
vn -0.9508 0.0918 -0.2959
vn 0.7043 0.0887 -0.7043
vn 0.9508 0.0918 -0.2959
vn 0.9956 0.0935 -0.0000
vn 0.2959 0.0918 -0.9508
vn 0.2959 0.0918 0.9508
vn 0.7043 0.0887 0.7043
vn 0.9508 0.0918 0.2959
vn -0.1214 0.9133 0.3888
vn -0.1790 0.7991 0.5739
vn -0.2278 0.6427 0.7315
vn -0.2747 0.9215 0.2744
vn -0.4138 0.8110 0.4135
vn -0.5365 0.6515 0.5364
vn -0.3725 0.9208 0.1158
vn -0.5604 0.8096 0.1743
vn -0.7252 0.6505 0.2257
vn -0.1214 0.9133 -0.3888
vn -0.1790 0.7991 -0.5739
vn -0.2278 0.6427 -0.7315
vn -0.2747 0.9215 -0.2744
vn -0.4138 0.8110 -0.4135
vn -0.5365 0.6515 -0.5364
vn -0.3725 0.9208 -0.1158
vn -0.5604 0.8096 -0.1743
vn -0.7252 0.6505 -0.2257
vn 0.4213 0.8973 -0.1315
vn 0.5978 0.7796 -0.1864
vn 0.7417 0.6297 -0.2310
vn 0.3005 0.9050 -0.3010
vn 0.4342 0.7890 -0.4346
vn 0.5457 0.6357 -0.5459
vn 0.1253 0.9062 -0.4038
vn 0.1818 0.7903 -0.5852
vn 0.2290 0.6366 -0.7364
vn 0.1253 0.9062 0.4038
vn 0.1818 0.7903 0.5852
vn 0.2290 0.6366 0.7364
vn 0.3005 0.9050 0.3010
vn 0.4342 0.7890 0.4346
vn 0.5457 0.6357 0.5459
vn 0.4221 0.8969 0.1319
vn 0.5988 0.7788 0.1869
vn 0.7423 0.6289 0.2312
vn -0.3937 0.9192 -0.0000
vn -0.5902 0.8073 -0.0000
vn -0.7610 0.6487 -0.0000
vn -0.0003 0.9075 0.4201
vn -0.0003 0.7914 0.6113
vn -0.0001 0.6374 0.7706
vn 0.4485 0.8938 -0.0001
vn 0.6316 0.7753 -0.0001
vn 0.7791 0.6269 -0.0000
vn -0.0003 0.9075 -0.4201
vn -0.0003 0.7914 -0.6113
vn -0.0001 0.6374 -0.7706
vn 0.4213 0.8973 0.1315
vn 0.5978 0.7796 0.1864
vn 0.7417 0.6297 0.2310
vn 0.4230 0.8964 -0.1322
vn 0.5999 0.7779 -0.1872
vn 0.7429 0.6281 -0.2314
vn 0.4485 0.8938 0.0001
vn 0.6316 0.7753 0.0001
vn -0.0000 0.4871 0.8733
vn -0.2596 0.4868 0.8341
vn -0.6179 0.4862 0.6179
vn -0.8341 0.4868 0.2596
vn -0.8733 0.4871 -0.0000
vn -0.6179 0.4862 -0.6179
vn -0.2596 0.4868 -0.8341
vn -0.0000 0.4871 -0.8733
vn -0.8341 0.4868 -0.2596
vn 0.8341 0.4868 -0.2596
vn 0.6179 0.4862 -0.6179
vn 0.8733 0.4871 -0.0000
vn 0.2596 0.4868 -0.8341
vn 0.6179 0.4862 0.6179
vn 0.2596 0.4868 0.8341
vn 0.8341 0.4868 0.2596
vn -0.0909 0.9519 0.2927
vn -0.1150 0.9218 0.3702
vn -0.1386 0.8845 0.4454
vn -0.2062 0.9565 0.2064
vn -0.2657 0.9267 0.2659
vn -0.3253 0.8879 0.3254
vn -0.2796 0.9561 0.0871
vn -0.3599 0.9262 0.1121
vn -0.4400 0.8875 0.1369
vn -0.0909 0.9519 -0.2927
vn -0.1150 0.9218 -0.3702
vn -0.1386 0.8845 -0.4454
vn -0.2062 0.9565 -0.2064
vn -0.2657 0.9267 -0.2659
vn -0.3253 0.8879 -0.3254
vn -0.2796 0.9561 -0.0871
vn -0.3599 0.9262 -0.1121
vn -0.4400 0.8875 -0.1369
vn 0.3202 0.9421 -0.0995
vn 0.3898 0.9129 -0.1212
vn 0.4553 0.8790 -0.1417
vn 0.2278 0.9467 -0.2276
vn 0.2820 0.9171 -0.2818
vn 0.3338 0.8816 -0.3337
vn 0.0951 0.9476 -0.3049
vn 0.1181 0.9178 -0.3790
vn 0.1401 0.8820 -0.4500
vn 0.0951 0.9476 0.3049
vn 0.1181 0.9178 0.3790
vn 0.1401 0.8820 0.4500
vn 0.2278 0.9467 0.2276
vn 0.2820 0.9171 0.2818
vn 0.3338 0.8816 0.3337
vn 0.3210 0.9418 0.0996
vn 0.3908 0.9124 0.1214
vn 0.4560 0.8786 0.1418
vn -0.2955 0.9554 -0.0000
vn -0.3792 0.9253 -0.0000
vn -0.4621 0.8868 -0.0000
vn 0.0002 0.9485 0.3168
vn 0.0002 0.9185 0.3954
vn 0.0001 0.8824 0.4705
vn 0.4790 0.8778 -0.0000
vn 0.4124 0.9110 -0.0000
vn 0.3409 0.9401 0.0001
vn 0.0001 0.8824 -0.4705
vn 0.0001 0.9185 -0.3954
vn 0.0002 0.9485 -0.3168
vn 0.3202 0.9421 0.0995
vn 0.3898 0.9129 0.1212
vn 0.4553 0.8790 0.1417
vn 0.3205 0.9420 -0.0995
vn 0.3903 0.9127 -0.1212
vn 0.4556 0.8788 -0.1417
vn 0.3409 0.9401 -0.0001
vn -0.0692 0.9725 0.2224
vn -0.1588 0.8452 0.5103
vn -0.0000 0.9697 0.2442
vn -0.0000 0.8452 0.5344
vn -0.3779 0.8452 0.3779
vn -0.1540 0.9760 0.1540
vn -0.5103 0.8452 0.1588
vn -0.2085 0.9759 0.0649
vn -0.5344 0.8452 -0.0000
vn -0.2208 0.9753 -0.0000
vn -0.0692 0.9725 -0.2224
vn -0.1588 0.8452 -0.5103
vn -0.1540 0.9760 -0.1540
vn -0.3779 0.8452 -0.3779
vn -0.0000 0.8452 -0.5344
vn -0.0000 0.9697 -0.2442
vn -0.2085 0.9759 -0.0649
vn -0.5103 0.8452 -0.1588
vn 0.1777 0.9679 -0.1777
vn 0.5103 0.8452 -0.1588
vn 0.3779 0.8452 -0.3779
vn 0.2544 0.9638 -0.0792
vn 0.5344 0.8452 -0.0000
vn 0.2729 0.9621 -0.0000
vn 0.0736 0.9688 -0.2366
vn 0.1588 0.8452 -0.5103
vn 0.0736 0.9688 0.2366
vn 0.1588 0.8452 0.5103
vn 0.1777 0.9679 0.1777
vn 0.3779 0.8452 0.3779
vn 0.2544 0.9638 0.0792
vn 0.5103 0.8452 0.1588
vn 0.4556 0.8788 0.1417
vn 0.3903 0.9127 0.1212
vn 0.3205 0.9420 0.0995
vn 0.7427 0.6285 0.2313
vn 0.5995 0.7782 0.1871
vn 0.4226 0.8966 0.1321
vn 0.4558 0.8787 -0.1418
vn 0.3906 0.9125 -0.1213
vn 0.3208 0.9419 -0.0996
vn 0.7423 0.6289 -0.2312
vn 0.5988 0.7788 -0.1869
vn 0.4221 0.8969 -0.1319
vn 0.4230 0.8964 0.1322
vn 0.5999 0.7779 0.1872
vn 0.7429 0.6281 0.2314
vn 0.4558 0.8787 0.1418
vn 0.3906 0.9125 0.1213
vn 0.3208 0.9419 0.0996
vn 0.9015 0.3253 -0.2856
vn 0.3210 0.9418 -0.0996
vn 0.3908 0.9124 -0.1214
vn 0.4560 0.8786 -0.1418
vn 0.7427 0.6285 -0.2313
vn 0.5995 0.7782 -0.1871
vn 0.4226 0.8966 -0.1321
vn -0.9562 -0.0013 0.2928
vn -0.7071 -0.0009 0.7071
vn -0.7071 -0.0009 -0.7071
vn -0.2412 0.9677 -0.0738
vn -0.0006 1.0000 -0.0000
vn 1.0000 -0.0009 -0.0000
vn -0.0000 -0.0009 -1.0000
vn -0.0006 -1.0000 -0.0000
vn -0.0000 -0.0009 1.0000
vn -0.8181 0.5029 -0.2789
vn -0.7788 0.5827 -0.2324
vn -0.7008 0.6819 -0.2095
vn -0.6113 0.7699 -0.1833
vn 0.4655 -0.7527 -0.4655
vn 0.5547 -0.6201 -0.5547
vn 0.4655 -0.7527 0.4655
vn 0.5547 -0.6201 0.5547
vn -0.6287 -0.7525 0.1963
vn -0.7490 -0.6199 0.2340
vn -0.8443 -0.4665 0.2638
vn -0.4655 -0.7527 0.4655
vn -0.5547 -0.6201 0.5547
vn -0.6254 -0.4667 0.6254
vn -0.4655 -0.7527 -0.4655
vn -0.5547 -0.6201 -0.5547
vn -0.6254 -0.4667 -0.6254
vn -0.6317 -0.7517 -0.1894
vn -0.7527 -0.6189 -0.2246
vn -0.8483 -0.4655 -0.2523
vn 0.6585 -0.7526 -0.0000
vn 0.7846 -0.6200 -0.0000
vn -0.0000 -0.7526 -0.6585
vn -0.0000 -0.6200 -0.7846
vn -0.8845 -0.4665 -0.0010
vn -0.7847 -0.6198 -0.0008
vn -0.6586 -0.7525 -0.0006
vn -0.0000 -0.6200 0.7846
vn -0.0000 -0.7526 0.6585
vn -0.6287 -0.7525 -0.1963
vn -0.7490 -0.6199 -0.2340
vn -0.8443 -0.4665 -0.2638
vn -0.6290 -0.7524 0.1957
vn -0.7493 -0.6198 0.2332
vn -0.8446 -0.4664 0.2629
vn -0.8845 -0.4665 0.0010
vn -0.7847 -0.6198 0.0008
vn -0.6586 -0.7525 0.0006
vn -0.0000 -0.3250 -0.9457
vn 0.9457 -0.3250 -0.0000
vn -0.0000 -0.3250 0.9457
vn -0.6687 -0.3251 0.6687
vn -0.8994 -0.3356 0.2799
vn -0.9420 -0.3357 -0.0012
vn -0.8991 -0.3357 0.2810
vn -0.6687 -0.3251 -0.6687
vn -0.8991 -0.3295 -0.2882
vn -0.8991 -0.3357 -0.2810
vn -0.9420 -0.3357 0.0012
vn 0.4505 0.7707 -0.4505
vn 0.4505 0.7707 0.4505
vn -0.6113 0.7699 0.1833
vn -0.7008 0.6819 0.2095
vn -0.7788 0.5827 0.2324
vn -0.4505 0.7707 0.4505
vn -0.5165 0.6829 0.5165
vn -0.5741 0.5838 0.5741
vn -0.4505 0.7707 -0.4505
vn -0.5165 0.6829 -0.5165
vn -0.5741 0.5838 -0.5741
vn -0.6083 0.7706 -0.1900
vn -0.6974 0.6828 -0.2178
vn -0.7750 0.5837 -0.2421
vn 0.8119 0.5838 -0.0000
vn 0.7306 0.6828 -0.0000
vn 0.6372 0.7707 -0.0000
vn -0.0000 0.5838 0.8119
vn -0.0000 0.6828 0.7306
vn -0.0000 0.7707 0.6372
vn -0.8120 0.5837 0.0009
vn -0.7306 0.6828 0.0007
vn -0.6373 0.7706 0.0006
vn -0.0000 0.5838 -0.8119
vn -0.0000 0.6828 -0.7306
vn -0.0000 0.7707 -0.6372
vn -0.6085 0.7706 -0.1894
vn -0.6976 0.6827 -0.2171
vn -0.7753 0.5837 -0.2413
vn -0.6083 0.7706 0.1900
vn -0.6974 0.6828 0.2178
vn -0.7750 0.5837 0.2421
vn -0.8120 0.5837 -0.0009
vn -0.7306 0.6828 -0.0007
vn -0.6373 0.7706 -0.0006
vn -0.0000 0.4927 -0.8702
vn 0.8702 0.4927 -0.0000
vn -0.0000 0.4927 0.8702
vn -0.8178 0.5157 0.2556
vn -0.8568 0.5157 -0.0010
vn -0.6152 0.4929 0.6152
vn -0.8181 0.5029 0.2789
vn -0.6152 0.4929 -0.6152
vn -0.8181 0.5156 -0.2546
vn -0.8568 0.5157 0.0010
vn -0.8178 0.5157 -0.2556
vn 0.0748 0.9678 -0.2405
vn 0.1780 0.9678 -0.1780
vn 0.2537 0.9334 -0.2537
vn 0.3262 0.8873 -0.3262
vn 0.2405 0.9678 -0.0748
vn 0.0748 0.9678 0.2405
vn 0.1780 0.9678 0.1780
vn 0.2537 0.9334 0.2537
vn 0.3261 0.8873 0.3262
vn 0.2405 0.9678 0.0748
vn -0.2412 0.9677 0.0738
vn -0.3439 0.9332 0.1046
vn -0.4423 0.8868 0.1338
vn -0.1780 0.9678 0.1780
vn -0.2537 0.9334 0.2537
vn -0.3261 0.8873 0.3262
vn -0.0748 0.9678 0.2405
vn -0.0748 0.9678 -0.2405
vn -0.1780 0.9678 -0.1780
vn -0.2537 0.9334 -0.2537
vn -0.3261 0.8873 -0.3261
vn -0.2406 0.9677 -0.0750
vn -0.3428 0.9333 -0.1069
vn -0.4406 0.8871 -0.1375
vn 0.4614 0.8872 -0.0000
vn 0.3589 0.9334 -0.0000
vn 0.2519 0.9678 -0.0000
vn -0.0000 0.8872 0.4614
vn -0.0000 0.9334 0.3589
vn -0.0000 0.9678 0.2519
vn -0.4615 0.8871 0.0003
vn -0.3590 0.9333 0.0002
vn -0.2520 0.9677 0.0001
vn -0.0000 0.8872 -0.4614
vn -0.0000 0.9334 -0.3589
vn -0.0000 0.9678 -0.2519
vn -0.2408 0.9677 -0.0749
vn -0.3429 0.9333 -0.1067
vn -0.4408 0.8871 -0.1372
vn -0.2406 0.9677 0.0750
vn -0.3428 0.9333 0.1069
vn -0.4406 0.8871 0.1375
vn -0.4615 0.8871 -0.0003
vn -0.3590 0.9333 -0.0002
vn -0.2520 0.9677 -0.0001
vn 0.3861 0.8377 -0.3861
vn -0.0000 0.8376 -0.5463
vn 0.5463 0.8376 -0.0000
vn -0.0000 0.8376 0.5463
vn 0.3861 0.8377 0.3861
vn -0.5217 0.8375 0.1628
vn -0.5465 0.8375 -0.0005
vn -0.5240 0.8370 0.1577
vn -0.3861 0.8377 0.3861
vn -0.3861 0.8377 -0.3861
vn -0.5220 0.8373 -0.1625
vn -0.5217 0.8375 -0.1628
vn -0.5465 0.8375 0.0005
vn 0.2796 0.3181 -0.9059
vn 0.2205 0.6660 -0.7126
vn 0.1256 0.9058 -0.4046
vn 0.6703 0.3183 -0.6703
vn 0.5273 0.6663 -0.5273
vn 0.2993 0.9060 -0.2993
vn 0.9059 0.3181 -0.2796
vn 0.7126 0.6660 -0.2205
vn 0.4046 0.9058 -0.1256
vn 0.2796 0.3181 0.9059
vn 0.2205 0.6660 0.7126
vn 0.1256 0.9058 0.4046
vn 0.6703 0.3183 0.6703
vn 0.5273 0.6663 0.5273
vn 0.2993 0.9060 0.2993
vn 0.9059 0.3181 0.2796
vn 0.7126 0.6660 0.2205
vn 0.4046 0.9058 0.1256
vn -0.9163 0.3153 0.2468
vn -0.7198 0.6635 0.2040
vn -0.4066 0.9053 0.1229
vn -0.6703 0.3183 0.6703
vn -0.5273 0.6663 0.5273
vn -0.2993 0.9060 0.2993
vn -0.2796 0.3181 0.9059
vn -0.2205 0.6660 0.7126
vn -0.1256 0.9058 0.4046
vn -0.2796 0.3181 -0.9059
vn -0.2205 0.6660 -0.7126
vn -0.1256 0.9058 -0.4046
vn -0.6703 0.3183 -0.6703
vn -0.5273 0.6663 -0.5273
vn -0.2993 0.9060 -0.2993
vn -0.9045 0.3177 -0.2846
vn -0.7123 0.6653 -0.2234
vn -0.4053 0.9054 -0.1264
vn 0.4239 0.9057 -0.0000
vn 0.7461 0.6658 -0.0000
vn 0.9481 0.3180 -0.0000
vn -0.0000 0.9057 0.4239
vn -0.0000 0.6658 0.7461
vn -0.0000 0.3180 0.9481
vn -0.4245 0.9054 0.0002
vn -0.7466 0.6653 0.0013
vn -0.9482 0.3177 0.0023
vn -0.0000 0.9057 -0.4239
vn -0.0000 0.6658 -0.7461
vn -0.0000 0.3180 -0.9481
vn -0.9054 0.3174 -0.2818
vn -0.7132 0.6649 -0.2220
vn -0.4059 0.9052 -0.1263
vn -0.9045 0.3177 0.2846
vn -0.7123 0.6653 0.2234
vn -0.4053 0.9054 0.1264
vn -0.4245 0.9054 -0.0002
vn -0.7466 0.6653 -0.0013
vn -0.9482 0.3176 -0.0023
vn 0.0465 0.9877 -0.1495
vn 0.7067 0.0337 -0.7067
vn 0.2946 0.0334 -0.9550
vn 0.1106 0.9877 -0.1106
vn -0.0000 0.9877 -0.1567
vn -0.0000 0.0331 -0.9995
vn 0.9550 0.0334 -0.2946
vn 0.1495 0.9877 -0.0465
vn 0.9995 0.0331 -0.0000
vn 0.1567 0.9877 -0.0000
vn 0.0465 0.9877 0.1495
vn -0.0000 0.0331 0.9995
vn 0.2946 0.0334 0.9550
vn -0.0000 0.9877 0.1567
vn 0.1106 0.9877 0.1106
vn 0.7067 0.0337 0.7067
vn 0.1495 0.9877 0.0465
vn 0.9550 0.0334 0.2946
vn -0.9534 0.0326 0.3000
vn -0.1498 0.9876 0.0465
vn -0.9995 0.0326 -0.0024
vn -0.1569 0.9876 0.0001
vn -0.1494 0.9877 0.0470
vn -0.9657 0.0325 0.2574
vn -0.1106 0.9877 0.1106
vn -0.7067 0.0337 0.7067
vn -0.0465 0.9877 0.1495
vn -0.2946 0.0334 0.9550
vn -0.0465 0.9877 -0.1495
vn -0.2946 0.0334 -0.9550
vn -0.1106 0.9877 -0.1106
vn -0.7067 0.0337 -0.7067
vn -0.9543 0.0321 -0.2970
vn -0.1500 0.9876 -0.0467
vn -0.1498 0.9876 -0.0465
vn -0.9534 0.0326 -0.3000
vn -0.1569 0.9876 -0.0001
vn -0.9995 0.0326 0.0024
vn 0.2882 -0.2167 -0.9327
vn 0.2761 -0.3554 -0.8930
vn 0.6907 -0.2144 -0.6907
vn 0.6613 -0.3541 -0.6613
vn 0.9327 -0.2167 -0.2882
vn 0.8930 -0.3554 -0.2761
vn 0.2882 -0.2167 0.9327
vn 0.2761 -0.3554 0.8930
vn 0.6907 -0.2144 0.6907
vn 0.6613 -0.3541 0.6613
vn 0.9327 -0.2167 0.2882
vn 0.8930 -0.3554 0.2761
vn -0.9314 -0.2166 0.2925
vn -0.8919 -0.3553 0.2798
vn -0.6907 -0.2144 0.6907
vn -0.6613 -0.3541 0.6613
vn -0.2882 -0.2167 0.9327
vn -0.2761 -0.3554 0.8930
vn -0.2882 -0.2167 -0.9327
vn -0.2761 -0.3554 -0.8930
vn -0.6907 -0.2144 -0.6907
vn -0.6613 -0.3541 -0.6613
vn -0.9412 -0.2152 -0.2605
vn -0.9007 -0.3534 -0.2525
vn 0.9760 -0.2179 -0.0000
vn 0.9344 -0.3562 -0.0000
vn -0.0000 -0.2179 -0.9760
vn -0.0000 -0.3562 -0.9344
vn -0.9344 -0.3561 -0.0020
vn -0.9760 -0.2179 -0.0022
vn -0.0000 -0.3562 0.9344
vn -0.0000 -0.2179 0.9760
vn -0.9314 -0.2166 -0.2925
vn -0.8919 -0.3553 -0.2798
vn -0.9322 -0.2166 0.2901
vn -0.8925 -0.3553 0.2778
vn -0.9344 -0.3561 0.0020
vn -0.9760 -0.2179 0.0022
vn 0.2951 -0.0872 -0.9515
vn -0.0000 -0.0887 -0.9961
vn 0.7046 -0.0843 -0.7046
vn 0.9515 -0.0872 -0.2951
vn 0.9961 -0.0887 -0.0000
vn 0.2951 -0.0872 0.9515
vn 0.7046 -0.0843 0.7046
vn -0.0000 -0.0887 0.9961
vn 0.9515 -0.0872 0.2951
vn -0.7046 -0.0843 0.7046
vn -0.9513 -0.0863 0.2961
vn -0.9516 -0.0866 0.2949
vn -0.9961 -0.0884 0.0011
vn -0.2951 -0.0872 0.9515
vn -0.2951 -0.0872 -0.9515
vn -0.7046 -0.0843 -0.7046
vn -0.9522 -0.0868 -0.2928
vn -0.9961 -0.0884 -0.0011
vn -0.9516 -0.0866 -0.2949
vn 0.1210 -0.9134 -0.3886
vn 0.1780 -0.8002 -0.5727
vn 0.2262 -0.6450 -0.7300
vn 0.2751 -0.9213 -0.2747
vn 0.4134 -0.8115 -0.4130
vn 0.5353 -0.6535 -0.5351
vn 0.3727 -0.9207 -0.1156
vn 0.5596 -0.8104 -0.1734
vn 0.7238 -0.6526 -0.2241
vn 0.1210 -0.9134 0.3886
vn 0.1780 -0.8002 0.5727
vn 0.2262 -0.6450 0.7300
vn 0.2751 -0.9213 0.2747
vn 0.4134 -0.8115 0.4130
vn 0.5353 -0.6535 0.5351
vn 0.3727 -0.9207 0.1156
vn 0.5596 -0.8104 0.1734
vn 0.7238 -0.6526 0.2241
vn -0.4220 -0.8969 0.1321
vn -0.5972 -0.7800 0.1871
vn -0.7403 -0.6310 0.2320
vn -0.3005 -0.9050 0.3010
vn -0.4333 -0.7899 0.4339
vn -0.5445 -0.6378 0.5447
vn -0.1250 -0.9064 0.4036
vn -0.1808 -0.7913 0.5841
vn -0.2275 -0.6388 0.7350
vn -0.1250 -0.9064 -0.4036
vn -0.1808 -0.7913 -0.5841
vn -0.2275 -0.6387 -0.7350
vn -0.3005 -0.9050 -0.3010
vn -0.4333 -0.7899 -0.4339
vn -0.5445 -0.6378 -0.5447
vn -0.4232 -0.8964 -0.1322
vn -0.5986 -0.7790 -0.1868
vn -0.7414 -0.6301 -0.2309
vn 0.3938 -0.9192 -0.0000
vn 0.5891 -0.8081 -0.0000
vn 0.7592 -0.6508 -0.0000
vn 0.0003 -0.9076 -0.4198
vn 0.0003 -0.7925 -0.6099
vn 0.0001 -0.6395 -0.7688
vn -0.4487 -0.8937 -0.0003
vn -0.6307 -0.7760 -0.0007
vn -0.7779 -0.6284 -0.0013
vn 0.0003 -0.9076 0.4198
vn 0.0003 -0.7925 0.6099
vn 0.0001 -0.6395 0.7688
vn -0.4220 -0.8969 -0.1321
vn -0.5972 -0.7800 -0.1871
vn -0.7403 -0.6310 -0.2320
vn -0.4247 -0.8962 0.1284
vn -0.6029 -0.7777 0.1780
vn -0.7475 -0.6282 0.2159
vn -0.4487 -0.8937 0.0003
vn -0.6307 -0.7760 0.0007
vn -0.7779 -0.6284 0.0013
vn -0.0000 -0.4882 -0.8727
vn 0.2580 -0.4881 -0.8338
vn 0.6172 -0.4881 -0.6171
vn 0.8336 -0.4884 -0.2579
vn 0.6172 -0.4881 0.6171
vn 0.2580 -0.4881 0.8338
vn -0.0000 -0.4882 0.8727
vn 0.8336 -0.4884 0.2579
vn -0.8338 -0.4873 0.2595
vn -0.6174 -0.4875 0.6174
vn -0.8730 -0.4877 -0.0017
vn -0.8332 -0.4875 0.2612
vn -0.2580 -0.4880 0.8339
vn -0.6174 -0.4875 -0.6174
vn -0.2580 -0.4880 -0.8339
vn -0.8409 -0.4854 -0.2391
vn -0.8730 -0.4877 0.0017
vn -0.8332 -0.4875 -0.2612
vn 0.0907 -0.9519 -0.2925
vn 0.1148 -0.9219 -0.3700
vn 0.2058 -0.9567 -0.2060
vn 0.2654 -0.9269 -0.2655
vn 0.3251 -0.8880 -0.3252
vn 0.2793 -0.9563 -0.0869
vn 0.0907 -0.9519 0.2925
vn 0.2058 -0.9567 0.2060
vn 0.2654 -0.9269 0.2655
vn 0.3251 -0.8880 0.3252
vn 0.2793 -0.9563 0.0869
vn -0.3199 -0.9422 0.0996
vn -0.3897 -0.9129 0.1214
vn -0.4552 -0.8790 0.1420
vn -0.2275 -0.9469 0.2273
vn -0.2818 -0.9172 0.2816
vn -0.3337 -0.8817 0.3336
vn -0.0948 -0.9477 0.3047
vn -0.0948 -0.9477 -0.3047
vn -0.1179 -0.9179 -0.3789
vn -0.2275 -0.9469 -0.2273
vn -0.2818 -0.9172 -0.2816
vn -0.3337 -0.8817 -0.3336
vn -0.3221 -0.9416 -0.0978
vn -0.3925 -0.9121 -0.1187
vn -0.4580 -0.8781 -0.1381
vn 0.2952 -0.9554 -0.0000
vn 0.3790 -0.9254 -0.0000
vn 0.4620 -0.8869 -0.0000
vn -0.0002 -0.9486 -0.3166
vn -0.0002 -0.9186 -0.3953
vn -0.0001 -0.8824 -0.4705
vn -0.4791 -0.8778 -0.0004
vn -0.4124 -0.9110 -0.0003
vn -0.3409 -0.9401 -0.0003
vn -0.0001 -0.8824 0.4705
vn -0.0002 -0.9186 0.3953
vn -0.0002 -0.9486 0.3166
vn -0.3199 -0.9422 -0.0996
vn -0.3897 -0.9129 -0.1214
vn -0.4552 -0.8790 -0.1420
vn -0.3205 -0.9420 0.0995
vn -0.3903 -0.9126 0.1213
vn -0.4557 -0.8788 0.1418
vn -0.4791 -0.8778 0.0004
vn -0.4124 -0.9110 0.0003
vn -0.3409 -0.9401 0.0003
vn 0.0695 -0.9723 -0.2232
vn -0.0000 -0.9695 -0.2451
vn -0.0000 -0.8456 -0.5338
vn 0.3774 -0.8457 -0.3774
vn 0.1544 -0.9759 -0.1544
vn 0.2092 -0.9757 -0.0651
vn 0.5338 -0.8456 -0.0000
vn 0.2216 -0.9751 -0.0000
vn 0.0695 -0.9723 0.2232
vn 0.1544 -0.9759 0.1544
vn 0.3774 -0.8457 0.3774
vn -0.0000 -0.8456 0.5338
vn -0.0000 -0.9695 0.2451
vn 0.2092 -0.9757 0.0651
vn -0.1782 -0.9677 0.1783
vn -0.5097 -0.8456 0.1586
vn -0.3774 -0.8457 0.3774
vn -0.2560 -0.9634 0.0797
vn -0.2558 -0.9634 0.0797
vn -0.5338 -0.8456 -0.0005
vn -0.5095 -0.8456 0.1591
vn -0.2743 -0.9616 -0.0000
vn -0.0738 -0.9686 0.2375
vn -0.0738 -0.9686 -0.2375
vn -0.1782 -0.9677 -0.1783
vn -0.3774 -0.8457 -0.3774
vn -0.2560 -0.9634 -0.0790
vn -0.5119 -0.8451 -0.1541
vn -0.2558 -0.9634 -0.0797
vn -0.5095 -0.8456 -0.1591
vn -0.5338 -0.8456 0.0005
vn -0.5097 -0.8456 -0.1586
vn -0.2560 -0.9634 -0.0797
vn -0.4557 -0.8788 -0.1418
vn -0.3903 -0.9126 -0.1213
vn -0.3205 -0.9420 -0.0995
vn -0.8338 -0.4873 -0.2595
vn -0.7417 -0.6297 -0.2310
vn -0.5992 -0.7784 -0.1870
vn -0.4237 -0.8961 -0.1324
vn -0.9513 -0.0863 -0.2961
vn -0.8925 -0.3553 -0.2778
vn -0.9322 -0.2166 -0.2901
vn -0.8156 0.5131 -0.2672
vn -0.8994 -0.3356 -0.2799
vn -0.8446 -0.4664 -0.2629
vn -0.7493 -0.6198 -0.2332
vn -0.6290 -0.7524 -0.1957
vn -0.4559 -0.8786 0.1418
vn -0.3907 -0.9125 0.1213
vn -0.3207 -0.9419 0.0995
vn -0.7414 -0.6301 0.2309
vn -0.5985 -0.7790 0.1868
vn -0.4232 -0.8964 0.1322
vn -0.9543 0.0321 0.2970
vn -0.1500 0.9876 0.0467
vn -0.4059 0.9052 0.1263
vn -0.7132 0.6649 0.2220
vn -0.9054 0.3174 0.2818
vn -0.5220 0.8373 0.1625
vn -0.4408 0.8871 0.1372
vn -0.3429 0.9333 0.1067
vn -0.2408 0.9677 0.0749
vn -0.8181 0.5156 0.2546
vn -0.7753 0.5837 0.2413
vn -0.6976 0.6827 0.2171
vn -0.6085 0.7706 0.1894
vn -0.8980 -0.3346 0.2857
vn -0.9562 -0.0013 -0.2928
vn -0.3439 0.9332 -0.1046
vn -0.4423 0.8868 -0.1338
vn -0.5240 0.8370 -0.1577
vn -0.9163 0.3153 -0.2468
vn -0.7198 0.6635 -0.2040
vn -0.4066 0.9053 -0.1229
vn -0.9657 0.0325 -0.2574
vn -0.1494 0.9877 -0.0470
vn -0.4247 -0.8962 -0.1284
vn -0.6029 -0.7777 -0.1780
vn -0.7475 -0.6282 -0.2159
vn -0.4559 -0.8786 -0.1418
vn -0.3907 -0.9125 -0.1213
vn -0.3207 -0.9419 -0.0995
vn -0.8980 -0.3346 -0.2857
vn -0.6317 -0.7517 0.1894
vn -0.7527 -0.6189 0.2246
vn -0.8483 -0.4655 0.2523
vn -0.8991 -0.3295 0.2882
vn -0.9412 -0.2152 0.2605
vn -0.9007 -0.3534 0.2525
vn -0.9522 -0.0868 0.2928
vn -0.8409 -0.4854 0.2391
vn -0.3221 -0.9416 0.0978
vn -0.3925 -0.9121 0.1187
vn -0.4580 -0.8781 0.1381
vn -0.5119 -0.8451 0.1541
vn -0.2560 -0.9634 0.0790
vn -0.7417 -0.6297 0.2310
vn -0.5992 -0.7784 0.1870
vn -0.4237 -0.8961 0.1324
vn -0.8156 0.5131 0.2672
vn 1.0000 -0.0000 -0.0000
vn 0.9548 -0.0000 0.2972
vn -1.0000 -0.0000 -0.0013
vn -0.9544 -0.0000 -0.2984
vn -0.9460 -0.0000 -0.3243
vn 0.9548 -0.0000 -0.2972
vn -0.9544 -0.0000 0.2984
vn -0.9460 -0.0000 0.3243
vn -1.0000 -0.0000 0.0013
vn 0.4829 -0.7305 -0.4829
vn 0.4829 -0.7305 0.4829
vn -0.9543 0.0322 0.2970
vn -0.9543 0.0320 0.2970
vn -0.9452 0.0335 -0.3247
vn -0.9522 0.0334 -0.3037
vn -0.9586 0.0330 -0.2828
vn -0.9543 0.0322 -0.2971
vn -0.9543 0.0320 -0.2970
vn -0.9995 0.0325 -0.0043
vn -0.9995 0.0326 -0.0022
vn -0.9995 0.0326 -0.0001
vn -0.9560 0.0326 -0.2915
vn -0.9552 0.0327 -0.2943
vn -0.9543 0.0327 -0.2969
vn -0.7066 0.0312 -0.7070
vn -0.7065 0.0325 -0.7069
vn -0.7066 0.0337 -0.7068
vn -0.2971 0.0340 -0.9542
vn -0.2963 0.0340 -0.9545
vn -0.2955 0.0337 -0.9547
vn -0.2971 0.0340 0.9542
vn -0.2963 0.0340 0.9545
vn -0.2955 0.0337 0.9547
vn -0.7066 0.0312 0.7069
vn -0.7065 0.0325 0.7069
vn -0.7066 0.0337 0.7068
vn -0.9452 0.0335 0.3247
vn -0.9522 0.0334 0.3037
vn -0.9586 0.0330 0.2828
vn -0.9995 0.0325 0.0043
vn -0.9995 0.0326 0.0022
vn -0.9995 0.0326 0.0001
vn -0.9560 0.0326 0.2915
vn -0.9552 0.0327 0.2943
vn -0.9543 0.0327 0.2969
vn 0.9542 0.0340 0.2971
vn 0.9545 0.0340 0.2963
vn 0.9547 0.0337 0.2955
vn 0.7067 0.0344 0.7067
vn 0.7067 0.0345 0.7067
vn 0.7067 0.0342 0.7067
vn 0.2971 0.0340 0.9542
vn 0.2963 0.0340 0.9545
vn 0.2955 0.0337 0.9547
vn -0.0000 0.0335 0.9994
vn -0.0000 0.0334 0.9994
vn -0.0000 0.0332 0.9994
vn 0.9994 0.0335 -0.0000
vn 0.9994 0.0334 -0.0000
vn 0.9994 0.0332 -0.0000
vn 0.9542 0.0340 -0.2971
vn 0.9545 0.0340 -0.2963
vn 0.9547 0.0337 -0.2955
vn -0.0000 0.0335 -0.9994
vn -0.0000 0.0334 -0.9994
vn -0.0000 0.0332 -0.9994
vn 0.2971 0.0340 -0.9542
vn 0.2963 0.0340 -0.9545
vn 0.2955 0.0337 -0.9547
vn 0.7067 0.0344 -0.7067
vn 0.7067 0.0345 -0.7067
vn 0.7067 0.0342 -0.7067
vn -0.9645 0.0329 -0.2620
vn -0.9995 0.0327 0.0020
vn -0.9535 0.0327 -0.2995
vn -0.7066 0.0347 -0.7068
vn -0.2948 0.0338 -0.9550
vn -0.2948 0.0338 0.9550
vn -0.7066 0.0347 0.7068
vn -0.9645 0.0329 0.2620
vn -0.9995 0.0327 -0.0020
vn -0.9535 0.0327 0.2995
vn 0.9550 0.0338 0.2948
vn 0.2948 0.0338 0.9550
vn 0.9550 0.0338 -0.2948
vn 0.2948 0.0338 -0.9550
vn 0.2949 0.0334 -0.9549
vn 0.9549 0.0334 -0.2949
vn 0.2949 0.0334 0.9549
vn 0.9549 0.0334 0.2949
vn -0.9537 0.0326 0.2989
vn -0.9995 0.0326 -0.0016
vn -0.9633 0.0326 0.2664
vn -0.2949 0.0334 0.9549
vn -0.2949 0.0334 -0.9549
vn -0.9537 0.0326 -0.2989
vn -0.9995 0.0326 0.0016
vn -0.9633 0.0326 -0.2664
vn -0.9657 0.0316 -0.2578
vn -0.9995 0.0321 0.0024
vn -0.9534 0.0320 -0.3000
vn -0.9543 0.0322 -0.2970
vn -0.7067 0.0298 -0.7069
vn -0.2946 0.0320 -0.9551
vn -0.2946 0.0320 0.9551
vn -0.7067 0.0298 0.7069
vn -0.9657 0.0316 0.2578
vn -0.9995 0.0321 -0.0024
vn -0.9534 0.0320 0.3000
vn 0.9551 0.0320 0.2946
vn 0.7068 0.0314 0.7068
vn 0.2946 0.0320 0.9551
vn -0.0000 0.0326 0.9995
vn 0.9995 0.0326 -0.0000
vn 0.9551 0.0320 -0.2946
vn -0.0000 0.0326 -0.9995
vn 0.2946 0.0320 -0.9551
vn 0.7068 0.0314 -0.7068
vn 0.7068 0.0315 -0.7068
vn 0.2949 0.0320 -0.9550
vn -0.0000 0.0325 -0.9995
vn 0.9550 0.0320 -0.2949
vn 0.9995 0.0325 -0.0000
vn -0.0000 0.0325 0.9995
vn 0.2949 0.0320 0.9550
vn 0.7068 0.0315 0.7068
vn 0.9550 0.0320 0.2950
vn -0.9537 0.0321 0.2990
vn -0.9995 0.0322 -0.0016
vn -0.9634 0.0316 0.2662
vn -0.7068 0.0309 0.7067
vn -0.2949 0.0320 0.9550
vn -0.2949 0.0320 -0.9550
vn -0.7068 0.0309 -0.7067
vn -0.9537 0.0321 -0.2990
vn -0.9995 0.0322 0.0016
vn -0.9634 0.0316 -0.2662
vn -0.0308 -0.9995 0.0097
vn -0.0365 -0.9993 -0.0011
vn -0.0308 -0.9995 0.0095
vn -0.0308 -0.9995 -0.0097
vn -0.0332 -0.9994 0.0008
vn -0.0312 -0.9995 -0.0107
vn -0.0308 -0.9995 -0.0095
vn -0.0256 -0.9993 -0.0257
vn -0.0100 -0.9994 -0.0339
vn -0.0100 -0.9994 0.0339
vn -0.0256 -0.9993 0.0257
vn -0.0365 -0.9993 0.0011
vn -0.0332 -0.9994 -0.0008
vn -0.0312 -0.9995 0.0107
vn 0.0338 -0.9994 0.0099
vn 0.0256 -0.9993 0.0256
vn 0.0099 -0.9994 0.0338
vn -0.0000 -0.9994 0.0343
vn 0.0343 -0.9994 -0.0000
vn 0.0338 -0.9994 -0.0099
vn -0.0000 -0.9994 -0.0343
vn 0.0099 -0.9994 -0.0338
vn 0.0256 -0.9993 -0.0256
vn -0.0256 0.9993 0.0256
vn -0.0102 0.9994 0.0337
vn -0.0000 0.9994 0.0343
vn -0.0337 0.9994 0.0102
vn -0.0343 0.9994 -0.0000
vn -0.0000 0.9994 -0.0343
vn -0.0102 0.9994 -0.0337
vn -0.0256 0.9993 -0.0256
vn -0.0337 0.9994 -0.0102
vn 0.0315 0.9995 -0.0097
vn 0.0331 0.9995 -0.0000
vn 0.0334 0.9994 -0.0083
vn 0.0256 0.9993 -0.0257
vn 0.0103 0.9994 -0.0338
vn 0.0103 0.9994 0.0338
vn 0.0256 0.9993 0.0257
vn 0.0308 0.9995 0.0095
vn 0.0315 0.9995 0.0097
vn 0.0308 0.9995 0.0097
vn 0.0308 0.9995 -0.0095
vn 0.0334 0.9994 0.0083
vn 0.0308 0.9995 -0.0097
vn -0.9544 0.0323 0.2969
vn -0.9543 0.0323 0.2971
vn -0.9570 0.0319 -0.2884
vn -0.9603 0.0317 -0.2771
vn -0.9544 0.0323 -0.2969
vn -0.9543 0.0323 -0.2971
vn -0.9995 0.0324 -0.0006
vn -0.9995 0.0323 0.0005
vn -0.9546 0.0323 -0.2963
vn -0.9542 0.0322 -0.2976
vn -0.7065 0.0342 -0.7069
vn -0.7068 0.0327 -0.7066
vn -0.2958 0.0320 -0.9547
vn -0.2953 0.0320 -0.9549
vn -0.2958 0.0320 0.9547
vn -0.2953 0.0320 0.9549
vn -0.7065 0.0342 0.7069
vn -0.7068 0.0327 0.7066
vn -0.9570 0.0319 0.2884
vn -0.9603 0.0317 0.2771
vn -0.9995 0.0324 0.0006
vn -0.9995 0.0323 -0.0005
vn -0.9546 0.0323 0.2963
vn -0.9541 0.0322 0.2976
vn 0.9547 0.0320 0.2958
vn 0.9549 0.0320 0.2953
vn 0.7067 0.0317 0.7068
vn 0.7068 0.0316 0.7068
vn 0.2958 0.0320 0.9547
vn 0.2953 0.0320 0.9549
vn -0.0000 0.0324 0.9995
vn 0.9995 0.0324 -0.0000
vn 0.9547 0.0320 -0.2958
vn 0.9549 0.0320 -0.2953
vn -0.0000 0.0324 -0.9995
vn 0.2958 0.0320 -0.9547
vn 0.2953 0.0320 -0.9549
vn 0.7067 0.0317 -0.7068
vn 0.7068 0.0316 -0.7068
vn -0.0057 1.0000 0.0016
vn -0.0672 -0.9975 0.0211
vn -0.0127 0.9998 0.0183
vn -0.0650 -0.9974 -0.0300
vn -0.0057 1.0000 0.0018
vn -0.0672 -0.9975 0.0209
vn -0.0057 1.0000 -0.0016
vn -0.0672 -0.9975 -0.0211
vn -0.0054 1.0000 0.0024
vn -0.0711 -0.9975 -0.0013
vn -0.0044 1.0000 -0.0047
vn -0.0682 -0.9975 -0.0195
vn -0.0057 1.0000 -0.0018
vn -0.0672 -0.9975 -0.0209
vn -0.0018 1.0000 -0.0018
vn -0.0522 -0.9973 -0.0522
vn -0.0003 1.0000 -0.0033
vn -0.0219 -0.9973 -0.0698
vn -0.0003 1.0000 0.0033
vn -0.0219 -0.9973 0.0698
vn -0.0018 1.0000 0.0018
vn -0.0522 -0.9973 0.0522
vn -0.0127 0.9998 -0.0183
vn -0.0650 -0.9974 0.0300
vn -0.0054 1.0000 -0.0024
vn -0.0711 -0.9975 0.0013
vn -0.0044 1.0000 0.0047
vn -0.0682 -0.9975 0.0195
vn 0.0032 1.0000 0.0002
vn 0.0699 -0.9973 0.0219
vn 0.0016 1.0000 0.0016
vn 0.0524 -0.9972 0.0524
vn 0.0002 1.0000 0.0032
vn 0.0219 -0.9973 0.0699
vn -0.0000 1.0000 0.0040
vn -0.0000 -0.9974 0.0724
vn 0.0040 1.0000 -0.0000
vn 0.0724 -0.9974 -0.0000
vn 0.0032 1.0000 -0.0002
vn 0.0699 -0.9973 -0.0219
vn -0.0000 1.0000 -0.0040
vn -0.0000 -0.9974 -0.0724
vn 0.0002 1.0000 -0.0032
vn 0.0219 -0.9973 -0.0699
vn 0.0016 1.0000 -0.0016
vn 0.0524 -0.9972 -0.0524
vn 0.2974 0.0320 -0.9542
vn 0.7067 0.0322 -0.7067
vn 0.9542 0.0320 -0.2974
vn 0.2974 0.0320 0.9542
vn 0.7067 0.0322 0.7067
vn 0.9542 0.0320 0.2974
vn -0.9433 0.0324 0.3305
vn -0.7055 0.0396 0.7076
vn -0.2974 0.0320 0.9542
vn -0.2974 0.0320 -0.9542
vn -0.7055 0.0396 -0.7077
vn -0.9562 0.0326 -0.2908
vn 0.9995 0.0321 -0.0000
vn -0.0000 0.0321 0.9995
vn -0.9994 0.0329 -0.0048
vn -0.0000 0.0321 -0.9995
vn -0.9562 0.0326 0.2909
vn -0.9994 0.0329 0.0048
vn -0.9543 0.0318 -0.2972
vn -0.9433 0.0324 -0.3305
vn -0.9543 0.0318 0.2972
vn -0.9544 0.0319 0.2968
vn -0.9544 0.0322 0.2969
vn -0.9543 0.0322 0.2971
vn -0.9472 0.0319 -0.3190
vn -0.9503 0.0321 -0.3096
vn -0.9541 0.0318 -0.2979
vn -0.9544 0.0319 -0.2969
vn -0.9544 0.0322 -0.2969
vn -0.9995 0.0328 -0.0038
vn -0.9995 0.0327 -0.0027
vn -0.9558 0.0325 -0.2922
vn -0.9554 0.0324 -0.2936
vn -0.9550 0.0324 -0.2949
vn -0.7075 0.0382 -0.7057
vn -0.7059 0.0370 -0.7073
vn -0.7072 0.0355 -0.7061
vn -0.2969 0.0320 -0.9544
vn -0.2966 0.0320 -0.9545
vn -0.2961 0.0320 -0.9546
vn -0.2969 0.0320 0.9544
vn -0.2966 0.0320 0.9545
vn -0.2961 0.0320 0.9546
vn -0.7075 0.0382 0.7057
vn -0.7059 0.0370 0.7073
vn -0.7072 0.0355 0.7061
vn -0.9472 0.0319 0.3190
vn -0.9503 0.0321 0.3096
vn -0.9541 0.0318 0.2979
vn -0.9995 0.0328 0.0038
vn -0.9995 0.0327 0.0027
vn -0.9558 0.0325 0.2922
vn -0.9554 0.0324 0.2936
vn -0.9550 0.0324 0.2949
vn 0.9544 0.0320 0.2969
vn 0.9545 0.0320 0.2966
vn 0.9546 0.0320 0.2961
vn 0.7067 0.0321 0.7067
vn 0.7067 0.0320 0.7067
vn 0.7067 0.0319 0.7067
vn 0.2969 0.0320 0.9544
vn 0.2966 0.0320 0.9545
vn 0.2961 0.0320 0.9546
vn -0.0000 0.0322 0.9995
vn -0.0000 0.0323 0.9995
vn 0.9995 0.0322 -0.0000
vn 0.9995 0.0323 -0.0000
vn 0.9544 0.0320 -0.2969
vn 0.9545 0.0320 -0.2966
vn 0.9546 0.0320 -0.2961
vn -0.0000 0.0322 -0.9995
vn -0.0000 0.0323 -0.9995
vn 0.2969 0.0320 -0.9544
vn 0.2966 0.0320 -0.9545
vn 0.2961 0.0320 -0.9546
vn 0.7067 0.0321 -0.7067
vn 0.7067 0.0320 -0.7067
vn 0.7067 0.0319 -0.7068
vn -0.0130 0.9994 0.0329
vn -0.0329 0.9994 0.0130
vn -0.0130 0.9994 -0.0329
vn -0.0329 0.9994 -0.0130
vn 0.0041 0.9976 -0.0694
vn 0.0243 0.9994 -0.0243
vn 0.0127 0.9994 -0.0321
vn 0.0127 0.9994 0.0321
vn 0.0243 0.9994 0.0243
vn 0.0334 0.9994 0.0005
vn -0.0345 0.9994 -0.0000
vn -0.0000 0.9994 -0.0345
vn 0.0323 0.9995 0.0071
vn -0.0000 0.9994 0.0345
vn 0.0334 0.9994 -0.0005
vn 0.0323 0.9995 -0.0071
vn 0.0310 0.9995 0.0099
vn 0.0041 0.9976 0.0694
vn 0.0310 0.9995 -0.0098
vn -0.0310 -0.9995 0.0098
vn 0.0308 0.9995 -0.0098
vn -0.0308 -0.9995 0.0098
vn -0.0089 -0.9982 -0.0592
vn 0.0142 0.9987 0.0496
vn -0.0189 -0.9990 -0.0394
vn 0.0307 0.9995 -0.0095
vn -0.0307 -0.9995 0.0095
vn -0.0310 -0.9995 -0.0099
vn 0.0308 0.9995 0.0098
vn -0.0308 -0.9995 -0.0098
vn -0.0324 -0.9995 -0.0059
vn 0.0326 0.9995 0.0047
vn -0.0327 -0.9995 -0.0036
vn -0.0331 -0.9995 -0.0021
vn 0.0328 0.9995 0.0036
vn -0.0324 -0.9995 -0.0052
vn 0.0307 0.9995 0.0095
vn -0.0307 -0.9995 -0.0095
vn -0.0243 -0.9994 -0.0243
vn 0.0248 0.9994 0.0248
vn -0.0248 -0.9994 -0.0248
vn -0.0122 -0.9994 -0.0323
vn 0.0119 0.9994 0.0327
vn -0.0114 -0.9994 -0.0329
vn -0.0122 -0.9994 0.0323
vn 0.0119 0.9994 -0.0327
vn -0.0114 -0.9994 0.0329
vn -0.0243 -0.9994 0.0243
vn 0.0248 0.9994 -0.0248
vn -0.0248 -0.9994 0.0248
vn -0.0089 -0.9982 0.0592
vn 0.0142 0.9987 -0.0496
vn -0.0189 -0.9990 0.0394
vn -0.0324 -0.9995 0.0059
vn 0.0326 0.9995 -0.0047
vn -0.0327 -0.9995 0.0036
vn -0.0330 -0.9995 0.0021
vn 0.0328 0.9995 -0.0037
vn -0.0324 -0.9995 0.0052
vn 0.0331 -0.9994 0.0125
vn -0.0332 0.9994 -0.0121
vn 0.0334 -0.9994 0.0116
vn -0.0257 0.9993 -0.0257
vn 0.0257 -0.9993 0.0257
vn 0.0125 -0.9994 0.0331
vn -0.0121 0.9994 -0.0332
vn 0.0116 -0.9994 0.0334
vn -0.0000 -0.9994 0.0345
vn 0.0345 -0.9994 -0.0000
vn 0.0331 -0.9994 -0.0125
vn -0.0332 0.9994 0.0121
vn 0.0334 -0.9994 -0.0116
vn -0.0000 -0.9994 -0.0345
vn 0.0125 -0.9994 -0.0331
vn -0.0121 0.9994 0.0332
vn 0.0116 -0.9994 -0.0334
vn -0.0257 0.9993 0.0257
vn 0.0257 -0.9993 -0.0257
vt 0.375000 0.899688
vt 0.625000 0.899688
vt 0.625000 1.000000
vt 0.375000 1.000000
vt 0.375000 0.000000
vt 0.625000 0.000000
vt 0.625000 0.051422
vt 0.375000 0.051422
vt 0.625000 0.100312
vt 0.375000 0.100312
vt 0.625000 0.350312
vt 0.375000 0.350312
vt 0.375000 0.301422
vt 0.625000 0.301422
vt 0.375000 0.198578
vt 0.625000 0.198578
vt 0.375000 0.149688
vt 0.625000 0.149688
vt 0.630072 0.551422
vt 0.369928 0.551422
vt 0.357859 0.470791
vt 0.642141 0.470791
vt 0.341563 0.433125
vt 0.658437 0.433125
vt 0.658437 0.816875
vt 0.341563 0.816875
vt 0.357859 0.779209
vt 0.642141 0.779209
vt 0.369928 0.698578
vt 0.630072 0.698578
vt 0.333066 0.682528
vt 0.333537 0.677803
vt 0.337918 0.680521
vt 0.337445 0.685539
vt 0.216185 0.611835
vt 0.222428 0.592476
vt 0.231215 0.583481
vt 0.252038 0.574961
vt 0.280002 0.571777
vt 0.297710 0.577830
vt 0.304052 0.587578
vt 0.304500 0.590369
vt 0.304948 0.593160
vt 0.305843 0.598741
vt 0.307635 0.609904
vt 0.307635 0.625000
vt 0.307635 0.640096
vt 0.305843 0.651259
vt 0.304948 0.656840
vt 0.304500 0.659631
vt 0.304052 0.662422
vt 0.297710 0.672170
vt 0.280002 0.678223
vt 0.252038 0.675039
vt 0.231215 0.666519
vt 0.222428 0.657524
vt 0.216185 0.638165
vt 0.689416 0.609353
vt 0.691233 0.597398
vt 0.692142 0.591421
vt 0.692596 0.588432
vt 0.693050 0.585443
vt 0.700109 0.574101
vt 0.718945 0.567615
vt 0.748316 0.571310
vt 0.770735 0.580607
vt 0.780807 0.590891
vt 0.787428 0.611422
vt 0.787428 0.638578
vt 0.780807 0.659109
vt 0.770735 0.669393
vt 0.748316 0.678690
vt 0.718945 0.682385
vt 0.700109 0.675899
vt 0.693050 0.664557
vt 0.692596 0.661568
vt 0.692142 0.658579
vt 0.691233 0.652602
vt 0.689416 0.640647
vt 0.689416 0.625000
vt 0.362636 0.697040
vt 0.363210 0.690986
vt 0.370562 0.692467
vt 0.359246 0.696379
vt 0.359797 0.690326
vt 0.353385 0.694008
vt 0.353905 0.688167
vt 0.347127 0.690863
vt 0.347623 0.685334
vt 0.758885 0.732185
vt 0.804977 0.712613
vt 0.810622 0.718977
vt 0.761851 0.739139
vt 0.815633 0.724781
vt 0.765296 0.744630
vt 0.817730 0.727408
vt 0.767805 0.745962
vt 0.832755 0.684738
vt 0.840784 0.688751
vt 0.847985 0.692393
vt 0.851088 0.694023
vt 0.844864 0.645761
vt 0.853790 0.646906
vt 0.861815 0.647943
vt 0.865246 0.648398
vt 0.804977 0.537387
vt 0.758885 0.517815
vt 0.761851 0.510861
vt 0.810622 0.531023
vt 0.765296 0.505369
vt 0.815633 0.525219
vt 0.767805 0.504037
vt 0.817730 0.522592
vt 0.832755 0.565262
vt 0.840784 0.561249
vt 0.847985 0.557607
vt 0.851088 0.555977
vt 0.844864 0.604239
vt 0.853790 0.603094
vt 0.861815 0.602057
vt 0.865246 0.601602
vt 0.648012 0.580539
vt 0.645966 0.603032
vt 0.639643 0.602301
vt 0.641761 0.578734
vt 0.634012 0.601609
vt 0.636226 0.577325
vt 0.631675 0.601275
vt 0.633985 0.576896
vt 0.661663 0.508745
vt 0.650059 0.558046
vt 0.643911 0.555055
vt 0.655483 0.497825
vt 0.638490 0.552822
vt 0.650106 0.487875
vt 0.636295 0.552518
vt 0.648017 0.483350
vt 0.689754 0.488993
vt 0.682810 0.474513
vt 0.675508 0.460555
vt 0.670969 0.453329
vt 0.661663 0.741255
vt 0.689754 0.761007
vt 0.682810 0.775487
vt 0.655483 0.752175
vt 0.675508 0.789445
vt 0.650106 0.762125
vt 0.670969 0.796671
vt 0.648017 0.766650
vt 0.650059 0.691954
vt 0.643911 0.694945
vt 0.638490 0.697178
vt 0.636295 0.697482
vt 0.649548 0.686331
vt 0.643373 0.689025
vt 0.637924 0.691053
vt 0.635717 0.691387
vt 0.631675 0.625000
vt 0.634001 0.625000
vt 0.639637 0.625000
vt 0.645966 0.625000
vt 0.645966 0.646968
vt 0.648013 0.669461
vt 0.641761 0.671266
vt 0.639643 0.647699
vt 0.636226 0.672675
vt 0.634012 0.648391
vt 0.633985 0.673104
vt 0.631675 0.648725
vt 0.649036 0.569292
vt 0.642836 0.566894
vt 0.637358 0.565073
vt 0.635140 0.564707
vt 0.823578 0.734784
vt 0.774688 0.750000
vt 0.859784 0.698578
vt 0.875000 0.649688
vt 0.875000 0.600312
vt 0.774688 0.500000
vt 0.823578 0.515216
vt 0.859784 0.551422
vt 0.627536 0.575867
vt 0.628804 0.563645
vt 0.625000 0.625000
vt 0.625000 0.600312
vt 0.629438 0.692467
vt 0.627536 0.674133
vt 0.625000 0.649688
vt 0.197688 0.709578
vt 0.242961 0.729342
vt 0.240154 0.736584
vt 0.191942 0.716013
vt 0.236368 0.742477
vt 0.186507 0.722309
vt 0.232824 0.744824
vt 0.183291 0.726279
vt 0.171021 0.682800
vt 0.162883 0.686875
vt 0.155083 0.690835
vt 0.150348 0.693303
vt 0.159344 0.645210
vt 0.150304 0.646372
vt 0.141616 0.647499
vt 0.136347 0.648193
vt 0.242961 0.520658
vt 0.197688 0.540423
vt 0.191942 0.533987
vt 0.240154 0.513416
vt 0.186507 0.527691
vt 0.236368 0.507523
vt 0.183291 0.523721
vt 0.232824 0.505176
vt 0.171021 0.567200
vt 0.162883 0.563125
vt 0.155083 0.559165
vt 0.150348 0.556697
vt 0.159344 0.604790
vt 0.150304 0.603628
vt 0.141616 0.602501
vt 0.136347 0.601807
vt 0.347623 0.564666
vt 0.347127 0.559137
vt 0.353385 0.555992
vt 0.353905 0.561833
vt 0.359246 0.553621
vt 0.359797 0.559674
vt 0.362636 0.552960
vt 0.363210 0.559014
vt 0.335488 0.514036
vt 0.341804 0.502992
vt 0.347626 0.492185
vt 0.350881 0.485352
vt 0.306327 0.496409
vt 0.313081 0.481986
vt 0.321066 0.466798
vt 0.327623 0.456069
vt 0.306327 0.753590
vt 0.335488 0.735965
vt 0.341804 0.747008
vt 0.313081 0.768015
vt 0.347626 0.757816
vt 0.321066 0.783202
vt 0.350882 0.764649
vt 0.327623 0.793931
vt 0.349111 0.668746
vt 0.351094 0.646629
vt 0.357523 0.647360
vt 0.355467 0.670643
vt 0.363620 0.648107
vt 0.361450 0.672169
vt 0.367223 0.648605
vt 0.364930 0.672823
vt 0.367223 0.625000
vt 0.363627 0.625000
vt 0.357528 0.625000
vt 0.351094 0.625000
vt 0.348119 0.679805
vt 0.354426 0.682326
vt 0.360348 0.684274
vt 0.363783 0.684931
vt 0.351094 0.603371
vt 0.349111 0.581254
vt 0.355467 0.579357
vt 0.357523 0.602640
vt 0.361450 0.577831
vt 0.363620 0.601894
vt 0.364930 0.577177
vt 0.367223 0.601395
vt 0.225312 0.750000
vt 0.176422 0.734784
vt 0.140216 0.698578
vt 0.125000 0.649688
vt 0.125000 0.600312
vt 0.176422 0.515216
vt 0.225312 0.500000
vt 0.140216 0.551422
vt 0.372464 0.575867
vt 0.375000 0.600312
vt 0.375000 0.625000
vt 0.370562 0.557533
vt 0.372464 0.674133
vt 0.371196 0.686355
vt 0.375000 0.649688
vt 0.209518 0.695382
vt 0.247330 0.712225
vt 0.246591 0.717841
vt 0.206187 0.699718
vt 0.245263 0.723477
vt 0.202386 0.704338
vt 0.243768 0.727281
vt 0.199334 0.707739
vt 0.188479 0.674180
vt 0.183312 0.676690
vt 0.177660 0.679475
vt 0.173348 0.681634
vt 0.178651 0.642783
vt 0.172947 0.643481
vt 0.166690 0.644265
vt 0.161923 0.644878
vt 0.247330 0.537775
vt 0.209518 0.554618
vt 0.206187 0.550282
vt 0.246591 0.532159
vt 0.202386 0.545662
vt 0.245263 0.526523
vt 0.199334 0.542261
vt 0.243768 0.522719
vt 0.188479 0.575820
vt 0.183312 0.573310
vt 0.177660 0.570526
vt 0.173348 0.568366
vt 0.178651 0.607217
vt 0.172947 0.606519
vt 0.166690 0.605735
vt 0.161923 0.605122
vt 0.333537 0.572197
vt 0.333066 0.567472
vt 0.337445 0.564461
vt 0.337918 0.569479
vt 0.342034 0.561672
vt 0.342516 0.566962
vt 0.345341 0.560028
vt 0.345831 0.565472
vt 0.322301 0.536628
vt 0.326079 0.530317
vt 0.330328 0.523065
vt 0.333680 0.517198
vt 0.294903 0.524364
vt 0.297262 0.517070
vt 0.300801 0.508166
vt 0.304390 0.500533
vt 0.294904 0.725636
vt 0.322301 0.713372
vt 0.326079 0.719683
vt 0.297262 0.732930
vt 0.330328 0.726935
vt 0.300801 0.741834
vt 0.333680 0.732802
vt 0.304390 0.749467
vt 0.342034 0.688328
vt 0.345341 0.689972
vt 0.334949 0.663626
vt 0.336832 0.644723
vt 0.341225 0.645403
vt 0.339337 0.665467
vt 0.345876 0.646040
vt 0.343962 0.667167
vt 0.349262 0.646421
vt 0.347301 0.668197
vt 0.349261 0.625000
vt 0.345878 0.625000
vt 0.341226 0.625000
vt 0.336832 0.625000
vt 0.334007 0.673077
vt 0.338391 0.675503
vt 0.342998 0.677747
vt 0.346321 0.679084
vt 0.336832 0.605277
vt 0.334949 0.586374
vt 0.339337 0.584533
vt 0.341225 0.604597
vt 0.343962 0.582833
vt 0.345876 0.603960
vt 0.347301 0.581803
vt 0.349261 0.603579
vt 0.229010 0.669919
vt 0.251641 0.679292
vt 0.251599 0.679762
vt 0.228700 0.670360
vt 0.250386 0.689033
vt 0.223273 0.677474
vt 0.249127 0.698596
vt 0.217609 0.684853
vt 0.218756 0.659446
vt 0.218252 0.659694
vt 0.209816 0.663813
vt 0.201027 0.668084
vt 0.212070 0.638687
vt 0.211611 0.638743
vt 0.202210 0.639898
vt 0.192497 0.641087
vt 0.251642 0.570709
vt 0.229010 0.580081
vt 0.228700 0.579640
vt 0.251599 0.570238
vt 0.223273 0.572526
vt 0.250386 0.560967
vt 0.217609 0.565147
vt 0.249127 0.551404
vt 0.218756 0.590554
vt 0.218252 0.590306
vt 0.209816 0.586187
vt 0.201027 0.581916
vt 0.212070 0.611313
vt 0.211611 0.611257
vt 0.202210 0.610102
vt 0.192497 0.608913
vt 0.307830 0.588173
vt 0.307370 0.585158
vt 0.307811 0.584837
vt 0.308236 0.587860
vt 0.314981 0.579905
vt 0.315441 0.583422
vt 0.322432 0.574780
vt 0.322899 0.578798
vt 0.300189 0.573576
vt 0.300545 0.572981
vt 0.306695 0.562692
vt 0.313120 0.551959
vt 0.281172 0.567017
vt 0.281323 0.566470
vt 0.285160 0.554492
vt 0.289173 0.542074
vt 0.281172 0.682983
vt 0.300189 0.676424
vt 0.300545 0.677019
vt 0.281323 0.683531
vt 0.306695 0.687308
vt 0.285160 0.695508
vt 0.313120 0.698041
vt 0.289173 0.707926
vt 0.307370 0.664842
vt 0.307811 0.665163
vt 0.314981 0.670096
vt 0.322432 0.675220
vt 0.309210 0.652780
vt 0.311051 0.640718
vt 0.311414 0.640782
vt 0.309511 0.653071
vt 0.318687 0.641916
vt 0.316821 0.656024
vt 0.326169 0.643074
vt 0.324301 0.659147
vt 0.326169 0.625000
vt 0.318682 0.625000
vt 0.311378 0.625000
vt 0.311051 0.625000
vt 0.308290 0.658811
vt 0.308661 0.659117
vt 0.315901 0.663060
vt 0.323366 0.667184
vt 0.311050 0.609282
vt 0.309210 0.597220
vt 0.309511 0.596928
vt 0.311414 0.609218
vt 0.316821 0.593976
vt 0.318687 0.608084
vt 0.324301 0.590853
vt 0.326169 0.606926
vt 0.750971 0.703227
vt 0.784498 0.688403
vt 0.785549 0.689786
vt 0.751184 0.704982
vt 0.788851 0.693886
vt 0.752005 0.710291
vt 0.802798 0.669903
vt 0.804426 0.670710
vt 0.809396 0.673157
vt 0.811756 0.641554
vt 0.813507 0.641781
vt 0.818997 0.642475
vt 0.784498 0.561597
vt 0.750971 0.546773
vt 0.751184 0.545018
vt 0.785549 0.560214
vt 0.752005 0.539709
vt 0.788851 0.556114
vt 0.802798 0.580097
vt 0.804426 0.579290
vt 0.809396 0.576843
vt 0.811756 0.608446
vt 0.813507 0.608219
vt 0.818997 0.607525
vt 0.672072 0.588990
vt 0.670199 0.606147
vt 0.668827 0.605908
vt 0.670728 0.588300
vt 0.664676 0.605319
vt 0.666580 0.586651
vt 0.684486 0.547888
vt 0.673946 0.571832
vt 0.672544 0.570826
vt 0.683297 0.545928
vt 0.668421 0.568102
vt 0.679553 0.539701
vt 0.710269 0.537840
vt 0.709605 0.535670
vt 0.707051 0.528361
vt 0.684486 0.702112
vt 0.710269 0.712160
vt 0.709604 0.714330
vt 0.683297 0.704072
vt 0.707051 0.721640
vt 0.679553 0.710299
vt 0.673946 0.678167
vt 0.672544 0.679173
vt 0.668421 0.681898
vt 0.673478 0.673878
vt 0.672090 0.674805
vt 0.667961 0.677261
vt 0.664685 0.625000
vt 0.668839 0.625000
vt 0.670199 0.625000
vt 0.670198 0.643853
vt 0.672072 0.661010
vt 0.670728 0.661700
vt 0.668827 0.644092
vt 0.666580 0.663349
vt 0.664675 0.644681
vt 0.673009 0.580411
vt 0.671636 0.579563
vt 0.667501 0.577377
vt 0.793577 0.699686
vt 0.753212 0.717835
vt 0.753265 0.717378
vt 0.793408 0.699323
vt 0.753046 0.715564
vt 0.792359 0.697927
vt 0.752507 0.713442
vt 0.790825 0.696311
vt 0.816476 0.676617
vt 0.816103 0.676439
vt 0.814454 0.675634
vt 0.812357 0.674603
vt 0.826835 0.643452
vt 0.826418 0.643421
vt 0.824571 0.643205
vt 0.822278 0.642883
vt 0.753212 0.532165
vt 0.793577 0.550314
vt 0.793408 0.550677
vt 0.753265 0.532622
vt 0.792359 0.552073
vt 0.753046 0.534436
vt 0.790825 0.553690
vt 0.752507 0.536558
vt 0.816476 0.573383
vt 0.816102 0.573561
vt 0.814454 0.574366
vt 0.812357 0.575397
vt 0.826835 0.606548
vt 0.826418 0.606579
vt 0.824570 0.606795
vt 0.822278 0.607117
vt 0.658756 0.604534
vt 0.660661 0.584424
vt 0.661016 0.584474
vt 0.659109 0.604525
vt 0.662439 0.584955
vt 0.660526 0.604691
vt 0.664120 0.585730
vt 0.662219 0.604994
vt 0.662568 0.564318
vt 0.674157 0.530705
vt 0.674469 0.531195
vt 0.662922 0.564449
vt 0.675741 0.533301
vt 0.664318 0.565314
vt 0.677309 0.535958
vt 0.665988 0.566530
vt 0.703244 0.517719
vt 0.703485 0.518310
vt 0.704397 0.520828
vt 0.705466 0.523925
vt 0.703244 0.732281
vt 0.674157 0.719295
vt 0.674469 0.718805
vt 0.703485 0.731690
vt 0.675741 0.716699
vt 0.704397 0.729172
vt 0.677309 0.714042
vt 0.705465 0.726075
vt 0.662568 0.685682
vt 0.662922 0.685551
vt 0.664318 0.684686
vt 0.665988 0.683470
vt 0.661614 0.675629
vt 0.660661 0.665576
vt 0.661016 0.665526
vt 0.661969 0.675538
vt 0.662439 0.665045
vt 0.663379 0.674865
vt 0.664120 0.664270
vt 0.665054 0.673870
vt 0.658755 0.625000
vt 0.659108 0.625000
vt 0.660530 0.625000
vt 0.662224 0.625000
vt 0.658756 0.645466
vt 0.659109 0.645475
vt 0.660525 0.645309
vt 0.662218 0.645006
vt 0.662091 0.569345
vt 0.662446 0.569455
vt 0.663849 0.570225
vt 0.665521 0.571330
vt 0.665054 0.576130
vt 0.665521 0.678670
vt 0.753380 0.718861
vt 0.794246 0.700497
vt 0.794478 0.701061
vt 0.753264 0.719560
vt 0.796145 0.702960
vt 0.754087 0.721720
vt 0.798836 0.705711
vt 0.755640 0.724692
vt 0.817485 0.677113
vt 0.818050 0.677382
vt 0.820419 0.678563
vt 0.824036 0.680379
vt 0.827954 0.643594
vt 0.828579 0.643634
vt 0.831214 0.643969
vt 0.835202 0.644522
vt 0.794246 0.549503
vt 0.753380 0.531139
vt 0.753264 0.530440
vt 0.794478 0.548939
vt 0.754086 0.528280
vt 0.796145 0.547040
vt 0.755640 0.525308
vt 0.798836 0.544289
vt 0.817485 0.572887
vt 0.818049 0.572618
vt 0.820419 0.571437
vt 0.824036 0.569621
vt 0.827954 0.606407
vt 0.828579 0.606366
vt 0.831214 0.606031
vt 0.835202 0.605478
vt 0.659937 0.584142
vt 0.658042 0.604438
vt 0.657513 0.604465
vt 0.659405 0.584077
vt 0.655560 0.604225
vt 0.657477 0.583470
vt 0.652802 0.603819
vt 0.654761 0.582534
vt 0.673453 0.529536
vt 0.661829 0.563840
vt 0.661290 0.563665
vt 0.672974 0.528796
vt 0.659399 0.562699
vt 0.671104 0.525514
vt 0.656721 0.561250
vt 0.668377 0.520631
vt 0.702733 0.516304
vt 0.702355 0.515413
vt 0.700359 0.511131
vt 0.697325 0.504718
vt 0.673453 0.720464
vt 0.702733 0.733696
vt 0.702355 0.734587
vt 0.672974 0.721203
vt 0.700359 0.738869
vt 0.671104 0.724486
vt 0.697325 0.745282
vt 0.668377 0.729369
vt 0.661829 0.686160
vt 0.661290 0.686334
vt 0.659399 0.687301
vt 0.656721 0.688750
vt 0.661356 0.681085
vt 0.660819 0.681232
vt 0.658919 0.682108
vt 0.656231 0.683429
vt 0.652802 0.625000
vt 0.655558 0.625000
vt 0.657517 0.625000
vt 0.658044 0.625000
vt 0.658042 0.645562
vt 0.659937 0.665859
vt 0.659405 0.665924
vt 0.657513 0.645535
vt 0.657478 0.666530
vt 0.655560 0.645775
vt 0.654761 0.667466
vt 0.652802 0.646181
vt 0.660883 0.573991
vt 0.660348 0.573871
vt 0.658438 0.573085
vt 0.655741 0.571892
vt 0.661614 0.574371
vt 0.662091 0.680655
vt 0.655741 0.678108
vt 0.649036 0.680708
vt 0.660883 0.676009
vt 0.658438 0.676915
vt 0.660348 0.676129
vt 0.667500 0.672624
vt 0.663849 0.679775
vt 0.662445 0.680545
vt 0.673009 0.669589
vt 0.671636 0.670437
vt 0.322899 0.671202
vt 0.307830 0.661827
vt 0.315441 0.666578
vt 0.308236 0.662140
vt 0.345831 0.684528
vt 0.342516 0.683038
vt 0.635140 0.685293
vt 0.628804 0.686355
vt 0.637358 0.684927
vt 0.642836 0.683106
vt 0.661356 0.568915
vt 0.656231 0.566571
vt 0.649547 0.563669
vt 0.658919 0.567892
vt 0.660819 0.568768
vt 0.667961 0.572739
vt 0.663379 0.575135
vt 0.661969 0.574461
vt 0.673478 0.576122
vt 0.672090 0.575195
vt 0.308290 0.591188
vt 0.323366 0.582816
vt 0.334007 0.576923
vt 0.315901 0.586940
vt 0.308661 0.590883
vt 0.346321 0.570916
vt 0.348119 0.570195
vt 0.342998 0.572253
vt 0.338391 0.574497
vt 0.363783 0.565069
vt 0.371196 0.563645
vt 0.360348 0.565726
vt 0.354426 0.567675
vt 0.635717 0.558613
vt 0.629438 0.557533
vt 0.637924 0.558947
vt 0.643374 0.560975
vt 0.218835 0.659405
vt 0.229057 0.669846
vt 0.251650 0.679201
vt 0.281147 0.682881
vt 0.212159 0.638676
vt 0.212159 0.611324
vt 0.281147 0.567119
vt 0.251650 0.570800
vt 0.229057 0.580154
vt 0.218835 0.590595
vt 0.310977 0.609295
vt 0.309138 0.597252
vt 0.310977 0.625000
vt 0.307759 0.588220
vt 0.307299 0.585209
vt 0.300136 0.573667
vt 0.300136 0.676333
vt 0.307299 0.664791
vt 0.308219 0.658769
vt 0.309138 0.652748
vt 0.310977 0.640705
vt 0.307759 0.661780
vt 0.308219 0.591231
vt 0.815633 0.724781
vt 0.305026 0.593130
vt 0.305347 0.592908
vt 0.304911 0.590171
vt 0.304564 0.590252
vt 0.305980 0.592567
vt 0.306302 0.592345
vt 0.305856 0.589506
vt 0.305519 0.589644
vt 0.306909 0.592014
vt 0.307284 0.591771
vt 0.306828 0.588827
vt 0.306451 0.589075
vt 0.304110 0.662585
vt 0.304487 0.662658
vt 0.304909 0.659843
vt 0.304562 0.659766
vt 0.305047 0.663212
vt 0.305420 0.663372
vt 0.305855 0.660500
vt 0.305521 0.660346
vt 0.305988 0.663855
vt 0.306377 0.664108
vt 0.306828 0.661172
vt 0.306452 0.660923
vt 0.305922 0.598723
vt 0.306246 0.598543
vt 0.306883 0.598285
vt 0.307209 0.598113
vt 0.307818 0.597855
vt 0.308198 0.597672
vt 0.305347 0.657092
vt 0.305025 0.656870
vt 0.306302 0.657655
vt 0.305980 0.657433
vt 0.307284 0.658229
vt 0.306909 0.657986
vt 0.307712 0.640107
vt 0.308045 0.640173
vt 0.308046 0.625000
vt 0.307712 0.625000
vt 0.308688 0.640286
vt 0.309021 0.640350
vt 0.309022 0.625000
vt 0.308688 0.625000
vt 0.309637 0.640461
vt 0.310024 0.640531
vt 0.310024 0.625000
vt 0.309637 0.625000
vt 0.305922 0.651277
vt 0.306246 0.651456
vt 0.306883 0.651716
vt 0.307209 0.651887
vt 0.307818 0.652145
vt 0.308198 0.652327
vt 0.297768 0.672262
vt 0.298007 0.672682
vt 0.298475 0.673481
vt 0.298716 0.673897
vt 0.299163 0.674664
vt 0.299444 0.675145
vt 0.280031 0.678331
vt 0.280140 0.678796
vt 0.280364 0.679691
vt 0.280476 0.680156
vt 0.280688 0.681014
vt 0.280820 0.681552
vt 0.297768 0.577735
vt 0.298006 0.577315
vt 0.280140 0.571204
vt 0.280031 0.571669
vt 0.298476 0.576521
vt 0.298715 0.576101
vt 0.280476 0.569844
vt 0.280364 0.570309
vt 0.299164 0.575337
vt 0.299443 0.574854
vt 0.280820 0.568448
vt 0.280688 0.568986
vt 0.304084 0.587457
vt 0.304465 0.587377
vt 0.305064 0.586760
vt 0.305407 0.586648
vt 0.305994 0.586137
vt 0.306374 0.585895
vt 0.308045 0.609827
vt 0.307712 0.609893
vt 0.309022 0.609650
vt 0.308688 0.609714
vt 0.310024 0.609469
vt 0.309637 0.609539
vt 0.222346 0.592431
vt 0.221984 0.592248
vt 0.215690 0.611775
vt 0.216093 0.611821
vt 0.221299 0.591881
vt 0.220935 0.591698
vt 0.214515 0.611624
vt 0.214917 0.611673
vt 0.220276 0.591348
vt 0.219859 0.591133
vt 0.213307 0.611470
vt 0.213773 0.611529
vt 0.231163 0.583407
vt 0.230951 0.583071
vt 0.230535 0.582433
vt 0.230320 0.582100
vt 0.229923 0.581488
vt 0.229672 0.581103
vt 0.252027 0.574866
vt 0.251993 0.574450
vt 0.251914 0.573651
vt 0.251878 0.573235
vt 0.251805 0.572468
vt 0.251761 0.571987
vt 0.215690 0.638225
vt 0.216093 0.638179
vt 0.214514 0.638375
vt 0.214918 0.638328
vt 0.213307 0.638530
vt 0.213773 0.638472
vt 0.221984 0.657752
vt 0.222346 0.657569
vt 0.220935 0.658302
vt 0.221298 0.658119
vt 0.219859 0.658867
vt 0.220276 0.658652
vt 0.252027 0.675134
vt 0.251993 0.675551
vt 0.251914 0.676349
vt 0.251879 0.676766
vt 0.251805 0.677532
vt 0.251761 0.678013
vt 0.231163 0.666593
vt 0.230953 0.666931
vt 0.230533 0.667565
vt 0.230322 0.667902
vt 0.229921 0.668511
vt 0.229674 0.668898
vt 0.307918 0.591417
vt 0.308174 0.591248
vt 0.307712 0.588222
vt 0.307460 0.588432
vt 0.307000 0.664567
vt 0.307253 0.664765
vt 0.307713 0.661772
vt 0.307461 0.661563
vt 0.308834 0.597392
vt 0.309095 0.597270
vt 0.308174 0.658752
vt 0.307918 0.658583
vt 0.310669 0.640648
vt 0.310934 0.640697
vt 0.310933 0.625000
vt 0.310669 0.625000
vt 0.308834 0.652608
vt 0.309095 0.652730
vt 0.299912 0.675948
vt 0.300105 0.676278
vt 0.281041 0.682451
vt 0.281132 0.682820
vt 0.299911 0.574052
vt 0.300104 0.573722
vt 0.281132 0.567180
vt 0.281041 0.567549
vt 0.307000 0.585429
vt 0.307255 0.585228
vt 0.310934 0.609304
vt 0.310669 0.609352
vt 0.219166 0.590770
vt 0.218881 0.590620
vt 0.212211 0.611330
vt 0.212531 0.611371
vt 0.229256 0.580462
vt 0.229084 0.580198
vt 0.251686 0.571184
vt 0.251655 0.570854
vt 0.212211 0.638670
vt 0.212531 0.638629
vt 0.218881 0.659380
vt 0.219166 0.659230
vt 0.251686 0.678816
vt 0.251655 0.679146
vt 0.229257 0.669539
vt 0.229086 0.669803
vt 0.219281 0.659171
vt 0.219214 0.659206
vt 0.229285 0.669495
vt 0.229325 0.669433
vt 0.251691 0.678762
vt 0.251698 0.678684
vt 0.281026 0.682390
vt 0.281005 0.682303
vt 0.212658 0.638613
vt 0.212583 0.638622
vt 0.212658 0.611387
vt 0.212583 0.611378
vt 0.281005 0.567697
vt 0.281026 0.567611
vt 0.251691 0.571239
vt 0.251698 0.571316
vt 0.229285 0.580505
vt 0.229325 0.580567
vt 0.219214 0.590794
vt 0.219281 0.590829
vt 0.310563 0.609371
vt 0.310625 0.609359
vt 0.308791 0.597409
vt 0.308729 0.597437
vt 0.310563 0.625000
vt 0.310625 0.625000
vt 0.307355 0.588487
vt 0.307415 0.588447
vt 0.306957 0.585459
vt 0.306896 0.585503
vt 0.299880 0.574106
vt 0.299835 0.574184
vt 0.299880 0.675894
vt 0.299835 0.675816
vt 0.306957 0.664541
vt 0.306896 0.664497
vt 0.307813 0.658530
vt 0.307874 0.658566
vt 0.308791 0.652591
vt 0.308729 0.652563
vt 0.310625 0.640641
vt 0.310563 0.640629
vt 0.307355 0.661513
vt 0.307415 0.661553
vt 0.307874 0.591434
vt 0.307813 0.591470
vt 0.306906 0.592015
vt 0.306449 0.589077
vt 0.306403 0.589114
vt 0.306858 0.592033
vt 0.306831 0.588825
vt 0.307287 0.591770
vt 0.307335 0.591752
vt 0.306879 0.588800
vt 0.305986 0.663853
vt 0.306449 0.660922
vt 0.306403 0.660886
vt 0.305948 0.663805
vt 0.306831 0.661173
vt 0.306379 0.664110
vt 0.306422 0.664151
vt 0.306879 0.661200
vt 0.307816 0.597856
vt 0.307767 0.597872
vt 0.308200 0.597671
vt 0.308248 0.597654
vt 0.306906 0.657985
vt 0.306858 0.657967
vt 0.307287 0.658230
vt 0.307335 0.658248
vt 0.309635 0.640460
vt 0.309635 0.625000
vt 0.309587 0.625000
vt 0.309587 0.640452
vt 0.310026 0.625000
vt 0.310026 0.640532
vt 0.310075 0.640541
vt 0.310075 0.625000
vt 0.307816 0.652144
vt 0.307767 0.652128
vt 0.308200 0.652328
vt 0.308248 0.652346
vt 0.299161 0.674661
vt 0.299126 0.674601
vt 0.299446 0.675148
vt 0.299481 0.675208
vt 0.280687 0.681010
vt 0.280670 0.680943
vt 0.280821 0.681556
vt 0.280837 0.681623
vt 0.299162 0.575340
vt 0.280687 0.568990
vt 0.280670 0.569057
vt 0.299126 0.575399
vt 0.280821 0.568444
vt 0.299445 0.574851
vt 0.299480 0.574792
vt 0.280837 0.568377
vt 0.305992 0.586140
vt 0.305948 0.586195
vt 0.306377 0.585892
vt 0.306422 0.585849
vt 0.309635 0.609540
vt 0.309587 0.609548
vt 0.310026 0.609468
vt 0.310075 0.609459
vt 0.220279 0.591350
vt 0.213776 0.611529
vt 0.213834 0.611537
vt 0.220330 0.591378
vt 0.213304 0.611470
vt 0.219856 0.591131
vt 0.219805 0.591103
vt 0.213246 0.611462
vt 0.229924 0.581490
vt 0.229955 0.581538
vt 0.229671 0.581101
vt 0.229640 0.581053
vt 0.251806 0.572471
vt 0.251812 0.572531
vt 0.251760 0.571984
vt 0.251755 0.571924
vt 0.213776 0.638471
vt 0.213834 0.638463
vt 0.213304 0.638530
vt 0.213246 0.638538
vt 0.220279 0.658650
vt 0.220330 0.658622
vt 0.219856 0.658869
vt 0.219805 0.658897
vt 0.251805 0.677529
vt 0.251812 0.677469
vt 0.251761 0.678017
vt 0.251755 0.678077
vt 0.229923 0.668509
vt 0.229955 0.668462
vt 0.229672 0.668900
vt 0.229640 0.668947
vt 0.305425 0.592878
vt 0.304976 0.590055
vt 0.305451 0.589742
vt 0.305903 0.592596
vt 0.306380 0.592315
vt 0.305927 0.589428
vt 0.304526 0.662768
vt 0.304976 0.659945
vt 0.305451 0.660259
vt 0.305000 0.663114
vt 0.305474 0.663459
vt 0.305927 0.660572
vt 0.306324 0.598524
vt 0.306805 0.598306
vt 0.307286 0.598089
vt 0.305425 0.657122
vt 0.305903 0.657403
vt 0.306380 0.657685
vt 0.308123 0.640185
vt 0.308123 0.625000
vt 0.308611 0.625000
vt 0.308611 0.640274
vt 0.309099 0.640363
vt 0.309099 0.625000
vt 0.306324 0.651476
vt 0.306805 0.651694
vt 0.307286 0.651911
vt 0.298064 0.672778
vt 0.298418 0.673385
vt 0.298772 0.673993
vt 0.280169 0.678903
vt 0.280336 0.679583
vt 0.280503 0.680263
vt 0.298064 0.577223
vt 0.280169 0.571097
vt 0.280336 0.570417
vt 0.298418 0.576615
vt 0.298772 0.576007
vt 0.280503 0.569737
vt 0.304526 0.587232
vt 0.305000 0.586887
vt 0.305474 0.586541
vt 0.308123 0.609815
vt 0.308611 0.609726
vt 0.309099 0.609637
vt 0.221904 0.592202
vt 0.215598 0.611761
vt 0.215010 0.611686
vt 0.221379 0.591927
vt 0.220854 0.591652
vt 0.214422 0.611611
vt 0.230900 0.582995
vt 0.230585 0.582509
vt 0.230270 0.582024
vt 0.251982 0.574354
vt 0.251925 0.573746
vt 0.251868 0.573139
vt 0.215598 0.638239
vt 0.215010 0.638314
vt 0.214422 0.638389
vt 0.221904 0.657798
vt 0.221379 0.658073
vt 0.220854 0.658348
vt 0.251982 0.675646
vt 0.251925 0.676254
vt 0.251868 0.676861
vt 0.230900 0.667005
vt 0.230585 0.667491
vt 0.230270 0.667976
vt 0.253113 0.678802
vt 0.253158 0.678304
s 0
f 50/1/1 33/2/1 34/3/1 49/4/1
f 49/5/2 34/6/2 35/7/2 51/8/2
f 51/8/3 35/7/3 36/9/3 52/10/3
f 38/11/4 53/12/4 54/13/4 37/14/4
f 37/14/5 54/13/5 55/15/5 39/16/5
f 39/16/6 55/15/6 56/17/6 40/18/6
f 41/19/7 58/20/7 59/21/7 43/22/7
f 43/22/8 59/21/8 60/23/8 44/24/8
f 46/25/9 61/26/9 62/27/9 45/28/9
f 45/28/10 62/27/10 63/29/10 47/30/10
f 285/31/11 675/32/11 658/33/11 287/34/11
f 9/35/12 11/36/12 12/37/12 10/38/12 25/39/12 27/40/12 28/41/12 684/42/12 622/43/12 72/44/12 26/45/12 76/46/12 17/47/12 68/48/12 593/49/12 670/50/12 19/51/12 20/52/12 18/53/12 1/54/12 3/55/12 4/56/12 2/57/12
f 52/10/13 36/9/13 40/18/13 56/17/13
f 61/26/14 46/25/14 33/2/14 50/1/14
f 29/58/15 71/59/15 624/60/15 698/61/15 31/62/15 32/63/15 30/64/15 13/65/15 15/66/15 16/67/15 14/68/15 5/69/15 7/70/15 8/71/15 6/72/15 21/73/15 23/74/15 24/75/15 653/76/15 591/77/15 67/78/15 22/79/15 75/80/15
f 53/12/16 38/11/16 44/24/16 60/23/16
f 210/81/17 657/82/17 669/83/17 63/29/17
f 212/84/18 656/85/18 657/82/18 210/81/18
f 211/86/19 655/87/19 656/85/19 212/84/19
f 209/88/20 674/89/20 655/87/20 211/86/20
f 78/90/21 81/91/21 83/92/21 80/93/21
f 80/93/22 83/92/22 84/94/22 79/95/22
f 79/95/23 84/94/23 82/96/23 77/97/23
f 81/91/24 85/98/24 87/99/24 83/92/24
f 83/92/25 87/99/25 88/100/25 84/94/25
f 84/94/26 88/100/26 86/101/26 82/96/26
f 85/98/27 89/102/27 91/103/27 87/99/27
f 87/99/28 91/103/28 92/104/28 88/100/28
f 88/100/29 92/104/29 90/105/29 86/101/29
f 94/106/30 97/107/30 99/108/30 96/109/30
f 96/109/31 99/108/31 100/110/31 95/111/31
f 95/111/32 100/110/32 98/112/32 93/113/32
f 102/114/33 94/106/33 96/109/33 104/115/33
f 104/115/34 96/109/34 95/111/34 103/116/34
f 103/116/35 95/111/35 93/113/35 101/117/35
f 106/118/36 102/114/36 104/115/36 108/119/36
f 108/119/37 104/115/37 103/116/37 107/120/37
f 107/120/38 103/116/38 101/117/38 105/121/38
f 146/122/39 113/123/39 115/124/39 148/125/39
f 148/125/40 115/124/40 116/126/40 147/127/40
f 147/127/41 116/126/41 114/128/41 145/129/41
f 118/130/42 109/131/42 111/132/42 120/133/42
f 120/133/43 111/132/43 112/134/43 119/135/43
f 119/135/44 112/134/44 110/136/44 117/137/44
f 122/138/45 118/130/45 120/133/45 124/139/45
f 124/139/46 120/133/46 119/135/46 123/140/46
f 123/140/47 119/135/47 117/137/47 121/141/47
f 126/142/48 129/143/48 131/144/48 128/145/48
f 128/145/49 131/144/49 132/146/49 127/147/49
f 127/147/50 132/146/50 130/148/50 125/149/50
f 134/150/51 126/142/51 128/145/51 136/151/51
f 136/151/52 128/145/52 127/147/52 135/152/52
f 135/152/53 127/147/53 125/149/53 133/153/53
f 654/154/54 134/150/54 136/151/54 671/155/54
f 671/155/55 136/151/55 135/152/55 672/156/55
f 672/156/56 135/152/56 133/153/56 673/157/56
f 89/102/57 106/118/57 108/119/57 91/103/57
f 91/103/58 108/119/58 107/120/58 92/104/58
f 92/104/59 107/120/59 105/121/59 90/105/59
f 129/143/60 78/90/60 80/93/60 131/144/60
f 131/144/61 80/93/61 79/95/61 132/146/61
f 132/146/62 79/95/62 77/97/62 130/148/62
f 150/158/63 114/128/63 116/126/63 152/159/63
f 152/159/64 116/126/64 115/124/64 151/160/64
f 151/160/65 115/124/65 113/123/65 149/161/65
f 121/141/66 98/112/66 100/110/66 123/140/66
f 123/140/67 100/110/67 99/108/67 124/139/67
f 124/139/68 99/108/68 97/107/68 122/138/68
f 138/162/54 142/163/54 144/164/54 140/165/54
f 140/165/55 144/164/55 143/166/55 139/167/55
f 139/167/56 143/166/56 141/168/56 137/169/56
f 625/170/39 146/122/39 148/125/39 626/171/39
f 626/171/40 148/125/40 147/127/40 627/172/40
f 627/172/41 147/127/41 145/129/41 628/173/41
f 137/169/63 150/158/63 152/159/63 139/167/63
f 139/167/64 152/159/64 151/160/64 140/165/64
f 140/165/65 151/160/65 149/161/65 138/162/65
f 77/97/69 82/96/69 34/174/69 33/175/69
f 130/148/70 77/97/70 33/175/70 46/25/70
f 82/96/71 86/101/71 35/176/71 34/174/71
f 86/101/72 90/105/72 36/177/72 35/176/72
f 90/105/73 105/121/73 40/178/73 36/177/73
f 93/113/74 98/112/74 38/179/74 37/180/74
f 101/117/75 93/113/75 37/180/75 39/181/75
f 98/112/76 121/141/76 44/24/76 38/179/76
f 105/121/77 101/117/77 39/181/77 40/178/77
f 117/137/78 110/136/78 41/19/78 43/22/78
f 628/173/79 145/129/79 69/182/79 623/183/79
f 114/128/80 150/158/80 74/184/80 42/185/80
f 145/129/79 114/128/79 42/185/79 69/182/79
f 121/141/81 117/137/81 43/22/81 44/24/81
f 125/149/82 130/148/82 46/25/82 45/28/82
f 133/153/83 125/149/83 45/28/83 47/30/83
f 673/157/84 133/153/84 47/30/84 652/186/84
f 137/169/85 141/168/85 65/187/85 48/188/85
f 150/158/80 137/169/80 48/188/80 74/184/80
f 154/189/86 157/190/86 159/191/86 156/192/86
f 156/192/87 159/191/87 160/193/87 155/194/87
f 155/194/88 160/193/88 158/195/88 153/196/88
f 162/197/89 154/189/89 156/192/89 164/198/89
f 164/198/90 156/192/90 155/194/90 163/199/90
f 163/199/91 155/194/91 153/196/91 161/200/91
f 166/201/92 162/197/92 164/198/92 168/202/92
f 168/202/93 164/198/93 163/199/93 167/203/93
f 167/203/94 163/199/94 161/200/94 165/204/94
f 170/205/95 173/206/95 175/207/95 172/208/95
f 172/208/96 175/207/96 176/209/96 171/210/96
f 171/210/97 176/209/97 174/211/97 169/212/97
f 173/206/98 177/213/98 179/214/98 175/207/98
f 175/207/99 179/214/99 180/215/99 176/209/99
f 176/209/100 180/215/100 178/216/100 174/211/100
f 177/213/101 181/217/101 183/218/101 179/214/101
f 179/214/102 183/218/102 184/219/102 180/215/102
f 180/215/103 184/219/103 182/220/103 178/216/103
f 688/221/104 189/222/104 191/223/104 700/224/104
f 700/224/105 191/223/105 192/225/105 701/226/105
f 701/226/106 192/225/106 190/227/106 702/228/106
f 189/222/107 193/229/107 195/230/107 191/223/107
f 191/223/108 195/230/108 196/231/108 192/225/108
f 192/225/109 196/231/109 194/232/109 190/227/109
f 193/229/110 197/233/110 199/234/110 195/230/110
f 195/230/111 199/234/111 200/235/111 196/231/111
f 196/231/112 200/235/112 198/236/112 194/232/112
f 202/237/113 205/238/113 207/239/113 204/240/113
f 204/240/114 207/239/114 208/241/114 203/242/114
f 203/242/115 208/241/115 206/243/115 201/244/115
f 205/238/116 209/88/116 211/86/116 207/239/116
f 207/239/117 211/86/117 212/84/117 208/241/117
f 208/241/118 212/84/118 210/81/118 206/243/118
f 218/245/20 213/246/20 215/247/20 220/248/20
f 220/248/19 215/247/19 216/249/19 219/250/19
f 219/250/18 216/249/18 214/251/18 217/252/18
f 165/204/119 182/220/119 184/219/119 167/203/119
f 167/203/120 184/219/120 183/218/120 168/202/120
f 168/202/121 183/218/121 181/217/121 166/201/121
f 169/212/122 198/236/122 200/235/122 171/210/122
f 171/210/123 200/235/123 199/234/123 172/208/123
f 172/208/124 199/234/124 197/233/124 170/205/124
f 226/253/125 214/251/125 216/249/125 228/254/125
f 228/254/126 216/249/126 215/247/126 227/255/126
f 227/255/127 215/247/127 213/246/127 225/256/127
f 201/244/128 158/195/128 160/193/128 203/242/128
f 203/242/129 160/193/129 159/191/129 204/240/129
f 204/240/130 159/191/130 157/190/130 202/237/130
f 598/257/20 218/245/20 220/248/20 599/258/20
f 599/258/19 220/248/19 219/250/19 600/259/19
f 600/259/18 219/250/18 217/252/18 601/260/18
f 186/261/104 222/262/104 224/263/104 188/264/104
f 188/264/105 224/263/105 223/265/105 187/266/105
f 187/266/106 223/265/106 221/267/106 185/268/106
f 185/268/125 226/253/125 228/254/125 187/266/125
f 187/266/126 228/254/126 227/255/126 188/264/126
f 188/264/127 227/255/127 225/256/127 186/261/127
f 153/196/131 158/195/131 50/269/131 49/270/131
f 161/200/132 153/196/132 49/270/132 51/271/132
f 158/195/133 201/244/133 61/26/133 50/269/133
f 165/204/134 161/200/134 51/271/134 52/272/134
f 182/220/135 165/204/135 52/272/135 56/273/135
f 169/212/136 174/211/136 54/274/136 53/275/136
f 198/236/137 169/212/137 53/275/137 60/23/137
f 174/211/138 178/216/138 55/276/138 54/274/138
f 178/216/139 182/220/139 56/273/139 55/276/139
f 185/268/140 221/267/140 70/277/140 57/278/140
f 226/253/141 185/268/141 57/278/141 73/279/141
f 190/227/142 194/232/142 59/21/142 58/20/142
f 702/228/143 190/227/143 58/20/143 683/280/143
f 194/232/144 198/236/144 60/23/144 59/21/144
f 201/244/145 206/243/145 62/27/145 61/26/145
f 206/243/146 210/81/146 63/29/146 62/27/146
f 601/260/147 217/252/147 66/281/147 592/282/147
f 214/251/141 226/253/141 73/279/141 64/283/141
f 217/252/147 214/251/147 64/283/147 66/281/147
f 230/284/148 233/285/148 235/286/148 232/287/148
f 232/287/149 235/286/149 236/288/149 231/289/149
f 231/289/150 236/288/150 234/290/150 229/291/150
f 238/292/151 230/284/151 232/287/151 240/293/151
f 240/293/152 232/287/152 231/289/152 239/294/152
f 239/294/153 231/289/153 229/291/153 237/295/153
f 242/296/154 238/292/154 240/293/154 244/297/154
f 244/297/155 240/293/155 239/294/155 243/298/155
f 243/298/156 239/294/156 237/295/156 241/299/156
f 246/300/157 249/301/157 251/302/157 248/303/157
f 248/303/158 251/302/158 252/304/158 247/305/158
f 247/305/159 252/304/159 250/306/159 245/307/159
f 249/301/160 253/308/160 255/309/160 251/302/160
f 251/302/161 255/309/161 256/310/161 252/304/161
f 252/304/162 256/310/162 254/311/162 250/306/162
f 253/308/163 257/312/163 259/313/163 255/309/163
f 255/309/164 259/313/164 260/314/164 256/310/164
f 256/310/165 260/314/165 258/315/165 254/311/165
f 689/316/166 265/317/166 267/318/166 703/319/166
f 703/319/167 267/318/167 268/320/167 704/321/167
f 704/321/168 268/320/168 266/322/168 705/323/168
f 265/317/169 269/324/169 271/325/169 267/318/169
f 267/318/170 271/325/170 272/326/170 268/320/170
f 268/320/171 272/326/171 270/327/171 266/322/171
f 269/324/172 273/328/172 275/329/172 271/325/172
f 271/325/173 275/329/173 276/330/173 272/326/173
f 272/326/174 276/330/174 274/331/174 270/327/174
f 278/332/175 281/333/175 283/334/175 280/335/175
f 280/335/176 283/334/176 284/336/176 279/337/176
f 279/337/177 284/336/177 282/338/177 277/339/177
f 281/333/178 285/31/178 287/34/178 283/334/178
f 283/334/179 287/34/179 288/340/179 284/336/179
f 284/336/180 288/340/180 286/341/180 282/338/180
f 294/342/11 289/343/11 291/344/11 296/345/11
f 296/345/181 291/344/181 292/346/181 295/347/181
f 295/347/182 292/346/182 290/348/182 293/349/182
f 241/299/183 258/315/183 260/314/183 243/298/183
f 243/298/184 260/314/184 259/313/184 244/297/184
f 244/297/185 259/313/185 257/312/185 242/296/185
f 245/307/186 274/331/186 276/330/186 247/305/186
f 247/305/187 276/330/187 275/329/187 248/303/187
f 248/303/188 275/329/188 273/328/188 246/300/188
f 302/350/189 290/348/189 292/346/189 304/351/189
f 304/351/190 292/346/190 291/344/190 303/352/190
f 303/352/191 291/344/191 289/343/191 301/353/191
f 277/339/192 234/290/192 236/288/192 279/337/192
f 279/337/193 236/288/193 235/286/193 280/335/193
f 280/335/194 235/286/194 233/285/194 278/332/194
f 602/354/11 294/342/11 296/345/11 603/355/11
f 603/355/181 296/345/181 295/347/181 604/356/181
f 604/356/182 295/347/182 293/349/182 605/357/182
f 262/358/195 298/359/195 300/360/195 264/361/195
f 264/361/167 300/360/167 299/362/167 263/363/167
f 263/363/168 299/362/168 297/364/168 261/365/168
f 261/365/189 302/350/189 304/351/189 263/363/189
f 263/363/190 304/351/190 303/352/190 264/361/190
f 264/361/191 303/352/191 301/353/191 262/358/191
f 229/291/196 234/290/196 157/190/196 154/189/196
f 237/295/197 229/291/197 154/189/197 162/197/197
f 234/290/198 277/339/198 202/237/198 157/190/198
f 241/299/199 237/295/199 162/197/199 166/201/199
f 258/315/200 241/299/200 166/201/200 181/217/200
f 245/307/201 250/306/201 173/206/201 170/205/201
f 274/331/202 245/307/202 170/205/202 197/233/202
f 250/306/203 254/311/203 177/213/203 173/206/203
f 254/311/204 258/315/204 181/217/204 177/213/204
f 261/365/205 297/364/205 222/262/205 186/261/205
f 302/350/206 261/365/206 186/261/206 225/256/206
f 705/323/205 266/322/205 189/222/205 688/221/205
f 266/322/207 270/327/207 193/229/207 189/222/207
f 270/327/208 274/331/208 197/233/208 193/229/208
f 277/339/209 282/338/209 205/238/209 202/237/209
f 282/338/210 286/341/210 209/88/210 205/238/210
f 605/357/211 293/349/211 218/245/211 598/257/211
f 293/349/211 290/348/211 213/246/211 218/245/211
f 290/348/206 302/350/206 225/256/206 213/246/206
f 306/366/212 309/367/212 311/368/212 308/369/212
f 308/369/213 311/368/213 312/370/213 307/371/213
f 307/371/214 312/370/214 310/372/214 305/373/214
f 314/374/215 306/366/215 308/369/215 316/375/215
f 316/375/216 308/369/216 307/371/216 315/376/216
f 315/376/217 307/371/217 305/373/217 313/377/217
f 318/378/218 314/374/218 316/375/218 320/379/218
f 320/379/219 316/375/219 315/376/219 319/380/219
f 319/380/220 315/376/220 313/377/220 317/381/220
f 322/382/221 325/383/221 327/384/221 324/385/221
f 324/385/222 327/384/222 328/386/222 323/387/222
f 323/387/223 328/386/223 326/388/223 321/389/223
f 325/383/224 329/390/224 331/391/224 327/384/224
f 327/384/225 331/391/225 332/392/225 328/386/225
f 328/386/226 332/392/226 330/393/226 326/388/226
f 329/390/227 333/394/227 335/395/227 331/391/227
f 331/391/228 335/395/228 336/396/228 332/392/228
f 332/392/229 336/396/229 334/397/229 330/393/229
f 690/398/230 341/399/230 343/400/230 706/401/230
f 706/401/231 343/400/231 344/402/231 707/403/231
f 707/403/232 344/402/232 342/404/232 708/405/232
f 341/399/233 345/406/233 347/407/233 343/400/233
f 343/400/234 347/407/234 348/408/234 344/402/234
f 344/402/235 348/408/235 346/409/235 342/404/235
f 345/406/236 349/410/236 351/411/236 347/407/236
f 347/407/237 351/411/237 352/412/237 348/408/237
f 348/408/238 352/412/238 350/413/238 346/409/238
f 354/414/239 357/415/239 359/416/239 356/417/239
f 356/417/240 359/416/240 360/418/240 355/419/240
f 355/419/241 360/418/241 358/420/241 353/421/241
f 357/415/242 361/422/242 363/423/242 359/416/242
f 359/416/243 363/423/243 364/424/243 360/418/243
f 360/418/244 364/424/244 362/425/244 358/420/244
f 370/426/245 365/427/245 367/428/245 372/429/245
f 372/429/246 367/428/246 368/430/246 371/431/246
f 371/431/247 368/430/247 366/432/247 369/433/247
f 317/381/248 334/397/248 336/396/248 319/380/248
f 319/380/249 336/396/249 335/395/249 320/379/249
f 320/379/250 335/395/250 333/394/250 318/378/250
f 321/389/251 350/413/251 352/412/251 323/387/251
f 323/387/252 352/412/252 351/411/252 324/385/252
f 324/385/253 351/411/253 349/410/253 322/382/253
f 378/434/254 366/432/254 368/430/254 380/435/254
f 380/435/255 368/430/255 367/428/255 379/436/255
f 379/436/256 367/428/256 365/427/256 377/437/256
f 353/421/257 310/372/257 312/370/257 355/419/257
f 355/419/258 312/370/258 311/368/258 356/417/258
f 356/417/259 311/368/259 309/367/259 354/414/259
f 606/438/245 370/426/245 372/429/245 607/439/245
f 607/439/246 372/429/246 371/431/246 608/440/246
f 608/440/247 371/431/247 369/433/247 609/441/247
f 338/442/230 374/443/230 376/444/230 340/445/230
f 340/445/231 376/444/231 375/446/231 339/447/231
f 339/447/232 375/446/232 373/448/232 337/449/232
f 337/449/254 378/434/254 380/435/254 339/447/254
f 339/447/255 380/435/255 379/436/255 340/445/255
f 340/445/256 379/436/256 377/437/256 338/442/256
f 305/373/260 310/372/260 233/285/260 230/284/260
f 4/56/261 3/55/261 306/366/261 314/374/261
f 3/55/262 1/54/262 309/367/262 306/366/262
f 313/377/263 305/373/263 230/284/263 238/292/263
f 310/372/264 353/421/264 278/332/264 233/285/264
f 1/54/265 18/53/265 354/414/265 309/367/265
f 2/57/266 4/56/266 314/374/266 318/378/266
f 317/381/267 313/377/267 238/292/267 242/296/267
f 9/35/268 2/57/268 318/378/268 333/394/268
f 334/397/269 317/381/269 242/296/269 257/312/269
f 321/389/270 326/388/270 249/301/270 246/300/270
f 25/39/271 10/38/271 322/382/271 349/410/271
f 10/38/272 12/37/272 325/383/272 322/382/272
f 350/413/273 321/389/273 246/300/273 273/328/273
f 326/388/274 330/393/274 253/308/274 249/301/274
f 12/37/275 11/36/275 329/390/275 325/383/275
f 330/393/276 334/397/276 257/312/276 253/308/276
f 11/36/277 9/35/277 333/394/277 329/390/277
f 26/45/278 72/44/278 374/443/278 338/442/278
f 337/449/279 373/448/279 298/359/279 262/358/279
f 76/46/280 26/45/280 338/442/280 377/437/280
f 378/434/281 337/449/281 262/358/281 301/353/281
f 708/405/279 342/404/279 265/317/279 689/316/279
f 684/42/278 28/41/278 341/399/278 690/398/278
f 342/404/282 346/409/282 269/324/282 265/317/282
f 28/41/283 27/40/283 345/406/283 341/399/283
f 346/409/284 350/413/284 273/328/284 269/324/284
f 27/40/285 25/39/285 349/410/285 345/406/285
f 353/421/286 358/420/286 281/333/286 278/332/286
f 18/53/287 20/52/287 357/415/287 354/414/287
f 358/420/288 362/425/288 285/31/288 281/333/288
f 20/52/289 19/51/289 361/422/289 357/415/289
f 593/49/290 68/48/290 370/426/290 606/438/290
f 609/441/291 369/433/291 294/342/291 602/354/291
f 369/433/291 366/432/291 289/343/291 294/342/291
f 68/48/290 17/47/290 365/427/290 370/426/290
f 366/432/281 378/434/281 301/353/281 289/343/281
f 17/47/280 76/46/280 377/437/280 365/427/280
f 381/450/292 384/451/292 385/452/292 383/453/292
f 383/453/293 385/452/293 386/454/293 382/455/293
f 384/451/294 387/456/294 388/457/294 385/452/294
f 385/452/295 388/457/295 389/458/295 386/454/295
f 387/456/296 390/459/296 391/460/296 388/457/296
f 388/457/297 391/460/297 392/461/297 389/458/297
f 393/462/298 396/463/298 397/464/298 395/465/298
f 395/465/299 397/464/299 398/466/299 394/467/299
f 399/468/300 393/462/300 395/465/300 401/469/300
f 401/469/301 395/465/301 394/467/301 400/470/301
f 402/471/302 399/468/302 401/469/302 404/472/302
f 404/472/303 401/469/303 400/470/303 403/473/303
f 432/474/304 408/475/304 409/476/304 434/477/304
f 434/477/305 409/476/305 410/478/305 433/479/305
f 411/480/306 405/481/306 406/482/306 413/483/306
f 413/483/307 406/482/307 407/484/307 412/485/307
f 414/486/308 411/480/308 413/483/308 416/487/308
f 416/487/309 413/483/309 412/485/309 415/488/309
f 417/489/310 420/490/310 421/491/310 419/492/310
f 419/492/311 421/491/311 422/493/311 418/494/311
f 423/495/312 417/489/312 419/492/312 425/496/312
f 425/496/313 419/492/313 418/494/313 424/497/313
f 664/498/314 423/495/314 425/496/314 677/499/314
f 677/499/315 425/496/315 424/497/315 678/500/315
f 390/459/316 402/471/316 404/472/316 391/460/316
f 391/460/317 404/472/317 403/473/317 392/461/317
f 420/490/318 381/450/318 383/453/318 421/491/318
f 421/491/319 383/453/319 382/455/319 422/493/319
f 437/501/320 410/478/320 409/476/320 436/502/320
f 436/502/321 409/476/321 408/475/321 435/503/321
f 415/488/322 398/466/322 397/464/322 416/487/322
f 416/487/323 397/464/323 396/463/323 414/486/323
f 426/504/314 429/505/314 431/506/314 428/507/314
f 428/507/315 431/506/315 430/508/315 427/509/315
f 641/510/304 432/474/304 434/477/304 642/511/304
f 642/511/305 434/477/305 433/479/305 643/512/305
f 427/509/320 437/501/320 436/502/320 428/507/320
f 428/507/321 436/502/321 435/503/321 426/504/321
f 6/72/324 8/71/324 384/451/324 381/450/324
f 21/73/325 6/72/325 381/450/325 420/490/325
f 8/71/326 7/70/326 387/456/326 384/451/326
f 7/70/327 5/69/327 390/459/327 387/456/327
f 5/69/328 14/68/328 402/471/328 390/459/328
f 15/66/329 13/65/329 396/463/329 393/462/329
f 16/67/330 15/66/330 393/462/330 399/468/330
f 13/65/331 30/64/331 414/486/331 396/463/331
f 14/68/332 16/67/332 399/468/332 402/471/332
f 32/63/333 31/62/333 405/481/333 411/480/333
f 624/60/334 71/59/334 432/474/334 641/510/334
f 71/59/334 29/58/334 408/475/334 432/474/334
f 29/58/335 75/80/335 435/503/335 408/475/335
f 30/64/336 32/63/336 411/480/336 414/486/336
f 23/74/337 21/73/337 420/490/337 417/489/337
f 24/75/338 23/74/338 417/489/338 423/495/338
f 653/76/339 24/75/339 423/495/339 664/498/339
f 75/80/335 22/79/335 426/504/335 435/503/335
f 22/79/339 67/78/339 429/505/339 426/504/339
f 443/513/340 438/514/340 440/515/340 445/516/340
f 445/516/341 440/515/341 441/517/341 444/518/341
f 444/518/342 441/517/342 439/519/342 442/520/342
f 447/521/343 443/513/343 445/516/343 449/522/343
f 449/522/344 445/516/344 444/518/344 448/523/344
f 448/523/345 444/518/345 442/520/345 446/524/345
f 451/525/346 447/521/346 449/522/346 453/526/346
f 453/526/347 449/522/347 448/523/347 452/527/347
f 452/527/348 448/523/348 446/524/348 450/528/348
f 459/529/349 454/530/349 456/531/349 461/532/349
f 461/532/350 456/531/350 457/533/350 460/534/350
f 460/534/351 457/533/351 455/535/351 458/536/351
f 454/530/352 462/537/352 464/538/352 456/531/352
f 456/531/353 464/538/353 465/539/353 457/533/353
f 457/533/354 465/539/354 463/540/354 455/535/354
f 462/537/355 466/541/355 468/542/355 464/538/355
f 464/538/356 468/542/356 469/543/356 465/539/356
f 465/539/357 469/543/357 467/544/357 463/540/357
f 475/545/358 506/546/358 508/547/358 477/548/358
f 477/548/359 508/547/359 509/549/359 476/550/359
f 476/550/360 509/549/360 507/551/360 474/552/360
f 471/553/361 478/554/361 480/555/361 473/556/361
f 473/556/362 480/555/362 481/557/362 472/558/362
f 472/558/363 481/557/363 479/559/363 470/560/363
f 478/554/364 482/561/364 484/562/364 480/555/364
f 480/555/365 484/562/365 485/563/365 481/557/365
f 481/557/366 485/563/366 483/564/366 479/559/366
f 491/565/367 486/566/367 488/567/367 493/568/367
f 493/568/368 488/567/368 489/569/368 492/570/368
f 492/570/369 489/569/369 487/571/369 490/572/369
f 486/566/370 494/573/370 496/574/370 488/567/370
f 488/567/371 496/574/371 497/575/371 489/569/371
f 489/569/372 497/575/372 495/576/372 487/571/372
f 613/577/373 502/578/373 504/579/373 614/580/373
f 614/580/374 504/579/374 505/581/374 615/582/374
f 615/582/375 505/581/375 503/583/375 616/584/375
f 466/541/376 451/525/376 453/526/376 468/542/376
f 468/542/377 453/526/377 452/527/377 469/543/377
f 469/543/378 452/527/378 450/528/378 467/544/378
f 438/514/379 491/565/379 493/568/379 440/515/379
f 440/515/380 493/568/380 492/570/380 441/517/380
f 441/517/381 492/570/381 490/572/381 439/519/381
f 511/585/382 475/545/382 477/548/382 513/586/382
f 513/586/383 477/548/383 476/550/383 512/587/383
f 512/587/384 476/550/384 474/552/384 510/588/384
f 482/561/385 459/529/385 461/532/385 484/562/385
f 484/562/386 461/532/386 460/534/386 485/563/386
f 485/563/387 460/534/387 458/536/387 483/564/387
f 502/578/388 498/589/388 500/590/388 504/579/388
f 504/579/389 500/590/389 501/591/389 505/581/389
f 505/581/390 501/591/390 499/592/390 503/583/390
f 693/593/391 471/553/391 473/556/391 710/594/391
f 710/594/392 473/556/392 472/558/392 711/595/392
f 711/595/393 472/558/393 470/560/393 712/596/393
f 498/589/394 511/585/394 513/586/394 500/590/394
f 500/590/395 513/586/395 512/587/395 501/591/395
f 501/591/384 512/587/384 510/588/384 499/592/384
f 422/493/396 382/455/396 439/519/396 490/572/396
f 382/455/397 386/454/397 442/520/397 439/519/397
f 386/454/398 389/458/398 446/524/398 442/520/398
f 389/458/399 392/461/399 450/528/399 446/524/399
f 392/461/400 403/473/400 467/544/400 450/528/400
f 400/470/401 394/467/401 455/535/401 463/540/401
f 394/467/402 398/466/402 458/536/402 455/535/402
f 483/564/403 458/536/403 398/466/403 415/488/403
f 403/473/404 400/470/404 463/540/404 467/544/404
f 643/512/405 433/479/405 507/551/405 647/597/405
f 412/485/406 407/484/406 470/560/406 479/559/406
f 510/588/407 474/552/407 410/478/407 437/501/407
f 433/479/405 410/478/405 474/552/405 507/551/405
f 415/488/408 412/485/408 479/559/408 483/564/408
f 424/497/409 418/494/409 487/571/409 495/576/409
f 418/494/410 422/493/410 490/572/410 487/571/410
f 678/500/411 424/497/411 495/576/411 667/598/411
f 499/592/407 510/588/407 437/501/407 427/509/407
f 427/509/411 430/508/411 503/583/411 499/592/411
f 515/599/412 518/600/412 520/601/412 517/602/412
f 517/602/413 520/601/413 521/603/413 516/604/413
f 516/604/414 521/603/414 519/605/414 514/606/414
f 518/600/415 522/607/415 524/608/415 520/601/415
f 520/601/416 524/608/416 525/609/416 521/603/416
f 521/603/417 525/609/417 523/610/417 519/605/417
f 522/607/418 526/611/418 528/612/418 524/608/418
f 524/608/419 528/612/419 529/613/419 525/609/419
f 525/609/420 529/613/420 527/614/420 523/610/420
f 531/615/421 534/616/421 536/617/421 533/618/421
f 533/618/422 536/617/422 537/619/422 532/620/422
f 532/620/423 537/619/423 535/621/423 530/622/423
f 539/623/424 531/615/424 533/618/424 541/624/424
f 541/624/425 533/618/425 532/620/425 540/625/425
f 540/625/426 532/620/426 530/622/426 538/626/426
f 543/627/427 539/623/427 541/624/427 545/628/427
f 545/628/428 541/624/428 540/625/428 544/629/428
f 544/629/429 540/625/429 538/626/429 542/630/429
f 583/631/430 550/632/430 552/633/430 585/634/430
f 585/634/431 552/633/431 553/635/431 584/636/431
f 584/636/432 553/635/432 551/637/432 582/638/432
f 555/639/433 546/640/433 548/641/433 557/642/433
f 557/642/434 548/641/434 549/643/434 556/644/434
f 556/644/435 549/643/435 547/645/435 554/646/435
f 559/647/436 555/639/436 557/642/436 561/648/436
f 561/648/437 557/642/437 556/644/437 560/649/437
f 560/649/438 556/644/438 554/646/438 558/650/438
f 563/651/439 566/652/439 568/653/439 565/654/439
f 565/654/440 568/653/440 569/655/440 564/656/440
f 564/656/441 569/655/441 567/657/441 562/658/441
f 571/659/442 563/651/442 565/654/442 573/660/442
f 573/660/443 565/654/443 564/656/443 572/661/443
f 572/661/444 564/656/444 562/658/444 570/662/444
f 668/663/445 571/659/445 573/660/445 680/664/445
f 680/664/446 573/660/446 572/661/446 681/665/446
f 681/665/447 572/661/447 570/662/447 682/666/447
f 526/611/448 543/627/448 545/628/448 528/612/448
f 528/612/449 545/628/449 544/629/449 529/613/449
f 529/613/450 544/629/450 542/630/450 527/614/450
f 566/652/451 515/599/451 517/602/451 568/653/451
f 568/653/452 517/602/452 516/604/452 569/655/452
f 569/655/453 516/604/453 514/606/453 567/657/453
f 587/667/454 551/637/454 553/635/454 589/668/454
f 589/668/455 553/635/455 552/633/455 588/669/455
f 588/669/456 552/633/456 550/632/456 586/670/456
f 558/650/457 535/621/457 537/619/457 560/649/457
f 560/649/458 537/619/458 536/617/458 561/648/458
f 561/648/459 536/617/459 534/616/459 559/647/459
f 575/671/460 579/672/460 581/673/460 577/674/460
f 577/674/461 581/673/461 580/675/461 576/676/461
f 576/676/462 580/675/462 578/677/462 574/678/462
f 648/679/463 583/631/463 585/634/463 649/680/463
f 649/680/464 585/634/464 584/636/464 650/681/464
f 650/681/465 584/636/465 582/638/465 651/682/465
f 574/678/454 587/667/454 589/668/454 576/676/454
f 576/676/455 589/668/455 588/669/455 577/674/455
f 577/674/466 588/669/466 586/670/466 575/671/466
f 438/514/467 443/513/467 518/600/467 515/599/467
f 514/606/468 519/605/468 81/91/468 78/90/468
f 491/565/469 438/514/469 515/599/469 566/652/469
f 567/657/470 514/606/470 78/90/470 129/143/470
f 519/605/471 523/610/471 85/98/471 81/91/471
f 443/513/472 447/521/472 522/607/472 518/600/472
f 523/610/473 527/614/473 89/102/473 85/98/473
f 447/521/474 451/525/474 526/611/474 522/607/474
f 527/614/475 542/630/475 106/118/475 89/102/475
f 451/525/476 466/541/476 543/627/476 526/611/476
f 454/530/477 459/529/477 534/616/477 531/615/477
f 530/622/478 535/621/478 97/107/478 94/106/478
f 462/537/479 454/530/479 531/615/479 539/623/479
f 538/626/480 530/622/480 94/106/480 102/114/480
f 535/621/481 558/650/481 122/138/481 97/107/481
f 459/529/482 482/561/482 559/647/482 534/616/482
f 466/541/483 462/537/483 539/623/483 543/627/483
f 542/630/484 538/626/484 102/114/484 106/118/484
f 478/554/485 471/553/485 546/640/485 555/639/485
f 651/682/486 582/638/486 146/122/486 625/170/486
f 554/646/487 547/645/487 109/131/487 118/130/487
f 644/683/488 506/546/488 583/631/488 648/679/488
f 506/546/488 475/545/488 550/632/488 583/631/488
f 551/637/489 587/667/489 149/161/489 113/123/489
f 582/638/486 551/637/486 113/123/486 146/122/486
f 475/545/490 511/585/490 586/670/490 550/632/490
f 482/561/491 478/554/491 555/639/491 559/647/491
f 558/650/492 554/646/492 118/130/492 122/138/492
f 486/566/493 491/565/493 566/652/493 563/651/493
f 562/658/494 567/657/494 129/143/494 126/142/494
f 494/573/495 486/566/495 563/651/495 571/659/495
f 570/662/496 562/658/496 126/142/496 134/150/496
f 679/684/497 494/573/497 571/659/497 668/663/497
f 682/666/498 570/662/498 134/150/498 654/154/498
f 498/589/497 502/578/497 579/672/497 575/671/497
f 574/678/498 578/677/498 142/163/498 138/162/498
f 511/585/490 498/589/490 575/671/490 586/670/490
f 587/667/489 574/678/489 138/162/489 149/161/489
f 578/677/498 620/685/498 594/686/498 142/163/498
f 502/578/497 613/577/497 617/687/497 579/672/497
f 580/675/499 619/688/499 620/685/499 578/677/499
f 581/673/500 618/689/500 619/688/500 580/675/500
f 579/672/501 617/687/501 618/689/501 581/673/501
f 430/508/411 612/690/411 616/584/411 503/583/411
f 666/691/502 615/582/502 616/584/502 667/598/502
f 665/692/503 614/580/503 615/582/503 666/691/503
f 679/684/504 613/577/504 614/580/504 665/692/504
f 67/78/339 591/77/339 610/693/339 429/505/339
f 431/506/315 611/694/315 612/690/315 430/508/315
f 429/505/314 610/693/314 611/694/314 431/506/314
f 663/695/291 609/441/291 602/354/291 675/32/291
f 670/50/290 593/49/290 606/438/290 676/696/290
f 662/697/247 608/440/247 609/441/247 663/695/247
f 661/698/246 607/439/246 608/440/246 662/697/246
f 676/696/245 606/438/245 607/439/245 661/698/245
f 660/699/211 605/357/211 598/257/211 674/89/211
f 659/700/182 604/356/182 605/357/182 660/699/182
f 658/33/181 603/355/181 604/356/181 659/700/181
f 675/32/11 602/354/11 603/355/11 658/33/11
f 657/82/147 601/260/147 592/282/147 669/83/147
f 656/85/18 600/259/18 601/260/18 657/82/18
f 655/87/19 599/258/19 600/259/19 656/85/19
f 674/89/20 598/257/20 599/258/20 655/87/20
f 141/168/85 597/701/85 590/702/85 65/187/85
f 143/166/56 596/703/56 597/701/56 141/168/56
f 144/164/55 595/704/55 596/703/55 143/166/55
f 142/163/54 594/686/54 595/704/54 144/164/54
f 693/593/488 644/683/488 648/679/488 713/705/488
f 696/706/486 651/682/486 625/170/486 699/707/486
f 695/708/505 650/681/505 651/682/505 696/706/505
f 694/709/506 649/680/506 650/681/506 695/708/506
f 713/705/507 648/679/507 649/680/507 694/709/507
f 692/710/405 643/512/405 647/597/405 712/596/405
f 509/549/508 646/711/508 647/597/508 507/551/508
f 508/547/509 645/712/509 646/711/509 509/549/509
f 506/546/510 644/683/510 645/712/510 508/547/510
f 698/61/334 624/60/334 641/510/334 709/713/334
f 691/714/305 642/511/305 643/512/305 692/710/305
f 709/713/304 641/510/304 642/511/304 691/714/304
f 72/44/278 622/43/278 637/715/278 374/443/278
f 373/448/279 640/716/279 633/717/279 298/359/279
f 375/446/232 639/718/232 640/716/232 373/448/232
f 376/444/231 638/719/231 639/718/231 375/446/231
f 374/443/230 637/715/230 638/719/230 376/444/230
f 297/364/205 636/720/205 629/721/205 222/262/205
f 299/362/168 635/722/168 636/720/168 297/364/168
f 300/360/167 634/723/167 635/722/167 299/362/167
f 298/359/195 633/717/195 634/723/195 300/360/195
f 221/267/140 632/724/140 621/725/140 70/277/140
f 223/265/106 631/726/106 632/724/106 221/267/106
f 224/263/105 630/727/105 631/726/105 223/265/105
f 222/262/104 629/721/104 630/727/104 224/263/104
f 687/728/79 628/173/79 623/183/79 697/729/79
f 686/730/41 627/172/41 628/173/41 687/728/41
f 685/731/40 626/171/40 627/172/40 686/730/40
f 699/707/39 625/170/39 626/171/39 685/731/39
f 287/34/181 658/33/181 659/700/181 288/340/181
f 288/340/182 659/700/182 660/699/182 286/341/182
f 286/341/211 660/699/211 674/89/211 209/88/211
f 361/422/245 676/696/245 661/698/245 363/423/245
f 363/423/246 661/698/246 662/697/246 364/424/246
f 364/424/247 662/697/247 663/695/247 362/425/247
f 19/51/290 670/50/290 676/696/290 361/422/290
f 362/425/291 663/695/291 675/32/291 285/31/291
f 494/573/511 679/684/511 665/692/511 496/574/511
f 496/574/512 665/692/512 666/691/512 497/575/512
f 497/575/513 666/691/513 667/598/513 495/576/513
f 620/685/498 682/666/498 654/154/498 594/686/498
f 613/577/497 679/684/497 668/663/497 617/687/497
f 619/688/514 681/665/514 682/666/514 620/685/514
f 618/689/515 680/664/515 681/665/515 619/688/515
f 617/687/516 668/663/516 680/664/516 618/689/516
f 612/690/411 678/500/411 667/598/411 616/584/411
f 591/77/339 653/76/339 664/498/339 610/693/339
f 611/694/315 677/499/315 678/500/315 612/690/315
f 610/693/314 664/498/314 677/499/314 611/694/314
f 597/701/85 673/157/85 652/186/85 590/702/85
f 596/703/56 672/156/56 673/157/56 597/701/56
f 595/704/55 671/155/55 672/156/55 596/703/55
f 594/686/54 654/154/54 671/155/54 595/704/54
f 109/131/39 699/707/39 685/731/39 111/132/39
f 111/132/40 685/731/40 686/730/40 112/134/40
f 112/134/41 686/730/41 687/728/41 110/136/41
f 110/136/517 687/728/517 697/729/517 41/19/517
f 405/481/304 709/713/304 691/714/304 406/482/304
f 406/482/305 691/714/305 692/710/305 407/484/305
f 31/62/334 698/61/334 709/713/334 405/481/334
f 407/484/405 692/710/405 712/596/405 470/560/405
f 546/640/518 713/705/518 694/709/518 548/641/518
f 548/641/519 694/709/519 695/708/519 549/643/519
f 549/643/520 695/708/520 696/706/520 547/645/520
f 547/645/486 696/706/486 699/707/486 109/131/486
f 471/553/488 693/593/488 713/705/488 546/640/488
f 646/711/521 711/595/521 712/596/521 647/597/521
f 645/712/522 710/594/522 711/595/522 646/711/522
f 644/683/523 693/593/523 710/594/523 645/712/523
f 622/43/278 684/42/278 690/398/278 637/715/278
f 640/716/279 708/405/279 689/316/279 633/717/279
f 639/718/232 707/403/232 708/405/232 640/716/232
f 638/719/231 706/401/231 707/403/231 639/718/231
f 637/715/230 690/398/230 706/401/230 638/719/230
f 636/720/205 705/323/205 688/221/205 629/721/205
f 635/722/168 704/321/168 705/323/168 636/720/168
f 634/723/167 703/319/167 704/321/167 635/722/167
f 633/717/166 689/316/166 703/319/166 634/723/166
f 632/724/140 702/228/140 683/280/140 621/725/140
f 631/726/106 701/226/106 702/228/106 632/724/106
f 630/727/105 700/224/105 701/226/105 631/726/105
f 629/721/104 688/221/104 700/224/104 630/727/104
f 1382/729/524 750/19/524 763/20/524 1368/280/524
f 750/19/525 752/22/525 764/21/525 763/20/525
f 754/28/526 756/30/526 768/29/526 767/27/526
f 970/31/527 972/34/527 1343/33/527 1360/32/527
f 1769/35/528 1765/57/528 1764/56/528 1762/55/528 1763/54/528 1774/53/528 1775/52/528 1776/51/528 1783/50/528 1780/49/528 1777/48/528 1778/47/528 1779/46/528 1781/45/528 1782/44/528 1784/43/528 1770/42/528 1771/41/528 1772/40/528 1773/39/528 1766/38/528 1767/37/528 1768/36/528
f 759/10/529 761/17/529 749/18/529 747/9/529
f 766/26/530 758/1/530 746/2/530 755/25/530
f 742/58/531 780/80/531 735/79/531 772/78/531 1276/77/531 1338/76/531 737/75/531 736/74/531 734/73/531 719/72/531 721/71/531 720/70/531 718/69/531 727/68/531 729/67/531 728/66/531 726/65/531 743/64/531 745/63/531 744/62/531 1383/61/531 1309/60/531 776/59/531
f 760/12/532 765/23/532 753/24/532 748/11/532
f 895/81/533 768/29/533 1354/83/533 1342/82/533
f 897/84/534 895/81/534 1342/82/534 1341/85/534
f 896/86/535 897/84/535 1341/85/535 1340/87/535
f 894/88/536 896/86/536 1340/87/536 1359/89/536
f 786/91/537 787/92/537 789/99/537 788/98/537
f 787/92/538 1421/94/538 1422/100/538 789/99/538
f 800/114/539 801/115/539 795/109/539 794/106/539
f 801/115/540 1424/116/540 1423/111/540 795/109/540
f 843/122/541 845/125/541 812/124/541 810/123/541
f 845/125/542 844/127/542 813/126/542 812/124/542
f 844/127/543 842/129/543 811/128/543 813/126/543
f 815/130/544 817/133/544 808/132/544 806/131/544
f 817/133/545 816/135/545 809/134/545 808/132/545
f 816/135/546 814/137/546 807/136/546 809/134/546
f 831/150/547 833/151/547 825/145/547 823/142/547
f 833/151/548 832/152/548 824/147/548 825/145/548
f 832/152/549 830/153/549 822/149/549 824/147/549
f 1339/154/550 1356/155/550 833/151/550 831/150/550
f 1356/155/551 1357/156/551 832/152/551 833/151/551
f 1357/156/552 1358/157/552 830/153/552 832/152/552
f 790/102/553 792/103/553 805/119/553 803/118/553
f 792/103/554 793/104/554 804/120/554 805/119/554
f 826/143/555 828/144/555 785/93/555 783/90/555
f 828/144/556 829/146/556 784/95/556 785/93/556
f 847/158/557 849/159/557 813/126/557 811/128/557
f 849/159/558 848/160/558 812/124/558 813/126/558
f 848/160/559 846/161/559 810/123/559 812/124/559
f 820/140/560 821/139/560 798/108/560 799/110/560
f 821/139/561 819/138/561 796/107/561 798/108/561
f 835/162/562 837/165/562 841/164/562 839/163/562
f 837/165/563 836/167/563 840/166/563 841/164/563
f 836/167/564 834/169/564 838/168/564 840/166/564
f 1310/170/565 1311/171/565 845/125/565 843/122/565
f 1311/171/566 1312/172/566 844/127/566 845/125/566
f 1312/172/567 1313/173/567 842/129/567 844/127/567
f 834/169/568 836/167/568 849/159/568 847/158/568
f 836/167/569 837/165/569 848/160/569 849/159/569
f 837/165/570 835/162/570 846/161/570 848/160/570
f 827/148/571 755/25/571 746/175/571 782/97/571
f 791/105/572 747/177/572 749/178/572 802/121/572
f 797/112/573 748/179/573 753/24/573 818/141/573
f 814/137/574 752/22/574 750/19/574 807/136/574
f 1313/173/575 1308/183/575 774/182/575 842/129/575
f 811/128/576 751/185/576 779/184/576 847/158/576
f 842/129/577 774/182/577 751/185/577 811/128/577
f 830/153/578 756/30/578 754/28/578 822/149/578
f 1358/157/579 1337/186/579 756/30/579 830/153/579
f 834/169/580 757/188/580 770/187/580 838/168/580
f 847/158/581 779/184/581 757/188/581 834/169/581
f 855/197/582 1426/198/582 1425/192/582 850/189/582
f 864/206/583 1427/207/583 1428/214/583 865/213/583
f 1373/221/584 1385/224/584 876/223/584 874/222/584
f 1385/224/585 1386/226/585 877/225/585 876/223/585
f 1386/226/586 1387/228/586 875/227/586 877/225/586
f 874/222/587 876/223/587 880/230/587 878/229/587
f 876/223/588 877/225/588 881/231/588 880/230/588
f 877/225/589 875/227/589 879/232/589 881/231/589
f 890/238/590 892/239/590 896/86/590 894/88/590
f 892/239/591 893/241/591 897/84/591 896/86/591
f 893/241/592 891/243/592 895/81/592 897/84/592
f 903/245/593 905/248/593 900/247/593 898/246/593
f 905/248/594 904/250/594 901/249/594 900/247/594
f 904/250/595 902/252/595 899/251/595 901/249/595
f 856/204/596 858/203/596 869/219/596 867/220/596
f 858/203/597 859/202/597 868/218/597 869/219/597
f 859/202/598 857/201/598 866/217/598 868/218/598
f 860/212/599 862/210/599 885/235/599 883/236/599
f 862/210/600 863/208/600 884/234/600 885/235/600
f 863/208/601 861/205/601 882/233/601 884/234/601
f 911/253/602 913/254/602 901/249/602 899/251/602
f 913/254/603 912/255/603 900/247/603 901/249/603
f 912/255/604 910/256/604 898/246/604 900/247/604
f 886/244/605 888/242/605 854/193/605 852/195/605
f 888/242/606 889/240/606 853/191/606 854/193/606
f 889/240/607 887/237/607 851/190/607 853/191/607
f 1283/257/608 1284/258/608 905/248/608 903/245/608
f 1284/258/609 1285/259/609 904/250/609 905/248/609
f 1285/259/610 1286/260/610 902/252/610 904/250/610
f 871/261/611 873/264/611 909/263/611 907/262/611
f 873/264/612 872/266/612 908/265/612 909/263/612
f 872/266/613 870/268/613 906/267/613 908/265/613
f 870/268/614 872/266/614 913/254/614 911/253/614
f 872/266/615 873/264/615 912/255/615 913/254/615
f 873/264/616 871/261/616 910/256/616 912/255/616
f 852/195/617 758/269/617 766/26/617 886/244/617
f 867/220/618 761/273/618 759/272/618 856/204/618
f 883/236/619 765/23/619 760/275/619 860/212/619
f 870/268/620 762/278/620 775/277/620 906/267/620
f 911/253/621 778/279/621 762/278/621 870/268/621
f 875/227/622 763/20/622 764/21/622 879/232/622
f 1387/228/623 1368/280/623 763/20/623 875/227/623
f 891/243/624 767/27/624 768/29/624 895/81/624
f 1286/260/625 1277/282/625 771/281/625 902/252/625
f 899/251/626 769/283/626 778/279/626 911/253/626
f 902/252/627 771/281/627 769/283/627 899/251/627
f 915/284/628 917/287/628 920/286/628 918/285/628
f 923/292/629 925/293/629 917/287/629 915/284/629
f 925/293/630 924/294/630 916/289/630 917/287/630
f 924/294/631 922/295/631 914/291/631 916/289/631
f 927/296/632 929/297/632 925/293/632 923/292/632
f 931/300/633 933/303/633 936/302/633 934/301/633
f 934/301/634 936/302/634 940/309/634 938/308/634
f 936/302/635 937/304/635 941/310/635 940/309/635
f 937/304/636 935/306/636 939/311/636 941/310/636
f 938/308/637 940/309/637 944/313/637 942/312/637
f 1374/316/638 1388/319/638 952/318/638 950/317/638
f 1388/319/639 1389/321/639 953/320/639 952/318/639
f 1389/321/640 1390/323/640 951/322/640 953/320/640
f 950/317/641 952/318/641 956/325/641 954/324/641
f 952/318/642 953/320/642 957/326/642 956/325/642
f 953/320/643 951/322/643 955/327/643 957/326/643
f 954/324/644 956/325/644 960/329/644 958/328/644
f 963/332/645 965/335/645 968/334/645 966/333/645
f 966/333/646 968/334/646 972/34/646 970/31/646
f 968/334/647 969/336/647 973/340/647 972/34/647
f 969/336/648 967/338/648 971/341/648 973/340/648
f 979/342/649 981/345/649 976/344/649 974/343/649
f 981/345/650 980/347/650 977/346/650 976/344/650
f 980/347/651 978/349/651 975/348/651 977/346/651
f 926/299/652 928/298/652 945/314/652 943/315/652
f 928/298/653 929/297/653 944/313/653 945/314/653
f 929/297/654 927/296/654 942/312/654 944/313/654
f 930/307/655 932/305/655 961/330/655 959/331/655
f 932/305/656 933/303/656 960/329/656 961/330/656
f 933/303/657 931/300/657 958/328/657 960/329/657
f 987/350/658 989/351/658 977/346/658 975/348/658
f 989/351/659 988/352/659 976/344/659 977/346/659
f 988/352/660 986/353/660 974/343/660 976/344/660
f 962/339/661 964/337/661 921/288/661 919/290/661
f 964/337/662 965/335/662 920/286/662 921/288/662
f 965/335/663 963/332/663 918/285/663 920/286/663
f 1287/354/664 1288/355/664 981/345/664 979/342/664
f 1288/355/665 1289/356/665 980/347/665 981/345/665
f 1289/356/666 1290/357/666 978/349/666 980/347/666
f 947/358/667 949/361/667 985/360/667 983/359/667
f 949/361/668 948/363/668 984/362/668 985/360/668
f 948/363/669 946/365/669 982/364/669 984/362/669
f 946/365/670 948/363/670 989/351/670 987/350/670
f 948/363/671 949/361/671 988/352/671 989/351/671
f 949/361/672 947/358/672 986/353/672 988/352/672
f 922/295/673 855/197/673 850/189/673 914/291/673
f 919/290/674 851/190/674 887/237/674 962/339/674
f 943/315/675 866/217/675 857/201/675 926/299/675
f 959/331/676 882/233/676 861/205/676 930/307/676
f 935/306/677 864/206/677 865/213/677 939/311/677
f 946/365/678 871/261/678 907/262/678 982/364/678
f 987/350/679 910/256/679 871/261/679 946/365/679
f 1390/323/680 1373/221/680 874/222/680 951/322/680
f 951/322/681 874/222/681 878/229/681 955/327/681
f 967/338/682 890/238/682 894/88/682 971/341/682
f 1290/357/683 1283/257/683 903/245/683 978/349/683
f 978/349/684 903/245/684 898/246/684 975/348/684
f 975/348/685 898/246/685 910/256/685 987/350/685
f 991/366/686 993/369/686 996/368/686 994/367/686
f 993/369/687 992/371/687 997/370/687 996/368/687
f 992/371/688 990/373/688 995/372/688 997/370/688
f 999/374/689 1001/375/689 993/369/689 991/366/689
f 1001/375/690 1000/376/690 992/371/690 993/369/690
f 1000/376/691 998/377/691 990/373/691 992/371/691
f 1003/378/692 1005/379/692 1001/375/692 999/374/692
f 1005/379/693 1004/380/693 1000/376/693 1001/375/693
f 1004/380/694 1002/381/694 998/377/694 1000/376/694
f 1007/382/695 1009/385/695 1012/384/695 1010/383/695
f 1009/385/696 1008/387/696 1013/386/696 1012/384/696
f 1008/387/697 1006/389/697 1011/388/697 1013/386/697
f 1010/383/698 1012/384/698 1016/391/698 1014/390/698
f 1012/384/699 1013/386/699 1017/392/699 1016/391/699
f 1013/386/700 1011/388/700 1015/393/700 1017/392/700
f 1014/390/701 1016/391/701 1020/395/701 1018/394/701
f 1016/391/702 1017/392/702 1021/396/702 1020/395/702
f 1017/392/703 1015/393/703 1019/397/703 1021/396/703
f 1375/398/704 1391/401/704 1028/400/704 1026/399/704
f 1391/401/705 1392/403/705 1029/402/705 1028/400/705
f 1392/403/706 1393/405/706 1027/404/706 1029/402/706
f 1026/399/707 1028/400/707 1032/407/707 1030/406/707
f 1028/400/708 1029/402/708 1033/408/708 1032/407/708
f 1029/402/709 1027/404/709 1031/409/709 1033/408/709
f 1030/406/710 1032/407/710 1036/411/710 1034/410/710
f 1032/407/711 1033/408/711 1037/412/711 1036/411/711
f 1033/408/712 1031/409/712 1035/413/712 1037/412/712
f 1039/414/713 1041/417/713 1044/416/713 1042/415/713
f 1041/417/714 1040/419/714 1045/418/714 1044/416/714
f 1040/419/715 1038/421/715 1043/420/715 1045/418/715
f 1042/415/716 1044/416/716 1048/423/716 1046/422/716
f 1044/416/717 1045/418/717 1049/424/717 1048/423/717
f 1045/418/718 1043/420/718 1047/425/718 1049/424/718
f 1055/426/719 1057/429/719 1052/428/719 1050/427/719
f 1057/429/720 1056/431/720 1053/430/720 1052/428/720
f 1056/431/721 1054/433/721 1051/432/721 1053/430/721
f 1002/381/722 1004/380/722 1021/396/722 1019/397/722
f 1004/380/723 1005/379/723 1020/395/723 1021/396/723
f 1005/379/724 1003/378/724 1018/394/724 1020/395/724
f 1006/389/725 1008/387/725 1037/412/725 1035/413/725
f 1008/387/726 1009/385/726 1036/411/726 1037/412/726
f 1009/385/727 1007/382/727 1034/410/727 1036/411/727
f 1063/434/728 1065/435/728 1053/430/728 1051/432/728
f 1065/435/729 1064/436/729 1052/428/729 1053/430/729
f 1064/436/730 1062/437/730 1050/427/730 1052/428/730
f 1038/421/731 1040/419/731 997/370/731 995/372/731
f 1040/419/732 1041/417/732 996/368/732 997/370/732
f 1041/417/733 1039/414/733 994/367/733 996/368/733
f 1291/438/734 1292/439/734 1057/429/734 1055/426/734
f 1292/439/735 1293/440/735 1056/431/735 1057/429/735
f 1293/440/736 1294/441/736 1054/433/736 1056/431/736
f 1023/442/737 1025/445/737 1061/444/737 1059/443/737
f 1025/445/738 1024/447/738 1060/446/738 1061/444/738
f 1024/447/739 1022/449/739 1058/448/739 1060/446/739
f 1022/449/740 1024/447/740 1065/435/740 1063/434/740
f 1024/447/741 1025/445/741 1064/436/741 1065/435/741
f 1025/445/742 1023/442/742 1062/437/742 1064/436/742
f 990/373/743 915/284/743 918/285/743 995/372/743
f 1606/732/744 999/374/744 991/366/744 1608/733/744
f 1608/733/745 991/366/745 994/367/745 1607/734/745
f 998/377/746 923/292/746 915/284/746 990/373/746
f 995/372/747 918/285/747 963/332/747 1038/421/747
f 1607/734/748 994/367/748 1039/414/748 1596/735/748
f 1605/736/749 1003/378/749 999/374/749 1606/732/749
f 1002/381/750 927/296/750 923/292/750 998/377/750
f 1602/737/751 1018/394/751 1003/378/751 1605/736/751
f 1019/397/752 942/312/752 927/296/752 1002/381/752
f 1006/389/753 931/300/753 934/301/753 1011/388/753
f 1598/738/754 1034/410/754 1007/382/754 1604/739/754
f 1604/739/755 1007/382/755 1010/383/755 1603/740/755
f 1035/413/756 958/328/756 931/300/756 1006/389/756
f 1011/388/757 934/301/757 938/308/757 1015/393/757
f 1603/740/758 1010/383/758 1014/390/758 1601/741/758
f 1015/393/759 938/308/759 942/312/759 1019/397/759
f 1601/741/760 1014/390/760 1018/394/760 1602/737/760
f 1600/742/761 1023/442/761 1059/443/761 1590/743/761
f 1022/449/762 947/358/762 983/359/762 1058/448/762
f 1593/744/763 1062/437/763 1023/442/763 1600/742/763
f 1063/434/764 986/353/764 947/358/764 1022/449/764
f 1393/405/765 1374/316/765 950/317/765 1027/404/765
f 1587/745/766 1375/398/766 1026/399/766 1599/746/766
f 1027/404/767 950/317/767 954/324/767 1031/409/767
f 1599/746/768 1026/399/768 1030/406/768 1597/747/768
f 1031/409/769 954/324/769 958/328/769 1035/413/769
f 1597/747/770 1030/406/770 1034/410/770 1598/738/770
f 1038/421/771 963/332/771 966/333/771 1043/420/771
f 1596/735/772 1039/414/772 1042/415/772 1595/748/772
f 1043/420/773 966/333/773 970/31/773 1047/425/773
f 1595/748/774 1042/415/774 1046/422/774 1588/749/774
f 1591/750/775 1291/438/775 1055/426/775 1594/751/775
f 1294/441/776 1287/354/776 979/342/776 1054/433/776
f 1054/433/777 979/342/777 974/343/777 1051/432/777
f 1594/751/778 1055/426/778 1050/427/778 1592/752/778
f 1051/432/779 974/343/779 986/353/779 1063/434/779
f 1592/752/780 1050/427/780 1062/437/780 1593/744/780
f 1066/450/781 1068/453/781 1070/452/781 1069/451/781
f 1068/453/782 1067/455/782 1071/454/782 1070/452/782
f 1069/451/783 1070/452/783 1073/457/783 1072/456/783
f 1070/452/784 1071/454/784 1074/458/784 1073/457/784
f 1072/456/785 1073/457/785 1076/460/785 1075/459/785
f 1073/457/786 1074/458/786 1077/461/786 1076/460/786
f 1078/462/787 1080/465/787 1082/464/787 1081/463/787
f 1080/465/788 1079/467/788 1083/466/788 1082/464/788
f 1084/468/789 1086/469/789 1080/465/789 1078/462/789
f 1086/469/790 1085/470/790 1079/467/790 1080/465/790
f 1087/471/791 1089/472/791 1086/469/791 1084/468/791
f 1089/472/792 1088/473/792 1085/470/792 1086/469/792
f 1117/474/793 1119/477/793 1094/476/793 1093/475/793
f 1119/477/794 1118/479/794 1095/478/794 1094/476/794
f 1096/480/795 1098/483/795 1091/482/795 1090/481/795
f 1098/483/796 1097/485/796 1092/484/796 1091/482/796
f 1099/486/797 1101/487/797 1098/483/797 1096/480/797
f 1101/487/798 1100/488/798 1097/485/798 1098/483/798
f 1102/489/799 1104/492/799 1106/491/799 1105/490/799
f 1104/492/800 1103/494/800 1107/493/800 1106/491/800
f 1108/495/801 1110/496/801 1104/492/801 1102/489/801
f 1110/496/802 1109/497/802 1103/494/802 1104/492/802
f 1349/498/803 1362/499/803 1110/496/803 1108/495/803
f 1362/499/804 1363/500/804 1109/497/804 1110/496/804
f 1075/459/805 1076/460/805 1089/472/805 1087/471/805
f 1076/460/806 1077/461/806 1088/473/806 1089/472/806
f 1105/490/807 1106/491/807 1068/453/807 1066/450/807
f 1106/491/808 1107/493/808 1067/455/808 1068/453/808
f 1122/501/809 1121/502/809 1094/476/809 1095/478/809
f 1121/502/810 1120/503/810 1093/475/810 1094/476/810
f 1100/488/811 1101/487/811 1082/464/811 1083/466/811
f 1101/487/812 1099/486/812 1081/463/812 1082/464/812
f 1111/504/813 1113/507/813 1116/506/813 1114/505/813
f 1113/507/814 1112/509/814 1115/508/814 1116/506/814
f 1326/510/815 1327/511/815 1119/477/815 1117/474/815
f 1327/511/816 1328/512/816 1118/479/816 1119/477/816
f 1112/509/817 1113/507/817 1121/502/817 1122/501/817
f 1113/507/818 1111/504/818 1120/503/818 1121/502/818
f 719/72/819 1066/450/819 1069/451/819 721/71/819
f 734/73/820 1105/490/820 1066/450/820 719/72/820
f 721/71/821 1069/451/821 1072/456/821 720/70/821
f 720/70/822 1072/456/822 1075/459/822 718/69/822
f 718/69/823 1075/459/823 1087/471/823 727/68/823
f 728/66/824 1078/462/824 1081/463/824 726/65/824
f 729/67/825 1084/468/825 1078/462/825 728/66/825
f 726/65/826 1081/463/826 1099/486/826 743/64/826
f 727/68/827 1087/471/827 1084/468/827 729/67/827
f 745/63/828 1096/480/828 1090/481/828 744/62/828
f 1309/60/829 1326/510/829 1117/474/829 776/59/829
f 776/59/830 1117/474/830 1093/475/830 742/58/830
f 742/58/831 1093/475/831 1120/503/831 780/80/831
f 743/64/832 1099/486/832 1096/480/832 745/63/832
f 736/74/833 1102/489/833 1105/490/833 734/73/833
f 737/75/834 1108/495/834 1102/489/834 736/74/834
f 1338/76/835 1349/498/835 1108/495/835 737/75/835
f 780/80/836 1120/503/836 1111/504/836 735/79/836
f 735/79/837 1111/504/837 1114/505/837 772/78/837
f 1128/513/838 1130/516/838 1125/515/838 1123/514/838
f 1130/516/839 1129/518/839 1126/517/839 1125/515/839
f 1129/518/840 1127/520/840 1124/519/840 1126/517/840
f 1132/521/841 1134/522/841 1130/516/841 1128/513/841
f 1134/522/842 1133/523/842 1129/518/842 1130/516/842
f 1133/523/843 1131/524/843 1127/520/843 1129/518/843
f 1136/525/844 1138/526/844 1134/522/844 1132/521/844
f 1138/526/845 1137/527/845 1133/523/845 1134/522/845
f 1137/527/846 1135/528/846 1131/524/846 1133/523/846
f 1144/529/847 1146/532/847 1141/531/847 1139/530/847
f 1146/532/848 1145/534/848 1142/533/848 1141/531/848
f 1145/534/849 1143/536/849 1140/535/849 1142/533/849
f 1139/530/850 1141/531/850 1149/538/850 1147/537/850
f 1141/531/851 1142/533/851 1150/539/851 1149/538/851
f 1142/533/852 1140/535/852 1148/540/852 1150/539/852
f 1147/537/853 1149/538/853 1153/542/853 1151/541/853
f 1149/538/854 1150/539/854 1154/543/854 1153/542/854
f 1150/539/855 1148/540/855 1152/544/855 1154/543/855
f 1160/545/856 1162/548/856 1193/547/856 1191/546/856
f 1162/548/857 1161/550/857 1194/549/857 1193/547/857
f 1161/550/858 1159/552/858 1192/551/858 1194/549/858
f 1156/553/859 1158/556/859 1165/555/859 1163/554/859
f 1158/556/860 1157/558/860 1166/557/860 1165/555/860
f 1157/558/861 1155/560/861 1164/559/861 1166/557/861
f 1163/554/862 1165/555/862 1169/562/862 1167/561/862
f 1165/555/863 1166/557/863 1170/563/863 1169/562/863
f 1166/557/864 1164/559/864 1168/564/864 1170/563/864
f 1176/565/865 1178/568/865 1173/567/865 1171/566/865
f 1178/568/866 1177/570/866 1174/569/866 1173/567/866
f 1177/570/867 1175/572/867 1172/571/867 1174/569/867
f 1171/566/868 1173/567/868 1181/574/868 1179/573/868
f 1173/567/869 1174/569/869 1182/575/869 1181/574/869
f 1174/569/870 1172/571/870 1180/576/870 1182/575/870
f 1298/577/871 1299/580/871 1189/579/871 1187/578/871
f 1299/580/872 1300/582/872 1190/581/872 1189/579/872
f 1300/582/873 1301/584/873 1188/583/873 1190/581/873
f 1151/541/874 1153/542/874 1138/526/874 1136/525/874
f 1153/542/875 1154/543/875 1137/527/875 1138/526/875
f 1154/543/876 1152/544/876 1135/528/876 1137/527/876
f 1123/514/877 1125/515/877 1178/568/877 1176/565/877
f 1125/515/878 1126/517/878 1177/570/878 1178/568/878
f 1126/517/879 1124/519/879 1175/572/879 1177/570/879
f 1196/585/880 1198/586/880 1162/548/880 1160/545/880
f 1198/586/881 1197/587/881 1161/550/881 1162/548/881
f 1197/587/882 1195/588/882 1159/552/882 1161/550/882
f 1167/561/883 1169/562/883 1146/532/883 1144/529/883
f 1169/562/884 1170/563/884 1145/534/884 1146/532/884
f 1170/563/885 1168/564/885 1143/536/885 1145/534/885
f 1187/578/886 1189/579/886 1185/590/886 1183/589/886
f 1189/579/887 1190/581/887 1186/591/887 1185/590/887
f 1190/581/888 1188/583/888 1184/592/888 1186/591/888
f 1378/593/889 1395/594/889 1158/556/889 1156/553/889
f 1395/594/890 1396/595/890 1157/558/890 1158/556/890
f 1396/595/891 1397/596/891 1155/560/891 1157/558/891
f 1183/589/892 1185/590/892 1198/586/892 1196/585/892
f 1185/590/893 1186/591/893 1197/587/893 1198/586/893
f 1186/591/894 1184/592/894 1195/588/894 1197/587/894
f 1107/493/895 1175/572/895 1124/519/895 1067/455/895
f 1067/455/896 1124/519/896 1127/520/896 1071/454/896
f 1071/454/897 1127/520/897 1131/524/897 1074/458/897
f 1074/458/898 1131/524/898 1135/528/898 1077/461/898
f 1077/461/141 1135/528/141 1152/544/141 1088/473/141
f 1085/470/899 1148/540/899 1140/535/899 1079/467/899
f 1079/467/900 1140/535/900 1143/536/900 1083/466/900
f 1168/564/901 1100/488/901 1083/466/901 1143/536/901
f 1088/473/902 1152/544/902 1148/540/902 1085/470/902
f 1328/512/903 1332/597/903 1192/551/903 1118/479/903
f 1097/485/904 1164/559/904 1155/560/904 1092/484/904
f 1195/588/905 1122/501/905 1095/478/905 1159/552/905
f 1118/479/906 1192/551/906 1159/552/906 1095/478/906
f 1100/488/907 1168/564/907 1164/559/907 1097/485/907
f 1109/497/908 1180/576/908 1172/571/908 1103/494/908
f 1103/494/909 1172/571/909 1175/572/909 1107/493/909
f 1363/500/910 1352/598/910 1180/576/910 1109/497/910
f 1184/592/911 1112/509/911 1122/501/911 1195/588/911
f 1112/509/912 1184/592/912 1188/583/912 1115/508/912
f 1200/599/913 1202/602/913 1205/601/913 1203/600/913
f 1202/602/914 1201/604/914 1206/603/914 1205/601/914
f 1203/600/915 1205/601/915 1209/608/915 1207/607/915
f 1205/601/916 1206/603/916 1210/609/916 1209/608/916
f 1206/603/917 1204/605/917 1208/610/917 1210/609/917
f 1207/607/918 1209/608/918 1213/612/918 1211/611/918
f 1216/615/919 1218/618/919 1221/617/919 1219/616/919
f 1224/623/920 1226/624/920 1218/618/920 1216/615/920
f 1226/624/921 1225/625/921 1217/620/921 1218/618/921
f 1225/625/922 1223/626/922 1215/622/922 1217/620/922
f 1228/627/923 1230/628/923 1226/624/923 1224/623/923
f 1268/631/924 1270/634/924 1237/633/924 1235/632/924
f 1270/634/925 1269/636/925 1238/635/925 1237/633/925
f 1269/636/926 1267/638/926 1236/637/926 1238/635/926
f 1240/639/927 1242/642/927 1233/641/927 1231/640/927
f 1242/642/928 1241/644/928 1234/643/928 1233/641/928
f 1241/644/929 1239/646/929 1232/645/929 1234/643/929
f 1244/647/930 1246/648/930 1242/642/930 1240/639/930
f 1248/651/931 1250/654/931 1253/653/931 1251/652/931
f 1250/654/932 1249/656/932 1254/655/932 1253/653/932
f 1256/659/933 1258/660/933 1250/654/933 1248/651/933
f 1258/660/934 1257/661/934 1249/656/934 1250/654/934
f 1257/661/935 1255/662/935 1247/658/935 1249/656/935
f 1353/663/936 1365/664/936 1258/660/936 1256/659/936
f 1365/664/937 1366/665/937 1257/661/937 1258/660/937
f 1366/665/938 1367/666/938 1255/662/938 1257/661/938
f 1211/611/939 1213/612/939 1230/628/939 1228/627/939
f 1213/612/940 1214/613/940 1229/629/940 1230/628/940
f 1214/613/941 1212/614/941 1227/630/941 1229/629/941
f 1251/652/942 1253/653/942 1202/602/942 1200/599/942
f 1253/653/943 1254/655/943 1201/604/943 1202/602/943
f 1254/655/944 1252/657/944 1199/606/944 1201/604/944
f 1272/667/945 1274/668/945 1238/635/945 1236/637/945
f 1274/668/946 1273/669/946 1237/633/946 1238/635/946
f 1273/669/947 1271/670/947 1235/632/947 1237/633/947
f 1243/650/948 1245/649/948 1222/619/948 1220/621/948
f 1245/649/949 1246/648/949 1221/617/949 1222/619/949
f 1246/648/950 1244/647/950 1219/616/950 1221/617/950
f 1260/671/951 1262/674/951 1266/673/951 1264/672/951
f 1262/674/952 1261/676/952 1265/675/952 1266/673/952
f 1261/676/953 1259/678/953 1263/677/953 1265/675/953
f 1333/679/954 1334/680/954 1270/634/954 1268/631/954
f 1334/680/955 1335/681/955 1269/636/955 1270/634/955
f 1335/681/956 1336/682/956 1267/638/956 1269/636/956
f 1259/678/957 1261/676/957 1274/668/957 1272/667/957
f 1261/676/958 1262/674/958 1273/669/958 1274/668/958
f 1262/674/959 1260/671/959 1271/670/959 1273/669/959
f 1123/514/960 1200/599/960 1203/600/960 1128/513/960
f 1176/565/961 1251/652/961 1200/599/961 1123/514/961
f 1252/657/962 826/143/962 783/90/962 1199/606/962
f 1204/605/963 786/91/963 788/98/963 1208/610/963
f 1128/513/964 1203/600/964 1207/607/964 1132/521/964
f 1132/521/965 1207/607/965 1211/611/965 1136/525/965
f 1212/614/966 790/102/966 803/118/966 1227/630/966
f 1136/525/967 1211/611/967 1228/627/967 1151/541/967
f 1139/530/968 1216/615/968 1219/616/968 1144/529/968
f 1147/537/969 1224/623/969 1216/615/969 1139/530/969
f 1223/626/970 800/114/970 794/106/970 1215/622/970
f 1220/621/971 796/107/971 819/138/971 1243/650/971
f 1144/529/972 1219/616/972 1244/647/972 1167/561/972
f 1151/541/973 1228/627/973 1224/623/973 1147/537/973
f 1163/554/974 1240/639/974 1231/640/974 1156/553/974
f 1336/682/975 1310/170/975 843/122/975 1267/638/975
f 1239/646/976 815/130/976 806/131/976 1232/645/976
f 1329/683/977 1333/679/977 1268/631/977 1191/546/977
f 1191/546/978 1268/631/978 1235/632/978 1160/545/978
f 1236/637/979 810/123/979 846/161/979 1272/667/979
f 1267/638/980 843/122/980 810/123/980 1236/637/980
f 1160/545/981 1235/632/981 1271/670/981 1196/585/981
f 1167/561/982 1244/647/982 1240/639/982 1163/554/982
f 1171/566/983 1248/651/983 1251/652/983 1176/565/983
f 1179/573/984 1256/659/984 1248/651/984 1171/566/984
f 1255/662/985 831/150/985 823/142/985 1247/658/985
f 1364/684/986 1353/663/986 1256/659/986 1179/573/986
f 1367/666/987 1339/154/987 831/150/987 1255/662/987
f 1183/589/988 1260/671/988 1264/672/988 1187/578/988
f 1259/678/989 835/162/989 839/163/989 1263/677/989
f 1196/585/981 1271/670/981 1260/671/981 1183/589/981
f 1272/667/990 846/161/990 835/162/990 1259/678/990
f 1263/677/991 839/163/991 1279/686/991 1305/685/991
f 1187/578/992 1264/672/992 1302/687/992 1298/577/992
f 1265/675/993 1263/677/993 1305/685/993 1304/688/993
f 1266/673/994 1265/675/994 1304/688/994 1303/689/994
f 1264/672/995 1266/673/995 1303/689/995 1302/687/995
f 1115/508/996 1188/583/996 1301/584/996 1297/690/996
f 1351/691/997 1352/598/997 1301/584/997 1300/582/997
f 1350/692/998 1351/691/998 1300/582/998 1299/580/998
f 1364/684/999 1350/692/999 1299/580/999 1298/577/999
f 772/78/1000 1114/505/1000 1295/693/1000 1276/77/1000
f 1116/506/1001 1115/508/1001 1297/690/1001 1296/694/1001
f 1114/505/1002 1116/506/1002 1296/694/1002 1295/693/1002
f 1348/695/776 1360/32/776 1287/354/776 1294/441/776
f 1589/753/775 1361/696/775 1291/438/775 1591/750/775
f 1347/697/736 1348/695/736 1294/441/736 1293/440/736
f 1346/698/735 1347/697/735 1293/440/735 1292/439/735
f 1361/696/734 1346/698/734 1292/439/734 1291/438/734
f 1345/699/683 1359/89/683 1283/257/683 1290/357/683
f 1344/700/666 1345/699/666 1290/357/666 1289/356/666
f 1343/33/665 1344/700/665 1289/356/665 1288/355/665
f 1360/32/664 1343/33/664 1288/355/664 1287/354/664
f 1342/82/1003 1354/83/1003 1277/282/1003 1286/260/1003
f 1341/85/610 1342/82/610 1286/260/610 1285/259/610
f 1340/87/609 1341/85/609 1285/259/609 1284/258/609
f 1359/89/608 1340/87/608 1284/258/608 1283/257/608
f 838/168/1004 770/187/1004 1275/702/1004 1282/701/1004
f 840/166/1005 838/168/1005 1282/701/1005 1281/703/1005
f 841/164/1006 840/166/1006 1281/703/1006 1280/704/1006
f 839/163/1007 841/164/1007 1280/704/1007 1279/686/1007
f 1378/593/977 1398/705/977 1333/679/977 1329/683/977
f 1381/706/975 1384/707/975 1310/170/975 1336/682/975
f 1380/708/1008 1381/706/1008 1336/682/1008 1335/681/1008
f 1379/709/1009 1380/708/1009 1335/681/1009 1334/680/1009
f 1398/705/1010 1379/709/1010 1334/680/1010 1333/679/1010
f 1377/710/903 1397/596/903 1332/597/903 1328/512/903
f 1194/549/1011 1192/551/1011 1332/597/1011 1331/711/1011
f 1193/547/1012 1194/549/1012 1331/711/1012 1330/712/1012
f 1191/546/1013 1193/547/1013 1330/712/1013 1329/683/1013
f 1383/61/829 1394/713/829 1326/510/829 1309/60/829
f 1376/714/816 1377/710/816 1328/512/816 1327/511/816
f 1394/713/815 1376/714/815 1327/511/815 1326/510/815
f 1590/743/1014 1059/443/1014 1322/715/1014 1586/754/1014
f 1058/448/1015 983/359/1015 1318/717/1015 1325/716/1015
f 1060/446/1016 1058/448/1016 1325/716/1016 1324/718/1016
f 1061/444/1017 1060/446/1017 1324/718/1017 1323/719/1017
f 1059/443/1018 1061/444/1018 1323/719/1018 1322/715/1018
f 982/364/1019 907/262/1019 1314/721/1019 1321/720/1019
f 984/362/1020 982/364/1020 1321/720/1020 1320/722/1020
f 985/360/1021 984/362/1021 1320/722/1021 1319/723/1021
f 983/359/1022 985/360/1022 1319/723/1022 1318/717/1022
f 906/267/1023 775/277/1023 1306/725/1023 1317/724/1023
f 908/265/1024 906/267/1024 1317/724/1024 1316/726/1024
f 909/263/1025 908/265/1025 1316/726/1025 1315/727/1025
f 907/262/1026 909/263/1026 1315/727/1026 1314/721/1026
f 1372/728/1027 1382/729/1027 1308/183/1027 1313/173/1027
f 1371/730/567 1372/728/567 1313/173/567 1312/172/567
f 1370/731/566 1371/730/566 1312/172/566 1311/171/566
f 1384/707/565 1370/731/565 1311/171/565 1310/170/565
f 756/30/1028 1337/186/1028 1354/83/1028 768/29/1028
f 972/34/1029 973/340/1029 1344/700/1029 1343/33/1029
f 973/340/1030 971/341/1030 1345/699/1030 1344/700/1030
f 971/341/1031 894/88/1031 1359/89/1031 1345/699/1031
f 1046/422/1032 1048/423/1032 1346/698/1032 1361/696/1032
f 1048/423/1033 1049/424/1033 1347/697/1033 1346/698/1033
f 1049/424/1034 1047/425/1034 1348/695/1034 1347/697/1034
f 1588/749/1035 1046/422/1035 1361/696/1035 1589/753/1035
f 1047/425/1036 970/31/1036 1360/32/1036 1348/695/1036
f 1179/573/1037 1181/574/1037 1350/692/1037 1364/684/1037
f 1181/574/1038 1182/575/1038 1351/691/1038 1350/692/1038
f 1182/575/1039 1180/576/1039 1352/598/1039 1351/691/1039
f 1305/685/991 1279/686/991 1339/154/991 1367/666/991
f 1298/577/992 1302/687/992 1353/663/992 1364/684/992
f 1304/688/1040 1305/685/1040 1367/666/1040 1366/665/1040
f 1303/689/1041 1304/688/1041 1366/665/1041 1365/664/1041
f 1302/687/1042 1303/689/1042 1365/664/1042 1353/663/1042
f 1297/690/996 1301/584/996 1352/598/996 1363/500/996
f 1276/77/1000 1295/693/1000 1349/498/1000 1338/76/1000
f 1296/694/1001 1297/690/1001 1363/500/1001 1362/499/1001
f 1295/693/1002 1296/694/1002 1362/499/1002 1349/498/1002
f 1282/701/1043 1275/702/1043 1337/186/1043 1358/157/1043
f 1281/703/1005 1282/701/1005 1358/157/1005 1357/156/1005
f 1280/704/1006 1281/703/1006 1357/156/1006 1356/155/1006
f 1279/686/1007 1280/704/1007 1356/155/1007 1339/154/1007
f 806/131/1044 808/132/1044 1370/731/1044 1384/707/1044
f 808/132/1045 809/134/1045 1371/730/1045 1370/731/1045
f 809/134/1046 807/136/1046 1372/728/1046 1371/730/1046
f 807/136/1047 750/19/1047 1382/729/1047 1372/728/1047
f 1090/481/1048 1091/482/1048 1376/714/1048 1394/713/1048
f 1091/482/1049 1092/484/1049 1377/710/1049 1376/714/1049
f 744/62/1050 1090/481/1050 1394/713/1050 1383/61/1050
f 1092/484/1051 1155/560/1051 1397/596/1051 1377/710/1051
f 1231/640/1052 1233/641/1052 1379/709/1052 1398/705/1052
f 1233/641/1053 1234/643/1053 1380/708/1053 1379/709/1053
f 1234/643/1054 1232/645/1054 1381/706/1054 1380/708/1054
f 1232/645/1055 806/131/1055 1384/707/1055 1381/706/1055
f 1156/553/1056 1231/640/1056 1398/705/1056 1378/593/1056
f 1331/711/1057 1332/597/1057 1397/596/1057 1396/595/1057
f 1330/712/1058 1331/711/1058 1396/595/1058 1395/594/1058
f 1329/683/1059 1330/712/1059 1395/594/1059 1378/593/1059
f 1586/754/1014 1322/715/1014 1375/398/1014 1587/745/1014
f 1325/716/1015 1318/717/1015 1374/316/1015 1393/405/1015
f 1324/718/1016 1325/716/1016 1393/405/1016 1392/403/1016
f 1323/719/1017 1324/718/1017 1392/403/1017 1391/401/1017
f 1322/715/1018 1323/719/1018 1391/401/1018 1375/398/1018
f 1321/720/1019 1314/721/1019 1373/221/1019 1390/323/1019
f 1320/722/1020 1321/720/1020 1390/323/1020 1389/321/1020
f 1319/723/1021 1320/722/1021 1389/321/1021 1388/319/1021
f 1318/717/1022 1319/723/1022 1388/319/1022 1374/316/1022
f 1317/724/1060 1306/725/1060 1368/280/1060 1387/228/1060
f 1316/726/1024 1317/724/1024 1387/228/1024 1386/226/1024
f 1315/727/1025 1316/726/1025 1386/226/1025 1385/224/1025
f 1314/721/1026 1315/727/1026 1385/224/1026 1373/221/1026
f 73/279/1061 57/278/1061 1403/278/1061 1401/279/1061
f 66/281/1062 64/283/1062 1400/283/1062 1399/281/1062
f 652/186/1 1337/186/1 1419/186/1 1417/186/1
f 592/282/1062 66/281/1062 1399/281/1062 1402/282/1062
f 669/83/1062 592/282/1062 1402/282/1062 1405/83/1062
f 762/278/1063 778/279/1063 1410/279/1063 1412/278/1063
f 769/283/1064 771/281/1064 1408/281/1064 1409/283/1064
f 1277/282/1065 1354/83/1065 1414/83/1065 1411/282/1065
f 652/186/8 669/83/8 1354/83/8 1337/186/8
f 70/277/1066 621/725/1066 1406/725/1066 1404/277/1066
f 683/280/9 697/729/9 1382/729/9 1368/280/9
f 1399/281/15 1400/283/15 1409/283/15 1408/281/15
f 1400/283/15 1401/279/15 1410/279/15 1409/283/15
f 1402/282/15 1399/281/15 1408/281/15 1411/282/15
f 1403/278/15 1404/277/15 1413/277/15 1412/278/15
f 1401/279/15 1403/278/15 1412/278/15 1410/279/15
f 1405/83/15 1402/282/15 1411/282/15 1414/83/15
f 1404/277/15 1406/725/15 1415/725/15 1413/277/15
f 1406/725/15 1407/280/15 1416/280/15 1415/725/15
f 775/277/1067 762/278/1067 1412/278/1067 1413/277/1067
f 1368/280/1068 1306/725/1068 1415/725/1068 1416/280/1068
f 778/279/1069 769/283/1069 1409/283/1069 1410/279/1069
f 621/725/1066 683/280/1066 1407/280/1066 1406/725/1066
f 1354/83/1 669/83/1 1405/83/1 1414/83/1
f 771/281/6 1277/282/6 1411/282/6 1408/281/6
f 1306/725/3 775/277/3 1413/277/3 1415/725/3
f 57/278/1066 70/277/1066 1404/277/1066 1403/278/1066
f 64/283/1061 73/279/1061 1401/279/1061 1400/283/1061
f 683/280/4 1368/280/4 1416/280/4 1407/280/4
f 1382/729/4 697/729/4 1418/729/4 1420/729/4
f 1429/755/15 1430/100/15 1422/100/15 1421/94/15
f 1432/198/1070 1431/192/1070 1425/192/1070 1426/198/1070
f 1433/207/1071 1434/214/1071 1428/214/1071 1427/207/1071
f 1868/756/1072 1869/757/1072 1870/758/1072 1854/759/1072
f 1871/760/1073 1873/761/1073 1874/762/1073 1872/763/1073
f 1716/764/1073 1718/765/1073 1719/766/1073 1717/767/1073
f 1860/768/1074 1875/769/1074 1876/770/1074 1867/771/1074
f 1877/772/1075 1879/773/1075 1880/774/1075 1878/775/1075
f 1720/776/1076 1722/777/1076 1723/778/1076 1721/779/1076
f 1866/780/1073 1881/781/1073 1869/757/1073 1868/756/1073
f 1882/782/1073 1883/783/1073 1873/761/1073 1871/760/1073
f 1724/784/1073 1725/785/1073 1718/765/1073 1716/764/1073
f 1867/771/1077 1876/770/1077 1884/786/1077 1864/787/1077
f 1878/775/1078 1880/774/1078 1886/788/1078 1885/789/1078
f 1721/779/1078 1723/778/1078 1727/790/1078 1726/791/1078
f 1862/792/1079 1887/793/1079 1888/794/1079 1863/795/1079
f 1889/796/1080 1891/797/1080 1892/798/1080 1890/799/1080
f 1728/800/1081 1730/801/1081 1731/802/1081 1729/803/1081
f 1861/804/1082 1893/805/1082 1887/793/1082 1862/792/1082
f 1894/806/1083 1895/807/1083 1891/797/1083 1889/796/1083
f 1732/808/1084 1733/809/1084 1730/801/1084 1728/800/1084
f 1864/787/1078 1884/786/1078 1893/805/1078 1861/804/1078
f 1885/789/1078 1886/788/1078 1895/807/1078 1894/806/1078
f 1726/791/1078 1727/790/1078 1733/809/1078 1732/808/1078
f 1859/810/1085 1896/811/1085 1875/769/1085 1860/768/1085
f 1897/812/1086 1898/813/1086 1879/773/1086 1877/772/1086
f 1734/814/1087 1735/815/1087 1722/777/1087 1720/776/1087
f 1858/816/1088 1899/817/1088 1896/811/1088 1859/810/1088
f 1900/818/1089 1901/819/1089 1898/813/1089 1897/812/1089
f 1736/820/1090 1737/821/1090 1735/815/1090 1734/814/1090
f 1856/822/1091 1902/823/1091 1903/824/1091 1857/825/1091
f 1904/826/1092 1906/827/1092 1907/828/1092 1905/829/1092
f 1738/830/1093 1740/831/1093 1741/832/1093 1739/833/1093
f 1855/834/1094 1908/835/1094 1902/823/1094 1856/822/1094
f 1909/836/1095 1910/837/1095 1906/827/1095 1904/826/1095
f 1742/838/1096 1743/839/1096 1740/831/1096 1738/830/1096
f 1854/759/1097 1870/758/1097 1908/835/1097 1855/834/1097
f 1872/763/1098 1874/762/1098 1910/837/1098 1909/836/1098
f 1717/767/1099 1719/766/1099 1743/839/1099 1742/838/1099
f 1863/795/1100 1888/794/1100 1911/840/1100 1865/841/1100
f 1890/799/1101 1892/798/1101 1913/842/1101 1912/843/1101
f 1729/803/1102 1731/802/1102 1745/844/1102 1744/845/1102
f 1865/841/1103 1911/840/1103 1881/781/1103 1866/780/1103
f 1912/843/1104 1913/842/1104 1883/783/1104 1882/782/1104
f 1744/845/1105 1745/844/1105 1725/785/1105 1724/784/1105
f 1852/846/1106 1914/847/1106 1915/848/1106 1853/849/1106
f 1916/850/1107 1918/851/1107 1919/852/1107 1917/853/1107
f 1746/854/1108 1748/855/1108 1749/856/1108 1747/857/1108
f 1851/858/1109 1920/859/1109 1914/847/1109 1852/846/1109
f 1921/860/1110 1922/861/1110 1918/851/1110 1916/850/1110
f 1750/862/1111 1751/863/1111 1748/855/1111 1746/854/1111
f 1850/864/1112 1923/865/1112 1920/859/1112 1851/858/1112
f 1924/866/1113 1925/867/1113 1922/861/1113 1921/860/1113
f 1752/868/1114 1753/869/1114 1751/863/1114 1750/862/1114
f 1857/825/1115 1903/824/1115 1923/865/1115 1850/864/1115
f 1905/829/1116 1907/828/1116 1925/867/1116 1924/866/1116
f 1739/833/1117 1741/832/1117 1753/869/1117 1752/868/1117
f 1853/849/1118 1915/848/1118 1926/870/1118 1849/871/1118
f 1917/853/1119 1919/852/1119 1928/872/1119 1927/873/1119
f 1747/857/1120 1749/856/1120 1755/874/1120 1754/875/1120
f 1849/871/1121 1926/870/1121 1929/876/1121 1848/877/1121
f 1927/873/1122 1928/872/1122 1931/878/1122 1930/879/1122
f 1754/875/1123 1755/874/1123 1757/880/1123 1756/881/1123
f 1847/882/1124 1932/883/1124 1899/817/1124 1858/816/1124
f 1933/884/1125 1934/885/1125 1901/819/1125 1900/818/1125
f 1758/886/1126 1759/887/1126 1737/821/1126 1736/820/1126
f 1846/888/1127 1935/889/1127 1932/883/1127 1847/882/1127
f 1936/890/1128 1937/891/1128 1934/885/1128 1933/884/1128
f 1760/892/1129 1761/893/1129 1759/887/1129 1758/886/1129
f 1848/877/1130 1929/876/1130 1935/889/1130 1846/888/1130
f 1930/879/1131 1931/878/1131 1937/891/1131 1936/890/1131
f 1756/881/1132 1757/880/1132 1761/893/1132 1760/892/1132
f 1677/894/1014 1632/895/1014 1633/896/1014 1668/897/1014
f 1672/898/1133 1634/899/1133 1635/900/1133 1676/901/1133
f 1666/902/1073 1636/903/1073 1632/895/1073 1677/894/1073
f 1676/901/775 1635/900/775 1637/904/775 1673/905/775
f 1675/906/1134 1638/907/1134 1639/908/1134 1667/909/1134
f 1674/910/1135 1640/911/1135 1638/907/1135 1675/906/1135
f 1673/905/1078 1637/904/1078 1640/911/1078 1674/910/1078
f 1671/912/1136 1641/913/1136 1634/899/1136 1672/898/1136
f 1658/914/1137 1642/915/1137 1641/913/1137 1671/912/1137
f 1670/916/1138 1643/917/1138 1644/918/1138 1661/919/1138
f 1669/920/1139 1645/921/1139 1643/917/1139 1670/916/1139
f 1668/897/1140 1633/896/1140 1645/921/1140 1669/920/1140
f 1667/909/1141 1639/908/1141 1646/922/1141 1665/923/1141
f 1665/923/1142 1646/922/1142 1636/903/1142 1666/902/1142
f 1664/924/1143 1647/925/1143 1648/926/1143 1660/927/1143
f 1663/928/1109 1649/929/1109 1647/925/1109 1664/924/1109
f 1662/930/1144 1650/931/1144 1649/929/1144 1663/928/1144
f 1661/919/1117 1644/918/1117 1650/931/1117 1662/930/1117
f 1660/927/1120 1648/926/1120 1651/932/1120 1659/933/1120
f 1659/933/1145 1651/932/1145 1652/934/1145 1655/935/1145
f 1657/936/1126 1653/937/1126 1642/915/1126 1658/914/1126
f 1656/938/1146 1654/939/1146 1653/937/1146 1657/936/1146
f 1655/935/1130 1652/934/1130 1654/939/1130 1656/938/1130
f 1435/940/744 1609/941/744 1569/942/744 1446/943/744
f 1446/943/1147 1569/942/1147 1570/944/1147 1943/945/1147
f 1943/945/748 1570/944/748 1571/946/748 1949/947/748
f 1950/948/1148 1613/949/1148 1609/941/1148 1435/940/1148
f 1956/950/751 1614/951/751 1613/949/751 1950/948/751
f 1962/952/754 1615/953/754 1572/954/754 1973/955/754
f 1973/955/1149 1572/954/1149 1573/956/1149 1464/957/1149
f 1464/957/758 1573/956/758 1574/958/758 1470/959/758
f 1470/959/1150 1574/958/1150 1614/951/1150 1956/950/1150
f 1974/960/1151 1619/961/1151 1575/962/1151 1478/963/1151
f 1986/964/1152 1621/965/1152 1619/961/1152 1974/960/1152
f 1539/966/1153 1585/967/1153 1576/968/1153 1489/969/1153
f 1489/969/768 1576/968/768 1577/970/768 1495/971/768
f 1495/971/1154 1577/970/1154 1615/953/1154 1962/952/1154
f 1949/947/1155 1571/946/1155 1578/972/1155 1501/973/1155
f 1501/973/774 1578/972/774 1579/974/774 1507/975/774
f 1521/976/775 1582/977/775 1580/978/775 1513/979/775
f 1513/979/1156 1580/978/1156 1581/980/1156 1985/981/1156
f 1985/981/1157 1581/980/1157 1621/965/1157 1986/964/1157
f 1533/982/775 1584/983/775 1582/977/775 1521/976/775
f 1478/963/1014 1575/962/1014 1583/984/1014 1527/985/1014
f 1507/975/1158 1579/974/1158 1584/983/1158 1533/982/1158
f 1527/985/1014 1583/984/1014 1585/967/1014 1539/966/1014
f 1556/896/1014 1554/895/1014 1586/754/1014 1587/745/1014
f 1555/900/1159 1550/899/1159 1588/749/1159 1589/753/1159
f 1554/895/1072 1546/903/1072 1590/743/1072 1586/754/1072
f 1553/904/775 1555/900/775 1589/753/775 1591/750/775
f 1562/908/1160 1552/907/1160 1592/752/1160 1593/744/1160
f 1552/907/1161 1551/911/1161 1594/751/1161 1592/752/1161
f 1551/911/1162 1553/904/1162 1591/750/1162 1594/751/1162
f 1550/899/1163 1549/913/1163 1595/748/1163 1588/749/1163
f 1549/913/1164 1542/915/1164 1596/735/1164 1595/748/1164
f 1560/918/1165 1548/917/1165 1597/747/1165 1598/738/1165
f 1548/917/1166 1547/921/1166 1599/746/1166 1597/747/1166
f 1547/921/1167 1556/896/1167 1587/745/1167 1599/746/1167
f 1561/922/1168 1562/908/1168 1593/744/1168 1600/742/1168
f 1546/903/1169 1561/922/1169 1600/742/1169 1590/743/1169
f 1559/926/1170 1545/925/1170 1601/741/1170 1602/737/1170
f 1545/925/1171 1544/929/1171 1603/740/1171 1601/741/1171
f 1544/929/1172 1543/931/1172 1604/739/1172 1603/740/1172
f 1543/931/1173 1560/918/1173 1598/738/1173 1604/739/1173
f 1558/932/1174 1559/926/1174 1602/737/1174 1605/736/1174
f 1557/934/1175 1558/932/1175 1605/736/1175 1606/732/1175
f 1542/915/1176 1541/937/1176 1607/734/1176 1596/735/1176
f 1541/937/1177 1540/939/1177 1608/733/1177 1607/734/1177
f 1540/939/1178 1557/934/1178 1606/732/1178 1608/733/1178
f 1563/935/1179 1610/938/1179 1569/942/1179 1609/941/1179
f 1610/938/1180 1611/936/1180 1570/944/1180 1569/942/1180
f 1611/936/1181 1612/914/1181 1571/946/1181 1570/944/1181
f 1564/933/1182 1563/935/1182 1609/941/1182 1613/949/1182
f 1565/927/1183 1564/933/1183 1613/949/1183 1614/951/1183
f 1566/919/1184 1616/930/1184 1572/954/1184 1615/953/1184
f 1616/930/1185 1617/928/1185 1573/956/1185 1572/954/1185
f 1617/928/1186 1618/924/1186 1574/958/1186 1573/956/1186
f 1618/924/1187 1565/927/1187 1614/951/1187 1574/958/1187
f 1567/923/1188 1620/902/1188 1575/962/1188 1619/961/1188
f 1568/909/1189 1567/923/1189 1619/961/1189 1621/965/1189
f 1622/897/1190 1623/920/1190 1576/968/1190 1585/967/1190
f 1623/920/1191 1624/916/1191 1577/970/1191 1576/968/1191
f 1624/916/1192 1566/919/1192 1615/953/1192 1577/970/1192
f 1612/914/1193 1625/912/1193 1578/972/1193 1571/946/1193
f 1625/912/1194 1626/898/1194 1579/974/1194 1578/972/1194
f 1627/905/1162 1628/910/1162 1580/978/1162 1582/977/1162
f 1628/910/1195 1629/906/1195 1581/980/1195 1580/978/1195
f 1629/906/1196 1568/909/1196 1621/965/1196 1581/980/1196
f 1630/901/1162 1627/905/1162 1582/977/1162 1584/983/1162
f 1620/902/1072 1631/894/1072 1583/984/1072 1575/962/1072
f 1626/898/1197 1630/901/1197 1584/983/1197 1579/974/1197
f 1631/894/1072 1622/897/1072 1585/967/1072 1583/984/1072
f 1633/896/1198 1632/895/1198 1554/895/1198 1556/896/1198
f 1635/900/1199 1634/899/1199 1550/899/1199 1555/900/1199
f 1632/895/1200 1636/903/1200 1546/903/1200 1554/895/1200
f 1637/904/1201 1635/900/1201 1555/900/1201 1553/904/1201
f 1639/908/1202 1638/907/1202 1552/907/1202 1562/908/1202
f 1638/907/1203 1640/911/1203 1551/911/1203 1552/907/1203
f 1640/911/1204 1637/904/1204 1553/904/1204 1551/911/1204
f 1634/899/1205 1641/913/1205 1549/913/1205 1550/899/1205
f 1641/913/1206 1642/915/1206 1542/915/1206 1549/913/1206
f 1644/918/1207 1643/917/1207 1548/917/1207 1560/918/1207
f 1643/917/1208 1645/921/1208 1547/921/1208 1548/917/1208
f 1645/921/1209 1633/896/1209 1556/896/1209 1547/921/1209
f 1646/922/1210 1639/908/1210 1562/908/1210 1561/922/1210
f 1636/903/1211 1646/922/1211 1561/922/1211 1546/903/1211
f 1648/926/1212 1647/925/1212 1545/925/1212 1559/926/1212
f 1647/925/1213 1649/929/1213 1544/929/1213 1545/925/1213
f 1649/929/1214 1650/931/1214 1543/931/1214 1544/929/1214
f 1650/931/1215 1644/918/1215 1560/918/1215 1543/931/1215
f 1651/932/1216 1648/926/1216 1559/926/1216 1558/932/1216
f 1652/934/1217 1651/932/1217 1558/932/1217 1557/934/1217
f 1642/915/1218 1653/937/1218 1541/937/1218 1542/915/1218
f 1653/937/1219 1654/939/1219 1540/939/1219 1541/937/1219
f 1654/939/1220 1652/934/1220 1557/934/1220 1540/939/1220
f 1655/935/1221 1656/938/1221 1610/938/1221 1563/935/1221
f 1656/938/1222 1657/936/1222 1611/936/1222 1610/938/1222
f 1657/936/1223 1658/914/1223 1612/914/1223 1611/936/1223
f 1659/933/1224 1655/935/1224 1563/935/1224 1564/933/1224
f 1660/927/1225 1659/933/1225 1564/933/1225 1565/927/1225
f 1661/919/1226 1662/930/1226 1616/930/1226 1566/919/1226
f 1662/930/1227 1663/928/1227 1617/928/1227 1616/930/1227
f 1663/928/1228 1664/924/1228 1618/924/1228 1617/928/1228
f 1664/924/1229 1660/927/1229 1565/927/1229 1618/924/1229
f 1665/923/1230 1666/902/1230 1620/902/1230 1567/923/1230
f 1667/909/1231 1665/923/1231 1567/923/1231 1568/909/1231
f 1668/897/1232 1669/920/1232 1623/920/1232 1622/897/1232
f 1669/920/1233 1670/916/1233 1624/916/1233 1623/920/1233
f 1670/916/1234 1661/919/1234 1566/919/1234 1624/916/1234
f 1658/914/1235 1671/912/1235 1625/912/1235 1612/914/1235
f 1671/912/1236 1672/898/1236 1626/898/1236 1625/912/1236
f 1673/905/1237 1674/910/1237 1628/910/1237 1627/905/1237
f 1674/910/1238 1675/906/1238 1629/906/1238 1628/910/1238
f 1675/906/1231 1667/909/1231 1568/909/1231 1629/906/1231
f 1676/901/1239 1673/905/1239 1627/905/1239 1630/901/1239
f 1666/902/1240 1677/894/1240 1631/894/1240 1620/902/1240
f 1672/898/1241 1676/901/1241 1630/901/1241 1626/898/1241
f 1677/894/1242 1668/897/1242 1622/897/1242 1631/894/1242
f 1525/986/1243 1537/987/1243 1679/988/1243 1678/989/1243
f 1681/990/1244 1680/991/1244 1526/992/1244 1538/993/1244
f 1505/994/1245 1531/995/1245 1683/996/1245 1682/997/1245
f 1685/998/1246 1684/999/1246 1506/1000/1246 1532/1001/1246
f 1476/1002/1072 1525/986/1072 1678/989/1072 1686/1003/1072
f 1680/991/1072 1687/1004/1072 1477/1005/1072 1526/992/1072
f 1531/995/1247 1519/1006/1247 1688/1007/1247 1683/996/1247
f 1689/1008/1248 1685/998/1248 1532/1001/1248 1520/1009/1248
f 1515/1010/1249 1690/1011/1249 1480/1012/1249 1983/1013/1249
f 1479/1014/1250 1691/1015/1250 1984/1016/1250 1692/1017/1250
f 1511/1018/1251 1515/1010/1251 1983/1013/1251 1693/1019/1251
f 1691/1015/1252 1694/1020/1252 1512/1021/1252 1984/1016/1252
f 1519/1006/1162 1511/1018/1162 1693/1019/1162 1688/1007/1162
f 1694/1020/1162 1689/1008/1162 1520/1009/1162 1512/1021/1162
f 1499/1022/1253 1505/994/1253 1682/997/1253 1695/1023/1253
f 1684/999/1254 1696/1024/1254 1500/1025/1254 1506/1000/1254
f 1450/1026/1255 1499/1022/1255 1695/1023/1255 1947/1027/1255
f 1696/1024/1256 1697/1028/1256 1948/1029/1256 1500/1025/1256
f 1493/1030/1257 1699/1031/1257 1964/1032/1257 1698/1033/1257
f 1455/1034/1258 1700/1035/1258 1494/1036/1258 1963/1037/1258
f 1487/1038/1259 1493/1030/1259 1698/1033/1259 1701/1039/1259
f 1700/1035/1260 1702/1040/1260 1488/1041/1260 1494/1036/1260
f 1537/987/1261 1487/1038/1261 1701/1039/1261 1679/988/1261
f 1702/1040/1262 1681/990/1262 1538/993/1262 1488/1041/1262
f 1690/1011/1263 1703/1042/1263 1976/1043/1263 1480/1012/1263
f 1471/1044/1264 1479/1014/1264 1692/1017/1264 1975/1045/1264
f 1703/1042/1265 1476/1002/1265 1686/1003/1265 1976/1043/1265
f 1687/1004/1266 1471/1044/1266 1975/1045/1266 1477/1005/1266
f 1468/1046/1267 1705/1047/1267 1958/1048/1267 1704/1049/1267
f 1453/1050/1268 1706/1051/1268 1469/1052/1268 1957/1053/1268
f 1462/1054/1269 1468/1046/1269 1704/1049/1269 1707/1055/1269
f 1706/1051/1270 1708/1056/1270 1463/1057/1270 1469/1052/1270
f 1458/1058/1271 1462/1054/1271 1707/1055/1271 1971/1059/1271
f 1708/1056/1272 1709/1060/1272 1972/1061/1272 1463/1057/1272
f 1699/1031/1273 1458/1058/1273 1971/1059/1273 1964/1032/1273
f 1709/1060/1273 1455/1034/1273 1963/1037/1273 1972/1061/1273
f 1705/1047/1274 1710/1062/1274 1952/1063/1274 1958/1048/1274
f 1451/1064/1274 1453/1050/1274 1957/1053/1274 1951/1065/1274
f 1710/1062/1275 1711/1066/1275 1437/1067/1275 1952/1063/1275
f 1436/1068/1276 1451/1064/1276 1951/1065/1276 1712/1069/1276
f 1448/1070/1277 1450/1026/1277 1947/1027/1277 1941/1071/1277
f 1697/1028/1277 1713/1072/1277 1942/1073/1277 1948/1029/1277
f 1444/1074/1278 1448/1070/1278 1941/1071/1278 1714/1075/1278
f 1713/1072/1279 1715/1076/1279 1445/1077/1279 1942/1073/1279
f 1711/1066/1280 1444/1074/1280 1714/1075/1280 1437/1067/1280
f 1715/1076/1281 1436/1068/1281 1712/1069/1281 1445/1077/1281
f 1716/764/1282 1717/767/1282 1537/987/1282 1525/986/1282
f 1719/766/1283 1718/765/1283 1680/991/1283 1681/990/1283
f 1720/776/1284 1721/779/1284 1531/995/1284 1505/994/1284
f 1723/778/1285 1722/777/1285 1684/999/1285 1685/998/1285
f 1724/784/1286 1716/764/1286 1525/986/1286 1476/1002/1286
f 1718/765/1287 1725/785/1287 1687/1004/1287 1680/991/1287
f 1721/779/1288 1726/791/1288 1519/1006/1288 1531/995/1288
f 1727/790/1289 1723/778/1289 1685/998/1289 1689/1008/1289
f 1728/800/1290 1729/803/1290 1690/1011/1290 1515/1010/1290
f 1731/802/1291 1730/801/1291 1691/1015/1291 1479/1014/1291
f 1732/808/1292 1728/800/1292 1515/1010/1292 1511/1018/1292
f 1730/801/1293 1733/809/1293 1694/1020/1293 1691/1015/1293
f 1726/791/1294 1732/808/1294 1511/1018/1294 1519/1006/1294
f 1733/809/1295 1727/790/1295 1689/1008/1295 1694/1020/1295
f 1734/814/1296 1720/776/1296 1505/994/1296 1499/1022/1296
f 1722/777/1297 1735/815/1297 1696/1024/1297 1684/999/1297
f 1736/820/1298 1734/814/1298 1499/1022/1298 1450/1026/1298
f 1735/815/1299 1737/821/1299 1697/1028/1299 1696/1024/1299
f 1738/830/1300 1739/833/1300 1699/1031/1300 1493/1030/1300
f 1741/832/1301 1740/831/1301 1700/1035/1301 1455/1034/1301
f 1742/838/1302 1738/830/1302 1493/1030/1302 1487/1038/1302
f 1740/831/1303 1743/839/1303 1702/1040/1303 1700/1035/1303
f 1717/767/1304 1742/838/1304 1487/1038/1304 1537/987/1304
f 1743/839/1305 1719/766/1305 1681/990/1305 1702/1040/1305
f 1729/803/1306 1744/845/1306 1703/1042/1306 1690/1011/1306
f 1745/844/1307 1731/802/1307 1479/1014/1307 1471/1044/1307
f 1744/845/1308 1724/784/1308 1476/1002/1308 1703/1042/1308
f 1725/785/1309 1745/844/1309 1471/1044/1309 1687/1004/1309
f 1746/854/1310 1747/857/1310 1705/1047/1310 1468/1046/1310
f 1749/856/1311 1748/855/1311 1706/1051/1311 1453/1050/1311
f 1750/862/1312 1746/854/1312 1468/1046/1312 1462/1054/1312
f 1748/855/1313 1751/863/1313 1708/1056/1313 1706/1051/1313
f 1752/868/1314 1750/862/1314 1462/1054/1314 1458/1058/1314
f 1751/863/1315 1753/869/1315 1709/1060/1315 1708/1056/1315
f 1739/833/1316 1752/868/1316 1458/1058/1316 1699/1031/1316
f 1753/869/1317 1741/832/1317 1455/1034/1317 1709/1060/1317
f 1747/857/1318 1754/875/1318 1710/1062/1318 1705/1047/1318
f 1755/874/1319 1749/856/1319 1453/1050/1319 1451/1064/1319
f 1754/875/1320 1756/881/1320 1711/1066/1320 1710/1062/1320
f 1757/880/1321 1755/874/1321 1451/1064/1321 1436/1068/1321
f 1758/886/1322 1736/820/1322 1450/1026/1322 1448/1070/1322
f 1737/821/1323 1759/887/1323 1713/1072/1323 1697/1028/1323
f 1760/892/1324 1758/886/1324 1448/1070/1324 1444/1074/1324
f 1759/887/1325 1761/893/1325 1715/1076/1325 1713/1072/1325
f 1756/881/1326 1760/892/1326 1444/1074/1326 1711/1066/1326
f 1761/893/1327 1757/880/1327 1436/1068/1327 1715/1076/1327
f 716/888/1328 714/882/1328 1763/54/1328 1762/55/1328
f 717/877/1329 716/888/1329 1762/55/1329 1764/56/1329
f 715/871/1330 717/877/1330 1764/56/1330 1765/57/1330
f 723/864/1331 725/858/1331 1767/37/1331 1766/38/1331
f 725/858/1332 724/846/1332 1768/36/1332 1767/37/1332
f 724/846/1333 722/849/1333 1769/35/1333 1768/36/1333
f 1369/759/1334 741/834/1334 1771/41/1334 1770/42/1334
f 741/834/1335 740/822/1335 1772/40/1335 1771/41/1335
f 740/822/1336 738/825/1336 1773/39/1336 1772/40/1336
f 731/816/1337 733/810/1337 1775/52/1337 1774/53/1337
f 733/810/1338 732/768/1338 1776/51/1338 1775/52/1338
f 773/804/1339 730/792/1339 1778/47/1339 1777/48/1339
f 722/849/1340 715/871/1340 1765/57/1340 1769/35/1340
f 738/825/1341 723/864/1341 1766/38/1341 1773/39/1341
f 730/792/1342 781/795/1342 1779/46/1342 1778/47/1342
f 714/882/1343 731/816/1343 1774/53/1343 1763/54/1343
f 1278/787/1077 773/804/1077 1777/48/1077 1780/49/1077
f 739/841/1344 777/780/1344 1782/44/1344 1781/45/1344
f 781/795/1345 739/841/1345 1781/45/1345 1779/46/1345
f 1355/771/1346 1278/787/1346 1780/49/1346 1783/50/1346
f 777/780/1072 1307/756/1072 1784/43/1072 1782/44/1072
f 732/768/1347 1355/771/1347 1783/50/1347 1776/51/1347
f 1307/756/1348 1369/759/1348 1770/42/1348 1784/43/1348
f 1786/758/1349 1785/757/1349 1522/1078/1349 1534/1079/1349
f 1523/760/1350 1535/763/1350 1788/1080/1350 1787/1081/1350
f 1790/762/1351 1789/761/1351 1524/1082/1351 1536/1083/1351
f 1792/770/1352 1791/769/1352 1502/1084/1352 1528/1085/1352
f 1503/772/1353 1529/775/1353 1794/1086/1353 1793/1087/1353
f 1796/774/1354 1795/773/1354 1504/1088/1354 1530/1089/1354
f 1785/757/1072 1797/781/1072 1473/1090/1072 1522/1078/1072
f 1474/782/1351 1523/760/1351 1787/1081/1351 1798/1091/1351
f 1789/761/1072 1799/783/1072 1475/1092/1072 1524/1082/1072
f 1800/786/1355 1792/770/1355 1528/1085/1355 1516/1093/1355
f 1529/775/1356 1517/789/1356 1801/1094/1356 1794/1086/1356
f 1802/788/1077 1796/774/1077 1530/1089/1077 1518/1095/1077
f 1804/794/1357 1803/793/1357 1980/1096/1357 1483/1097/1357
f 1514/796/1358 1805/799/1358 1482/1098/1358 1981/1099/1358
f 1481/798/1152 1806/797/1152 1982/1100/1152 1807/1101/1152
f 1803/793/1359 1808/805/1359 1508/1102/1359 1980/1096/1359
f 1509/806/1360 1514/796/1360 1981/1099/1360 1809/1103/1360
f 1806/797/1361 1810/807/1361 1510/1104/1361 1982/1100/1361
f 1808/805/1162 1800/786/1162 1516/1093/1162 1508/1102/1162
f 1517/789/1077 1509/806/1077 1809/1103/1077 1801/1094/1077
f 1810/807/1162 1802/788/1162 1518/1095/1162 1510/1104/1162
f 1791/769/1362 1811/811/1362 1496/1105/1362 1502/1084/1362
f 1497/812/1363 1503/772/1363 1793/1087/1363 1812/1106/1363
f 1795/773/1364 1813/813/1364 1498/1107/1364 1504/1088/1364
f 1811/811/1365 1814/817/1365 1944/1108/1365 1496/1105/1365
f 1449/818/1366 1497/812/1366 1812/1106/1366 1945/1109/1366
f 1813/813/1367 1815/819/1367 1946/1110/1367 1498/1107/1367
f 1817/824/1368 1816/823/1368 1490/1111/1368 1967/1112/1368
f 1491/826/1369 1819/829/1369 1966/1113/1369 1818/1114/1369
f 1456/828/1370 1820/827/1370 1492/1115/1370 1965/1116/1370
f 1816/823/1371 1821/835/1371 1484/1117/1371 1490/1111/1371
f 1485/836/1372 1491/826/1372 1818/1114/1372 1822/1118/1372
f 1820/827/1373 1823/837/1373 1486/1119/1373 1492/1115/1373
f 1821/835/1374 1786/758/1374 1534/1079/1374 1484/1117/1374
f 1535/763/1375 1485/836/1375 1822/1118/1375 1788/1080/1375
f 1823/837/1376 1790/762/1376 1536/1083/1376 1486/1119/1376
f 1824/840/1377 1804/794/1377 1483/1097/1377 1979/1120/1377
f 1805/799/1378 1825/843/1378 1978/1121/1378 1482/1098/1378
f 1472/842/1157 1481/798/1157 1807/1101/1157 1977/1122/1157
f 1797/781/1379 1824/840/1379 1979/1120/1379 1473/1090/1379
f 1825/843/1380 1474/782/1380 1798/1091/1380 1978/1121/1380
f 1799/783/1381 1472/842/1381 1977/1122/1381 1475/1092/1381
f 1827/848/1382 1826/847/1382 1465/1123/1382 1961/1124/1382
f 1466/850/1383 1829/853/1383 1960/1125/1383 1828/1126/1383
f 1454/852/1384 1830/851/1384 1467/1127/1384 1959/1128/1384
f 1826/847/1385 1831/859/1385 1459/1129/1385 1465/1123/1385
f 1460/860/1386 1466/850/1386 1828/1126/1386 1832/1130/1386
f 1830/851/1387 1833/861/1387 1461/1131/1387 1467/1127/1387
f 1831/859/1388 1834/865/1388 1968/1132/1388 1459/1129/1388
f 1457/866/1389 1460/860/1389 1832/1130/1389 1969/1133/1389
f 1833/861/1390 1835/867/1390 1970/1134/1390 1461/1131/1390
f 1834/865/1391 1817/824/1391 1967/1112/1391 1968/1132/1391
f 1819/829/1391 1457/866/1391 1969/1133/1391 1966/1113/1391
f 1835/867/1392 1456/828/1392 1965/1116/1392 1970/1134/1392
f 1836/870/1393 1827/848/1393 1961/1124/1393 1955/1135/1393
f 1829/853/1393 1837/873/1393 1954/1136/1393 1960/1125/1393
f 1452/872/1394 1454/852/1394 1959/1128/1394 1953/1137/1394
f 1838/876/1395 1836/870/1395 1955/1135/1395 1440/1138/1395
f 1837/873/1396 1839/879/1396 1439/1139/1396 1954/1136/1396
f 1438/878/1397 1452/872/1397 1953/1137/1397 1840/1140/1397
f 1814/817/1398 1841/883/1398 1938/1141/1398 1944/1108/1398
f 1447/884/1398 1449/818/1398 1945/1109/1398 1939/1142/1398
f 1815/819/1399 1842/885/1399 1940/1143/1399 1946/1110/1399
f 1841/883/1400 1843/889/1400 1441/1144/1400 1938/1141/1400
f 1442/890/1401 1447/884/1401 1939/1142/1401 1844/1145/1401
f 1842/885/1402 1845/891/1402 1443/1146/1402 1940/1143/1402
f 1843/889/1403 1838/876/1403 1440/1138/1403 1441/1144/1403
f 1839/879/1404 1442/890/1404 1844/1145/1404 1439/1139/1404
f 1845/891/1405 1438/878/1405 1840/1140/1405 1443/1146/1405
f 1846/888/1406 1847/882/1406 714/882/1406 716/888/1406
f 1848/877/1221 1846/888/1221 716/888/1221 717/877/1221
f 1849/871/1407 1848/877/1407 717/877/1407 715/871/1407
f 1850/864/1408 1851/858/1408 725/858/1408 723/864/1408
f 1851/858/1228 1852/846/1228 724/846/1228 725/858/1228
f 1852/846/1409 1853/849/1409 722/849/1409 724/846/1409
f 1854/759/1410 1855/834/1410 741/834/1410 1369/759/1410
f 1855/834/1411 1856/822/1411 740/822/1411 741/834/1411
f 1856/822/1412 1857/825/1412 738/825/1412 740/822/1412
f 1858/816/1413 1859/810/1413 733/810/1413 731/816/1413
f 1859/810/1414 1860/768/1414 732/768/1414 733/810/1414
f 1861/804/1415 1862/792/1415 730/792/1415 773/804/1415
f 1853/849/1416 1849/871/1416 715/871/1416 722/849/1416
f 1857/825/1417 1850/864/1417 723/864/1417 738/825/1417
f 1862/792/1418 1863/795/1418 781/795/1418 730/792/1418
f 1847/882/1419 1858/816/1419 731/816/1419 714/882/1419
f 1864/787/1237 1861/804/1237 773/804/1237 1278/787/1237
f 1865/841/1420 1866/780/1420 777/780/1420 739/841/1420
f 1863/795/1421 1865/841/1421 739/841/1421 781/795/1421
f 1867/771/1422 1864/787/1422 1278/787/1422 1355/771/1422
f 1866/780/1240 1868/756/1240 1307/756/1240 777/780/1240
f 1860/768/1423 1867/771/1423 1355/771/1423 732/768/1423
f 1868/756/1424 1854/759/1424 1369/759/1424 1307/756/1424
f 1870/758/1425 1869/757/1425 1785/757/1425 1786/758/1425
f 1871/760/1426 1872/763/1426 1535/763/1426 1523/760/1426
f 1874/762/1427 1873/761/1427 1789/761/1427 1790/762/1427
f 1876/770/1428 1875/769/1428 1791/769/1428 1792/770/1428
f 1877/772/1429 1878/775/1429 1529/775/1429 1503/772/1429
f 1880/774/1430 1879/773/1430 1795/773/1430 1796/774/1430
f 1869/757/1200 1881/781/1200 1797/781/1200 1785/757/1200
f 1882/782/1431 1871/760/1431 1523/760/1431 1474/782/1431
f 1873/761/1432 1883/783/1432 1799/783/1432 1789/761/1432
f 1884/786/1433 1876/770/1433 1792/770/1433 1800/786/1433
f 1878/775/1434 1885/789/1434 1517/789/1434 1529/775/1434
f 1886/788/1435 1880/774/1435 1796/774/1435 1802/788/1435
f 1888/794/1436 1887/793/1436 1803/793/1436 1804/794/1436
f 1889/796/1437 1890/799/1437 1805/799/1437 1514/796/1437
f 1892/798/1438 1891/797/1438 1806/797/1438 1481/798/1438
f 1887/793/1439 1893/805/1439 1808/805/1439 1803/793/1439
f 1894/806/1440 1889/796/1440 1514/796/1440 1509/806/1440
f 1891/797/1441 1895/807/1441 1810/807/1441 1806/797/1441
f 1893/805/1204 1884/786/1204 1800/786/1204 1808/805/1204
f 1885/789/1442 1894/806/1442 1509/806/1442 1517/789/1442
f 1895/807/1443 1886/788/1443 1802/788/1443 1810/807/1443
f 1875/769/1444 1896/811/1444 1811/811/1444 1791/769/1444
f 1897/812/1445 1877/772/1445 1503/772/1445 1497/812/1445
f 1879/773/1446 1898/813/1446 1813/813/1446 1795/773/1446
f 1896/811/1447 1899/817/1447 1814/817/1447 1811/811/1447
f 1900/818/1448 1897/812/1448 1497/812/1448 1449/818/1448
f 1898/813/1449 1901/819/1449 1815/819/1449 1813/813/1449
f 1903/824/1450 1902/823/1450 1816/823/1450 1817/824/1450
f 1904/826/1451 1905/829/1451 1819/829/1451 1491/826/1451
f 1907/828/1452 1906/827/1452 1820/827/1452 1456/828/1452
f 1902/823/1453 1908/835/1453 1821/835/1453 1816/823/1453
f 1909/836/1454 1904/826/1454 1491/826/1454 1485/836/1454
f 1906/827/1455 1910/837/1455 1823/837/1455 1820/827/1455
f 1908/835/1456 1870/758/1456 1786/758/1456 1821/835/1456
f 1872/763/1457 1909/836/1457 1485/836/1457 1535/763/1457
f 1910/837/1458 1874/762/1458 1790/762/1458 1823/837/1458
f 1911/840/1459 1888/794/1459 1804/794/1459 1824/840/1459
f 1890/799/1460 1912/843/1460 1825/843/1460 1805/799/1460
f 1913/842/1461 1892/798/1461 1481/798/1461 1472/842/1461
f 1881/781/1462 1911/840/1462 1824/840/1462 1797/781/1462
f 1912/843/1463 1882/782/1463 1474/782/1463 1825/843/1463
f 1883/783/1464 1913/842/1464 1472/842/1464 1799/783/1464
f 1915/848/1465 1914/847/1465 1826/847/1465 1827/848/1465
f 1916/850/1466 1917/853/1466 1829/853/1466 1466/850/1466
f 1919/852/1467 1918/851/1467 1830/851/1467 1454/852/1467
f 1914/847/1213 1920/859/1213 1831/859/1213 1826/847/1213
f 1921/860/1468 1916/850/1468 1466/850/1468 1460/860/1468
f 1918/851/1469 1922/861/1469 1833/861/1469 1830/851/1469
f 1920/859/1470 1923/865/1470 1834/865/1470 1831/859/1470
f 1924/866/1471 1921/860/1471 1460/860/1471 1457/866/1471
f 1922/861/1472 1925/867/1472 1835/867/1472 1833/861/1472
f 1923/865/1473 1903/824/1473 1817/824/1473 1834/865/1473
f 1905/829/1417 1924/866/1417 1457/866/1417 1819/829/1417
f 1925/867/1473 1907/828/1473 1456/828/1473 1835/867/1473
f 1926/870/1474 1915/848/1474 1827/848/1474 1836/870/1474
f 1917/853/1416 1927/873/1416 1837/873/1416 1829/853/1416
f 1928/872/1474 1919/852/1474 1454/852/1474 1452/872/1474
f 1929/876/1475 1926/870/1475 1836/870/1475 1838/876/1475
f 1927/873/1476 1930/879/1476 1839/879/1476 1837/873/1476
f 1931/878/1477 1928/872/1477 1452/872/1477 1438/878/1477
f 1899/817/1478 1932/883/1478 1841/883/1478 1814/817/1478
f 1933/884/1419 1900/818/1419 1449/818/1419 1447/884/1419
f 1901/819/1478 1934/885/1478 1842/885/1478 1815/819/1478
f 1932/883/1479 1935/889/1479 1843/889/1479 1841/883/1479
f 1936/890/1480 1933/884/1480 1447/884/1480 1442/890/1480
f 1934/885/1481 1937/891/1481 1845/891/1481 1842/885/1481
f 1935/889/1220 1929/876/1220 1838/876/1220 1843/889/1220
f 1930/879/1482 1936/890/1482 1442/890/1482 1839/879/1482
f 1937/891/1483 1931/878/1483 1438/878/1483 1845/891/1483
f 1988/1147/748 1987/1148/748 1942/1073/748 1943/945/748
