# Blender 5.2.1 LTS
# www.blender.org
mtllib Pipes2.mtl
o Cylinder
v 0.557115 0.911358 2.951564
v 0.557097 0.912417 1.546925
v 0.561018 0.912411 2.951516
v 0.560999 0.913470 1.546876
v 0.564919 0.911329 2.951438
v 0.564901 0.912388 1.546798
v 0.568669 0.908151 2.951333
v 0.568651 0.909210 1.546693
v 0.572125 0.903001 2.951205
v 0.572106 0.904060 1.546565
v 0.575152 0.896076 2.951059
v 0.575134 0.897135 1.546419
v 0.577635 0.887643 2.950901
v 0.577617 0.888702 1.546261
v 0.579479 0.878025 2.950736
v 0.579460 0.879084 1.546096
v 0.580612 0.867592 2.950572
v 0.580593 0.868650 1.545932
v 0.580991 0.856745 2.950414
v 0.580972 0.857803 1.545774
v 0.580601 0.845900 2.950268
v 0.580583 0.846959 1.545629
v 0.579458 0.835476 2.950141
v 0.579440 0.836535 1.545501
v 0.577605 0.825871 2.950036
v 0.577587 0.826930 1.545397
v 0.575114 0.817456 2.949959
v 0.575096 0.818515 1.545319
v 0.572080 0.810554 2.949911
v 0.572062 0.811613 1.545272
v 0.568620 0.805429 2.949896
v 0.568602 0.806488 1.545256
v 0.564867 0.802280 2.949912
v 0.564848 0.803338 1.545273
v 0.560964 0.801226 2.949961
v 0.560946 0.802285 1.545321
v 0.557063 0.802308 2.950039
v 0.557045 0.803367 1.545399
v 0.553313 0.805486 2.950144
v 0.553294 0.806545 1.545504
v 0.549857 0.810636 2.950272
v 0.549839 0.811695 1.545632
v 0.546830 0.817561 2.950418
v 0.546812 0.818620 1.545778
v 0.544347 0.825994 2.950576
v 0.544328 0.827053 1.545936
v 0.542503 0.835612 2.950741
v 0.542485 0.836671 1.546101
v 0.541370 0.846046 2.950905
v 0.541352 0.847104 1.546265
v 0.540991 0.856893 2.951063
v 0.540973 0.857951 1.546423
v 0.541380 0.867737 2.951208
v 0.541362 0.868796 1.546569
v 0.542524 0.878161 2.951336
v 0.542505 0.879220 1.546696
v 0.544376 0.887766 2.951440
v 0.544358 0.888825 1.546801
v 0.546868 0.896181 2.951518
v 0.546849 0.897240 1.546878
v 0.549902 0.903083 2.951565
v 0.549883 0.904142 1.546926
v 0.553362 0.908208 2.951581
v 0.553344 0.909267 1.546941
v 0.557115 0.748312 2.948898
v 0.557097 0.749371 1.544258
v 0.561018 0.749366 2.948849
v 0.560999 0.750425 1.544210
v 0.564919 0.748283 2.948771
v 0.564901 0.749342 1.544131
v 0.568669 0.745106 2.948666
v 0.568651 0.746165 1.544026
v 0.572125 0.739956 2.948538
v 0.572106 0.741014 1.543898
v 0.575152 0.733031 2.948392
v 0.575134 0.734090 1.543752
v 0.577635 0.724597 2.948234
v 0.577617 0.725656 1.543594
v 0.579479 0.714979 2.948069
v 0.579460 0.716038 1.543430
v 0.580612 0.704546 2.947905
v 0.580593 0.705605 1.543265
v 0.580991 0.693699 2.947747
v 0.580972 0.694758 1.543108
v 0.580601 0.682855 2.947602
v 0.580583 0.683914 1.542962
v 0.579458 0.672430 2.947474
v 0.579440 0.673489 1.542835
v 0.577605 0.662826 2.947370
v 0.577587 0.663885 1.542730
v 0.575114 0.654411 2.947292
v 0.575096 0.655470 1.542653
v 0.572080 0.647508 2.947245
v 0.572062 0.648567 1.542605
v 0.568620 0.642384 2.947229
v 0.568602 0.643443 1.542589
v 0.564867 0.639234 2.947246
v 0.564848 0.640293 1.542606
v 0.560964 0.638180 2.947294
v 0.560946 0.639239 1.542654
v 0.557063 0.639263 2.947372
v 0.557045 0.640322 1.542732
v 0.553313 0.642440 2.947477
v 0.553294 0.643499 1.542838
v 0.549857 0.647590 2.947605
v 0.549839 0.648649 1.542966
v 0.546830 0.654515 2.947751
v 0.546812 0.655574 1.543112
v 0.544347 0.662949 2.947909
v 0.544328 0.664008 1.543270
v 0.542503 0.672567 2.948074
v 0.542485 0.673626 1.543434
v 0.541370 0.683000 2.948238
v 0.541352 0.684059 1.543599
v 0.540991 0.693847 2.948396
v 0.540973 0.694906 1.543756
v 0.541380 0.704691 2.948542
v 0.541362 0.705750 1.543902
v 0.542524 0.715116 2.948669
v 0.542505 0.716175 1.544029
v 0.544376 0.724720 2.948773
v 0.544358 0.725779 1.544134
v 0.546868 0.733135 2.948851
v 0.546849 0.734194 1.544211
v 0.549902 0.740038 2.948898
v 0.549883 0.741097 1.544259
v 0.553362 0.745162 2.948914
v 0.553344 0.746221 1.544275
v 0.557115 0.585266 2.946231
v 0.557097 0.586325 1.541591
v 0.561018 0.586320 2.946183
v 0.560999 0.587379 1.541543
v 0.564919 0.585238 2.946104
v 0.564901 0.586296 1.541465
v 0.568669 0.582060 2.945999
v 0.568651 0.583119 1.541360
v 0.572125 0.576910 2.945871
v 0.572106 0.577969 1.541232
v 0.575152 0.569985 2.945725
v 0.575134 0.571044 1.541086
v 0.577635 0.561551 2.945567
v 0.577617 0.562610 1.540928
v 0.579479 0.551933 2.945403
v 0.579460 0.552992 1.540763
v 0.580612 0.541500 2.945238
v 0.580593 0.542559 1.540599
v 0.580991 0.530653 2.945081
v 0.580972 0.531712 1.540441
v 0.580601 0.519809 2.944935
v 0.580583 0.520868 1.540295
v 0.579458 0.509385 2.944808
v 0.579440 0.510443 1.540168
v 0.577605 0.499780 2.944703
v 0.577587 0.500839 1.540063
v 0.575114 0.491365 2.944626
v 0.575096 0.492424 1.539986
v 0.572080 0.484462 2.944578
v 0.572062 0.485521 1.539938
v 0.568620 0.479338 2.944562
v 0.568602 0.480397 1.539923
v 0.564867 0.476188 2.944579
v 0.564848 0.477247 1.539939
v 0.560964 0.475135 2.944627
v 0.560946 0.476193 1.539988
v 0.557063 0.476217 2.944705
v 0.557045 0.477276 1.540066
v 0.553313 0.479395 2.944811
v 0.553294 0.480453 1.540171
v 0.549857 0.484545 2.944939
v 0.549839 0.485604 1.540299
v 0.546830 0.491470 2.945085
v 0.546812 0.492528 1.540445
v 0.544347 0.499903 2.945243
v 0.544328 0.500962 1.540603
v 0.542503 0.509521 2.945407
v 0.542485 0.510580 1.540768
v 0.541370 0.519954 2.945571
v 0.541352 0.521013 1.540932
v 0.540991 0.530801 2.945729
v 0.540973 0.531860 1.541090
v 0.541380 0.541645 2.945875
v 0.541362 0.542704 1.541235
v 0.542524 0.552070 2.946002
v 0.542505 0.553129 1.541363
v 0.544376 0.561674 2.946107
v 0.544358 0.562733 1.541467
v 0.546868 0.570090 2.946184
v 0.546849 0.571149 1.541545
v 0.549902 0.576992 2.946232
v 0.549883 0.578051 1.541592
v 0.553362 0.582117 2.946248
v 0.553344 0.583176 1.541608
v 0.557115 0.422221 2.943564
v 0.557097 0.423280 1.538925
v 0.561018 0.423274 2.943516
v 0.560999 0.424333 1.538876
v 0.564919 0.422192 2.943438
v 0.564901 0.423251 1.538798
v 0.568669 0.419014 2.943332
v 0.568651 0.420073 1.538693
v 0.572125 0.413864 2.943205
v 0.572106 0.414923 1.538565
v 0.575152 0.406939 2.943059
v 0.575134 0.407998 1.538419
v 0.577635 0.398506 2.942900
v 0.577617 0.399565 1.538261
v 0.579479 0.388888 2.942736
v 0.579460 0.389947 1.538096
v 0.580612 0.378455 2.942572
v 0.580593 0.379514 1.537932
v 0.580991 0.367608 2.942414
v 0.580972 0.368667 1.537774
v 0.580601 0.356764 2.942268
v 0.580583 0.357822 1.537629
v 0.579458 0.346339 2.942141
v 0.579440 0.347398 1.537501
v 0.577605 0.336734 2.942036
v 0.577587 0.337793 1.537397
v 0.575114 0.328319 2.941959
v 0.575096 0.329378 1.537319
v 0.572080 0.321417 2.941911
v 0.572062 0.322476 1.537272
v 0.568620 0.316292 2.941895
v 0.568602 0.317351 1.537256
v 0.564867 0.313143 2.941912
v 0.564848 0.314202 1.537273
v 0.560964 0.312089 2.941961
v 0.560946 0.313148 1.537321
v 0.557063 0.313172 2.942039
v 0.557045 0.314230 1.537399
v 0.553313 0.316349 2.942144
v 0.553294 0.317408 1.537504
v 0.549857 0.321499 2.942272
v 0.549839 0.322558 1.537632
v 0.546830 0.328424 2.942418
v 0.546812 0.329483 1.537778
v 0.544347 0.336858 2.942576
v 0.544328 0.337916 1.537936
v 0.542503 0.346476 2.942740
v 0.542485 0.347535 1.538101
v 0.541370 0.356909 2.942905
v 0.541352 0.357968 1.538265
v 0.540991 0.367756 2.943063
v 0.540973 0.368815 1.538423
v 0.541380 0.378600 2.943208
v 0.541362 0.379659 1.538569
v 0.542524 0.389025 2.943336
v 0.542505 0.390083 1.538696
v 0.544376 0.398629 2.943440
v 0.544358 0.399688 1.538800
v 0.546868 0.407044 2.943518
v 0.546849 0.408103 1.538878
v 0.549902 0.413947 2.943565
v 0.549883 0.415005 1.538926
v 0.553362 0.419071 2.943581
v 0.553344 0.420130 1.538941
v 0.557115 0.259175 2.940897
v 0.557097 0.260234 1.536258
v 0.561018 0.260229 2.940849
v 0.560999 0.261288 1.536210
v 0.564919 0.259146 2.940771
v 0.564901 0.260205 1.536131
v 0.568669 0.255969 2.940666
v 0.568651 0.257028 1.536026
v 0.572125 0.250819 2.940538
v 0.572106 0.251878 1.535898
v 0.575152 0.243894 2.940392
v 0.575134 0.244953 1.535752
v 0.577635 0.235460 2.940234
v 0.577617 0.236519 1.535594
v 0.579479 0.225842 2.940069
v 0.579460 0.226901 1.535430
v 0.580612 0.215409 2.939905
v 0.580593 0.216468 1.535265
v 0.580991 0.204562 2.939747
v 0.580972 0.205621 1.535107
v 0.580601 0.193718 2.939601
v 0.580583 0.194777 1.534962
v 0.579458 0.183293 2.939474
v 0.579440 0.184352 1.534835
v 0.577605 0.173689 2.939370
v 0.577587 0.174748 1.534730
v 0.575114 0.165274 2.939292
v 0.575096 0.166333 1.534652
v 0.572080 0.158371 2.939245
v 0.572062 0.159430 1.534605
v 0.568620 0.153247 2.939229
v 0.568602 0.154306 1.534589
v 0.564867 0.150097 2.939245
v 0.564848 0.151156 1.534606
v 0.560964 0.149043 2.939294
v 0.560946 0.150102 1.534654
v 0.557063 0.150126 2.939372
v 0.557045 0.151185 1.534732
v 0.553313 0.153303 2.939477
v 0.553294 0.154362 1.534838
v 0.549857 0.158454 2.939605
v 0.549839 0.159512 1.534966
v 0.546830 0.165378 2.939751
v 0.546812 0.166437 1.535111
v 0.544347 0.173812 2.939909
v 0.544328 0.174871 1.535270
v 0.542503 0.183430 2.940074
v 0.542485 0.184489 1.535434
v 0.541370 0.193863 2.940238
v 0.541352 0.194922 1.535599
v 0.540991 0.204710 2.940396
v 0.540973 0.205769 1.535756
v 0.541380 0.215554 2.940542
v 0.541362 0.216613 1.535902
v 0.542524 0.225979 2.940669
v 0.542505 0.227038 1.536029
v 0.544376 0.235583 2.940773
v 0.544358 0.236642 1.536134
v 0.546868 0.243999 2.940851
v 0.546849 0.245057 1.536211
v 0.549902 0.250901 2.940898
v 0.549883 0.251960 1.536259
v 0.553362 0.256026 2.940914
v 0.553344 0.257084 1.536275
v 0.557114 0.259226 2.874010
v 0.557114 0.259276 2.807122
v 0.557113 0.259326 2.740235
v 0.557112 0.259377 2.673347
v 0.556707 0.265106 2.607149
v 0.557110 0.259478 2.539572
v 0.557109 0.259528 2.472684
v 0.557108 0.259578 2.405797
v 0.557107 0.259629 2.338909
v 0.557107 0.259679 2.272022
v 0.557106 0.259730 2.205134
v 0.557105 0.259780 2.138246
v 0.557104 0.259831 2.071359
v 0.557103 0.259881 2.004471
v 0.556699 0.265611 1.938273
v 0.557101 0.259982 1.870696
v 0.557100 0.260032 1.803808
v 0.557100 0.260083 1.736921
v 0.557099 0.260133 1.670033
v 0.557098 0.260184 1.603146
v 0.561000 0.261237 1.603097
v 0.561001 0.261187 1.669985
v 0.561002 0.261137 1.736872
v 0.561003 0.261086 1.803760
v 0.561006 0.266825 1.871344
v 0.561005 0.260985 1.937535
v 0.561005 0.260935 2.004423
v 0.561006 0.260885 2.071311
v 0.561007 0.260834 2.138198
v 0.561008 0.260784 2.205086
v 0.561009 0.260733 2.271973
v 0.561010 0.260683 2.338861
v 0.561011 0.260632 2.405748
v 0.561012 0.260582 2.472636
v 0.561015 0.266320 2.540220
v 0.561013 0.260481 2.606411
v 0.561014 0.260431 2.673299
v 0.561015 0.260380 2.740186
v 0.561016 0.260330 2.807074
v 0.561017 0.260279 2.873962
v 0.564901 0.260155 1.603019
v 0.564902 0.260104 1.669907
v 0.564903 0.260054 1.736794
v 0.564904 0.260004 1.803682
v 0.565314 0.265629 1.871245
v 0.564906 0.259903 1.937457
v 0.564907 0.259852 2.004345
v 0.564908 0.259802 2.071232
v 0.564908 0.259751 2.138120
v 0.564909 0.259701 2.205007
v 0.564910 0.259651 2.271895
v 0.564911 0.259600 2.338783
v 0.564912 0.259550 2.405670
v 0.564913 0.259499 2.472558
v 0.565323 0.265125 2.540122
v 0.564915 0.259398 2.606333
v 0.564915 0.259348 2.673221
v 0.564916 0.259298 2.740108
v 0.564917 0.259247 2.806996
v 0.564918 0.259197 2.873883
v 0.568652 0.256977 1.602914
v 0.568653 0.256927 1.669801
v 0.568654 0.256877 1.736689
v 0.568654 0.256826 1.803577
v 0.569455 0.262121 1.871094
v 0.568656 0.256725 1.937352
v 0.568657 0.256675 2.004240
v 0.568658 0.256625 2.071127
v 0.568659 0.256574 2.138015
v 0.568660 0.256524 2.204902
v 0.568660 0.256473 2.271790
v 0.568661 0.256423 2.338677
v 0.568662 0.256372 2.405565
v 0.568663 0.256322 2.472453
v 0.569463 0.261617 2.539970
v 0.568665 0.256221 2.606228
v 0.568666 0.256171 2.673115
v 0.568667 0.256120 2.740003
v 0.568668 0.256070 2.806891
v 0.568668 0.256019 2.873778
v 0.572107 0.251827 1.602786
v 0.572108 0.251777 1.669673
v 0.572109 0.251726 1.736561
v 0.572110 0.251676 1.803449
v 0.573270 0.256435 1.870896
v 0.572111 0.251575 1.937224
v 0.572112 0.251525 2.004112
v 0.572113 0.251474 2.070999
v 0.572114 0.251424 2.137887
v 0.572115 0.251373 2.204774
v 0.572116 0.251323 2.271662
v 0.572117 0.251273 2.338549
v 0.572118 0.251222 2.405437
v 0.572118 0.251172 2.472325
v 0.573279 0.255930 2.539772
v 0.572120 0.251071 2.606100
v 0.572121 0.251020 2.672987
v 0.572122 0.250970 2.739875
v 0.572123 0.250920 2.806763
v 0.572124 0.250869 2.873650
v 0.575134 0.244902 1.602640
v 0.575135 0.244852 1.669528
v 0.575136 0.244802 1.736415
v 0.575137 0.244751 1.803303
v 0.576612 0.248789 1.870658
v 0.575139 0.244650 1.937078
v 0.575140 0.244600 2.003966
v 0.575141 0.244550 2.070853
v 0.575141 0.244499 2.137741
v 0.575142 0.244449 2.204628
v 0.575143 0.244398 2.271516
v 0.575144 0.244348 2.338404
v 0.575145 0.244297 2.405291
v 0.575146 0.244247 2.472179
v 0.576621 0.248284 2.539534
v 0.575148 0.244146 2.605954
v 0.575148 0.244096 2.672842
v 0.575149 0.244045 2.739729
v 0.575150 0.243995 2.806617
v 0.575151 0.243944 2.873504
v 0.577618 0.236469 1.602482
v 0.577618 0.236418 1.669369
v 0.577619 0.236368 1.736257
v 0.577620 0.236318 1.803145
v 0.579354 0.239477 1.870390
v 0.577622 0.236217 1.936920
v 0.577623 0.236166 2.003807
v 0.577624 0.236116 2.070695
v 0.577625 0.236066 2.137583
v 0.577626 0.236015 2.204470
v 0.577626 0.235965 2.271358
v 0.577627 0.235914 2.338245
v 0.577628 0.235864 2.405133
v 0.577629 0.235813 2.472021
v 0.579363 0.238973 2.539266
v 0.577631 0.235713 2.605796
v 0.577632 0.235662 2.672683
v 0.577633 0.235612 2.739571
v 0.577633 0.235561 2.806458
v 0.577634 0.235511 2.873346
v 0.579461 0.226851 1.602317
v 0.579462 0.226800 1.669205
v 0.579463 0.226750 1.736093
v 0.579464 0.226700 1.802980
v 0.581390 0.228857 1.870102
v 0.579466 0.226599 1.936755
v 0.579466 0.226548 2.003643
v 0.579467 0.226498 2.070530
v 0.579468 0.226447 2.137418
v 0.579469 0.226397 2.204306
v 0.579470 0.226347 2.271193
v 0.579471 0.226296 2.338081
v 0.579472 0.226246 2.404969
v 0.579473 0.226195 2.471856
v 0.581399 0.228353 2.538978
v 0.579474 0.226094 2.605631
v 0.579475 0.226044 2.672519
v 0.579476 0.225994 2.739407
v 0.579477 0.225943 2.806294
v 0.579478 0.225893 2.873182
v 0.580594 0.216418 1.602153
v 0.580595 0.216367 1.669041
v 0.580596 0.216317 1.735928
v 0.580597 0.216266 1.802816
v 0.582641 0.217338 1.869805
v 0.580599 0.216166 1.936591
v 0.580600 0.216115 2.003479
v 0.580600 0.216065 2.070366
v 0.580601 0.216014 2.137254
v 0.580602 0.215964 2.204141
v 0.580603 0.215914 2.271029
v 0.580604 0.215863 2.337917
v 0.580605 0.215813 2.404804
v 0.580606 0.215762 2.471692
v 0.582650 0.216834 2.538681
v 0.580607 0.215661 2.605467
v 0.580608 0.215611 2.672354
v 0.580609 0.215560 2.739242
v 0.580610 0.215510 2.806130
v 0.580611 0.215460 2.873017
v 0.580973 0.205571 1.601995
v 0.580974 0.205520 1.668883
v 0.580975 0.205470 1.735770
v 0.580976 0.205419 1.802658
v 0.583059 0.205361 1.869511
v 0.580978 0.205319 1.936433
v 0.580979 0.205268 2.003321
v 0.580980 0.205218 2.070208
v 0.580980 0.205167 2.137096
v 0.580981 0.205117 2.203984
v 0.580982 0.205067 2.270871
v 0.580983 0.205016 2.337759
v 0.580984 0.204966 2.404646
v 0.580985 0.204915 2.471534
v 0.583068 0.204857 2.538387
v 0.580987 0.204814 2.605309
v 0.580987 0.204764 2.672197
v 0.580988 0.204713 2.739084
v 0.580989 0.204663 2.805972
v 0.580990 0.204613 2.872859
v 0.580584 0.194726 1.601850
v 0.580585 0.194676 1.668737
v 0.580586 0.194626 1.735625
v 0.580587 0.194575 1.802512
v 0.582629 0.193388 1.869230
v 0.580588 0.194474 1.936288
v 0.580589 0.194424 2.003175
v 0.580590 0.194374 2.070063
v 0.580591 0.194323 2.136950
v 0.580592 0.194273 2.203838
v 0.580593 0.194222 2.270725
v 0.580594 0.194172 2.337613
v 0.580594 0.194121 2.404501
v 0.580595 0.194071 2.471388
v 0.582638 0.192884 2.538106
v 0.580597 0.193970 2.605164
v 0.580598 0.193920 2.672051
v 0.580599 0.193869 2.738939
v 0.580600 0.193819 2.805826
v 0.580601 0.193768 2.872714
v 0.579441 0.184302 1.601722
v 0.579442 0.184251 1.668610
v 0.579443 0.184201 1.735497
v 0.579443 0.184151 1.802385
v 0.581367 0.181878 1.868974
v 0.579445 0.184050 1.936160
v 0.579446 0.183999 2.003048
v 0.579447 0.183949 2.069935
v 0.579448 0.183899 2.136823
v 0.579449 0.183848 2.203711
v 0.579450 0.183798 2.270598
v 0.579450 0.183747 2.337486
v 0.579451 0.183697 2.404373
v 0.579452 0.183646 2.471261
v 0.581376 0.181373 2.537850
v 0.579454 0.183546 2.605036
v 0.579455 0.183495 2.671924
v 0.579456 0.183445 2.738811
v 0.579457 0.183394 2.805699
v 0.579457 0.183344 2.872586
v 0.577588 0.174697 1.601618
v 0.577589 0.174647 1.668505
v 0.577590 0.174597 1.735393
v 0.577591 0.174546 1.802281
v 0.579321 0.171273 1.868752
v 0.577592 0.174445 1.936056
v 0.577593 0.174395 2.002943
v 0.577594 0.174344 2.069831
v 0.577595 0.174294 2.136719
v 0.577596 0.174244 2.203606
v 0.577597 0.174193 2.270494
v 0.577598 0.174143 2.337381
v 0.577599 0.174092 2.404269
v 0.577599 0.174042 2.471157
v 0.579330 0.170769 2.537628
v 0.577601 0.173941 2.604932
v 0.577602 0.173891 2.671819
v 0.577603 0.173840 2.738707
v 0.577604 0.173790 2.805594
v 0.577605 0.173739 2.872482
v 0.575097 0.166282 1.601540
v 0.575098 0.166232 1.668428
v 0.575098 0.166181 1.735315
v 0.575099 0.166131 1.802203
v 0.576571 0.161982 1.868574
v 0.575101 0.166030 1.935978
v 0.575102 0.165980 2.002866
v 0.575103 0.165929 2.069753
v 0.575104 0.165879 2.136641
v 0.575105 0.165829 2.203529
v 0.575105 0.165778 2.270416
v 0.575106 0.165728 2.337304
v 0.575107 0.165677 2.404191
v 0.575108 0.165627 2.471079
v 0.576580 0.161478 2.537450
v 0.575110 0.165526 2.604854
v 0.575111 0.165476 2.671742
v 0.575112 0.165425 2.738629
v 0.575112 0.165375 2.805517
v 0.575113 0.165324 2.872405
v 0.572063 0.159380 1.601493
v 0.572064 0.159329 1.668380
v 0.572064 0.159279 1.735268
v 0.572065 0.159228 1.802155
v 0.573221 0.154360 1.868445
v 0.572067 0.159128 1.935931
v 0.572068 0.159077 2.002818
v 0.572069 0.159027 2.069706
v 0.572070 0.158976 2.136593
v 0.572070 0.158926 2.203481
v 0.572071 0.158875 2.270369
v 0.572072 0.158825 2.337256
v 0.572073 0.158775 2.404144
v 0.572074 0.158724 2.471031
v 0.573230 0.153856 2.537321
v 0.572076 0.158623 2.604807
v 0.572077 0.158573 2.671694
v 0.572078 0.158523 2.738582
v 0.572078 0.158472 2.805470
v 0.572079 0.158422 2.872357
v 0.568602 0.154255 1.601477
v 0.568603 0.154205 1.668365
v 0.568604 0.154154 1.735252
v 0.568605 0.154104 1.802140
v 0.569400 0.148702 1.868370
v 0.568607 0.154003 1.935915
v 0.568608 0.153953 2.002802
v 0.568609 0.153902 2.069690
v 0.568609 0.153852 2.136578
v 0.568610 0.153801 2.203465
v 0.568611 0.153751 2.270353
v 0.568612 0.153701 2.337240
v 0.568613 0.153650 2.404128
v 0.568614 0.153600 2.471016
v 0.569409 0.148198 2.537247
v 0.568616 0.153499 2.604791
v 0.568616 0.153448 2.671679
v 0.568617 0.153398 2.738566
v 0.568618 0.153348 2.805454
v 0.568619 0.153297 2.872341
v 0.564849 0.151106 1.601494
v 0.564850 0.151055 1.668381
v 0.564851 0.151005 1.735269
v 0.564852 0.150954 1.802156
v 0.565256 0.145225 1.868354
v 0.564853 0.150853 1.935932
v 0.564854 0.150803 2.002819
v 0.564855 0.150752 2.069707
v 0.564856 0.150702 2.136594
v 0.564857 0.150652 2.203482
v 0.564858 0.150601 2.270370
v 0.564859 0.150551 2.337257
v 0.564860 0.150500 2.404145
v 0.564860 0.150450 2.471032
v 0.565265 0.144720 2.537231
v 0.564862 0.150349 2.604808
v 0.564863 0.150299 2.671695
v 0.564864 0.150248 2.738583
v 0.564865 0.150198 2.805470
v 0.564866 0.150148 2.872358
v 0.560947 0.150052 1.601542
v 0.560948 0.150001 1.668429
v 0.560948 0.149951 1.735317
v 0.560949 0.149900 1.802205
v 0.560947 0.144061 1.868396
v 0.560951 0.149800 1.935980
v 0.560952 0.149749 2.002867
v 0.560953 0.149699 2.069755
v 0.560954 0.149648 2.136643
v 0.560955 0.149598 2.203530
v 0.560955 0.149547 2.270418
v 0.560956 0.149497 2.337306
v 0.560957 0.149447 2.404193
v 0.560958 0.149396 2.471081
v 0.560956 0.143557 2.537272
v 0.560960 0.149295 2.604856
v 0.560961 0.149245 2.671743
v 0.560962 0.149195 2.738631
v 0.560962 0.149144 2.805519
v 0.560963 0.149094 2.872406
v 0.557045 0.151134 1.601620
v 0.557046 0.151084 1.668508
v 0.557047 0.151034 1.735395
v 0.557048 0.150983 1.802283
v 0.556640 0.145257 1.868494
v 0.557050 0.150882 1.936058
v 0.557051 0.150832 2.002946
v 0.557052 0.150781 2.069833
v 0.557052 0.150731 2.136721
v 0.557053 0.150681 2.203609
v 0.557054 0.150630 2.270496
v 0.557055 0.150580 2.337384
v 0.557056 0.150529 2.404271
v 0.557057 0.150479 2.471159
v 0.556649 0.144752 2.537370
v 0.557059 0.150378 2.604934
v 0.557059 0.150328 2.671822
v 0.557060 0.150277 2.738709
v 0.557061 0.150227 2.805597
v 0.557062 0.150176 2.872484
v 0.553295 0.154312 1.601725
v 0.553296 0.154261 1.668613
v 0.553297 0.154211 1.735501
v 0.553298 0.154160 1.802388
v 0.552499 0.148765 1.868645
v 0.553299 0.154060 1.936163
v 0.553300 0.154009 2.003051
v 0.553301 0.153959 2.069938
v 0.553302 0.153908 2.136826
v 0.553303 0.153858 2.203714
v 0.553304 0.153808 2.270601
v 0.553305 0.153757 2.337489
v 0.553306 0.153707 2.404377
v 0.553306 0.153656 2.471264
v 0.552508 0.148261 2.537521
v 0.553308 0.153555 2.605039
v 0.553309 0.153505 2.671927
v 0.553310 0.153455 2.738814
v 0.553311 0.153404 2.805702
v 0.553312 0.153354 2.872590
v 0.549840 0.159462 1.601853
v 0.549841 0.159412 1.668741
v 0.549842 0.159361 1.735628
v 0.549842 0.159311 1.802516
v 0.548684 0.154451 1.868844
v 0.549844 0.159210 1.936291
v 0.549845 0.159159 2.003179
v 0.549846 0.159109 2.070066
v 0.549847 0.159058 2.136954
v 0.549848 0.159008 2.203842
v 0.549849 0.158958 2.270729
v 0.549849 0.158907 2.337617
v 0.549850 0.158857 2.404505
v 0.549851 0.158806 2.471392
v 0.548693 0.153947 2.537720
v 0.549853 0.158706 2.605167
v 0.549854 0.158655 2.672055
v 0.549855 0.158605 2.738942
v 0.549856 0.158554 2.805830
v 0.549856 0.158504 2.872718
v 0.546812 0.166387 1.601999
v 0.546813 0.166337 1.668887
v 0.546814 0.166286 1.735774
v 0.546815 0.166236 1.802662
v 0.545341 0.162097 1.869082
v 0.546817 0.166135 1.936437
v 0.546818 0.166084 2.003325
v 0.546819 0.166034 2.070212
v 0.546819 0.165984 2.137100
v 0.546820 0.165933 2.203988
v 0.546821 0.165883 2.270875
v 0.546822 0.165832 2.337763
v 0.546823 0.165782 2.404650
v 0.546824 0.165731 2.471538
v 0.545350 0.161593 2.537958
v 0.546826 0.165631 2.605313
v 0.546826 0.165580 2.672201
v 0.546827 0.165530 2.739088
v 0.546828 0.165479 2.805976
v 0.546829 0.165429 2.872864
v 0.544329 0.174820 1.602157
v 0.544330 0.174770 1.669045
v 0.544331 0.174720 1.735933
v 0.544332 0.174669 1.802820
v 0.542600 0.171409 1.869350
v 0.544334 0.174568 1.936595
v 0.544334 0.174518 2.003483
v 0.544335 0.174468 2.070371
v 0.544336 0.174417 2.137258
v 0.544337 0.174367 2.204146
v 0.544338 0.174316 2.271033
v 0.544339 0.174266 2.337921
v 0.544340 0.174215 2.404809
v 0.544341 0.174165 2.471696
v 0.542608 0.170905 2.538226
v 0.544342 0.174064 2.605471
v 0.544343 0.174014 2.672359
v 0.544344 0.173963 2.739247
v 0.544345 0.173913 2.806134
v 0.544346 0.173862 2.873022
v 0.542486 0.184439 1.602322
v 0.542486 0.184388 1.669209
v 0.542487 0.184338 1.736097
v 0.542488 0.184287 1.802985
v 0.540564 0.182029 1.869638
v 0.542490 0.184187 1.936760
v 0.542491 0.184136 2.003647
v 0.542492 0.184086 2.070535
v 0.542493 0.184035 2.137423
v 0.542494 0.183985 2.204310
v 0.542494 0.183934 2.271198
v 0.542495 0.183884 2.338085
v 0.542496 0.183834 2.404973
v 0.542497 0.183783 2.471861
v 0.540573 0.181524 2.538514
v 0.542499 0.183682 2.605636
v 0.542500 0.183632 2.672523
v 0.542501 0.183581 2.739411
v 0.542501 0.183531 2.806299
v 0.542502 0.183481 2.873186
v 0.541353 0.194872 1.602486
v 0.541353 0.194821 1.669374
v 0.541354 0.194771 1.736261
v 0.541355 0.194720 1.803149
v 0.539313 0.193548 1.869935
v 0.541357 0.194620 1.936924
v 0.541358 0.194569 2.003812
v 0.541359 0.194519 2.070699
v 0.541360 0.194468 2.137587
v 0.541360 0.194418 2.204474
v 0.541361 0.194367 2.271362
v 0.541362 0.194317 2.338250
v 0.541363 0.194267 2.405137
v 0.541364 0.194216 2.472025
v 0.539322 0.193044 2.538811
v 0.541366 0.194115 2.605800
v 0.541367 0.194065 2.672688
v 0.541367 0.194014 2.739575
v 0.541368 0.193964 2.806463
v 0.541369 0.193914 2.873351
v 0.540973 0.205719 1.602644
v 0.540974 0.205668 1.669532
v 0.540975 0.205618 1.736419
v 0.540976 0.205567 1.803307
v 0.538894 0.205525 1.870229
v 0.540978 0.205467 1.937082
v 0.540979 0.205416 2.003970
v 0.540980 0.205366 2.070857
v 0.540980 0.205315 2.137745
v 0.540981 0.205265 2.204633
v 0.540982 0.205214 2.271520
v 0.540983 0.205164 2.338408
v 0.540984 0.205114 2.405295
v 0.540985 0.205063 2.472183
v 0.538903 0.205020 2.539105
v 0.540987 0.204962 2.605958
v 0.540987 0.204912 2.672846
v 0.540988 0.204861 2.739733
v 0.540989 0.204811 2.806621
v 0.540990 0.204761 2.873508
v 0.541363 0.216563 1.602790
v 0.541364 0.216512 1.669677
v 0.541365 0.216462 1.736565
v 0.541366 0.216412 1.803452
v 0.539324 0.217498 1.870510
v 0.541367 0.216311 1.937228
v 0.541368 0.216260 2.004115
v 0.541369 0.216210 2.071003
v 0.541370 0.216160 2.137890
v 0.541371 0.216109 2.204778
v 0.541372 0.216059 2.271666
v 0.541373 0.216008 2.338553
v 0.541373 0.215958 2.405441
v 0.541374 0.215907 2.472328
v 0.539333 0.216994 2.539386
v 0.541376 0.215807 2.606104
v 0.541377 0.215756 2.672991
v 0.541378 0.215706 2.739879
v 0.541379 0.215655 2.806767
v 0.541380 0.215605 2.873654
v 0.542506 0.226987 1.602917
v 0.542507 0.226937 1.669805
v 0.542508 0.226887 1.736692
v 0.542509 0.226836 1.803580
v 0.540587 0.229008 1.870766
v 0.542510 0.226735 1.937355
v 0.542511 0.226685 2.004243
v 0.542512 0.226635 2.071130
v 0.542513 0.226584 2.138018
v 0.542514 0.226534 2.204905
v 0.542515 0.226483 2.271793
v 0.542516 0.226433 2.338681
v 0.542517 0.226382 2.405568
v 0.542517 0.226332 2.472456
v 0.540595 0.228504 2.539642
v 0.542519 0.226231 2.606231
v 0.542520 0.226181 2.673119
v 0.542521 0.226130 2.740006
v 0.542522 0.226080 2.806894
v 0.542523 0.226029 2.873781
v 0.544359 0.236592 1.603021
v 0.544360 0.236542 1.669909
v 0.544361 0.236491 1.736797
v 0.544362 0.236441 1.803684
v 0.542632 0.239613 1.870987
v 0.544363 0.236340 1.937459
v 0.544364 0.236289 2.004347
v 0.544365 0.236239 2.071235
v 0.544366 0.236189 2.138122
v 0.544367 0.236138 2.205010
v 0.544368 0.236088 2.271898
v 0.544369 0.236037 2.338785
v 0.544369 0.235987 2.405673
v 0.544370 0.235936 2.472560
v 0.542641 0.239109 2.539864
v 0.544372 0.235836 2.606335
v 0.544373 0.235785 2.673223
v 0.544374 0.235735 2.740111
v 0.544375 0.235684 2.806998
v 0.544376 0.235634 2.873886
v 0.546850 0.245007 1.603099
v 0.546851 0.244957 1.669986
v 0.546852 0.244906 1.736874
v 0.546853 0.244856 1.803762
v 0.545383 0.248904 1.871166
v 0.546855 0.244755 1.937537
v 0.546855 0.244705 2.004425
v 0.546856 0.244654 2.071312
v 0.546857 0.244604 2.138200
v 0.546858 0.244553 2.205087
v 0.546859 0.244503 2.271975
v 0.546860 0.244452 2.338863
v 0.546861 0.244402 2.405750
v 0.546862 0.244352 2.472638
v 0.545392 0.248400 2.540042
v 0.546863 0.244251 2.606413
v 0.546864 0.244200 2.673301
v 0.546865 0.244150 2.740188
v 0.546866 0.244099 2.807076
v 0.546867 0.244049 2.873963
v 0.549884 0.251909 1.603146
v 0.549885 0.251859 1.670034
v 0.549886 0.251809 1.736922
v 0.549887 0.251758 1.803809
v 0.548733 0.256525 1.871295
v 0.549889 0.251657 1.937584
v 0.549890 0.251607 2.004472
v 0.549890 0.251557 2.071360
v 0.549891 0.251506 2.138247
v 0.549892 0.251456 2.205135
v 0.549893 0.251405 2.272022
v 0.549894 0.251355 2.338910
v 0.549895 0.251304 2.405798
v 0.549896 0.251254 2.472685
v 0.548742 0.256021 2.540171
v 0.549897 0.251153 2.606460
v 0.549898 0.251103 2.673348
v 0.549899 0.251052 2.740236
v 0.549900 0.251002 2.807123
v 0.549901 0.250951 2.874011
v 0.553344 0.257034 1.603162
v 0.553345 0.256984 1.670050
v 0.553346 0.256933 1.736937
v 0.553347 0.256883 1.803825
v 0.552554 0.262183 1.871369
v 0.553349 0.256782 1.937600
v 0.553350 0.256732 2.004488
v 0.553351 0.256681 2.071375
v 0.553351 0.256631 2.138263
v 0.553352 0.256580 2.205151
v 0.553353 0.256530 2.272038
v 0.553354 0.256479 2.338926
v 0.553355 0.256429 2.405813
v 0.553356 0.256379 2.472701
v 0.552562 0.261679 2.540246
v 0.553358 0.256278 2.606476
v 0.553358 0.256227 2.673364
v 0.553359 0.256177 2.740252
v 0.553360 0.256126 2.807139
v 0.553361 0.256076 2.874027
v 0.557114 0.422271 2.876677
v 0.557114 0.422322 2.809789
v 0.557113 0.422372 2.742901
v 0.557112 0.422422 2.676014
v 0.556707 0.428152 2.609816
v 0.557110 0.422523 2.542239
v 0.557109 0.422574 2.475351
v 0.557108 0.422624 2.408463
v 0.557107 0.422674 2.341576
v 0.557107 0.422725 2.274688
v 0.557106 0.422775 2.207801
v 0.557105 0.422826 2.140913
v 0.557104 0.422876 2.074025
v 0.557103 0.422927 2.007138
v 0.556699 0.428656 1.940940
v 0.557101 0.423027 1.873363
v 0.557100 0.423078 1.806475
v 0.557100 0.423128 1.739587
v 0.557099 0.423179 1.672700
v 0.557098 0.423229 1.605812
v 0.561000 0.424283 1.605764
v 0.561001 0.424233 1.672652
v 0.561002 0.424182 1.739539
v 0.561003 0.424132 1.806427
v 0.561006 0.429870 1.874010
v 0.561005 0.424031 1.940202
v 0.561005 0.423981 2.007090
v 0.561006 0.423930 2.073977
v 0.561007 0.423880 2.140865
v 0.561008 0.423829 2.207752
v 0.561009 0.423779 2.274640
v 0.561010 0.423728 2.341527
v 0.561011 0.423678 2.408415
v 0.561012 0.423627 2.475303
v 0.561015 0.429366 2.542886
v 0.561013 0.423527 2.609078
v 0.561014 0.423476 2.675966
v 0.561015 0.423426 2.742853
v 0.561016 0.423375 2.809741
v 0.561017 0.423325 2.876628
v 0.564901 0.423200 1.605686
v 0.564902 0.423150 1.672573
v 0.564903 0.423100 1.739461
v 0.564904 0.423049 1.806349
v 0.565314 0.428675 1.873912
v 0.564906 0.422948 1.940124
v 0.564907 0.422898 2.007011
v 0.564908 0.422848 2.073899
v 0.564908 0.422797 2.140786
v 0.564909 0.422747 2.207674
v 0.564910 0.422696 2.274562
v 0.564911 0.422646 2.341449
v 0.564912 0.422595 2.408337
v 0.564913 0.422545 2.475224
v 0.565323 0.428171 2.542788
v 0.564915 0.422444 2.609000
v 0.564915 0.422394 2.675887
v 0.564916 0.422343 2.742775
v 0.564917 0.422293 2.809663
v 0.564918 0.422242 2.876550
v 0.568652 0.420023 1.605581
v 0.568653 0.419973 1.672468
v 0.568654 0.419922 1.739356
v 0.568654 0.419872 1.806243
v 0.569455 0.425167 1.873761
v 0.568656 0.419771 1.940019
v 0.568657 0.419720 2.006906
v 0.568658 0.419670 2.073794
v 0.568659 0.419620 2.140681
v 0.568660 0.419569 2.207569
v 0.568660 0.419519 2.274457
v 0.568661 0.419468 2.341344
v 0.568662 0.419418 2.408232
v 0.568663 0.419367 2.475119
v 0.569463 0.424662 2.542637
v 0.568665 0.419267 2.608895
v 0.568666 0.419216 2.675782
v 0.568667 0.419166 2.742670
v 0.568668 0.419115 2.809557
v 0.568668 0.419065 2.876445
v 0.572107 0.414873 1.605453
v 0.572108 0.414822 1.672340
v 0.572109 0.414772 1.739228
v 0.572110 0.414722 1.806115
v 0.573270 0.419480 1.873563
v 0.572111 0.414621 1.939891
v 0.572112 0.414570 2.006778
v 0.572113 0.414520 2.073666
v 0.572114 0.414470 2.140553
v 0.572115 0.414419 2.207441
v 0.572116 0.414369 2.274328
v 0.572117 0.414318 2.341216
v 0.572118 0.414268 2.408104
v 0.572118 0.414217 2.474991
v 0.573279 0.418976 2.542439
v 0.572120 0.414116 2.608767
v 0.572121 0.414066 2.675654
v 0.572122 0.414016 2.742542
v 0.572123 0.413965 2.809429
v 0.572124 0.413915 2.876317
v 0.575134 0.407948 1.605307
v 0.575135 0.407898 1.672194
v 0.575136 0.407847 1.739082
v 0.575137 0.407797 1.805969
v 0.576612 0.411834 1.873325
v 0.575139 0.407696 1.939745
v 0.575140 0.407645 2.006632
v 0.575141 0.407595 2.073520
v 0.575141 0.407545 2.140408
v 0.575142 0.407494 2.207295
v 0.575143 0.407444 2.274183
v 0.575144 0.407393 2.341070
v 0.575145 0.407343 2.407958
v 0.575146 0.407292 2.474845
v 0.576621 0.411330 2.542201
v 0.575148 0.407192 2.608621
v 0.575148 0.407141 2.675508
v 0.575149 0.407091 2.742396
v 0.575150 0.407040 2.809283
v 0.575151 0.406990 2.876171
v 0.577618 0.399514 1.605148
v 0.577618 0.399464 1.672036
v 0.577619 0.399414 1.738924
v 0.577620 0.399363 1.805811
v 0.579354 0.402523 1.873057
v 0.577622 0.399262 1.939586
v 0.577623 0.399212 2.006474
v 0.577624 0.399161 2.073362
v 0.577625 0.399111 2.140249
v 0.577626 0.399061 2.207137
v 0.577626 0.399010 2.274024
v 0.577627 0.398960 2.340912
v 0.577628 0.398909 2.407800
v 0.577629 0.398859 2.474687
v 0.579363 0.402018 2.541933
v 0.577631 0.398758 2.608462
v 0.577632 0.398708 2.675350
v 0.577633 0.398657 2.742238
v 0.577633 0.398607 2.809125
v 0.577634 0.398556 2.876013
v 0.579461 0.389896 1.604984
v 0.579462 0.389846 1.671872
v 0.579463 0.389795 1.738759
v 0.579464 0.389745 1.805647
v 0.581390 0.391903 1.872769
v 0.579466 0.389644 1.939422
v 0.579466 0.389594 2.006310
v 0.579467 0.389543 2.073197
v 0.579468 0.389493 2.140085
v 0.579469 0.389443 2.206972
v 0.579470 0.389392 2.273860
v 0.579471 0.389342 2.340748
v 0.579472 0.389291 2.407635
v 0.579473 0.389241 2.474523
v 0.581399 0.391399 2.541645
v 0.579474 0.389140 2.608298
v 0.579475 0.389090 2.675186
v 0.579476 0.389039 2.742073
v 0.579477 0.388989 2.808961
v 0.579478 0.388938 2.875849
v 0.580594 0.379463 1.604820
v 0.580595 0.379413 1.671707
v 0.580596 0.379362 1.738595
v 0.580597 0.379312 1.805483
v 0.582641 0.380383 1.872472
v 0.580599 0.379211 1.939258
v 0.580600 0.379161 2.006145
v 0.580600 0.379110 2.073033
v 0.580601 0.379060 2.139920
v 0.580602 0.379010 2.206808
v 0.580603 0.378959 2.273696
v 0.580604 0.378909 2.340583
v 0.580605 0.378858 2.407471
v 0.580606 0.378808 2.474359
v 0.582650 0.379879 2.541348
v 0.580607 0.378707 2.608134
v 0.580608 0.378657 2.675021
v 0.580609 0.378606 2.741909
v 0.580610 0.378556 2.808796
v 0.580611 0.378505 2.875684
v 0.580973 0.368616 1.604662
v 0.580974 0.368566 1.671549
v 0.580975 0.368515 1.738437
v 0.580976 0.368465 1.805325
v 0.583059 0.368407 1.872178
v 0.580978 0.368364 1.939100
v 0.580979 0.368314 2.005987
v 0.580980 0.368263 2.072875
v 0.580980 0.368213 2.139763
v 0.580981 0.368163 2.206650
v 0.580982 0.368112 2.273538
v 0.580983 0.368062 2.340425
v 0.580984 0.368011 2.407313
v 0.580985 0.367961 2.474201
v 0.583068 0.367903 2.541054
v 0.580987 0.367860 2.607976
v 0.580987 0.367809 2.674863
v 0.580988 0.367759 2.741751
v 0.580989 0.367709 2.808639
v 0.580990 0.367658 2.875526
v 0.580584 0.357772 1.604516
v 0.580585 0.357722 1.671404
v 0.580586 0.357671 1.738292
v 0.580587 0.357621 1.805179
v 0.582629 0.356433 1.871897
v 0.580588 0.357520 1.938954
v 0.580589 0.357470 2.005842
v 0.580590 0.357419 2.072729
v 0.580591 0.357369 2.139617
v 0.580592 0.357318 2.206505
v 0.580593 0.357268 2.273392
v 0.580594 0.357217 2.340280
v 0.580594 0.357167 2.407167
v 0.580595 0.357117 2.474055
v 0.582638 0.355929 2.540773
v 0.580597 0.357016 2.607830
v 0.580598 0.356965 2.674718
v 0.580599 0.356915 2.741606
v 0.580600 0.356864 2.808493
v 0.580601 0.356814 2.875381
v 0.579441 0.347347 1.604389
v 0.579442 0.347297 1.671276
v 0.579443 0.347247 1.738164
v 0.579443 0.347196 1.805052
v 0.581367 0.344923 1.871641
v 0.579445 0.347095 1.938827
v 0.579446 0.347045 2.005714
v 0.579447 0.346994 2.072602
v 0.579448 0.346944 2.139490
v 0.579449 0.346894 2.206377
v 0.579450 0.346843 2.273265
v 0.579450 0.346793 2.340153
v 0.579451 0.346742 2.407040
v 0.579452 0.346692 2.473927
v 0.581376 0.344419 2.540517
v 0.579454 0.346591 2.607703
v 0.579455 0.346541 2.674590
v 0.579456 0.346490 2.741478
v 0.579457 0.346440 2.808366
v 0.579457 0.346389 2.875253
v 0.577588 0.337743 1.604284
v 0.577589 0.337693 1.671172
v 0.577590 0.337642 1.738060
v 0.577591 0.337592 1.804947
v 0.579321 0.334319 1.871419
v 0.577592 0.337491 1.938722
v 0.577593 0.337440 2.005610
v 0.577594 0.337390 2.072498
v 0.577595 0.337340 2.139385
v 0.577596 0.337289 2.206273
v 0.577597 0.337239 2.273160
v 0.577598 0.337188 2.340048
v 0.577599 0.337138 2.406935
v 0.577599 0.337087 2.473823
v 0.579330 0.333814 2.540295
v 0.577601 0.336987 2.607598
v 0.577602 0.336936 2.674486
v 0.577603 0.336886 2.741374
v 0.577604 0.336835 2.808261
v 0.577605 0.336785 2.875149
v 0.575097 0.329328 1.604207
v 0.575098 0.329277 1.671094
v 0.575098 0.329227 1.737982
v 0.575099 0.329177 1.804870
v 0.576571 0.325027 1.871240
v 0.575101 0.329076 1.938645
v 0.575102 0.329025 2.005533
v 0.575103 0.328975 2.072420
v 0.575104 0.328925 2.139308
v 0.575105 0.328874 2.206195
v 0.575105 0.328824 2.273083
v 0.575106 0.328773 2.339971
v 0.575107 0.328723 2.406858
v 0.575108 0.328672 2.473746
v 0.576580 0.324523 2.540116
v 0.575110 0.328571 2.607521
v 0.575111 0.328521 2.674408
v 0.575112 0.328471 2.741296
v 0.575112 0.328420 2.808184
v 0.575113 0.328370 2.875071
v 0.572063 0.322425 1.604159
v 0.572064 0.322375 1.671047
v 0.572064 0.322325 1.737935
v 0.572065 0.322274 1.804822
v 0.573221 0.317406 1.871112
v 0.572067 0.322173 1.938597
v 0.572068 0.322123 2.005485
v 0.572069 0.322073 2.072373
v 0.572070 0.322022 2.139260
v 0.572070 0.321972 2.206148
v 0.572071 0.321921 2.273035
v 0.572072 0.321871 2.339923
v 0.572073 0.321820 2.406811
v 0.572074 0.321770 2.473698
v 0.573229 0.316902 2.539988
v 0.572076 0.321669 2.607473
v 0.572077 0.321619 2.674361
v 0.572078 0.321568 2.741249
v 0.572078 0.321518 2.808136
v 0.572079 0.321467 2.875024
v 0.568602 0.317301 1.604144
v 0.568603 0.317250 1.671031
v 0.568604 0.317200 1.737919
v 0.568605 0.317150 1.804806
v 0.569400 0.311748 1.871038
v 0.568607 0.317049 1.938582
v 0.568608 0.316998 2.005469
v 0.568609 0.316948 2.072357
v 0.568609 0.316898 2.139244
v 0.568610 0.316847 2.206132
v 0.568611 0.316797 2.273020
v 0.568612 0.316746 2.339907
v 0.568613 0.316696 2.406795
v 0.568614 0.316645 2.473682
v 0.569409 0.311244 2.539914
v 0.568616 0.316545 2.607458
v 0.568616 0.316494 2.674345
v 0.568617 0.316444 2.741233
v 0.568618 0.316393 2.808120
v 0.568619 0.316343 2.875008
v 0.564849 0.314151 1.604160
v 0.564850 0.314101 1.671048
v 0.564851 0.314050 1.737936
v 0.564852 0.314000 1.804823
v 0.565256 0.308270 1.871021
v 0.564853 0.313899 1.938598
v 0.564854 0.313849 2.005486
v 0.564855 0.313798 2.072373
v 0.564856 0.313748 2.139261
v 0.564857 0.313697 2.206149
v 0.564858 0.313647 2.273036
v 0.564859 0.313597 2.339924
v 0.564860 0.313546 2.406811
v 0.564860 0.313496 2.473699
v 0.565265 0.307766 2.539897
v 0.564862 0.313395 2.607474
v 0.564863 0.313344 2.674362
v 0.564864 0.313294 2.741249
v 0.564865 0.313244 2.808137
v 0.564866 0.313193 2.875025
v 0.560947 0.313097 1.604208
v 0.560948 0.313047 1.671096
v 0.560948 0.312997 1.737984
v 0.560949 0.312946 1.804871
v 0.560947 0.307107 1.871063
v 0.560951 0.312845 1.938647
v 0.560952 0.312795 2.005534
v 0.560953 0.312745 2.072422
v 0.560954 0.312694 2.139309
v 0.560955 0.312644 2.206197
v 0.560955 0.312593 2.273085
v 0.560956 0.312543 2.339972
v 0.560957 0.312492 2.406860
v 0.560958 0.312442 2.473747
v 0.560956 0.306603 2.539939
v 0.560960 0.312341 2.607522
v 0.560961 0.312291 2.674410
v 0.560962 0.312240 2.741298
v 0.560962 0.312190 2.808185
v 0.560963 0.312139 2.875073
v 0.557045 0.314180 1.604287
v 0.557046 0.314130 1.671175
v 0.557047 0.314079 1.738062
v 0.557048 0.314029 1.804950
v 0.556640 0.308302 1.871161
v 0.557050 0.313928 1.938725
v 0.557051 0.313878 2.005612
v 0.557052 0.313827 2.072500
v 0.557052 0.313777 2.139388
v 0.557053 0.313726 2.206275
v 0.557054 0.313676 2.273163
v 0.557055 0.313625 2.340050
v 0.557056 0.313575 2.406938
v 0.557057 0.313525 2.473826
v 0.556649 0.307798 2.540037
v 0.557059 0.313424 2.607601
v 0.557059 0.313373 2.674489
v 0.557060 0.313323 2.741376
v 0.557061 0.313272 2.808264
v 0.557062 0.313222 2.875151
v 0.553295 0.317357 1.604392
v 0.553296 0.317307 1.671280
v 0.553297 0.317257 1.738167
v 0.553298 0.317206 1.805055
v 0.552499 0.311811 1.871312
v 0.553299 0.317105 1.938830
v 0.553300 0.317055 2.005718
v 0.553301 0.317005 2.072605
v 0.553302 0.316954 2.139493
v 0.553303 0.316904 2.206380
v 0.553304 0.316853 2.273268
v 0.553305 0.316803 2.340156
v 0.553306 0.316752 2.407043
v 0.553306 0.316702 2.473931
v 0.552508 0.311306 2.540188
v 0.553308 0.316601 2.607706
v 0.553309 0.316551 2.674593
v 0.553310 0.316500 2.741481
v 0.553311 0.316450 2.808369
v 0.553312 0.316399 2.875257
v 0.549840 0.322508 1.604520
v 0.549841 0.322457 1.671407
v 0.549842 0.322407 1.738295
v 0.549842 0.322356 1.805183
v 0.548684 0.317497 1.871511
v 0.549844 0.322256 1.938958
v 0.549845 0.322205 2.005846
v 0.549846 0.322155 2.072733
v 0.549847 0.322104 2.139621
v 0.549848 0.322054 2.206508
v 0.549849 0.322003 2.273396
v 0.549849 0.321953 2.340284
v 0.549850 0.321903 2.407171
v 0.549851 0.321852 2.474059
v 0.548693 0.316993 2.540386
v 0.549853 0.321751 2.607834
v 0.549854 0.321701 2.674721
v 0.549855 0.321650 2.741609
v 0.549856 0.321600 2.808497
v 0.549856 0.321550 2.875384
v 0.546812 0.329432 1.604666
v 0.546813 0.329382 1.671553
v 0.546814 0.329332 1.738441
v 0.546815 0.329281 1.805329
v 0.545341 0.325143 1.871748
v 0.546817 0.329180 1.939104
v 0.546818 0.329130 2.005991
v 0.546819 0.329080 2.072879
v 0.546819 0.329029 2.139767
v 0.546820 0.328979 2.206654
v 0.546821 0.328928 2.273542
v 0.546822 0.328878 2.340430
v 0.546823 0.328827 2.407317
v 0.546824 0.328777 2.474205
v 0.545350 0.324639 2.540624
v 0.546826 0.328676 2.607980
v 0.546826 0.328626 2.674867
v 0.546827 0.328575 2.741755
v 0.546828 0.328525 2.808643
v 0.546829 0.328474 2.875530
v 0.544329 0.337866 1.604824
v 0.544330 0.337816 1.671712
v 0.544331 0.337765 1.738599
v 0.544332 0.337715 1.805487
v 0.542600 0.334455 1.872016
v 0.544334 0.337614 1.939262
v 0.544334 0.337564 2.006150
v 0.544335 0.337513 2.073037
v 0.544336 0.337463 2.139925
v 0.544337 0.337412 2.206812
v 0.544338 0.337362 2.273700
v 0.544339 0.337311 2.340588
v 0.544340 0.337261 2.407475
v 0.544341 0.337211 2.474363
v 0.542608 0.333950 2.540892
v 0.544342 0.337110 2.608138
v 0.544343 0.337059 2.675026
v 0.544344 0.337009 2.741913
v 0.544345 0.336958 2.808801
v 0.544346 0.336908 2.875689
v 0.542486 0.347484 1.604988
v 0.542486 0.347434 1.671876
v 0.542487 0.347383 1.738764
v 0.542488 0.347333 1.805651
v 0.540564 0.345074 1.872304
v 0.542490 0.347232 1.939426
v 0.542491 0.347182 2.006314
v 0.542492 0.347131 2.073202
v 0.542493 0.347081 2.140089
v 0.542494 0.347030 2.206977
v 0.542494 0.346980 2.273865
v 0.542495 0.346930 2.340752
v 0.542496 0.346879 2.407640
v 0.542497 0.346829 2.474527
v 0.540573 0.344570 2.541180
v 0.542499 0.346728 2.608303
v 0.542500 0.346677 2.675190
v 0.542501 0.346627 2.742078
v 0.542501 0.346577 2.808965
v 0.542502 0.346526 2.875853
v 0.541353 0.357917 1.605153
v 0.541353 0.357867 1.672040
v 0.541354 0.357816 1.738928
v 0.541355 0.357766 1.805816
v 0.539313 0.356594 1.872601
v 0.541357 0.357665 1.939591
v 0.541358 0.357615 2.006478
v 0.541359 0.357564 2.073366
v 0.541360 0.357514 2.140254
v 0.541360 0.357463 2.207141
v 0.541361 0.357413 2.274029
v 0.541362 0.357363 2.340916
v 0.541363 0.357312 2.407804
v 0.541364 0.357262 2.474692
v 0.539322 0.356089 2.541477
v 0.541366 0.357161 2.608467
v 0.541367 0.357110 2.675354
v 0.541367 0.357060 2.742242
v 0.541368 0.357010 2.809130
v 0.541369 0.356959 2.876017
v 0.540973 0.368764 1.605311
v 0.540974 0.368714 1.672198
v 0.540975 0.368663 1.739086
v 0.540976 0.368613 1.805974
v 0.538894 0.368570 1.872896
v 0.540978 0.368512 1.939749
v 0.540979 0.368462 2.006636
v 0.540980 0.368411 2.073524
v 0.540980 0.368361 2.140412
v 0.540981 0.368310 2.207299
v 0.540982 0.368260 2.274187
v 0.540983 0.368210 2.341074
v 0.540984 0.368159 2.407962
v 0.540985 0.368109 2.474849
v 0.538903 0.368066 2.541772
v 0.540987 0.368008 2.608625
v 0.540987 0.367957 2.675512
v 0.540988 0.367907 2.742400
v 0.540989 0.367857 2.809288
v 0.540990 0.367806 2.876175
v 0.541363 0.379608 1.605456
v 0.541364 0.379558 1.672344
v 0.541365 0.379508 1.739231
v 0.541366 0.379457 1.806119
v 0.539324 0.380544 1.873176
v 0.541367 0.379356 1.939894
v 0.541368 0.379306 2.006782
v 0.541369 0.379256 2.073669
v 0.541370 0.379205 2.140557
v 0.541371 0.379155 2.207445
v 0.541372 0.379104 2.274332
v 0.541373 0.379054 2.341220
v 0.541373 0.379003 2.408108
v 0.541374 0.378953 2.474995
v 0.539333 0.380039 2.542053
v 0.541376 0.378852 2.608770
v 0.541377 0.378802 2.675658
v 0.541378 0.378751 2.742545
v 0.541379 0.378701 2.809433
v 0.541380 0.378650 2.876321
v 0.542506 0.390033 1.605584
v 0.542507 0.389983 1.672471
v 0.542508 0.389932 1.739359
v 0.542509 0.389882 1.806247
v 0.540587 0.392054 1.873432
v 0.542510 0.389781 1.940022
v 0.542511 0.389731 2.006909
v 0.542512 0.389680 2.073797
v 0.542513 0.389630 2.140684
v 0.542514 0.389579 2.207572
v 0.542515 0.389529 2.274460
v 0.542516 0.389478 2.341347
v 0.542517 0.389428 2.408235
v 0.542517 0.389378 2.475122
v 0.540595 0.391550 2.542309
v 0.542519 0.389277 2.608898
v 0.542520 0.389226 2.675785
v 0.542521 0.389176 2.742673
v 0.542522 0.389125 2.809561
v 0.542523 0.389075 2.876448
v 0.544359 0.399637 1.605688
v 0.544360 0.399587 1.672576
v 0.544361 0.399537 1.739463
v 0.544362 0.399486 1.806351
v 0.542632 0.402658 1.873654
v 0.544363 0.399385 1.940126
v 0.544364 0.399335 2.007014
v 0.544365 0.399285 2.073901
v 0.544366 0.399234 2.140789
v 0.544367 0.399184 2.207676
v 0.544368 0.399133 2.274564
v 0.544369 0.399083 2.341452
v 0.544369 0.399032 2.408339
v 0.544370 0.398982 2.475227
v 0.542641 0.402154 2.542530
v 0.544372 0.398881 2.609002
v 0.544373 0.398831 2.675890
v 0.544374 0.398780 2.742777
v 0.544375 0.398730 2.809665
v 0.544376 0.398679 2.876553
v 0.546850 0.408053 1.605766
v 0.546851 0.408002 1.672653
v 0.546852 0.407952 1.739541
v 0.546853 0.407901 1.806428
v 0.545383 0.411950 1.873833
v 0.546855 0.407801 1.940204
v 0.546855 0.407750 2.007091
v 0.546856 0.407700 2.073979
v 0.546857 0.407649 2.140867
v 0.546858 0.407599 2.207754
v 0.546859 0.407548 2.274642
v 0.546860 0.407498 2.341529
v 0.546861 0.407448 2.408417
v 0.546862 0.407397 2.475304
v 0.545392 0.411446 2.542709
v 0.546863 0.407296 2.609080
v 0.546864 0.407246 2.675967
v 0.546865 0.407195 2.742855
v 0.546866 0.407145 2.809742
v 0.546867 0.407094 2.876630
v 0.549884 0.414955 1.605813
v 0.549885 0.414905 1.672701
v 0.549886 0.414854 1.739588
v 0.549887 0.414804 1.806476
v 0.548733 0.419571 1.873962
v 0.549889 0.414703 1.940251
v 0.549890 0.414653 2.007139
v 0.549890 0.414602 2.074026
v 0.549891 0.414552 2.140914
v 0.549892 0.414501 2.207802
v 0.549893 0.414451 2.274689
v 0.549894 0.414400 2.341577
v 0.549895 0.414350 2.408464
v 0.549896 0.414300 2.475352
v 0.548742 0.419067 2.542838
v 0.549897 0.414199 2.609127
v 0.549898 0.414148 2.676015
v 0.549899 0.414098 2.742902
v 0.549900 0.414047 2.809790
v 0.549901 0.413997 2.876678
v 0.553344 0.420080 1.605829
v 0.553345 0.420029 1.672716
v 0.553346 0.419979 1.739604
v 0.553347 0.419928 1.806492
v 0.552554 0.425229 1.874036
v 0.553349 0.419828 1.940267
v 0.553350 0.419777 2.007154
v 0.553351 0.419727 2.074042
v 0.553351 0.419676 2.140930
v 0.553352 0.419626 2.207817
v 0.553353 0.419575 2.274705
v 0.553354 0.419525 2.341593
v 0.553355 0.419475 2.408480
v 0.553356 0.419424 2.475368
v 0.552562 0.424725 2.542912
v 0.553358 0.419323 2.609143
v 0.553358 0.419273 2.676031
v 0.553359 0.419222 2.742918
v 0.553360 0.419172 2.809806
v 0.553361 0.419122 2.876693
v 0.557114 0.585317 2.879343
v 0.557114 0.585367 2.812456
v 0.557113 0.585418 2.745568
v 0.557112 0.585468 2.678680
v 0.556707 0.591197 2.612483
v 0.557110 0.585569 2.544905
v 0.557109 0.585619 2.478018
v 0.557108 0.585670 2.411130
v 0.557107 0.585720 2.344243
v 0.557107 0.585771 2.277355
v 0.557106 0.585821 2.210467
v 0.557105 0.585871 2.143580
v 0.557104 0.585922 2.076692
v 0.557103 0.585972 2.009804
v 0.556699 0.591702 1.943606
v 0.557101 0.586073 1.876029
v 0.557100 0.586124 1.809142
v 0.557100 0.586174 1.742254
v 0.557099 0.586224 1.675367
v 0.557098 0.586275 1.608479
v 0.561000 0.587329 1.608431
v 0.561001 0.587278 1.675318
v 0.561002 0.587228 1.742206
v 0.561003 0.587177 1.809093
v 0.561006 0.592916 1.876677
v 0.561005 0.587076 1.942869
v 0.561005 0.587026 2.009756
v 0.561006 0.586976 2.076644
v 0.561007 0.586925 2.143531
v 0.561008 0.586875 2.210419
v 0.561009 0.586824 2.277307
v 0.561010 0.586774 2.344194
v 0.561011 0.586723 2.411082
v 0.561012 0.586673 2.477969
v 0.561015 0.592411 2.545553
v 0.561013 0.586572 2.611745
v 0.561014 0.586522 2.678632
v 0.561015 0.586471 2.745520
v 0.561016 0.586421 2.812407
v 0.561017 0.586370 2.879295
v 0.564901 0.586246 1.608352
v 0.564902 0.586195 1.675240
v 0.564903 0.586145 1.742128
v 0.564904 0.586095 1.809015
v 0.565314 0.591720 1.876579
v 0.564906 0.585994 1.942790
v 0.564907 0.585943 2.009678
v 0.564908 0.585893 2.076566
v 0.564908 0.585842 2.143453
v 0.564909 0.585792 2.210341
v 0.564910 0.585742 2.277228
v 0.564911 0.585691 2.344116
v 0.564912 0.585641 2.411004
v 0.564913 0.585590 2.477891
v 0.565323 0.591216 2.545455
v 0.564915 0.585490 2.611666
v 0.564915 0.585439 2.678554
v 0.564916 0.585389 2.745442
v 0.564917 0.585338 2.812329
v 0.564918 0.585288 2.879217
v 0.568652 0.583068 1.608247
v 0.568653 0.583018 1.675135
v 0.568654 0.582968 1.742023
v 0.568654 0.582917 1.808910
v 0.569455 0.588212 1.876428
v 0.568656 0.582816 1.942685
v 0.568657 0.582766 2.009573
v 0.568658 0.582716 2.076460
v 0.568659 0.582665 2.143348
v 0.568660 0.582615 2.210236
v 0.568660 0.582564 2.277123
v 0.568661 0.582514 2.344011
v 0.568662 0.582463 2.410898
v 0.568663 0.582413 2.477786
v 0.569463 0.587708 2.545304
v 0.568665 0.582312 2.611561
v 0.568666 0.582262 2.678449
v 0.568667 0.582211 2.745337
v 0.568668 0.582161 2.812224
v 0.568668 0.582110 2.879112
v 0.572107 0.577918 1.608119
v 0.572108 0.577868 1.675007
v 0.572109 0.577818 1.741894
v 0.572110 0.577767 1.808782
v 0.573270 0.582526 1.876230
v 0.572111 0.577666 1.942557
v 0.572112 0.577616 2.009445
v 0.572113 0.577565 2.076332
v 0.572114 0.577515 2.143220
v 0.572115 0.577465 2.210108
v 0.572116 0.577414 2.276995
v 0.572117 0.577364 2.343883
v 0.572118 0.577313 2.410770
v 0.572118 0.577263 2.477658
v 0.573279 0.582021 2.545105
v 0.572120 0.577162 2.611433
v 0.572121 0.577112 2.678321
v 0.572122 0.577061 2.745209
v 0.572123 0.577011 2.812096
v 0.572124 0.576960 2.878983
v 0.575134 0.570993 1.607973
v 0.575135 0.570943 1.674861
v 0.575136 0.570893 1.741749
v 0.575137 0.570842 1.808636
v 0.576612 0.574880 1.875992
v 0.575139 0.570741 1.942411
v 0.575140 0.570691 2.009299
v 0.575141 0.570640 2.076187
v 0.575141 0.570590 2.143074
v 0.575142 0.570540 2.209962
v 0.575143 0.570489 2.276849
v 0.575144 0.570439 2.343737
v 0.575145 0.570388 2.410625
v 0.575146 0.570338 2.477512
v 0.576621 0.574376 2.544868
v 0.575148 0.570237 2.611287
v 0.575148 0.570187 2.678175
v 0.575149 0.570136 2.745063
v 0.575150 0.570086 2.811950
v 0.575151 0.570035 2.878838
v 0.577618 0.562560 1.607815
v 0.577618 0.562510 1.674703
v 0.577619 0.562459 1.741590
v 0.577620 0.562409 1.808478
v 0.579354 0.565568 1.875724
v 0.577622 0.562308 1.942253
v 0.577623 0.562257 2.009141
v 0.577624 0.562207 2.076028
v 0.577625 0.562157 2.142916
v 0.577626 0.562106 2.209804
v 0.577626 0.562056 2.276691
v 0.577627 0.562005 2.343579
v 0.577628 0.561955 2.410466
v 0.577629 0.561904 2.477354
v 0.579363 0.565064 2.544600
v 0.577631 0.561804 2.611129
v 0.577632 0.561753 2.678017
v 0.577633 0.561703 2.744905
v 0.577633 0.561652 2.811792
v 0.577634 0.561602 2.878680
v 0.579461 0.552942 1.607651
v 0.579462 0.552891 1.674538
v 0.579463 0.552841 1.741426
v 0.579464 0.552791 1.808313
v 0.581390 0.554948 1.875436
v 0.579466 0.552690 1.942089
v 0.579466 0.552639 2.008976
v 0.579467 0.552589 2.075864
v 0.579468 0.552538 2.142751
v 0.579469 0.552488 2.209639
v 0.579470 0.552438 2.276527
v 0.579471 0.552387 2.343414
v 0.579472 0.552337 2.410302
v 0.579473 0.552286 2.477190
v 0.581399 0.554444 2.544312
v 0.579474 0.552185 2.610965
v 0.579475 0.552135 2.677852
v 0.579476 0.552085 2.744740
v 0.579477 0.552034 2.811628
v 0.579478 0.551984 2.878515
v 0.580594 0.542509 1.607486
v 0.580595 0.542458 1.674374
v 0.580596 0.542408 1.741261
v 0.580597 0.542358 1.808149
v 0.582641 0.543429 1.875139
v 0.580599 0.542257 1.941924
v 0.580600 0.542206 2.008812
v 0.580600 0.542156 2.075700
v 0.580601 0.542105 2.142587
v 0.580602 0.542055 2.209475
v 0.580603 0.542005 2.276362
v 0.580604 0.541954 2.343250
v 0.580605 0.541904 2.410138
v 0.580606 0.541853 2.477025
v 0.582650 0.542925 2.544015
v 0.580607 0.541752 2.610800
v 0.580608 0.541702 2.677688
v 0.580609 0.541652 2.744576
v 0.580610 0.541601 2.811463
v 0.580611 0.541551 2.878351
v 0.580973 0.531662 1.607328
v 0.580974 0.531611 1.674216
v 0.580975 0.531561 1.741104
v 0.580976 0.531510 1.807991
v 0.583059 0.531452 1.874844
v 0.580978 0.531410 1.941767
v 0.580979 0.531359 2.008654
v 0.580980 0.531309 2.075542
v 0.580980 0.531258 2.142429
v 0.580981 0.531208 2.209317
v 0.580982 0.531157 2.276205
v 0.580983 0.531107 2.343092
v 0.580984 0.531057 2.409980
v 0.580985 0.531006 2.476867
v 0.583068 0.530948 2.543720
v 0.580987 0.530905 2.610642
v 0.580987 0.530855 2.677530
v 0.580988 0.530805 2.744418
v 0.580989 0.530754 2.811305
v 0.580990 0.530704 2.878193
v 0.580584 0.520818 1.607183
v 0.580585 0.520767 1.674071
v 0.580586 0.520717 1.740958
v 0.580587 0.520666 1.807846
v 0.582629 0.519479 1.874563
v 0.580588 0.520565 1.941621
v 0.580589 0.520515 2.008508
v 0.580590 0.520465 2.075396
v 0.580591 0.520414 2.142284
v 0.580592 0.520364 2.209171
v 0.580593 0.520313 2.276059
v 0.580594 0.520263 2.342947
v 0.580594 0.520212 2.409834
v 0.580595 0.520162 2.476722
v 0.582638 0.518975 2.543440
v 0.580597 0.520061 2.610497
v 0.580598 0.520011 2.677385
v 0.580599 0.519960 2.744272
v 0.580600 0.519910 2.811160
v 0.580601 0.519860 2.878047
v 0.579441 0.510393 1.607055
v 0.579442 0.510342 1.673943
v 0.579443 0.510292 1.740831
v 0.579443 0.510242 1.807718
v 0.581367 0.507969 1.874307
v 0.579445 0.510141 1.941494
v 0.579446 0.510090 2.008381
v 0.579447 0.510040 2.075269
v 0.579448 0.509990 2.142156
v 0.579449 0.509939 2.209044
v 0.579450 0.509889 2.275932
v 0.579450 0.509838 2.342819
v 0.579451 0.509788 2.409707
v 0.579452 0.509737 2.476594
v 0.581376 0.507464 2.543183
v 0.579454 0.509637 2.610369
v 0.579455 0.509586 2.677257
v 0.579456 0.509536 2.744145
v 0.579457 0.509485 2.811032
v 0.579457 0.509435 2.877920
v 0.577588 0.500789 1.606951
v 0.577589 0.500738 1.673839
v 0.577590 0.500688 1.740726
v 0.577591 0.500637 1.807614
v 0.579321 0.497364 1.874086
v 0.577592 0.500537 1.941389
v 0.577593 0.500486 2.008277
v 0.577594 0.500436 2.075164
v 0.577595 0.500385 2.142052
v 0.577596 0.500335 2.208940
v 0.577597 0.500284 2.275827
v 0.577598 0.500234 2.342715
v 0.577599 0.500183 2.409602
v 0.577599 0.500133 2.476490
v 0.579330 0.496860 2.542962
v 0.577601 0.500032 2.610265
v 0.577602 0.499982 2.677153
v 0.577603 0.499931 2.744040
v 0.577604 0.499881 2.810928
v 0.577605 0.499830 2.877815
v 0.575097 0.492373 1.606874
v 0.575098 0.492323 1.673761
v 0.575098 0.492273 1.740649
v 0.575099 0.492222 1.807536
v 0.576571 0.488073 1.873907
v 0.575101 0.492121 1.941312
v 0.575102 0.492071 2.008199
v 0.575103 0.492021 2.075087
v 0.575104 0.491970 2.141974
v 0.575105 0.491920 2.208862
v 0.575105 0.491869 2.275750
v 0.575106 0.491819 2.342637
v 0.575107 0.491768 2.409525
v 0.575108 0.491718 2.476412
v 0.576580 0.487569 2.542783
v 0.575110 0.491617 2.610188
v 0.575111 0.491567 2.677075
v 0.575112 0.491516 2.743963
v 0.575112 0.491466 2.810850
v 0.575113 0.491415 2.877738
v 0.572063 0.485471 1.606826
v 0.572064 0.485421 1.673714
v 0.572064 0.485370 1.740601
v 0.572065 0.485320 1.807489
v 0.573221 0.480452 1.873778
v 0.572067 0.485219 1.941264
v 0.572068 0.485168 2.008152
v 0.572069 0.485118 2.075039
v 0.572070 0.485068 2.141927
v 0.572070 0.485017 2.208814
v 0.572071 0.484967 2.275702
v 0.572072 0.484916 2.342590
v 0.572073 0.484866 2.409477
v 0.572074 0.484815 2.476365
v 0.573229 0.479947 2.542655
v 0.572076 0.484715 2.610140
v 0.572077 0.484664 2.677028
v 0.572078 0.484614 2.743915
v 0.572078 0.484563 2.810803
v 0.572079 0.484513 2.877690
v 0.568602 0.480346 1.606810
v 0.568603 0.480296 1.673698
v 0.568604 0.480246 1.740585
v 0.568605 0.480195 1.807473
v 0.569400 0.474794 1.873704
v 0.568607 0.480094 1.941248
v 0.568608 0.480044 2.008136
v 0.568609 0.479994 2.075023
v 0.568609 0.479943 2.141911
v 0.568610 0.479893 2.208799
v 0.568611 0.479842 2.275686
v 0.568612 0.479792 2.342574
v 0.568613 0.479741 2.409461
v 0.568614 0.479691 2.476349
v 0.569409 0.474289 2.542580
v 0.568616 0.479590 2.610124
v 0.568616 0.479540 2.677012
v 0.568617 0.479489 2.743900
v 0.568618 0.479439 2.810787
v 0.568619 0.479388 2.877675
v 0.564849 0.477197 1.606827
v 0.564850 0.477146 1.673715
v 0.564851 0.477096 1.740602
v 0.564852 0.477046 1.807490
v 0.565256 0.471316 1.873688
v 0.564853 0.476945 1.941265
v 0.564854 0.476894 2.008152
v 0.564855 0.476844 2.075040
v 0.564856 0.476793 2.141928
v 0.564857 0.476743 2.208815
v 0.564858 0.476693 2.275703
v 0.564859 0.476642 2.342591
v 0.564860 0.476592 2.409478
v 0.564860 0.476541 2.476366
v 0.565265 0.470812 2.542564
v 0.564862 0.476440 2.610141
v 0.564863 0.476390 2.677029
v 0.564864 0.476340 2.743916
v 0.564865 0.476289 2.810804
v 0.564866 0.476239 2.877691
v 0.560947 0.476143 1.606875
v 0.560948 0.476093 1.673763
v 0.560948 0.476042 1.740650
v 0.560949 0.475992 1.807538
v 0.560947 0.470153 1.873729
v 0.560951 0.475891 1.941313
v 0.560952 0.475841 2.008201
v 0.560953 0.475790 2.075089
v 0.560954 0.475740 2.141976
v 0.560955 0.475689 2.208864
v 0.560955 0.475639 2.275751
v 0.560956 0.475588 2.342639
v 0.560957 0.475538 2.409526
v 0.560958 0.475488 2.476414
v 0.560956 0.469648 2.542605
v 0.560960 0.475387 2.610189
v 0.560961 0.475336 2.677077
v 0.560962 0.475286 2.743964
v 0.560962 0.475235 2.810852
v 0.560963 0.475185 2.877740
v 0.557045 0.477226 1.606954
v 0.557046 0.477175 1.673841
v 0.557047 0.477125 1.740729
v 0.557048 0.477074 1.807616
v 0.556640 0.471348 1.873828
v 0.557050 0.476974 1.941391
v 0.557051 0.476923 2.008279
v 0.557052 0.476873 2.075167
v 0.557052 0.476822 2.142054
v 0.557053 0.476772 2.208942
v 0.557054 0.476721 2.275830
v 0.557055 0.476671 2.342717
v 0.557056 0.476621 2.409605
v 0.557057 0.476570 2.476492
v 0.556649 0.470844 2.542704
v 0.557059 0.476469 2.610268
v 0.557059 0.476419 2.677155
v 0.557060 0.476368 2.744043
v 0.557061 0.476318 2.810930
v 0.557062 0.476268 2.877818
v 0.553295 0.480403 1.607059
v 0.553296 0.480353 1.673946
v 0.553297 0.480302 1.740834
v 0.553298 0.480252 1.807721
v 0.552499 0.474856 1.873979
v 0.553299 0.480151 1.941497
v 0.553300 0.480101 2.008384
v 0.553301 0.480050 2.075272
v 0.553302 0.480000 2.142159
v 0.553303 0.479949 2.209047
v 0.553304 0.479899 2.275935
v 0.553305 0.479848 2.342822
v 0.553306 0.479798 2.409710
v 0.553306 0.479748 2.476598
v 0.552508 0.474352 2.542855
v 0.553308 0.479647 2.610373
v 0.553309 0.479596 2.677260
v 0.553310 0.479546 2.744148
v 0.553311 0.479495 2.811035
v 0.553312 0.479445 2.877923
v 0.549840 0.485553 1.607187
v 0.549841 0.485503 1.674074
v 0.549842 0.485452 1.740962
v 0.549842 0.485402 1.807849
v 0.548684 0.480542 1.874177
v 0.549844 0.485301 1.941625
v 0.549845 0.485251 2.008512
v 0.549846 0.485200 2.075400
v 0.549847 0.485150 2.142287
v 0.549848 0.485099 2.209175
v 0.549849 0.485049 2.276063
v 0.549849 0.484999 2.342950
v 0.549850 0.484948 2.409838
v 0.549851 0.484898 2.476725
v 0.548693 0.480038 2.543053
v 0.549853 0.484797 2.610501
v 0.549854 0.484746 2.677388
v 0.549855 0.484696 2.744276
v 0.549856 0.484646 2.811163
v 0.549856 0.484595 2.878051
v 0.546812 0.492478 1.607333
v 0.546813 0.492428 1.674220
v 0.546814 0.492377 1.741108
v 0.546815 0.492327 1.807995
v 0.545341 0.488188 1.874415
v 0.546817 0.492226 1.941771
v 0.546818 0.492176 2.008658
v 0.546819 0.492125 2.075546
v 0.546819 0.492075 2.142433
v 0.546820 0.492024 2.209321
v 0.546821 0.491974 2.276209
v 0.546822 0.491923 2.343096
v 0.546823 0.491873 2.409984
v 0.546824 0.491823 2.476871
v 0.545350 0.487684 2.543291
v 0.546826 0.491722 2.610646
v 0.546826 0.491671 2.677534
v 0.546827 0.491621 2.744422
v 0.546828 0.491570 2.811309
v 0.546829 0.491520 2.878197
v 0.544329 0.500912 1.607491
v 0.544330 0.500861 1.674378
v 0.544331 0.500811 1.741266
v 0.544332 0.500760 1.808154
v 0.542600 0.497500 1.874683
v 0.544334 0.500660 1.941929
v 0.544334 0.500609 2.008816
v 0.544335 0.500559 2.075704
v 0.544336 0.500508 2.142591
v 0.544337 0.500458 2.209479
v 0.544338 0.500407 2.276367
v 0.544339 0.500357 2.343254
v 0.544340 0.500307 2.410142
v 0.544341 0.500256 2.477030
v 0.542608 0.496996 2.543559
v 0.544342 0.500155 2.610805
v 0.544343 0.500105 2.677692
v 0.544344 0.500054 2.744580
v 0.544345 0.500004 2.811468
v 0.544346 0.499954 2.878355
v 0.542486 0.510530 1.607655
v 0.542486 0.510479 1.674543
v 0.542487 0.510429 1.741430
v 0.542488 0.510378 1.808318
v 0.540564 0.508120 1.874971
v 0.542490 0.510278 1.942093
v 0.542491 0.510227 2.008981
v 0.542492 0.510177 2.075868
v 0.542493 0.510126 2.142756
v 0.542494 0.510076 2.209644
v 0.542494 0.510025 2.276531
v 0.542495 0.509975 2.343419
v 0.542496 0.509925 2.410306
v 0.542497 0.509874 2.477194
v 0.540573 0.507615 2.543847
v 0.542499 0.509773 2.610969
v 0.542500 0.509723 2.677857
v 0.542501 0.509673 2.744744
v 0.542501 0.509622 2.811632
v 0.542502 0.509572 2.878520
v 0.541353 0.520963 1.607820
v 0.541353 0.520912 1.674707
v 0.541354 0.520862 1.741595
v 0.541355 0.520811 1.808482
v 0.539313 0.519639 1.875268
v 0.541357 0.520711 1.942258
v 0.541358 0.520660 2.009145
v 0.541359 0.520610 2.076033
v 0.541360 0.520559 2.142920
v 0.541360 0.520509 2.209808
v 0.541361 0.520458 2.276695
v 0.541362 0.520408 2.343583
v 0.541363 0.520358 2.410471
v 0.541364 0.520307 2.477358
v 0.539322 0.519135 2.544144
v 0.541366 0.520206 2.611134
v 0.541367 0.520156 2.678021
v 0.541367 0.520105 2.744909
v 0.541368 0.520055 2.811796
v 0.541369 0.520005 2.878684
v 0.540973 0.531810 1.607977
v 0.540974 0.531759 1.674865
v 0.540975 0.531709 1.741753
v 0.540976 0.531658 1.808640
v 0.538894 0.531616 1.875562
v 0.540978 0.531558 1.942415
v 0.540979 0.531507 2.009303
v 0.540980 0.531457 2.076191
v 0.540980 0.531406 2.143078
v 0.540981 0.531356 2.209966
v 0.540982 0.531305 2.276854
v 0.540983 0.531255 2.343741
v 0.540984 0.531205 2.410629
v 0.540985 0.531154 2.477516
v 0.538903 0.531112 2.544439
v 0.540987 0.531053 2.611291
v 0.540987 0.531003 2.678179
v 0.540988 0.530953 2.745067
v 0.540989 0.530902 2.811954
v 0.540990 0.530852 2.878842
v 0.541363 0.542654 1.608123
v 0.541364 0.542603 1.675011
v 0.541365 0.542553 1.741898
v 0.541366 0.542503 1.808786
v 0.539324 0.543589 1.875843
v 0.541367 0.542402 1.942561
v 0.541368 0.542351 2.009449
v 0.541369 0.542301 2.076336
v 0.541370 0.542251 2.143224
v 0.541371 0.542200 2.210111
v 0.541372 0.542150 2.276999
v 0.541373 0.542099 2.343887
v 0.541373 0.542049 2.410774
v 0.541374 0.541998 2.477662
v 0.539333 0.543085 2.544719
v 0.541376 0.541898 2.611437
v 0.541377 0.541847 2.678324
v 0.541378 0.541797 2.745212
v 0.541379 0.541746 2.812100
v 0.541380 0.541696 2.878987
v 0.542506 0.553079 1.608250
v 0.542507 0.553028 1.675138
v 0.542508 0.552978 1.742026
v 0.542509 0.552927 1.808913
v 0.540587 0.555099 1.876099
v 0.542510 0.552826 1.942688
v 0.542511 0.552776 2.009576
v 0.542512 0.552726 2.076463
v 0.542513 0.552675 2.143351
v 0.542514 0.552625 2.210239
v 0.542515 0.552574 2.277126
v 0.542516 0.552524 2.344014
v 0.542517 0.552473 2.410902
v 0.542517 0.552423 2.477789
v 0.540595 0.554595 2.544975
v 0.542519 0.552322 2.611564
v 0.542520 0.552272 2.678452
v 0.542521 0.552221 2.745340
v 0.542522 0.552171 2.812227
v 0.542523 0.552121 2.879115
v 0.544359 0.562683 1.608355
v 0.544360 0.562633 1.675242
v 0.544361 0.562582 1.742130
v 0.544362 0.562532 1.809018
v 0.542632 0.565704 1.876321
v 0.544363 0.562431 1.942793
v 0.544364 0.562380 2.009681
v 0.544365 0.562330 2.076568
v 0.544366 0.562280 2.143456
v 0.544367 0.562229 2.210343
v 0.544368 0.562179 2.277231
v 0.544369 0.562128 2.344118
v 0.544369 0.562078 2.411006
v 0.544370 0.562027 2.477894
v 0.542641 0.565200 2.545197
v 0.544372 0.561927 2.611669
v 0.544373 0.561876 2.678556
v 0.544374 0.561826 2.745444
v 0.544375 0.561775 2.812332
v 0.544376 0.561725 2.879219
v 0.546850 0.571098 1.608432
v 0.546851 0.571048 1.675320
v 0.546852 0.570997 1.742208
v 0.546853 0.570947 1.809095
v 0.545383 0.574995 1.876500
v 0.546855 0.570846 1.942870
v 0.546855 0.570796 2.009758
v 0.546856 0.570745 2.076646
v 0.546857 0.570695 2.143533
v 0.546858 0.570644 2.210421
v 0.546859 0.570594 2.277308
v 0.546860 0.570543 2.344196
v 0.546861 0.570493 2.411083
v 0.546862 0.570443 2.477971
v 0.545392 0.574491 2.545376
v 0.546863 0.570342 2.611746
v 0.546864 0.570291 2.678634
v 0.546865 0.570241 2.745522
v 0.546866 0.570190 2.812409
v 0.546867 0.570140 2.879297
v 0.549884 0.578001 1.608480
v 0.549885 0.577950 1.675367
v 0.549886 0.577900 1.742255
v 0.549887 0.577849 1.809143
v 0.548733 0.582616 1.876628
v 0.549889 0.577748 1.942918
v 0.549890 0.577698 2.009805
v 0.549890 0.577648 2.076693
v 0.549891 0.577597 2.143581
v 0.549892 0.577547 2.210468
v 0.549893 0.577496 2.277356
v 0.549894 0.577446 2.344244
v 0.549895 0.577395 2.411131
v 0.549896 0.577345 2.478019
v 0.548742 0.582112 2.545505
v 0.549897 0.577244 2.611794
v 0.549898 0.577194 2.678681
v 0.549899 0.577143 2.745569
v 0.549900 0.577093 2.812457
v 0.549901 0.577043 2.879344
v 0.553344 0.583125 1.608495
v 0.553345 0.583075 1.675383
v 0.553346 0.583024 1.742271
v 0.553347 0.582974 1.809158
v 0.552554 0.588274 1.876702
v 0.553349 0.582873 1.942934
v 0.553350 0.582823 2.009821
v 0.553351 0.582772 2.076709
v 0.553351 0.582722 2.143596
v 0.553352 0.582671 2.210484
v 0.553353 0.582621 2.277372
v 0.553354 0.582570 2.344259
v 0.553355 0.582520 2.411147
v 0.553356 0.582470 2.478034
v 0.552562 0.587770 2.545579
v 0.553358 0.582369 2.611810
v 0.553358 0.582318 2.678697
v 0.553359 0.582268 2.745585
v 0.553360 0.582218 2.812473
v 0.553361 0.582167 2.879360
v 0.557114 0.748362 2.882010
v 0.557114 0.748413 2.815122
v 0.557113 0.748463 2.748235
v 0.557112 0.748514 2.681347
v 0.556707 0.754243 2.615149
v 0.557110 0.748615 2.547572
v 0.557109 0.748665 2.480684
v 0.557108 0.748715 2.413797
v 0.557107 0.748766 2.346909
v 0.557107 0.748816 2.280021
v 0.557106 0.748867 2.213134
v 0.557105 0.748917 2.146246
v 0.557104 0.748967 2.079359
v 0.557103 0.749018 2.012471
v 0.556699 0.754747 1.946273
v 0.557101 0.749119 1.878696
v 0.557100 0.749169 1.811808
v 0.557100 0.749220 1.744921
v 0.557099 0.749270 1.678033
v 0.557098 0.749320 1.611145
v 0.561000 0.750374 1.611097
v 0.561001 0.750324 1.677985
v 0.561002 0.750273 1.744872
v 0.561003 0.750223 1.811760
v 0.561006 0.755961 1.879344
v 0.561005 0.750122 1.945535
v 0.561005 0.750072 2.012423
v 0.561006 0.750021 2.079310
v 0.561007 0.749971 2.146198
v 0.561008 0.749920 2.213086
v 0.561009 0.749870 2.279973
v 0.561010 0.749820 2.346861
v 0.561011 0.749769 2.413749
v 0.561012 0.749719 2.480636
v 0.561015 0.755457 2.548220
v 0.561013 0.749618 2.614411
v 0.561014 0.749567 2.681299
v 0.561015 0.749517 2.748186
v 0.561016 0.749467 2.815074
v 0.561017 0.749416 2.881962
v 0.564901 0.749292 1.611019
v 0.564902 0.749241 1.677907
v 0.564903 0.749191 1.744794
v 0.564904 0.749140 1.811682
v 0.565314 0.754766 1.879246
v 0.564906 0.749040 1.945457
v 0.564907 0.748989 2.012345
v 0.564908 0.748939 2.079232
v 0.564908 0.748888 2.146120
v 0.564909 0.748838 2.213007
v 0.564910 0.748787 2.279895
v 0.564911 0.748737 2.346783
v 0.564912 0.748687 2.413670
v 0.564913 0.748636 2.480558
v 0.565323 0.754262 2.548121
v 0.564915 0.748535 2.614333
v 0.564915 0.748485 2.681221
v 0.564916 0.748434 2.748108
v 0.564917 0.748384 2.814996
v 0.564918 0.748334 2.881883
v 0.568652 0.746114 1.610914
v 0.568653 0.746064 1.677801
v 0.568654 0.746013 1.744689
v 0.568654 0.745963 1.811577
v 0.569455 0.751258 1.879094
v 0.568656 0.745862 1.945352
v 0.568657 0.745812 2.012239
v 0.568658 0.745761 2.079127
v 0.568659 0.745711 2.146015
v 0.568660 0.745660 2.212902
v 0.568660 0.745610 2.279790
v 0.568661 0.745560 2.346678
v 0.568662 0.745509 2.413565
v 0.568663 0.745459 2.480453
v 0.569463 0.750753 2.547970
v 0.568665 0.745358 2.614228
v 0.568666 0.745307 2.681115
v 0.568667 0.745257 2.748003
v 0.568668 0.745207 2.814891
v 0.568668 0.745156 2.881778
v 0.572107 0.740964 1.610786
v 0.572108 0.740914 1.677673
v 0.572109 0.740863 1.744561
v 0.572110 0.740813 1.811449
v 0.573270 0.745571 1.878896
v 0.572111 0.740712 1.945224
v 0.572112 0.740662 2.012111
v 0.572113 0.740611 2.078999
v 0.572114 0.740561 2.145887
v 0.572115 0.740510 2.212774
v 0.572116 0.740460 2.279662
v 0.572117 0.740409 2.346550
v 0.572118 0.740359 2.413437
v 0.572118 0.740309 2.480325
v 0.573279 0.745067 2.547772
v 0.572120 0.740208 2.614100
v 0.572121 0.740157 2.680987
v 0.572122 0.740107 2.747875
v 0.572123 0.740056 2.814763
v 0.572124 0.740006 2.881650
v 0.575134 0.734039 1.610640
v 0.575135 0.733989 1.677528
v 0.575136 0.733938 1.744415
v 0.575137 0.733888 1.811303
v 0.576612 0.737925 1.878658
v 0.575139 0.733787 1.945078
v 0.575140 0.733737 2.011966
v 0.575141 0.733686 2.078853
v 0.575141 0.733636 2.145741
v 0.575142 0.733585 2.212628
v 0.575143 0.733535 2.279516
v 0.575144 0.733485 2.346404
v 0.575145 0.733434 2.413291
v 0.575146 0.733384 2.480179
v 0.576621 0.737421 2.547534
v 0.575148 0.733283 2.613954
v 0.575148 0.733232 2.680841
v 0.575149 0.733182 2.747729
v 0.575150 0.733132 2.814617
v 0.575151 0.733081 2.881505
v 0.577618 0.725606 1.610482
v 0.577618 0.725555 1.677369
v 0.577619 0.725505 1.744257
v 0.577620 0.725454 1.811145
v 0.579354 0.728614 1.878390
v 0.577622 0.725354 1.944920
v 0.577623 0.725303 2.011807
v 0.577624 0.725253 2.078695
v 0.577625 0.725202 2.145583
v 0.577626 0.725152 2.212470
v 0.577626 0.725101 2.279358
v 0.577627 0.725051 2.346246
v 0.577628 0.725001 2.413133
v 0.577629 0.724950 2.480021
v 0.579363 0.728110 2.547266
v 0.577631 0.724849 2.613796
v 0.577632 0.724799 2.680683
v 0.577633 0.724748 2.747571
v 0.577633 0.724698 2.814459
v 0.577634 0.724648 2.881346
v 0.579461 0.715988 1.610317
v 0.579462 0.715937 1.677205
v 0.579463 0.715887 1.744092
v 0.579464 0.715836 1.810980
v 0.581390 0.717994 1.878102
v 0.579466 0.715735 1.944755
v 0.579466 0.715685 2.011643
v 0.579467 0.715635 2.078531
v 0.579468 0.715584 2.145418
v 0.579469 0.715534 2.212306
v 0.579470 0.715483 2.279193
v 0.579471 0.715433 2.346081
v 0.579472 0.715382 2.412969
v 0.579473 0.715332 2.479856
v 0.581399 0.717490 2.546978
v 0.579474 0.715231 2.613631
v 0.579475 0.715181 2.680519
v 0.579476 0.715130 2.747406
v 0.579477 0.715080 2.814294
v 0.579478 0.715029 2.881182
v 0.580594 0.705554 1.610153
v 0.580595 0.705504 1.677041
v 0.580596 0.705454 1.743928
v 0.580597 0.705403 1.810816
v 0.582641 0.706475 1.877805
v 0.580599 0.705302 1.944591
v 0.580600 0.705252 2.011478
v 0.580600 0.705202 2.078366
v 0.580601 0.705151 2.145254
v 0.580602 0.705101 2.212141
v 0.580603 0.705050 2.279029
v 0.580604 0.705000 2.345917
v 0.580605 0.704949 2.412804
v 0.580606 0.704899 2.479692
v 0.582650 0.705970 2.546681
v 0.580607 0.704798 2.613467
v 0.580608 0.704748 2.680355
v 0.580609 0.704697 2.747242
v 0.580610 0.704647 2.814130
v 0.580611 0.704596 2.881017
v 0.580973 0.694707 1.609995
v 0.580974 0.694657 1.676883
v 0.580975 0.694607 1.743770
v 0.580976 0.694556 1.810658
v 0.583059 0.694498 1.877511
v 0.580978 0.694455 1.944433
v 0.580979 0.694405 2.011321
v 0.580980 0.694355 2.078208
v 0.580980 0.694304 2.145096
v 0.580981 0.694254 2.211983
v 0.580982 0.694203 2.278871
v 0.580983 0.694153 2.345759
v 0.580984 0.694102 2.412646
v 0.580985 0.694052 2.479534
v 0.583068 0.693994 2.546387
v 0.580987 0.693951 2.613309
v 0.580987 0.693901 2.680197
v 0.580988 0.693850 2.747084
v 0.580989 0.693800 2.813972
v 0.580990 0.693749 2.880859
v 0.580584 0.683863 1.609849
v 0.580585 0.683813 1.676737
v 0.580586 0.683762 1.743625
v 0.580587 0.683712 1.810512
v 0.582629 0.682525 1.877230
v 0.580588 0.683611 1.944288
v 0.580589 0.683561 2.011175
v 0.580590 0.683510 2.078063
v 0.580591 0.683460 2.144950
v 0.580592 0.683409 2.211838
v 0.580593 0.683359 2.278726
v 0.580594 0.683309 2.345613
v 0.580594 0.683258 2.412501
v 0.580595 0.683208 2.479388
v 0.582638 0.682020 2.546106
v 0.580597 0.683107 2.613163
v 0.580598 0.683056 2.680051
v 0.580599 0.683006 2.746939
v 0.580600 0.682956 2.813826
v 0.580601 0.682905 2.880714
v 0.579441 0.673439 1.609722
v 0.579442 0.673388 1.676610
v 0.579443 0.673338 1.743497
v 0.579443 0.673287 1.810385
v 0.581367 0.671014 1.876974
v 0.579445 0.673186 1.944160
v 0.579446 0.673136 2.011048
v 0.579447 0.673086 2.077935
v 0.579448 0.673035 2.144823
v 0.579449 0.672985 2.211710
v 0.579450 0.672934 2.278598
v 0.579450 0.672884 2.345486
v 0.579451 0.672834 2.412373
v 0.579452 0.672783 2.479261
v 0.581376 0.670510 2.545850
v 0.579454 0.672682 2.613036
v 0.579455 0.672632 2.679924
v 0.579456 0.672581 2.746811
v 0.579457 0.672531 2.813699
v 0.579457 0.672481 2.880587
v 0.577588 0.663834 1.609618
v 0.577589 0.663784 1.676505
v 0.577590 0.663733 1.743393
v 0.577591 0.663683 1.810281
v 0.579321 0.660410 1.876752
v 0.577592 0.663582 1.944056
v 0.577593 0.663532 2.010943
v 0.577594 0.663481 2.077831
v 0.577595 0.663431 2.144718
v 0.577596 0.663380 2.211606
v 0.577597 0.663330 2.278494
v 0.577598 0.663280 2.345381
v 0.577599 0.663229 2.412269
v 0.577599 0.663179 2.479156
v 0.579330 0.659906 2.545629
v 0.577601 0.663078 2.612932
v 0.577602 0.663027 2.679819
v 0.577603 0.662977 2.746707
v 0.577604 0.662927 2.813594
v 0.577605 0.662876 2.880482
v 0.575097 0.655419 1.609540
v 0.575098 0.655369 1.676428
v 0.575098 0.655318 1.743315
v 0.575099 0.655268 1.810203
v 0.576571 0.651118 1.876574
v 0.575101 0.655167 1.943978
v 0.575102 0.655116 2.010866
v 0.575103 0.655066 2.077753
v 0.575104 0.655016 2.144641
v 0.575105 0.654965 2.211529
v 0.575105 0.654915 2.278416
v 0.575106 0.654864 2.345304
v 0.575107 0.654814 2.412191
v 0.575108 0.654764 2.479079
v 0.576580 0.650614 2.545450
v 0.575110 0.654663 2.612854
v 0.575111 0.654612 2.679742
v 0.575112 0.654562 2.746629
v 0.575112 0.654511 2.813517
v 0.575113 0.654461 2.880405
v 0.572063 0.648517 1.609493
v 0.572064 0.648466 1.676380
v 0.572064 0.648416 1.743268
v 0.572065 0.648365 1.810156
v 0.573221 0.643497 1.876445
v 0.572067 0.648264 1.943931
v 0.572068 0.648214 2.010818
v 0.572069 0.648164 2.077706
v 0.572070 0.648113 2.144593
v 0.572070 0.648063 2.211481
v 0.572071 0.648012 2.278369
v 0.572072 0.647962 2.345256
v 0.572073 0.647912 2.412144
v 0.572074 0.647861 2.479032
v 0.573229 0.642993 2.545321
v 0.572076 0.647760 2.612807
v 0.572077 0.647710 2.679694
v 0.572078 0.647659 2.746582
v 0.572078 0.647609 2.813469
v 0.572079 0.647559 2.880357
v 0.568602 0.643392 1.609477
v 0.568603 0.643342 1.676364
v 0.568604 0.643291 1.743252
v 0.568605 0.643241 1.810140
v 0.569400 0.637839 1.876371
v 0.568607 0.643140 1.943915
v 0.568608 0.643090 2.010803
v 0.568609 0.643039 2.077690
v 0.568609 0.642989 2.144578
v 0.568610 0.642938 2.211465
v 0.568611 0.642888 2.278353
v 0.568612 0.642837 2.345241
v 0.568613 0.642787 2.412128
v 0.568614 0.642737 2.479016
v 0.569409 0.637335 2.545247
v 0.568616 0.642636 2.612791
v 0.568616 0.642585 2.679678
v 0.568617 0.642535 2.746566
v 0.568618 0.642484 2.813454
v 0.568619 0.642434 2.880341
v 0.564849 0.640242 1.609494
v 0.564850 0.640192 1.676381
v 0.564851 0.640142 1.743269
v 0.564852 0.640091 1.810156
v 0.565256 0.634362 1.876354
v 0.564853 0.639990 1.943932
v 0.564854 0.639940 2.010819
v 0.564855 0.639889 2.077707
v 0.564856 0.639839 2.144594
v 0.564857 0.639789 2.211482
v 0.564858 0.639738 2.278370
v 0.564859 0.639688 2.345257
v 0.564860 0.639637 2.412145
v 0.564860 0.639587 2.479033
v 0.565265 0.633857 2.545230
v 0.564862 0.639486 2.612808
v 0.564863 0.639436 2.679695
v 0.564864 0.639385 2.746583
v 0.564865 0.639335 2.813470
v 0.564866 0.639284 2.880358
v 0.560947 0.639189 1.609542
v 0.560948 0.639138 1.676430
v 0.560948 0.639088 1.743317
v 0.560949 0.639037 1.810205
v 0.560947 0.633198 1.876396
v 0.560951 0.638937 1.943980
v 0.560952 0.638886 2.010867
v 0.560953 0.638836 2.077755
v 0.560954 0.638785 2.144643
v 0.560955 0.638735 2.211530
v 0.560955 0.638684 2.278418
v 0.560956 0.638634 2.345305
v 0.560957 0.638584 2.412193
v 0.560958 0.638533 2.479081
v 0.560956 0.632694 2.545272
v 0.560960 0.638432 2.612856
v 0.560961 0.638382 2.679744
v 0.560962 0.638331 2.746631
v 0.560962 0.638281 2.813519
v 0.560963 0.638231 2.880406
v 0.557045 0.640271 1.609620
v 0.557046 0.640221 1.676508
v 0.557047 0.640170 1.743395
v 0.557048 0.640120 1.810283
v 0.556640 0.634394 1.876494
v 0.557050 0.640019 1.944058
v 0.557051 0.639969 2.010946
v 0.557052 0.639918 2.077833
v 0.557052 0.639868 2.144721
v 0.557053 0.639817 2.211609
v 0.557054 0.639767 2.278496
v 0.557055 0.639717 2.345384
v 0.557056 0.639666 2.412271
v 0.557057 0.639616 2.479159
v 0.556649 0.633889 2.545371
v 0.557059 0.639515 2.612934
v 0.557059 0.639464 2.679822
v 0.557060 0.639414 2.746709
v 0.557061 0.639364 2.813597
v 0.557062 0.639313 2.880485
v 0.553295 0.643449 1.609725
v 0.553296 0.643398 1.676613
v 0.553297 0.643348 1.743500
v 0.553298 0.643297 1.810388
v 0.552499 0.637902 1.876645
v 0.553299 0.643197 1.944163
v 0.553300 0.643146 2.011051
v 0.553301 0.643096 2.077939
v 0.553302 0.643045 2.144826
v 0.553303 0.642995 2.211714
v 0.553304 0.642944 2.278601
v 0.553305 0.642894 2.345489
v 0.553306 0.642844 2.412376
v 0.553306 0.642793 2.479264
v 0.552508 0.637398 2.545522
v 0.553308 0.642692 2.613039
v 0.553309 0.642642 2.679927
v 0.553310 0.642591 2.746814
v 0.553311 0.642541 2.813702
v 0.553312 0.642491 2.880589
v 0.549840 0.648599 1.609853
v 0.549841 0.648548 1.676741
v 0.549842 0.648498 1.743629
v 0.549842 0.648448 1.810516
v 0.548684 0.643588 1.876844
v 0.549844 0.648347 1.944291
v 0.549845 0.648296 2.011179
v 0.549846 0.648246 2.078066
v 0.549847 0.648195 2.144954
v 0.549848 0.648145 2.211842
v 0.549849 0.648095 2.278729
v 0.549849 0.648044 2.345617
v 0.549850 0.647994 2.412504
v 0.549851 0.647943 2.479392
v 0.548693 0.643084 2.545720
v 0.549853 0.647842 2.613167
v 0.549854 0.647792 2.680055
v 0.549855 0.647742 2.746943
v 0.549856 0.647691 2.813830
v 0.549856 0.647641 2.880718
v 0.546812 0.655524 1.609999
v 0.546813 0.655473 1.676887
v 0.546814 0.655423 1.743774
v 0.546815 0.655372 1.810662
v 0.545341 0.651234 1.877082
v 0.546817 0.655272 1.944437
v 0.546818 0.655221 2.011325
v 0.546819 0.655171 2.078212
v 0.546819 0.655120 2.145100
v 0.546820 0.655070 2.211987
v 0.546821 0.655019 2.278875
v 0.546822 0.654969 2.345763
v 0.546823 0.654919 2.412650
v 0.546824 0.654868 2.479538
v 0.545350 0.650730 2.545958
v 0.546826 0.654767 2.613313
v 0.546826 0.654717 2.680201
v 0.546827 0.654667 2.747088
v 0.546828 0.654616 2.813976
v 0.546829 0.654566 2.880864
v 0.544329 0.663957 1.610157
v 0.544330 0.663907 1.677045
v 0.544331 0.663856 1.743932
v 0.544332 0.663806 1.810820
v 0.542600 0.660546 1.877350
v 0.544334 0.663705 1.944595
v 0.544334 0.663655 2.011483
v 0.544335 0.663604 2.078371
v 0.544336 0.663554 2.145258
v 0.544337 0.663503 2.212146
v 0.544338 0.663453 2.279033
v 0.544339 0.663403 2.345921
v 0.544340 0.663352 2.412808
v 0.544341 0.663302 2.479696
v 0.542608 0.660042 2.546226
v 0.544342 0.663201 2.613471
v 0.544343 0.663150 2.680359
v 0.544344 0.663100 2.747247
v 0.544345 0.663050 2.814134
v 0.544346 0.662999 2.881022
v 0.542486 0.673575 1.610322
v 0.542486 0.673525 1.677209
v 0.542487 0.673474 1.744097
v 0.542488 0.673424 1.810985
v 0.540564 0.671165 1.877638
v 0.542490 0.673323 1.944760
v 0.542491 0.673273 2.011647
v 0.542492 0.673222 2.078535
v 0.542493 0.673172 2.145423
v 0.542494 0.673122 2.212310
v 0.542494 0.673071 2.279198
v 0.542495 0.673021 2.346085
v 0.542496 0.672970 2.412973
v 0.542497 0.672920 2.479861
v 0.540573 0.670661 2.546514
v 0.542499 0.672819 2.613636
v 0.542500 0.672769 2.680523
v 0.542501 0.672718 2.747411
v 0.542501 0.672668 2.814299
v 0.542502 0.672617 2.881186
v 0.541353 0.684008 1.610486
v 0.541353 0.683958 1.677374
v 0.541354 0.683908 1.744262
v 0.541355 0.683857 1.811149
v 0.539313 0.682685 1.877935
v 0.541357 0.683756 1.944924
v 0.541358 0.683706 2.011812
v 0.541359 0.683655 2.078699
v 0.541360 0.683605 2.145587
v 0.541360 0.683555 2.212475
v 0.541361 0.683504 2.279362
v 0.541362 0.683454 2.346250
v 0.541363 0.683403 2.413137
v 0.541364 0.683353 2.480025
v 0.539322 0.682181 2.546811
v 0.541366 0.683252 2.613800
v 0.541367 0.683202 2.680688
v 0.541367 0.683151 2.747575
v 0.541368 0.683101 2.814463
v 0.541369 0.683050 2.881351
v 0.540973 0.694855 1.610644
v 0.540974 0.694805 1.677532
v 0.540975 0.694755 1.744419
v 0.540976 0.694704 1.811307
v 0.538894 0.694661 1.878229
v 0.540978 0.694603 1.945082
v 0.540979 0.694553 2.011970
v 0.540980 0.694502 2.078857
v 0.540980 0.694452 2.145745
v 0.540981 0.694402 2.212632
v 0.540982 0.694351 2.279520
v 0.540983 0.694301 2.346408
v 0.540984 0.694250 2.413295
v 0.540985 0.694200 2.480183
v 0.538903 0.694157 2.547105
v 0.540987 0.694099 2.613958
v 0.540987 0.694049 2.680846
v 0.540988 0.693998 2.747733
v 0.540989 0.693948 2.814621
v 0.540990 0.693897 2.881508
v 0.541363 0.705700 1.610790
v 0.541364 0.705649 1.677677
v 0.541365 0.705599 1.744565
v 0.541366 0.705548 1.811452
v 0.539324 0.706635 1.878510
v 0.541367 0.705448 1.945228
v 0.541368 0.705397 2.012115
v 0.541369 0.705347 2.079003
v 0.541370 0.705296 2.145890
v 0.541371 0.705246 2.212778
v 0.541372 0.705195 2.279665
v 0.541373 0.705145 2.346553
v 0.541373 0.705095 2.413441
v 0.541374 0.705044 2.480328
v 0.539333 0.706131 2.547386
v 0.541376 0.704943 2.614104
v 0.541377 0.704893 2.680991
v 0.541378 0.704842 2.747879
v 0.541379 0.704792 2.814766
v 0.541380 0.704742 2.881654
v 0.542506 0.716124 1.610917
v 0.542507 0.716074 1.677805
v 0.542508 0.716023 1.744692
v 0.542509 0.715973 1.811580
v 0.540587 0.718145 1.878766
v 0.542510 0.715872 1.945355
v 0.542511 0.715822 2.012243
v 0.542512 0.715771 2.079130
v 0.542513 0.715721 2.146018
v 0.542514 0.715670 2.212905
v 0.542515 0.715620 2.279793
v 0.542516 0.715570 2.346681
v 0.542517 0.715519 2.413568
v 0.542517 0.715469 2.480456
v 0.540595 0.717641 2.547642
v 0.542519 0.715368 2.614231
v 0.542520 0.715317 2.681118
v 0.542521 0.715267 2.748006
v 0.542522 0.715217 2.814894
v 0.542523 0.715166 2.881781
v 0.544359 0.725729 1.611021
v 0.544360 0.725678 1.677909
v 0.544361 0.725628 1.744797
v 0.544362 0.725577 1.811684
v 0.542632 0.728750 1.878987
v 0.544363 0.725477 1.945459
v 0.544364 0.725426 2.012347
v 0.544365 0.725376 2.079235
v 0.544366 0.725325 2.146122
v 0.544367 0.725275 2.213010
v 0.544368 0.725224 2.279897
v 0.544369 0.725174 2.346785
v 0.544369 0.725124 2.413673
v 0.544370 0.725073 2.480560
v 0.542641 0.728245 2.547863
v 0.544372 0.724972 2.614336
v 0.544373 0.724922 2.681223
v 0.544374 0.724871 2.748111
v 0.544375 0.724821 2.814998
v 0.544376 0.724771 2.881886
v 0.546850 0.734144 1.611099
v 0.546851 0.734093 1.677987
v 0.546852 0.734043 1.744874
v 0.546853 0.733993 1.811762
v 0.545383 0.738041 1.879166
v 0.546855 0.733892 1.945537
v 0.546855 0.733841 2.012424
v 0.546856 0.733791 2.079312
v 0.546857 0.733740 2.146200
v 0.546858 0.733690 2.213087
v 0.546859 0.733640 2.279975
v 0.546860 0.733589 2.346863
v 0.546861 0.733539 2.413750
v 0.546862 0.733488 2.480638
v 0.545392 0.737537 2.548042
v 0.546863 0.733387 2.614413
v 0.546864 0.733337 2.681301
v 0.546865 0.733287 2.748188
v 0.546866 0.733236 2.815076
v 0.546867 0.733186 2.881963
v 0.549884 0.741046 1.611146
v 0.549885 0.740996 1.678034
v 0.549886 0.740945 1.744922
v 0.549887 0.740895 1.811809
v 0.548733 0.745662 1.879295
v 0.549889 0.740794 1.945585
v 0.549890 0.740744 2.012472
v 0.549890 0.740693 2.079360
v 0.549891 0.740643 2.146247
v 0.549892 0.740592 2.213135
v 0.549893 0.740542 2.280022
v 0.549894 0.740492 2.346910
v 0.549895 0.740441 2.413798
v 0.549896 0.740391 2.480685
v 0.548742 0.745158 2.548171
v 0.549897 0.740290 2.614460
v 0.549898 0.740240 2.681348
v 0.549899 0.740189 2.748236
v 0.549900 0.740139 2.815123
v 0.549901 0.740088 2.882011
v 0.553344 0.746171 1.611162
v 0.553345 0.746120 1.678050
v 0.553346 0.746070 1.744937
v 0.553347 0.746020 1.811825
v 0.552554 0.751320 1.879369
v 0.553349 0.745919 1.945600
v 0.553350 0.745868 2.012488
v 0.553351 0.745818 2.079376
v 0.553351 0.745767 2.146263
v 0.553352 0.745717 2.213151
v 0.553353 0.745667 2.280038
v 0.553354 0.745616 2.346926
v 0.553355 0.745566 2.413813
v 0.553356 0.745515 2.480701
v 0.552562 0.750816 2.548245
v 0.553358 0.745414 2.614476
v 0.553358 0.745364 2.681364
v 0.553359 0.745314 2.748251
v 0.553360 0.745263 2.815139
v 0.553361 0.745213 2.882027
v 0.557114 0.911408 2.884677
v 0.557114 0.911458 2.817789
v 0.557113 0.911509 2.750901
v 0.557112 0.911559 2.684014
v 0.556707 0.917289 2.617816
v 0.557110 0.911660 2.550239
v 0.557109 0.911711 2.483351
v 0.557108 0.911761 2.416463
v 0.557107 0.911811 2.349576
v 0.557107 0.911862 2.282688
v 0.557106 0.911912 2.215801
v 0.557105 0.911963 2.148913
v 0.557104 0.912013 2.082026
v 0.557103 0.912064 2.015138
v 0.556699 0.917793 1.948940
v 0.557101 0.912164 1.881363
v 0.557100 0.912215 1.814475
v 0.557100 0.912265 1.747587
v 0.557099 0.912316 1.680700
v 0.557098 0.912366 1.613812
v 0.561000 0.913420 1.613764
v 0.561001 0.913369 1.680652
v 0.561002 0.913319 1.747539
v 0.561003 0.913269 1.814427
v 0.561006 0.919007 1.882011
v 0.561005 0.913168 1.948202
v 0.561005 0.913117 2.015090
v 0.561006 0.913067 2.081977
v 0.561007 0.913016 2.148865
v 0.561008 0.912966 2.215752
v 0.561009 0.912916 2.282640
v 0.561010 0.912865 2.349528
v 0.561011 0.912815 2.416415
v 0.561012 0.912764 2.483303
v 0.561015 0.918503 2.550887
v 0.561013 0.912664 2.617078
v 0.561014 0.912613 2.683965
v 0.561015 0.912563 2.750853
v 0.561016 0.912512 2.817741
v 0.561017 0.912462 2.884628
v 0.564901 0.912337 1.613686
v 0.564902 0.912287 1.680573
v 0.564903 0.912236 1.747461
v 0.564904 0.912186 1.814348
v 0.565314 0.917812 1.881912
v 0.564906 0.912085 1.948124
v 0.564907 0.912035 2.015011
v 0.564908 0.911984 2.081899
v 0.564908 0.911934 2.148787
v 0.564909 0.911883 2.215674
v 0.564910 0.911833 2.282562
v 0.564911 0.911783 2.349449
v 0.564912 0.911732 2.416337
v 0.564913 0.911682 2.483224
v 0.565323 0.917307 2.550788
v 0.564915 0.911581 2.617000
v 0.564915 0.911530 2.683887
v 0.564916 0.911480 2.750775
v 0.564917 0.911430 2.817662
v 0.564918 0.911379 2.884550
v 0.568652 0.909160 1.613581
v 0.568653 0.909109 1.680468
v 0.568654 0.909059 1.747356
v 0.568654 0.909009 1.814243
v 0.569455 0.914303 1.881761
v 0.568656 0.908908 1.948019
v 0.568657 0.908857 2.014906
v 0.568658 0.908807 2.081794
v 0.568659 0.908756 2.148681
v 0.568660 0.908706 2.215569
v 0.568660 0.908656 2.282457
v 0.568661 0.908605 2.349344
v 0.568662 0.908555 2.416232
v 0.568663 0.908504 2.483119
v 0.569463 0.913799 2.550637
v 0.568665 0.908403 2.616894
v 0.568666 0.908353 2.683782
v 0.568667 0.908303 2.750670
v 0.568668 0.908252 2.817557
v 0.568668 0.908202 2.884445
v 0.572107 0.904010 1.613452
v 0.572108 0.903959 1.680340
v 0.572109 0.903909 1.747228
v 0.572110 0.903858 1.814115
v 0.573270 0.908617 1.881563
v 0.572111 0.903758 1.947891
v 0.572112 0.903707 2.014778
v 0.572113 0.903657 2.081666
v 0.572114 0.903606 2.148553
v 0.572115 0.903556 2.215441
v 0.572116 0.903505 2.282329
v 0.572117 0.903455 2.349216
v 0.572118 0.903405 2.416104
v 0.572118 0.903354 2.482991
v 0.573279 0.908113 2.550439
v 0.572120 0.903253 2.616766
v 0.572121 0.903203 2.683654
v 0.572122 0.903152 2.750542
v 0.572123 0.903102 2.817429
v 0.572124 0.903052 2.884317
v 0.575134 0.897085 1.613307
v 0.575135 0.897034 1.680194
v 0.575136 0.896984 1.747082
v 0.575137 0.896933 1.813969
v 0.576612 0.900971 1.881325
v 0.575139 0.896833 1.947745
v 0.575140 0.896782 2.014632
v 0.575141 0.896732 2.081520
v 0.575141 0.896681 2.148407
v 0.575142 0.896631 2.215295
v 0.575143 0.896581 2.282183
v 0.575144 0.896530 2.349070
v 0.575145 0.896480 2.415958
v 0.575146 0.896429 2.482846
v 0.576621 0.900467 2.550201
v 0.575148 0.896328 2.616621
v 0.575148 0.896278 2.683508
v 0.575149 0.896228 2.750396
v 0.575150 0.896177 2.817283
v 0.575151 0.896127 2.884171
v 0.577618 0.888651 1.613148
v 0.577618 0.888601 1.680036
v 0.577619 0.888550 1.746924
v 0.577620 0.888500 1.813811
v 0.579354 0.891659 1.881057
v 0.577622 0.888399 1.947587
v 0.577623 0.888349 2.014474
v 0.577624 0.888298 2.081362
v 0.577625 0.888248 2.148249
v 0.577626 0.888197 2.215137
v 0.577626 0.888147 2.282024
v 0.577627 0.888097 2.348912
v 0.577628 0.888046 2.415800
v 0.577629 0.887996 2.482687
v 0.579363 0.891155 2.549933
v 0.577631 0.887895 2.616462
v 0.577632 0.887844 2.683350
v 0.577633 0.887794 2.750238
v 0.577633 0.887744 2.817125
v 0.577634 0.887693 2.884013
v 0.579461 0.879033 1.612984
v 0.579462 0.878983 1.679872
v 0.579463 0.878932 1.746759
v 0.579464 0.878882 1.813647
v 0.581390 0.881040 1.880769
v 0.579466 0.878781 1.947422
v 0.579466 0.878731 2.014310
v 0.579467 0.878680 2.081197
v 0.579468 0.878630 2.148085
v 0.579469 0.878579 2.214972
v 0.579470 0.878529 2.281860
v 0.579471 0.878478 2.348748
v 0.579472 0.878428 2.415635
v 0.579473 0.878378 2.482523
v 0.581399 0.880535 2.549645
v 0.579474 0.878277 2.616298
v 0.579475 0.878226 2.683186
v 0.579476 0.878176 2.750073
v 0.579477 0.878125 2.816961
v 0.579478 0.878075 2.883848
v 0.580594 0.868600 1.612820
v 0.580595 0.868550 1.679707
v 0.580596 0.868499 1.746595
v 0.580597 0.868449 1.813483
v 0.582641 0.869520 1.880472
v 0.580599 0.868348 1.947258
v 0.580600 0.868298 2.014145
v 0.580600 0.868247 2.081033
v 0.580601 0.868197 2.147920
v 0.580602 0.868146 2.214808
v 0.580603 0.868096 2.281696
v 0.580604 0.868045 2.348583
v 0.580605 0.867995 2.415471
v 0.580606 0.867945 2.482358
v 0.582650 0.869016 2.549348
v 0.580607 0.867844 2.616134
v 0.580608 0.867793 2.683021
v 0.580609 0.867743 2.749909
v 0.580610 0.867692 2.816796
v 0.580611 0.867642 2.883684
v 0.580973 0.857753 1.612662
v 0.580974 0.857703 1.679549
v 0.580975 0.857652 1.746437
v 0.580976 0.857602 1.813325
v 0.583059 0.857544 1.880177
v 0.580978 0.857501 1.947100
v 0.580979 0.857451 2.013987
v 0.580980 0.857400 2.080875
v 0.580980 0.857350 2.147763
v 0.580981 0.857299 2.214650
v 0.580982 0.857249 2.281538
v 0.580983 0.857198 2.348425
v 0.580984 0.857148 2.415313
v 0.580985 0.857098 2.482201
v 0.583068 0.857039 2.549054
v 0.580987 0.856997 2.615976
v 0.580987 0.856946 2.682863
v 0.580988 0.856896 2.749751
v 0.580989 0.856845 2.816639
v 0.580990 0.856795 2.883526
v 0.580584 0.846909 1.612516
v 0.580585 0.846858 1.679404
v 0.580586 0.846808 1.746292
v 0.580587 0.846758 1.813179
v 0.582629 0.845570 1.879897
v 0.580588 0.846657 1.946954
v 0.580589 0.846606 2.013842
v 0.580590 0.846556 2.080729
v 0.580591 0.846505 2.147617
v 0.580592 0.846455 2.214505
v 0.580593 0.846405 2.281392
v 0.580594 0.846354 2.348280
v 0.580594 0.846304 2.415168
v 0.580595 0.846253 2.482055
v 0.582638 0.845066 2.548773
v 0.580597 0.846152 2.615830
v 0.580598 0.846102 2.682718
v 0.580599 0.846052 2.749605
v 0.580600 0.846001 2.816493
v 0.580601 0.845951 2.883381
v 0.579441 0.836484 1.612389
v 0.579442 0.836434 1.679276
v 0.579443 0.836383 1.746164
v 0.579443 0.836333 1.813052
v 0.581367 0.834060 1.879641
v 0.579445 0.836232 1.946827
v 0.579446 0.836182 2.013714
v 0.579447 0.836131 2.080602
v 0.579448 0.836081 2.147490
v 0.579449 0.836030 2.214377
v 0.579450 0.835980 2.281265
v 0.579450 0.835930 2.348152
v 0.579451 0.835879 2.415040
v 0.579452 0.835829 2.481928
v 0.581376 0.833556 2.548517
v 0.579454 0.835728 2.615703
v 0.579455 0.835677 2.682590
v 0.579456 0.835627 2.749478
v 0.579457 0.835577 2.816366
v 0.579457 0.835526 2.883253
v 0.577588 0.826880 1.612284
v 0.577589 0.826829 1.679172
v 0.577590 0.826779 1.746060
v 0.577591 0.826729 1.812947
v 0.579321 0.823455 1.879419
v 0.577592 0.826628 1.946722
v 0.577593 0.826577 2.013610
v 0.577594 0.826527 2.080498
v 0.577595 0.826476 2.147385
v 0.577596 0.826426 2.214273
v 0.577597 0.826376 2.281160
v 0.577598 0.826325 2.348048
v 0.577599 0.826275 2.414936
v 0.577599 0.826224 2.481823
v 0.579330 0.822951 2.548295
v 0.577601 0.826123 2.615598
v 0.577602 0.826073 2.682486
v 0.577603 0.826023 2.749373
v 0.577604 0.825972 2.816261
v 0.577605 0.825922 2.883149
v 0.575097 0.818465 1.612207
v 0.575098 0.818414 1.679094
v 0.575098 0.818364 1.745982
v 0.575099 0.818313 1.812870
v 0.576571 0.814164 1.879240
v 0.575101 0.818213 1.946645
v 0.575102 0.818162 2.013532
v 0.575103 0.818112 2.080420
v 0.575104 0.818061 2.147308
v 0.575105 0.818011 2.214195
v 0.575105 0.817960 2.281083
v 0.575106 0.817910 2.347970
v 0.575107 0.817860 2.414858
v 0.575108 0.817809 2.481746
v 0.576580 0.813660 2.548116
v 0.575110 0.817708 2.615521
v 0.575111 0.817658 2.682409
v 0.575112 0.817607 2.749296
v 0.575112 0.817557 2.816184
v 0.575113 0.817507 2.883071
v 0.572063 0.811562 1.612159
v 0.572064 0.811512 1.679047
v 0.572064 0.811461 1.745935
v 0.572065 0.811411 1.812822
v 0.573221 0.806543 1.879112
v 0.572067 0.811310 1.946597
v 0.572068 0.811260 2.013485
v 0.572069 0.811209 2.080373
v 0.572070 0.811159 2.147260
v 0.572070 0.811108 2.214148
v 0.572071 0.811058 2.281035
v 0.572072 0.811008 2.347923
v 0.572073 0.810957 2.414811
v 0.572074 0.810907 2.481698
v 0.573229 0.806039 2.547987
v 0.572076 0.810806 2.615473
v 0.572077 0.810755 2.682361
v 0.572078 0.810705 2.749249
v 0.572078 0.810655 2.816136
v 0.572079 0.810604 2.883024
v 0.568602 0.806438 1.612144
v 0.568603 0.806387 1.679031
v 0.568604 0.806337 1.745919
v 0.568605 0.806286 1.812806
v 0.569400 0.800885 1.879037
v 0.568607 0.806186 1.946582
v 0.568608 0.806135 2.013469
v 0.568609 0.806085 2.080357
v 0.568609 0.806034 2.147244
v 0.568610 0.805984 2.214132
v 0.568611 0.805933 2.281020
v 0.568612 0.805883 2.347907
v 0.568613 0.805833 2.414795
v 0.568614 0.805782 2.481682
v 0.569409 0.800381 2.547913
v 0.568616 0.805681 2.615458
v 0.568616 0.805631 2.682345
v 0.568617 0.805580 2.749233
v 0.568618 0.805530 2.816120
v 0.568619 0.805480 2.883008
v 0.564849 0.803288 1.612160
v 0.564850 0.803238 1.679048
v 0.564851 0.803187 1.745935
v 0.564852 0.803137 1.812823
v 0.565256 0.797407 1.879021
v 0.564853 0.803036 1.946598
v 0.564854 0.802985 2.013486
v 0.564855 0.802935 2.080374
v 0.564856 0.802885 2.147261
v 0.564857 0.802834 2.214149
v 0.564858 0.802784 2.281036
v 0.564859 0.802733 2.347924
v 0.564860 0.802683 2.414811
v 0.564860 0.802633 2.481699
v 0.565265 0.796903 2.547897
v 0.564862 0.802532 2.615474
v 0.564863 0.802481 2.682362
v 0.564864 0.802431 2.749249
v 0.564865 0.802380 2.816137
v 0.564866 0.802330 2.883025
v 0.560947 0.802234 1.612209
v 0.560948 0.802184 1.679096
v 0.560948 0.802133 1.745984
v 0.560949 0.802083 1.812871
v 0.560947 0.796244 1.879063
v 0.560951 0.801982 1.946647
v 0.560952 0.801932 2.013534
v 0.560953 0.801881 2.080422
v 0.560954 0.801831 2.147309
v 0.560955 0.801780 2.214197
v 0.560955 0.801730 2.281085
v 0.560956 0.801680 2.347972
v 0.560957 0.801629 2.414860
v 0.560958 0.801579 2.481747
v 0.560956 0.795740 2.547939
v 0.560960 0.801478 2.615523
v 0.560961 0.801427 2.682410
v 0.560962 0.801377 2.749298
v 0.560962 0.801327 2.816185
v 0.560963 0.801276 2.883073
v 0.557045 0.803317 1.612287
v 0.557046 0.803266 1.679174
v 0.557047 0.803216 1.746062
v 0.557048 0.803166 1.812950
v 0.556640 0.797439 1.879161
v 0.557050 0.803065 1.946725
v 0.557051 0.803014 2.013613
v 0.557052 0.802964 2.080500
v 0.557052 0.802913 2.147388
v 0.557053 0.802863 2.214275
v 0.557054 0.802813 2.281163
v 0.557055 0.802762 2.348050
v 0.557056 0.802712 2.414938
v 0.557057 0.802661 2.481826
v 0.556649 0.796935 2.548037
v 0.557059 0.802561 2.615601
v 0.557059 0.802510 2.682488
v 0.557060 0.802460 2.749376
v 0.557061 0.802409 2.816264
v 0.557062 0.802359 2.883151
v 0.553295 0.806494 1.612392
v 0.553296 0.806444 1.679280
v 0.553297 0.806393 1.746167
v 0.553298 0.806343 1.813055
v 0.552499 0.800947 1.879312
v 0.553299 0.806242 1.946830
v 0.553300 0.806192 2.013718
v 0.553301 0.806141 2.080605
v 0.553302 0.806091 2.147493
v 0.553303 0.806041 2.214380
v 0.553304 0.805990 2.281268
v 0.553305 0.805940 2.348155
v 0.553306 0.805889 2.415043
v 0.553306 0.805839 2.481931
v 0.552508 0.800443 2.548188
v 0.553308 0.805738 2.615706
v 0.553309 0.805688 2.682594
v 0.553310 0.805637 2.749481
v 0.553311 0.805587 2.816369
v 0.553312 0.805536 2.883256
v 0.549840 0.811644 1.612520
v 0.549841 0.811594 1.679407
v 0.549842 0.811544 1.746295
v 0.549842 0.811493 1.813183
v 0.548684 0.806634 1.879511
v 0.549844 0.811392 1.946958
v 0.549845 0.811342 2.013845
v 0.549846 0.811291 2.080733
v 0.549847 0.811241 2.147621
v 0.549848 0.811191 2.214508
v 0.549849 0.811140 2.281396
v 0.549849 0.811090 2.348284
v 0.549850 0.811039 2.415171
v 0.549851 0.810989 2.482059
v 0.548693 0.806129 2.548387
v 0.549853 0.810888 2.615834
v 0.549854 0.810838 2.682722
v 0.549855 0.810787 2.749609
v 0.549856 0.810737 2.816497
v 0.549856 0.810686 2.883384
v 0.546812 0.818569 1.612666
v 0.546813 0.818519 1.679554
v 0.546814 0.818468 1.746441
v 0.546815 0.818418 1.813329
v 0.545341 0.814280 1.879748
v 0.546817 0.818317 1.947104
v 0.546818 0.818267 2.013991
v 0.546819 0.818216 2.080879
v 0.546819 0.818166 2.147767
v 0.546820 0.818116 2.214654
v 0.546821 0.818065 2.281542
v 0.546822 0.818015 2.348429
v 0.546823 0.817964 2.415317
v 0.546824 0.817914 2.482205
v 0.545350 0.813775 2.548624
v 0.546826 0.817813 2.615980
v 0.546826 0.817763 2.682868
v 0.546827 0.817712 2.749755
v 0.546828 0.817662 2.816643
v 0.546829 0.817611 2.883530
v 0.544329 0.827003 1.612824
v 0.544330 0.826952 1.679712
v 0.544331 0.826902 1.746599
v 0.544332 0.826852 1.813487
v 0.542600 0.823591 1.880016
v 0.544334 0.826751 1.947262
v 0.544334 0.826700 2.014150
v 0.544335 0.826650 2.081037
v 0.544336 0.826599 2.147925
v 0.544337 0.826549 2.214813
v 0.544338 0.826499 2.281700
v 0.544339 0.826448 2.348588
v 0.544340 0.826398 2.415475
v 0.544341 0.826347 2.482363
v 0.542608 0.823087 2.548892
v 0.544342 0.826247 2.616138
v 0.544343 0.826196 2.683026
v 0.544344 0.826146 2.749913
v 0.544345 0.826095 2.816801
v 0.544346 0.826045 2.883688
v 0.542486 0.836621 1.612988
v 0.542486 0.836571 1.679876
v 0.542487 0.836520 1.746764
v 0.542488 0.836470 1.813651
v 0.540564 0.834211 1.880304
v 0.542490 0.836369 1.947426
v 0.542491 0.836318 2.014314
v 0.542492 0.836268 2.081202
v 0.542493 0.836218 2.148089
v 0.542494 0.836167 2.214977
v 0.542494 0.836117 2.281864
v 0.542495 0.836066 2.348752
v 0.542496 0.836016 2.415640
v 0.542497 0.835965 2.482527
v 0.540573 0.833707 2.549181
v 0.542499 0.835865 2.616302
v 0.542500 0.835814 2.683190
v 0.542501 0.835764 2.750078
v 0.542501 0.835713 2.816965
v 0.542502 0.835663 2.883853
v 0.541353 0.847054 1.613153
v 0.541353 0.847004 1.680040
v 0.541354 0.846953 1.746928
v 0.541355 0.846903 1.813816
v 0.539313 0.845730 1.880601
v 0.541357 0.846802 1.947591
v 0.541358 0.846751 2.014478
v 0.541359 0.846701 2.081366
v 0.541360 0.846651 2.148254
v 0.541360 0.846600 2.215141
v 0.541361 0.846550 2.282029
v 0.541362 0.846499 2.348917
v 0.541363 0.846449 2.415804
v 0.541364 0.846398 2.482692
v 0.539322 0.845226 2.549477
v 0.541366 0.846298 2.616467
v 0.541367 0.846247 2.683354
v 0.541367 0.846197 2.750242
v 0.541368 0.846146 2.817130
v 0.541369 0.846096 2.884017
v 0.540973 0.857901 1.613311
v 0.540974 0.857851 1.680198
v 0.540975 0.857800 1.747086
v 0.540976 0.857750 1.813974
v 0.538894 0.857707 1.880896
v 0.540978 0.857649 1.947749
v 0.540979 0.857598 2.014636
v 0.540980 0.857548 2.081524
v 0.540980 0.857498 2.148412
v 0.540981 0.857447 2.215299
v 0.540982 0.857397 2.282187
v 0.540983 0.857346 2.349074
v 0.540984 0.857296 2.415962
v 0.540985 0.857246 2.482850
v 0.538903 0.857203 2.549772
v 0.540987 0.857145 2.616625
v 0.540987 0.857094 2.683512
v 0.540988 0.857044 2.750400
v 0.540989 0.856993 2.817287
v 0.540990 0.856943 2.884175
v 0.541363 0.868745 1.613456
v 0.541364 0.868695 1.680344
v 0.541365 0.868644 1.747231
v 0.541366 0.868594 1.814119
v 0.539324 0.869681 1.881176
v 0.541367 0.868493 1.947894
v 0.541368 0.868443 2.014782
v 0.541369 0.868392 2.081669
v 0.541370 0.868342 2.148557
v 0.541371 0.868291 2.215445
v 0.541372 0.868241 2.282332
v 0.541373 0.868191 2.349220
v 0.541373 0.868140 2.416107
v 0.541374 0.868090 2.482995
v 0.539333 0.869176 2.550052
v 0.541376 0.867989 2.616770
v 0.541377 0.867938 2.683658
v 0.541378 0.867888 2.750546
v 0.541379 0.867838 2.817433
v 0.541380 0.867787 2.884321
v 0.542506 0.879170 1.613584
v 0.542507 0.879119 1.680471
v 0.542508 0.879069 1.747359
v 0.542509 0.879019 1.814246
v 0.540587 0.881191 1.881433
v 0.542510 0.878918 1.948022
v 0.542511 0.878867 2.014909
v 0.542512 0.878817 2.081797
v 0.542513 0.878766 2.148685
v 0.542514 0.878716 2.215572
v 0.542515 0.878666 2.282460
v 0.542516 0.878615 2.349347
v 0.542517 0.878565 2.416235
v 0.542517 0.878514 2.483122
v 0.540595 0.880686 2.550308
v 0.542519 0.878413 2.616898
v 0.542520 0.878363 2.683785
v 0.542521 0.878313 2.750673
v 0.542522 0.878262 2.817560
v 0.542523 0.878212 2.884448
v 0.544359 0.888774 1.613688
v 0.544360 0.888724 1.680576
v 0.544361 0.888673 1.747463
v 0.544362 0.888623 1.814351
v 0.542632 0.891795 1.881654
v 0.544363 0.888522 1.948126
v 0.544364 0.888472 2.015014
v 0.544365 0.888421 2.081901
v 0.544366 0.888371 2.148789
v 0.544367 0.888321 2.215677
v 0.544368 0.888270 2.282564
v 0.544369 0.888220 2.349452
v 0.544369 0.888169 2.416339
v 0.544370 0.888119 2.483227
v 0.542641 0.891291 2.550530
v 0.544372 0.888018 2.617002
v 0.544373 0.887968 2.683890
v 0.544374 0.887917 2.750777
v 0.544375 0.887867 2.817665
v 0.544376 0.887816 2.884552
v 0.546850 0.897189 1.613766
v 0.546851 0.897139 1.680653
v 0.546852 0.897089 1.747541
v 0.546853 0.897038 1.814428
v 0.545383 0.901087 1.881833
v 0.546855 0.896937 1.948204
v 0.546855 0.896887 2.015091
v 0.546856 0.896836 2.081979
v 0.546857 0.896786 2.148866
v 0.546858 0.896736 2.215754
v 0.546859 0.896685 2.282642
v 0.546860 0.896635 2.349529
v 0.546861 0.896584 2.416417
v 0.546862 0.896534 2.483305
v 0.545392 0.900582 2.550709
v 0.546863 0.896433 2.617080
v 0.546864 0.896383 2.683967
v 0.546865 0.896332 2.750855
v 0.546866 0.896282 2.817742
v 0.546867 0.896231 2.884630
v 0.549884 0.904092 1.613813
v 0.549885 0.904041 1.680701
v 0.549886 0.903991 1.747588
v 0.549887 0.903941 1.814476
v 0.548733 0.908708 1.881962
v 0.549889 0.903840 1.948251
v 0.549890 0.903789 2.015139
v 0.549890 0.903739 2.082026
v 0.549891 0.903688 2.148914
v 0.549892 0.903638 2.215801
v 0.549893 0.903588 2.282689
v 0.549894 0.903537 2.349577
v 0.549895 0.903487 2.416464
v 0.549896 0.903436 2.483352
v 0.548742 0.908204 2.550838
v 0.549897 0.903336 2.617127
v 0.549898 0.903285 2.684015
v 0.549899 0.903235 2.750902
v 0.549900 0.903184 2.817790
v 0.549901 0.903134 2.884677
v 0.553344 0.909216 1.613829
v 0.553345 0.909166 1.680717
v 0.553346 0.909116 1.747604
v 0.553347 0.909065 1.814492
v 0.552554 0.914366 1.882036
v 0.553349 0.908964 1.948267
v 0.553350 0.908914 2.015155
v 0.553351 0.908863 2.082042
v 0.553351 0.908813 2.148930
v 0.553352 0.908763 2.215817
v 0.553353 0.908712 2.282705
v 0.553354 0.908662 2.349593
v 0.553355 0.908611 2.416480
v 0.553356 0.908561 2.483368
v 0.552562 0.913862 2.550912
v 0.553358 0.908460 2.617143
v 0.553358 0.908410 2.684031
v 0.553359 0.908359 2.750918
v 0.553360 0.908309 2.817806
v 0.553361 0.908258 2.884693
v 0.552563 0.261629 2.607133
v 0.557111 0.259427 2.606460
v 0.553357 0.256328 2.539589
v 0.556707 0.265157 2.540262
v 0.552554 0.262133 1.938257
v 0.557102 0.259932 1.937584
v 0.553348 0.256832 1.870713
v 0.556698 0.265661 1.871385
v 0.548743 0.255971 2.607059
v 0.549896 0.251204 2.539573
v 0.548734 0.256475 1.938182
v 0.549888 0.251708 1.870697
v 0.545393 0.248350 2.606930
v 0.546862 0.244301 2.539526
v 0.545384 0.248854 1.938054
v 0.546854 0.244805 1.870649
v 0.542642 0.239058 2.606751
v 0.544371 0.235886 2.539448
v 0.542633 0.239563 1.937875
v 0.544362 0.236390 1.870572
v 0.540596 0.228454 2.606529
v 0.542518 0.226282 2.539343
v 0.540587 0.228958 1.937653
v 0.542510 0.226786 1.870467
v 0.539334 0.216944 2.606273
v 0.541375 0.215857 2.539216
v 0.539325 0.217448 1.937397
v 0.541366 0.216361 1.870340
v 0.538904 0.204970 2.605993
v 0.540986 0.205013 2.539071
v 0.538895 0.205474 1.937117
v 0.540977 0.205517 1.870194
v 0.539323 0.192993 2.605698
v 0.541365 0.194166 2.538913
v 0.539314 0.193498 1.936822
v 0.541356 0.194670 1.870037
v 0.540574 0.181474 2.605401
v 0.542498 0.183733 2.538748
v 0.540565 0.181978 1.936525
v 0.542489 0.184237 1.869872
v 0.542609 0.170854 2.605113
v 0.544342 0.174115 2.538584
v 0.542601 0.171359 1.936237
v 0.544333 0.174619 1.869708
v 0.545351 0.161543 2.604846
v 0.546825 0.165681 2.538426
v 0.545342 0.162047 1.935969
v 0.546816 0.166185 1.869550
v 0.548694 0.153897 2.604608
v 0.549852 0.158756 2.538280
v 0.548685 0.154401 1.935731
v 0.549843 0.159260 1.869404
v 0.552509 0.148210 2.604409
v 0.553307 0.153606 2.538152
v 0.552500 0.148714 1.935533
v 0.553299 0.154110 1.869276
v 0.556650 0.144702 2.604258
v 0.557058 0.150428 2.538047
v 0.556641 0.145206 1.935382
v 0.557049 0.150933 1.869171
v 0.560957 0.143507 2.604160
v 0.560959 0.149346 2.537968
v 0.560948 0.144011 1.935283
v 0.560950 0.149850 1.869092
v 0.565266 0.144670 2.604119
v 0.564861 0.150400 2.537920
v 0.565257 0.145174 1.935241
v 0.564853 0.150904 1.869044
v 0.569410 0.148148 2.604135
v 0.568615 0.153549 2.537903
v 0.569401 0.148652 1.935258
v 0.568606 0.154053 1.869027
v 0.573230 0.153806 2.604209
v 0.572075 0.158674 2.537919
v 0.573222 0.154310 1.935332
v 0.572066 0.159178 1.869043
v 0.576580 0.161427 2.604337
v 0.575109 0.165576 2.537967
v 0.576572 0.161931 1.935461
v 0.575100 0.166081 1.869091
v 0.579331 0.170718 2.604516
v 0.577600 0.173992 2.538044
v 0.579322 0.171223 1.935640
v 0.577591 0.174496 1.869168
v 0.581377 0.181323 2.604738
v 0.579453 0.183596 2.538149
v 0.581368 0.181827 1.935862
v 0.579444 0.184100 1.869273
v 0.582639 0.192833 2.604994
v 0.580596 0.194021 2.538276
v 0.582630 0.193337 1.936118
v 0.580587 0.194525 1.869400
v 0.583069 0.204807 2.605274
v 0.580986 0.204865 2.538421
v 0.583060 0.205311 1.936399
v 0.580977 0.205369 1.869545
v 0.582651 0.216783 2.605569
v 0.580607 0.215712 2.538579
v 0.582642 0.217287 1.936693
v 0.580598 0.216216 1.869703
v 0.581399 0.228303 2.605866
v 0.579473 0.226145 2.538744
v 0.581391 0.228807 1.936990
v 0.579465 0.226649 1.869868
v 0.579364 0.238922 2.606154
v 0.577630 0.235763 2.538908
v 0.579355 0.239427 1.937278
v 0.577621 0.236267 1.870032
v 0.576622 0.248234 2.606422
v 0.575147 0.244196 2.539066
v 0.576613 0.248738 1.937546
v 0.575138 0.244701 1.870190
v 0.573279 0.255880 2.606659
v 0.572119 0.251121 2.539212
v 0.573271 0.256384 1.937783
v 0.572111 0.251626 1.870336
v 0.569464 0.261566 2.606858
v 0.568664 0.256271 2.539340
v 0.569456 0.262071 1.937982
v 0.568655 0.256776 1.870464
v 0.565324 0.265074 2.607009
v 0.564914 0.259449 2.539445
v 0.565315 0.265579 1.938133
v 0.564905 0.259953 1.870569
v 0.561016 0.266270 2.607108
v 0.561012 0.260532 2.539524
v 0.561007 0.266774 1.938231
v 0.561004 0.261036 1.870648
v 0.552563 0.424674 2.609799
v 0.557111 0.422473 2.609126
v 0.553357 0.419374 2.542255
v 0.556707 0.428202 2.542928
v 0.552554 0.425179 1.940923
v 0.557102 0.422977 1.940250
v 0.553348 0.419878 1.873379
v 0.556698 0.428706 1.874052
v 0.548743 0.419016 2.609725
v 0.549896 0.414249 2.542240
v 0.548734 0.419521 1.940849
v 0.549888 0.414753 1.873364
v 0.545393 0.411395 2.609597
v 0.546862 0.407347 2.542192
v 0.545384 0.411899 1.940720
v 0.546854 0.407851 1.873316
v 0.542642 0.402104 2.609418
v 0.544371 0.398932 2.542114
v 0.542633 0.402608 1.940542
v 0.544362 0.399436 1.873239
v 0.540596 0.391499 2.609196
v 0.542518 0.389327 2.542010
v 0.540587 0.392004 1.940320
v 0.542510 0.389831 1.873134
v 0.539334 0.379989 2.608940
v 0.541375 0.378902 2.541883
v 0.539325 0.380493 1.940064
v 0.541366 0.379407 1.873007
v 0.538904 0.368016 2.608659
v 0.540986 0.368058 2.541737
v 0.538895 0.368520 1.939783
v 0.540977 0.368563 1.872861
v 0.539323 0.356039 2.608365
v 0.541365 0.357211 2.541579
v 0.539314 0.356543 1.939489
v 0.541356 0.357716 1.872703
v 0.540574 0.344520 2.608068
v 0.542498 0.346778 2.541415
v 0.540565 0.345024 1.939192
v 0.542489 0.347282 1.872539
v 0.542609 0.333900 2.607780
v 0.544342 0.337160 2.541250
v 0.542601 0.334404 1.938904
v 0.544333 0.337664 1.872374
v 0.545351 0.324588 2.607512
v 0.546825 0.328727 2.541092
v 0.545342 0.325092 1.938636
v 0.546816 0.329231 1.872216
v 0.548694 0.316942 2.607274
v 0.549852 0.321802 2.540946
v 0.548685 0.317447 1.938398
v 0.549843 0.322306 1.872070
v 0.552509 0.311256 2.607076
v 0.553307 0.316652 2.540818
v 0.552500 0.311760 1.938200
v 0.553299 0.317156 1.871942
v 0.556650 0.307748 2.606925
v 0.557058 0.313474 2.540713
v 0.556641 0.308252 1.938049
v 0.557049 0.313978 1.871837
v 0.560957 0.306552 2.606826
v 0.560959 0.312392 2.540635
v 0.560948 0.307057 1.937950
v 0.560950 0.312896 1.871759
v 0.565266 0.307716 2.606785
v 0.564861 0.313445 2.540587
v 0.565257 0.308220 1.937909
v 0.564853 0.313950 1.871711
v 0.569410 0.311193 2.606801
v 0.568615 0.316595 2.540570
v 0.569401 0.311698 1.937925
v 0.568606 0.317099 1.871694
v 0.573230 0.316851 2.606875
v 0.572075 0.321719 2.540586
v 0.573222 0.317356 1.937999
v 0.572066 0.322224 1.871710
v 0.576580 0.324473 2.607004
v 0.575109 0.328622 2.540633
v 0.576572 0.324977 1.938128
v 0.575100 0.329126 1.871757
v 0.579331 0.333764 2.607183
v 0.577600 0.337037 2.540711
v 0.579322 0.334268 1.938307
v 0.577591 0.337541 1.871835
v 0.581377 0.344368 2.607404
v 0.579453 0.346641 2.540815
v 0.581368 0.344873 1.938528
v 0.579444 0.347146 1.871939
v 0.582639 0.355879 2.607660
v 0.580596 0.357066 2.540943
v 0.582630 0.356383 1.938784
v 0.580587 0.357570 1.872067
v 0.583069 0.367852 2.607941
v 0.580986 0.367910 2.541088
v 0.583060 0.368356 1.939065
v 0.580977 0.368415 1.872212
v 0.582651 0.379829 2.608236
v 0.580607 0.378757 2.541246
v 0.582642 0.380333 1.939360
v 0.580598 0.379262 1.872370
v 0.581399 0.391348 2.608532
v 0.579473 0.389190 2.541410
v 0.581391 0.391853 1.939656
v 0.579465 0.389695 1.872534
v 0.579364 0.401968 2.608821
v 0.577630 0.398808 2.541575
v 0.579355 0.402472 1.939945
v 0.577621 0.399313 1.872699
v 0.576622 0.411280 2.609089
v 0.575147 0.407242 2.541733
v 0.576613 0.411784 1.940212
v 0.575138 0.407746 1.872857
v 0.573279 0.418925 2.609327
v 0.572119 0.414167 2.541879
v 0.573271 0.419430 1.940450
v 0.572111 0.414671 1.873003
v 0.569464 0.424612 2.609524
v 0.568664 0.419317 2.542007
v 0.569456 0.425116 1.940648
v 0.568655 0.419821 1.873131
v 0.565324 0.428120 2.609676
v 0.564914 0.422494 2.542112
v 0.565315 0.428624 1.940800
v 0.564905 0.422999 1.873236
v 0.561016 0.429315 2.609774
v 0.561012 0.423577 2.542190
v 0.561007 0.429820 1.940898
v 0.561004 0.424081 1.873314
v 0.552563 0.587720 2.612466
v 0.557111 0.585518 2.611793
v 0.553357 0.582419 2.544922
v 0.556707 0.591248 2.545595
v 0.552554 0.588224 1.943590
v 0.557102 0.586023 1.942917
v 0.553348 0.582923 1.876046
v 0.556698 0.591752 1.876719
v 0.548743 0.582062 2.612392
v 0.549896 0.577295 2.544906
v 0.548734 0.582566 1.943516
v 0.549888 0.577799 1.876030
v 0.545393 0.574441 2.612263
v 0.546862 0.570392 2.544859
v 0.545384 0.574945 1.943387
v 0.546854 0.570896 1.875983
v 0.542642 0.565149 2.612085
v 0.544371 0.561977 2.544781
v 0.542633 0.565654 1.943208
v 0.544362 0.562481 1.875905
v 0.540596 0.554545 2.611863
v 0.542518 0.552373 2.544677
v 0.540587 0.555049 1.942987
v 0.542510 0.552877 1.875801
v 0.539334 0.543035 2.611607
v 0.541375 0.541948 2.544549
v 0.539325 0.543539 1.942731
v 0.541366 0.542452 1.875673
v 0.538904 0.531061 2.611326
v 0.540986 0.531104 2.544404
v 0.538895 0.531565 1.942450
v 0.540977 0.531608 1.875528
v 0.539323 0.519085 2.611032
v 0.541365 0.520257 2.544246
v 0.539314 0.519589 1.942156
v 0.541356 0.520761 1.875370
v 0.540574 0.507565 2.610735
v 0.542498 0.509824 2.544082
v 0.540565 0.508069 1.941859
v 0.542489 0.510328 1.875206
v 0.542609 0.496945 2.610447
v 0.544342 0.500206 2.543917
v 0.542601 0.497450 1.941571
v 0.544333 0.500710 1.875041
v 0.545351 0.487634 2.610179
v 0.546825 0.491772 2.543759
v 0.545342 0.488138 1.941303
v 0.546816 0.492276 1.874883
v 0.548694 0.479988 2.609941
v 0.549852 0.484847 2.543613
v 0.548685 0.480492 1.941065
v 0.549843 0.485352 1.874737
v 0.552509 0.474301 2.609742
v 0.553307 0.479697 2.543485
v 0.552500 0.474806 1.940867
v 0.553299 0.480201 1.874609
v 0.556650 0.470793 2.609591
v 0.557058 0.476520 2.543380
v 0.556641 0.471298 1.940716
v 0.557049 0.477024 1.874504
v 0.560957 0.469598 2.609493
v 0.560959 0.475437 2.543302
v 0.560948 0.470102 1.940617
v 0.560950 0.475941 1.874426
v 0.565266 0.470761 2.609451
v 0.564861 0.476491 2.543253
v 0.565257 0.471266 1.940575
v 0.564853 0.476995 1.874377
v 0.569410 0.474239 2.609468
v 0.568615 0.479641 2.543237
v 0.569401 0.474743 1.940592
v 0.568606 0.480145 1.874361
v 0.573230 0.479897 2.609542
v 0.572075 0.484765 2.543252
v 0.573222 0.480401 1.940666
v 0.572066 0.485269 1.874377
v 0.576580 0.487518 2.609671
v 0.575109 0.491668 2.543300
v 0.576572 0.488022 1.940795
v 0.575100 0.492172 1.874424
v 0.579331 0.496810 2.609849
v 0.577600 0.500083 2.543377
v 0.579322 0.497314 1.940974
v 0.577591 0.500587 1.874501
v 0.581377 0.507414 2.610071
v 0.579453 0.509687 2.543482
v 0.581368 0.507918 1.941195
v 0.579444 0.510191 1.874606
v 0.582639 0.518924 2.610327
v 0.580596 0.520112 2.543609
v 0.582630 0.519428 1.941451
v 0.580587 0.520616 1.874733
v 0.583069 0.530898 2.610608
v 0.580986 0.530956 2.543755
v 0.583060 0.531402 1.941732
v 0.580977 0.531460 1.874879
v 0.582651 0.542874 2.610902
v 0.580607 0.541803 2.543913
v 0.582642 0.543378 1.942026
v 0.580598 0.542307 1.875037
v 0.581399 0.554394 2.611199
v 0.579473 0.552236 2.544077
v 0.581391 0.554898 1.942323
v 0.579465 0.552740 1.875201
v 0.579364 0.565013 2.611487
v 0.577630 0.561854 2.544242
v 0.579355 0.565518 1.942611
v 0.577621 0.562358 1.875366
v 0.576622 0.574325 2.611755
v 0.575147 0.570288 2.544400
v 0.576613 0.574829 1.942879
v 0.575138 0.570792 1.875524
v 0.573279 0.581971 2.611993
v 0.572119 0.577212 2.544546
v 0.573271 0.582475 1.943117
v 0.572111 0.577717 1.875670
v 0.569464 0.587657 2.612191
v 0.568664 0.582363 2.544674
v 0.569456 0.588162 1.943315
v 0.568655 0.582867 1.875798
v 0.565324 0.591166 2.612343
v 0.564914 0.585540 2.544779
v 0.565315 0.591670 1.943467
v 0.564905 0.586044 1.875903
v 0.561016 0.592361 2.612441
v 0.561012 0.586623 2.544857
v 0.561007 0.592865 1.943565
v 0.561004 0.587127 1.875981
v 0.552563 0.750766 2.615133
v 0.557111 0.748564 2.614460
v 0.553357 0.745465 2.547589
v 0.556707 0.754294 2.548262
v 0.552554 0.751270 1.946257
v 0.557102 0.749068 1.945584
v 0.553348 0.745969 1.878713
v 0.556698 0.754798 1.879386
v 0.548743 0.745108 2.615059
v 0.549896 0.740340 2.547573
v 0.548734 0.745612 1.946183
v 0.549888 0.740845 1.878697
v 0.545393 0.737486 2.614930
v 0.546862 0.733438 2.547525
v 0.545384 0.737991 1.946054
v 0.546854 0.733942 1.878649
v 0.542642 0.728195 2.614751
v 0.544371 0.725023 2.547448
v 0.542633 0.728699 1.945875
v 0.544362 0.725527 1.878572
v 0.540596 0.717590 2.614529
v 0.542518 0.715418 2.547343
v 0.540587 0.718095 1.945653
v 0.542510 0.715923 1.878467
v 0.539334 0.706080 2.614273
v 0.541375 0.704994 2.547216
v 0.539325 0.706585 1.945397
v 0.541366 0.705498 1.878340
v 0.538904 0.694107 2.613993
v 0.540986 0.694149 2.547071
v 0.538895 0.694611 1.945117
v 0.540977 0.694654 1.878194
v 0.539323 0.682130 2.613698
v 0.541365 0.683302 2.546913
v 0.539314 0.682634 1.944822
v 0.541356 0.683807 1.878037
v 0.540574 0.670611 2.613401
v 0.542498 0.672869 2.546748
v 0.540565 0.671115 1.944525
v 0.542489 0.673374 1.877872
v 0.542609 0.659991 2.613113
v 0.544342 0.663251 2.546584
v 0.542601 0.660495 1.944237
v 0.544333 0.663756 1.877708
v 0.545351 0.650679 2.612845
v 0.546825 0.654818 2.546426
v 0.545342 0.651184 1.943969
v 0.546816 0.655322 1.877550
v 0.548694 0.643033 2.612607
v 0.549852 0.647893 2.546280
v 0.548685 0.643538 1.943731
v 0.549843 0.648397 1.877404
v 0.552509 0.637347 2.612409
v 0.553307 0.642743 2.546152
v 0.552500 0.637851 1.943533
v 0.553299 0.643247 1.877276
v 0.556650 0.633839 2.612258
v 0.557058 0.639565 2.546046
v 0.556641 0.634343 1.943382
v 0.557049 0.640070 1.877171
v 0.560957 0.632644 2.612160
v 0.560959 0.638483 2.545968
v 0.560948 0.633148 1.943283
v 0.560950 0.638987 1.877092
v 0.565266 0.633807 2.612118
v 0.564861 0.639536 2.545920
v 0.565257 0.634311 1.943242
v 0.564853 0.640041 1.877044
v 0.569410 0.637285 2.612134
v 0.568615 0.642686 2.545903
v 0.569401 0.637789 1.943258
v 0.568606 0.643190 1.877027
v 0.573230 0.642943 2.612209
v 0.572075 0.647811 2.545919
v 0.573222 0.643447 1.943332
v 0.572066 0.648315 1.877043
v 0.576580 0.650564 2.612337
v 0.575109 0.654713 2.545967
v 0.576572 0.651068 1.943461
v 0.575100 0.655217 1.877091
v 0.579331 0.659855 2.612516
v 0.577600 0.663128 2.546044
v 0.579322 0.660359 1.943640
v 0.577591 0.663633 1.877168
v 0.581377 0.670460 2.612738
v 0.579453 0.672733 2.546149
v 0.581368 0.670964 1.943862
v 0.579444 0.673237 1.877272
v 0.582639 0.681970 2.612994
v 0.580596 0.683157 2.546276
v 0.582630 0.682474 1.944118
v 0.580587 0.683662 1.877400
v 0.583069 0.693943 2.613275
v 0.580986 0.694002 2.546422
v 0.583060 0.694448 1.944399
v 0.580977 0.694506 1.877545
v 0.582651 0.705920 2.613569
v 0.580607 0.704849 2.546579
v 0.582642 0.706424 1.944693
v 0.580598 0.705353 1.877703
v 0.581399 0.717439 2.613866
v 0.579473 0.715282 2.546744
v 0.581391 0.717944 1.944990
v 0.579465 0.715786 1.877868
v 0.579364 0.728059 2.614154
v 0.577630 0.724900 2.546908
v 0.579355 0.728563 1.945278
v 0.577621 0.725404 1.878032
v 0.576622 0.737371 2.614422
v 0.575147 0.733333 2.547066
v 0.576613 0.737875 1.945546
v 0.575138 0.733837 1.878190
v 0.573279 0.745017 2.614660
v 0.572119 0.740258 2.547212
v 0.573271 0.745521 1.945784
v 0.572111 0.740762 1.878336
v 0.569464 0.750703 2.614858
v 0.568664 0.745408 2.547340
v 0.569456 0.751207 1.945982
v 0.568655 0.745912 1.878464
v 0.565324 0.754211 2.615009
v 0.564914 0.748586 2.547445
v 0.565315 0.754716 1.946133
v 0.564905 0.749090 1.878569
v 0.561016 0.755407 2.615108
v 0.561012 0.749668 2.547523
v 0.561007 0.755911 1.946231
v 0.561004 0.750173 1.878648
v 0.552563 0.913811 2.617800
v 0.557111 0.911610 2.617126
v 0.553357 0.908511 2.550255
v 0.556707 0.917339 2.550928
v 0.552554 0.914315 1.948923
v 0.557102 0.912114 1.948250
v 0.553348 0.909015 1.881379
v 0.556698 0.917843 1.882052
v 0.548743 0.908153 2.617725
v 0.549896 0.903386 2.550240
v 0.548734 0.908657 1.948849
v 0.549888 0.903890 1.881364
v 0.545393 0.900532 2.617597
v 0.546862 0.896483 2.550192
v 0.545384 0.901036 1.948720
v 0.546854 0.896988 1.881316
v 0.542642 0.891241 2.617418
v 0.544371 0.888068 2.550115
v 0.542633 0.891745 1.948542
v 0.544362 0.888573 1.881239
v 0.540596 0.880636 2.617196
v 0.542518 0.878464 2.550010
v 0.540587 0.881140 1.948320
v 0.542510 0.878968 1.881134
v 0.539334 0.869126 2.616940
v 0.541375 0.868039 2.549883
v 0.539325 0.869630 1.948064
v 0.541366 0.868544 1.881007
v 0.538904 0.857152 2.616659
v 0.540986 0.857195 2.549737
v 0.538895 0.857657 1.947783
v 0.540977 0.857699 1.880861
v 0.539323 0.845176 2.616365
v 0.541365 0.846348 2.549579
v 0.539314 0.845680 1.947489
v 0.541356 0.846852 1.880703
v 0.540574 0.833656 2.616068
v 0.542498 0.835915 2.549415
v 0.540565 0.834161 1.947192
v 0.542489 0.836419 1.880539
v 0.542609 0.823037 2.615780
v 0.544342 0.826297 2.549250
v 0.542601 0.823541 1.946904
v 0.544333 0.826801 1.880374
v 0.545351 0.813725 2.615512
v 0.546825 0.817863 2.549092
v 0.545342 0.814229 1.946636
v 0.546816 0.818368 1.880216
v 0.548694 0.806079 2.615274
v 0.549852 0.810938 2.548946
v 0.548685 0.806583 1.946398
v 0.549843 0.811443 1.880070
v 0.552509 0.800393 2.615076
v 0.553307 0.805788 2.548818
v 0.552500 0.800897 1.946200
v 0.553299 0.806293 1.879942
v 0.556650 0.796884 2.614925
v 0.557058 0.802611 2.548713
v 0.556641 0.797389 1.946049
v 0.557049 0.803115 1.879837
v 0.560957 0.795689 2.614826
v 0.560959 0.801528 2.548635
v 0.560948 0.796193 1.945950
v 0.560950 0.802033 1.879759
v 0.565266 0.796853 2.614784
v 0.564861 0.802582 2.548587
v 0.565257 0.797357 1.945909
v 0.564853 0.803086 1.879711
v 0.569410 0.800330 2.614801
v 0.568615 0.805732 2.548570
v 0.569401 0.800834 1.945925
v 0.568606 0.806236 1.879694
v 0.573230 0.805988 2.614875
v 0.572075 0.810856 2.548586
v 0.573222 0.806493 1.945999
v 0.572066 0.811361 1.879710
v 0.576580 0.813609 2.615004
v 0.575109 0.817759 2.548633
v 0.576572 0.814114 1.946128
v 0.575100 0.818263 1.879757
v 0.579331 0.822901 2.615183
v 0.577600 0.826174 2.548711
v 0.579322 0.823405 1.946307
v 0.577591 0.826678 1.879835
v 0.581377 0.833505 2.615404
v 0.579453 0.835778 2.548815
v 0.581368 0.834010 1.946528
v 0.579444 0.836283 1.879939
v 0.582639 0.845016 2.615660
v 0.580596 0.846203 2.548943
v 0.582630 0.845520 1.946784
v 0.580587 0.846707 1.880067
v 0.583069 0.856989 2.615941
v 0.580986 0.857047 2.549088
v 0.583060 0.857493 1.947065
v 0.580977 0.857551 1.880212
v 0.582651 0.868966 2.616235
v 0.580607 0.867894 2.549246
v 0.582642 0.869470 1.947360
v 0.580598 0.868398 1.880370
v 0.581399 0.880485 2.616533
v 0.579473 0.878327 2.549410
v 0.581391 0.880989 1.947657
v 0.579465 0.878831 1.880534
v 0.579364 0.891105 2.616821
v 0.577630 0.887945 2.549575
v 0.579355 0.891609 1.947945
v 0.577621 0.888450 1.880699
v 0.576622 0.900416 2.617089
v 0.575147 0.896379 2.549733
v 0.576613 0.900921 1.948213
v 0.575138 0.896883 1.880857
v 0.573279 0.908062 2.617326
v 0.572119 0.903304 2.549879
v 0.573271 0.908567 1.948450
v 0.572111 0.903808 1.881003
v 0.569464 0.913749 2.617525
v 0.568664 0.908454 2.550007
v 0.569456 0.914253 1.948649
v 0.568655 0.908958 1.881131
v 0.565324 0.917257 2.617676
v 0.564914 0.911631 2.550112
v 0.565315 0.917761 1.948800
v 0.564905 0.912135 1.881236
v 0.561016 0.918452 2.617774
v 0.561012 0.912714 2.550190
v 0.561007 0.918957 1.948898
v 0.561004 0.913218 1.881314
vn -0.3398 0.6606 0.6694
vn -0.3539 0.6688 -0.6538
vn 0.0112 0.7531 0.6578
vn -0.0058 0.7629 -0.6465
vn 0.3602 0.6554 0.6638
vn 0.3412 0.6696 -0.6597
vn 0.5577 0.4811 0.6764
vn 0.5392 0.4995 -0.6780
vn 0.6451 0.3389 0.6848
vn 0.6283 0.3594 -0.6900
vn 0.6847 0.2362 0.6894
vn 0.6696 0.2572 -0.6968
vn 0.7044 0.1588 0.6919
vn 0.6905 0.1796 -0.7006
vn 0.7145 0.0960 0.6930
vn 0.7017 0.1164 -0.7029
vn 0.7193 0.0413 0.6935
vn 0.7073 0.0611 -0.7043
vn 0.7205 -0.0098 0.6933
vn 0.7092 0.0093 -0.7049
vn 0.7186 -0.0609 0.6927
vn 0.7079 -0.0426 -0.7050
vn 0.7131 -0.1155 0.6915
vn 0.7029 -0.0982 -0.7045
vn 0.7022 -0.1780 0.6894
vn 0.6923 -0.1620 -0.7032
vn 0.6817 -0.2549 0.6858
vn 0.6719 -0.2406 -0.7004
vn 0.6409 -0.3568 0.6797
vn 0.6309 -0.3446 -0.6952
vn 0.5524 -0.4973 0.6690
vn 0.5410 -0.4877 -0.6852
vn 0.3539 -0.6688 0.6538
vn 0.3398 -0.6607 -0.6694
vn 0.0058 -0.7629 0.6465
vn -0.0112 -0.7531 -0.6578
vn -0.3412 -0.6696 0.6597
vn -0.3602 -0.6554 -0.6638
vn -0.5392 -0.4995 0.6780
vn -0.5577 -0.4811 -0.6764
vn -0.6283 -0.3594 0.6900
vn -0.6451 -0.3389 -0.6848
vn -0.6696 -0.2572 0.6968
vn -0.6847 -0.2362 -0.6894
vn -0.6905 -0.1796 0.7006
vn -0.7044 -0.1588 -0.6918
vn -0.7017 -0.1164 0.7029
vn -0.7145 -0.0960 -0.6930
vn -0.7073 -0.0611 0.7043
vn -0.7193 -0.0413 -0.6935
vn -0.7092 -0.0093 0.7049
vn -0.7205 0.0098 -0.6933
vn -0.7079 0.0426 0.7050
vn -0.7186 0.0609 -0.6927
vn -0.7029 0.0982 0.7045
vn -0.7131 0.1155 -0.6915
vn -0.6923 0.1620 0.7032
vn -0.7022 0.1780 -0.6894
vn -0.6719 0.2406 0.7004
vn -0.6817 0.2549 -0.6858
vn -0.6309 0.3446 0.6952
vn -0.6409 0.3568 -0.6797
vn -0.5410 0.4877 0.6852
vn -0.5524 0.4973 -0.6690
vn 0.7044 0.1588 0.6918
vn 0.3398 -0.6606 -0.6694
vn 0.5578 0.4811 0.6764
vn -0.4626 0.8866 0.0007
vn 0.0604 -0.1157 0.9914
vn -0.3359 0.6228 -0.7066
vn -0.3359 0.6227 -0.7067
vn 0.0035 1.0000 0.0008
vn -0.0158 0.1184 -0.9928
vn 0.0170 0.5806 0.8140
vn -0.0158 0.1185 -0.9928
vn 0.4678 0.8838 0.0007
vn 0.0289 0.1158 -0.9929
vn 0.2924 0.5210 0.8019
vn 0.0289 0.1158 -0.9928
vn 0.7456 0.6664 0.0005
vn 0.0715 0.1072 -0.9917
vn 0.4696 0.4006 0.7868
vn 0.8768 0.4808 0.0004
vn 0.1043 0.0928 -0.9902
vn 0.5587 0.2897 0.7771
vn 0.9396 0.3422 0.0002
vn 0.1203 0.0746 -0.9899
vn 0.6062 0.2047 0.7685
vn 0.9718 0.2356 0.0002
vn 0.1157 0.0552 -0.9917
vn 0.6380 0.1388 0.7574
vn 0.9890 0.1482 0.0001
vn 0.0894 0.0377 -0.9953
vn 0.6640 0.0838 0.7430
vn 0.0895 0.0377 -0.9953
vn 0.9974 0.0715 -0.0000
vn 0.0432 0.0250 -0.9988
vn 0.6866 0.0338 0.7263
vn 1.0000 -0.0005 -0.0000
vn -0.0166 0.0202 -0.9997
vn 0.7050 -0.0149 0.7091
vn 0.9974 -0.0725 -0.0001
vn -0.0761 0.0250 -0.9968
vn 0.7188 -0.0652 0.6922
vn 0.9888 -0.1493 -0.0001
vn -0.1217 0.0377 -0.9919
vn 0.7266 -0.1206 0.6764
vn -0.1217 0.0377 -0.9918
vn 0.9715 -0.2369 -0.0002
vn -0.1474 0.0552 -0.9875
vn 0.7239 -0.1851 0.6646
vn 0.9390 -0.3438 -0.0003
vn -0.1516 0.0745 -0.9856
vn 0.7040 -0.2634 0.6596
vn 0.8756 -0.4829 -0.0004
vn 0.8757 -0.4829 -0.0004
vn -0.1356 0.0927 -0.9864
vn 0.6541 -0.3625 0.6639
vn -0.1354 0.0926 -0.9865
vn 0.7430 -0.6693 -0.0005
vn -0.1029 0.1071 -0.9889
vn 0.5473 -0.4883 0.6797
vn -0.1027 0.1069 -0.9889
vn 0.5473 -0.4882 0.6798
vn 0.4626 -0.8866 -0.0007
vn -0.0604 0.1158 -0.9914
vn 0.3359 -0.6228 0.7066
vn -0.0603 0.1156 -0.9915
vn 0.3359 -0.6227 0.7067
vn -0.0035 -1.0000 -0.0008
vn 0.0109 -0.6885 0.7252
vn -0.0157 0.1184 -0.9928
vn 0.0109 -0.6884 0.7252
vn -0.4678 -0.8838 -0.0007
vn 0.0289 0.1159 -0.9928
vn -0.3172 -0.6270 0.7115
vn 0.0290 0.1158 -0.9928
vn -0.7456 -0.6664 -0.0005
vn 0.0716 0.1073 -0.9917
vn -0.5327 -0.4929 0.6880
vn -0.5326 -0.4929 0.6880
vn -0.8768 -0.4808 -0.0004
vn -0.8769 -0.4808 -0.0004
vn 0.1044 0.0928 -0.9902
vn -0.6416 -0.3662 0.6739
vn -0.6416 -0.3662 0.6740
vn -0.9396 -0.3422 -0.0002
vn 0.1204 0.0746 -0.9899
vn -0.6924 -0.2662 0.6706
vn -0.6924 -0.2661 0.6706
vn -0.9718 -0.2356 -0.0002
vn -0.7127 -0.1869 0.6761
vn -0.9890 -0.1482 -0.0001
vn -0.7153 -0.1218 0.6882
vn -0.9974 -0.0715 -0.0000
vn -0.7073 -0.0656 0.7039
vn 0.0433 0.0250 -0.9988
vn -1.0000 0.0005 -0.0000
vn -0.6932 -0.0144 0.7206
vn -0.9974 0.0725 0.0001
vn -0.6744 0.0352 0.7375
vn -0.9888 0.1493 0.0001
vn -0.6514 0.0862 0.7538
vn -0.9715 0.2369 0.0002
vn -0.6248 0.1425 0.7677
vn -0.9390 0.3438 0.0003
vn -0.5919 0.2100 0.7782
vn -0.1517 0.0745 -0.9856
vn -0.5918 0.2100 0.7782
vn -0.8756 0.4829 0.0004
vn -0.1355 0.0926 -0.9864
vn -0.5422 0.2969 0.7860
vn -0.5422 0.2969 0.7861
vn -0.7430 0.6693 0.0005
vn -0.1028 0.1070 -0.9889
vn -0.4486 0.4097 0.7943
vn 0.2923 0.5210 0.8019
vn 0.5586 0.2897 0.7772
vn 0.6062 0.2047 0.7686
vn 0.1158 0.0552 -0.9917
vn 0.6866 0.0339 0.7263
vn -0.0761 0.0251 -0.9968
vn 0.7039 -0.2634 0.6596
vn -0.0604 0.1157 -0.9914
vn 0.0110 -0.6884 0.7252
vn -0.3171 -0.6270 0.7115
vn 0.0716 0.1072 -0.9917
vn -0.7127 -0.1870 0.6761
vn -0.7153 -0.1218 0.6881
vn -0.6247 0.1425 0.7677
vn -0.3359 0.6227 -0.7066
vn 0.5587 0.2897 0.7772
vn 0.3359 -0.6228 0.7067
vn -0.1355 0.0927 -0.9864
vn -0.1029 0.1070 -0.9889
vn 0.3359 -0.6227 0.7066
vn 0.1029 -0.1071 0.9889
vn -0.2635 0.5290 0.8067
vn -0.5473 0.4882 -0.6798
vn 0.1028 -0.1070 0.9889
vn -0.2636 0.5290 0.8066
vn 0.1356 -0.0927 0.9864
vn -0.6541 0.3625 -0.6639
vn 0.1355 -0.0926 0.9864
vn 0.1517 -0.0745 0.9856
vn -0.7040 0.2634 -0.6596
vn 0.1516 -0.0745 0.9856
vn -0.7039 0.2634 -0.6596
vn 0.1474 -0.0552 0.9875
vn -0.7239 0.1851 -0.6646
vn 0.1217 -0.0377 0.9918
vn -0.7266 0.1206 -0.6764
vn 0.1217 -0.0377 0.9919
vn 0.0761 -0.0250 0.9968
vn -0.7188 0.0652 -0.6922
vn 0.0166 -0.0202 0.9997
vn -0.7050 0.0149 -0.7091
vn -0.0433 -0.0250 0.9988
vn -0.6866 -0.0338 -0.7263
vn -0.0432 -0.0250 0.9988
vn -0.0895 -0.0377 0.9953
vn -0.6640 -0.0838 -0.7430
vn -0.0894 -0.0377 0.9953
vn -0.1157 -0.0552 0.9917
vn -0.6380 -0.1388 -0.7574
vn -0.1203 -0.0746 0.9899
vn -0.6062 -0.2047 -0.7685
vn -0.1204 -0.0746 0.9899
vn -0.1043 -0.0928 0.9902
vn -0.5587 -0.2897 -0.7771
vn -0.1044 -0.0928 0.9902
vn -0.5587 -0.2896 -0.7772
vn -0.0715 -0.1072 0.9917
vn -0.4696 -0.4006 -0.7868
vn -0.0716 -0.1072 0.9917
vn -0.0290 -0.1158 0.9928
vn -0.2923 -0.5210 -0.8019
vn -0.0289 -0.1159 0.9928
vn 0.0157 -0.1184 0.9928
vn -0.0169 -0.5806 -0.8140
vn 0.0158 -0.1185 0.9928
vn -0.0170 -0.5806 -0.8140
vn 0.0603 -0.1156 0.9915
vn 0.2636 -0.5290 -0.8066
vn 0.0604 -0.1158 0.9914
vn 0.2635 -0.5290 -0.8067
vn 0.1027 -0.1069 0.9889
vn 0.4487 -0.4097 -0.7943
vn 0.4486 -0.4097 -0.7943
vn 0.1354 -0.0926 0.9865
vn 0.5422 -0.2970 -0.7860
vn 0.5422 -0.2969 -0.7861
vn 0.5919 -0.2100 -0.7782
vn 0.6247 -0.1425 -0.7677
vn 0.6248 -0.1425 -0.7677
vn 0.6514 -0.0862 -0.7538
vn 0.6744 -0.0352 -0.7375
vn 0.6932 0.0144 -0.7206
vn 0.7073 0.0656 -0.7039
vn 0.7153 0.1218 -0.6882
vn 0.7127 0.1869 -0.6761
vn 0.6924 0.2662 -0.6706
vn 0.6924 0.2661 -0.6706
vn 0.6416 0.3662 -0.6740
vn 0.5326 0.4929 -0.6880
vn -0.0289 -0.1158 0.9928
vn 0.3172 0.6270 -0.7115
vn -0.0289 -0.1158 0.9929
vn 0.3171 0.6270 -0.7115
vn -0.0109 0.6884 -0.7252
vn 0.0158 -0.1184 0.9928
vn 0.0762 -0.0250 0.9968
vn -0.1158 -0.0552 0.9917
vn -0.6062 -0.2047 -0.7686
vn -0.5586 -0.2897 -0.7772
vn -0.2924 -0.5210 -0.8019
vn 0.5422 -0.2969 -0.7860
vn 0.5918 -0.2100 -0.7782
vn 0.7127 0.1870 -0.6761
vn 0.6416 0.3662 -0.6739
vn 0.5327 0.4929 -0.6880
vn -0.0110 0.6884 -0.7252
vn 0.1029 -0.1070 0.9889
vn 0.1355 -0.0927 0.9864
vn -0.2636 0.5290 0.8067
vn -0.5587 -0.2897 -0.7772
vn 0.2636 -0.5290 -0.8067
vt 1.000000 0.976190
vt 0.968750 0.976191
vt 0.968750 1.000000
vt 1.000000 1.000000
vt 0.937500 0.976190
vt 0.937500 1.000000
vt 0.906250 0.976191
vt 0.906250 1.000000
vt 0.875000 0.976191
vt 0.875000 1.000000
vt 0.843750 0.976191
vt 0.843750 1.000000
vt 0.812500 0.976191
vt 0.812500 1.000000
vt 0.781250 0.976190
vt 0.781250 1.000000
vt 0.750000 0.976191
vt 0.750000 1.000000
vt 0.718750 0.976191
vt 0.718750 1.000000
vt 0.687500 0.976191
vt 0.687500 1.000000
vt 0.656250 0.976191
vt 0.656250 1.000000
vt 0.625000 0.976190
vt 0.625000 1.000000
vt 0.593750 0.976190
vt 0.593750 1.000000
vt 0.562500 0.976190
vt 0.562500 1.000000
vt 0.531250 0.976190
vt 0.531250 1.000000
vt 0.500000 0.976190
vt 0.500000 1.000000
vt 0.468750 0.976191
vt 0.468750 1.000000
vt 0.437500 0.976191
vt 0.437500 1.000000
vt 0.406250 0.976191
vt 0.406250 1.000000
vt 0.375000 0.976191
vt 0.375000 1.000000
vt 0.343750 0.976191
vt 0.343750 1.000000
vt 0.312500 0.976190
vt 0.312500 1.000000
vt 0.281250 0.976191
vt 0.281250 1.000000
vt 0.250000 0.976191
vt 0.250000 1.000000
vt 0.218750 0.976191
vt 0.218750 1.000000
vt 0.187500 0.976191
vt 0.187500 1.000000
vt 0.156250 0.976190
vt 0.156250 1.000000
vt 0.125000 0.976191
vt 0.125000 1.000000
vt 0.093750 0.976191
vt 0.093750 1.000000
vt 0.062500 0.976190
vt 0.062500 1.000000
vt 0.296822 0.485388
vt 0.341844 0.471731
vt 0.383337 0.449553
vt 0.419706 0.419706
vt 0.449553 0.383337
vt 0.471731 0.341844
vt 0.485388 0.296822
vt 0.490000 0.250000
vt 0.485388 0.203178
vt 0.471731 0.158156
vt 0.449553 0.116663
vt 0.419706 0.080294
vt 0.383337 0.050447
vt 0.341844 0.028269
vt 0.296822 0.014612
vt 0.250000 0.010000
vt 0.203178 0.014612
vt 0.158156 0.028269
vt 0.116663 0.050447
vt 0.080294 0.080294
vt 0.050447 0.116663
vt 0.028269 0.158156
vt 0.014612 0.203178
vt 0.010000 0.250000
vt 0.014612 0.296822
vt 0.028269 0.341844
vt 0.050447 0.383337
vt 0.080294 0.419706
vt 0.116663 0.449553
vt 0.158156 0.471731
vt 0.203178 0.485388
vt 0.250000 0.490000
vt 0.031250 0.976190
vt 0.031250 1.000000
vt 0.000000 0.976190
vt 0.000000 1.000000
vt 0.750000 0.490000
vt 0.703178 0.485388
vt 0.658156 0.471731
vt 0.616663 0.449553
vt 0.580294 0.419706
vt 0.550447 0.383337
vt 0.528269 0.341844
vt 0.514612 0.296822
vt 0.510000 0.250000
vt 0.514612 0.203178
vt 0.528269 0.158156
vt 0.550447 0.116663
vt 0.580294 0.080294
vt 0.616663 0.050447
vt 0.658156 0.028269
vt 0.703178 0.014612
vt 0.750000 0.010000
vt 0.796822 0.014612
vt 0.841844 0.028269
vt 0.883337 0.050447
vt 0.919706 0.080294
vt 0.949553 0.116663
vt 0.971731 0.158156
vt 0.985388 0.203178
vt 0.990000 0.250000
vt 0.985388 0.296822
vt 0.971731 0.341844
vt 0.949553 0.383337
vt 0.919706 0.419706
vt 0.883337 0.449553
vt 0.841844 0.471731
vt 0.796822 0.485388
vt 0.968750 0.976190
vt 0.937500 0.976191
vt 0.906250 0.976191
vt 0.875000 0.976190
vt 0.843750 0.976191
vt 0.781250 0.976191
vt 0.750000 0.976190
vt 0.718750 0.976191
vt 0.687500 0.976190
vt 0.656250 0.976191
vt 0.625000 0.976191
vt 0.593750 0.976191
vt 0.562500 0.976191
vt 0.531250 0.976190
vt 0.500000 0.976191
vt 0.468750 0.976190
vt 0.437500 0.976190
vt 0.406250 0.976190
vt 0.343750 0.976190
vt 0.312500 0.976191
vt 0.281250 0.976190
vt 0.250000 0.976191
vt 0.218750 0.976191
vt 0.187500 0.976190
vt 0.156250 0.976191
vt 0.125000 0.976190
vt 0.093750 0.976191
vt 0.062500 0.976191
vt 0.031250 0.976191
vt 0.968750 0.976191
vt 0.937500 0.976191
vt 0.875000 0.976191
vt 0.812500 0.976191
vt 0.718750 0.976190
vt 0.687500 0.976191
vt 0.625000 0.976191
vt 0.593750 0.976191
vt 0.437500 0.976190
vt 0.406250 0.976190
vt 0.375000 0.976191
vt 0.343750 0.976191
vt 0.312500 0.976190
vt 0.250000 0.976190
vt 0.218750 0.976190
vt 0.187500 0.976190
vt 0.093750 0.976190
vt 0.062500 0.976190
vt 0.000000 0.976190
vt 0.968750 0.976190
vt 0.906250 0.976191
vt 0.875000 0.976191
vt 0.843750 0.976190
vt 0.812500 0.976191
vt 0.750000 0.976190
vt 0.531250 0.976191
vt 0.437500 0.976190
vt 0.375000 0.976190
vt 0.281250 0.976191
vt 0.250000 0.976190
vt 0.187500 0.976191
vt 0.156250 0.976190
vt 1.000000 0.976191
vt 0.968750 0.976190
vt 0.625000 0.976190
vt 0.593750 0.976191
vt 0.500000 0.976191
vt 0.375000 0.976190
vt 0.343750 0.976190
vt 0.031250 0.976191
vt 0.031250 0.500000
vt 0.000000 0.500000
vt 0.000000 0.523810
vt 0.031250 0.523810
vt 0.000000 0.547619
vt 0.031250 0.547619
vt 0.000000 0.571429
vt 0.031250 0.571429
vt 0.000000 0.595238
vt 0.031250 0.595238
vt 0.000000 0.619048
vt 0.031250 0.619048
vt 0.031250 0.642857
vt 0.000000 0.642857
vt 0.000000 0.666667
vt 0.031250 0.666667
vt 0.000000 0.690476
vt 0.031250 0.690476
vt 0.000000 0.714286
vt 0.031250 0.714286
vt 0.000000 0.738095
vt 0.031250 0.738095
vt 0.000000 0.761905
vt 0.031250 0.761905
vt 0.000000 0.785714
vt 0.031250 0.785714
vt 0.000000 0.809524
vt 0.031250 0.809524
vt 0.000000 0.833333
vt 0.031250 0.833333
vt 0.000000 0.857143
vt 0.031250 0.857143
vt 0.031250 0.880952
vt 0.000000 0.880952
vt 0.000000 0.904762
vt 0.031250 0.904762
vt 0.000000 0.928571
vt 0.031250 0.928571
vt 0.000000 0.952381
vt 0.031250 0.952381
vt 0.062500 0.500000
vt 0.062500 0.523810
vt 0.062500 0.547619
vt 0.062500 0.571429
vt 0.062500 0.595238
vt 0.062500 0.619048
vt 0.062500 0.642857
vt 0.062500 0.666667
vt 0.062500 0.690476
vt 0.062500 0.714286
vt 0.062500 0.738095
vt 0.062500 0.761905
vt 0.062500 0.785714
vt 0.062500 0.809524
vt 0.062500 0.833333
vt 0.062500 0.857143
vt 0.062500 0.880952
vt 0.062500 0.904762
vt 0.062500 0.928571
vt 0.062500 0.952381
vt 0.093750 0.500000
vt 0.093750 0.523810
vt 0.093750 0.547619
vt 0.093750 0.571429
vt 0.093750 0.595238
vt 0.093750 0.619048
vt 0.093750 0.642857
vt 0.093750 0.666667
vt 0.093750 0.690476
vt 0.093750 0.714286
vt 0.093750 0.738095
vt 0.093750 0.761905
vt 0.093750 0.785714
vt 0.093750 0.809524
vt 0.093750 0.833333
vt 0.093750 0.857143
vt 0.093750 0.880952
vt 0.093750 0.904762
vt 0.093750 0.928571
vt 0.093750 0.952381
vt 0.125000 0.500000
vt 0.125000 0.523810
vt 0.125000 0.547619
vt 0.125000 0.571429
vt 0.125000 0.595238
vt 0.125000 0.619048
vt 0.125000 0.642857
vt 0.125000 0.666667
vt 0.125000 0.690476
vt 0.125000 0.714286
vt 0.125000 0.738095
vt 0.125000 0.761905
vt 0.125000 0.785714
vt 0.125000 0.809524
vt 0.125000 0.833333
vt 0.125000 0.857143
vt 0.125000 0.880952
vt 0.125000 0.904762
vt 0.125000 0.928571
vt 0.125000 0.952381
vt 0.156250 0.500000
vt 0.156250 0.523809
vt 0.156250 0.547619
vt 0.156250 0.571429
vt 0.156250 0.595238
vt 0.156250 0.619048
vt 0.156250 0.642857
vt 0.156250 0.666667
vt 0.156250 0.690476
vt 0.156250 0.714286
vt 0.156250 0.738095
vt 0.156250 0.761905
vt 0.156250 0.785714
vt 0.156250 0.809524
vt 0.156250 0.833333
vt 0.156250 0.857143
vt 0.156250 0.880952
vt 0.156250 0.904762
vt 0.156250 0.928572
vt 0.156250 0.952381
vt 0.187500 0.500000
vt 0.187500 0.523810
vt 0.187500 0.547619
vt 0.187500 0.571429
vt 0.187500 0.595238
vt 0.187500 0.619048
vt 0.187500 0.642857
vt 0.187500 0.666667
vt 0.187500 0.690476
vt 0.187500 0.714286
vt 0.187500 0.738095
vt 0.187500 0.761905
vt 0.187500 0.785714
vt 0.187500 0.809524
vt 0.187500 0.833333
vt 0.187500 0.857143
vt 0.187500 0.880952
vt 0.187500 0.904762
vt 0.187500 0.928571
vt 0.187500 0.952381
vt 0.218750 0.500000
vt 0.218750 0.523810
vt 0.218750 0.547619
vt 0.218750 0.571429
vt 0.218750 0.595238
vt 0.218750 0.619048
vt 0.218750 0.642857
vt 0.218750 0.666667
vt 0.218750 0.690476
vt 0.218750 0.714286
vt 0.218750 0.738095
vt 0.218750 0.761905
vt 0.218750 0.785714
vt 0.218750 0.809524
vt 0.218750 0.833333
vt 0.218750 0.857143
vt 0.218750 0.880952
vt 0.218750 0.904762
vt 0.218750 0.928571
vt 0.218750 0.952381
vt 0.250000 0.500000
vt 0.250000 0.523809
vt 0.250000 0.547619
vt 0.250000 0.571429
vt 0.250000 0.595238
vt 0.250000 0.619048
vt 0.250000 0.642857
vt 0.250000 0.666667
vt 0.250000 0.690476
vt 0.250000 0.714286
vt 0.250000 0.738095
vt 0.250000 0.761905
vt 0.250000 0.785714
vt 0.250000 0.809524
vt 0.250000 0.833333
vt 0.250000 0.857143
vt 0.250000 0.880952
vt 0.250000 0.904762
vt 0.250000 0.928571
vt 0.250000 0.952381
vt 0.281250 0.500000
vt 0.281250 0.523810
vt 0.281250 0.547619
vt 0.281250 0.571429
vt 0.281250 0.595238
vt 0.281250 0.619048
vt 0.281250 0.642857
vt 0.281250 0.666667
vt 0.281250 0.690476
vt 0.281250 0.714286
vt 0.281250 0.738095
vt 0.281250 0.761905
vt 0.281250 0.785714
vt 0.281250 0.809524
vt 0.281250 0.833333
vt 0.281250 0.857143
vt 0.281250 0.880952
vt 0.281250 0.904762
vt 0.281250 0.928571
vt 0.281250 0.952381
vt 0.312500 0.500000
vt 0.312500 0.523810
vt 0.312500 0.547619
vt 0.312500 0.571429
vt 0.312500 0.595238
vt 0.312500 0.619048
vt 0.312500 0.642857
vt 0.312500 0.666667
vt 0.312500 0.690476
vt 0.312500 0.714286
vt 0.312500 0.738095
vt 0.312500 0.761905
vt 0.312500 0.785714
vt 0.312500 0.809524
vt 0.312500 0.833333
vt 0.312500 0.857143
vt 0.312500 0.880952
vt 0.312500 0.904762
vt 0.312500 0.928571
vt 0.312500 0.952381
vt 0.343750 0.500000
vt 0.343750 0.523810
vt 0.343750 0.547619
vt 0.343750 0.571429
vt 0.343750 0.595238
vt 0.343750 0.619048
vt 0.343750 0.642857
vt 0.343750 0.666667
vt 0.343750 0.690476
vt 0.343750 0.714286
vt 0.343750 0.738095
vt 0.343750 0.761905
vt 0.343750 0.785714
vt 0.343750 0.809524
vt 0.343750 0.833333
vt 0.343750 0.857143
vt 0.343750 0.880952
vt 0.343750 0.904762
vt 0.343750 0.928572
vt 0.343750 0.952381
vt 0.375000 0.500000
vt 0.375000 0.523810
vt 0.375000 0.547619
vt 0.375000 0.571429
vt 0.375000 0.595238
vt 0.375000 0.619048
vt 0.375000 0.642857
vt 0.375000 0.666667
vt 0.375000 0.690476
vt 0.375000 0.714286
vt 0.375000 0.738095
vt 0.375000 0.761905
vt 0.375000 0.785714
vt 0.375000 0.809524
vt 0.375000 0.833333
vt 0.375000 0.857143
vt 0.375000 0.880952
vt 0.375000 0.904762
vt 0.375000 0.928571
vt 0.375000 0.952381
vt 0.406250 0.500000
vt 0.406250 0.523810
vt 0.406250 0.547619
vt 0.406250 0.571429
vt 0.406250 0.595238
vt 0.406250 0.619048
vt 0.406250 0.642857
vt 0.406250 0.666667
vt 0.406250 0.690476
vt 0.406250 0.714286
vt 0.406250 0.738095
vt 0.406250 0.761905
vt 0.406250 0.785714
vt 0.406250 0.809524
vt 0.406250 0.833333
vt 0.406250 0.857143
vt 0.406250 0.880952
vt 0.406250 0.904762
vt 0.406250 0.928571
vt 0.406250 0.952381
vt 0.437500 0.500000
vt 0.437500 0.523809
vt 0.437500 0.547619
vt 0.437500 0.571429
vt 0.437500 0.595238
vt 0.437500 0.619048
vt 0.437500 0.642857
vt 0.437500 0.666667
vt 0.437500 0.690476
vt 0.437500 0.714286
vt 0.437500 0.738095
vt 0.437500 0.761905
vt 0.437500 0.785714
vt 0.437500 0.809524
vt 0.437500 0.833333
vt 0.437500 0.857143
vt 0.437500 0.880952
vt 0.437500 0.904762
vt 0.437500 0.928571
vt 0.437500 0.952381
vt 0.468750 0.500000
vt 0.468750 0.523810
vt 0.468750 0.547619
vt 0.468750 0.571429
vt 0.468750 0.595238
vt 0.468750 0.619048
vt 0.468750 0.642857
vt 0.468750 0.666667
vt 0.468750 0.690476
vt 0.468750 0.714286
vt 0.468750 0.738095
vt 0.468750 0.761905
vt 0.468750 0.785714
vt 0.468750 0.809524
vt 0.468750 0.833333
vt 0.468750 0.857143
vt 0.468750 0.880952
vt 0.468750 0.904762
vt 0.468750 0.928571
vt 0.468750 0.952381
vt 0.500000 0.500000
vt 0.500000 0.523810
vt 0.500000 0.547619
vt 0.500000 0.571429
vt 0.500000 0.595238
vt 0.500000 0.619048
vt 0.500000 0.642857
vt 0.500000 0.666667
vt 0.500000 0.690476
vt 0.500000 0.714286
vt 0.500000 0.738095
vt 0.500000 0.761905
vt 0.500000 0.785714
vt 0.500000 0.809524
vt 0.500000 0.833333
vt 0.500000 0.857143
vt 0.500000 0.880952
vt 0.500000 0.904762
vt 0.500000 0.928571
vt 0.500000 0.952381
vt 0.531250 0.500000
vt 0.531250 0.523809
vt 0.531250 0.547619
vt 0.531250 0.571429
vt 0.531250 0.595238
vt 0.531250 0.619048
vt 0.531250 0.642857
vt 0.531250 0.666667
vt 0.531250 0.690476
vt 0.531250 0.714286
vt 0.531250 0.738095
vt 0.531250 0.761905
vt 0.531250 0.785714
vt 0.531250 0.809524
vt 0.531250 0.833333
vt 0.531250 0.857143
vt 0.531250 0.880952
vt 0.531250 0.904762
vt 0.531250 0.928572
vt 0.531250 0.952381
vt 0.562500 0.500000
vt 0.562500 0.523810
vt 0.562500 0.547619
vt 0.562500 0.571429
vt 0.562500 0.595238
vt 0.562500 0.619048
vt 0.562500 0.642857
vt 0.562500 0.666667
vt 0.562500 0.690476
vt 0.562500 0.714286
vt 0.562500 0.738095
vt 0.562500 0.761905
vt 0.562500 0.785714
vt 0.562500 0.809524
vt 0.562500 0.833333
vt 0.562500 0.857143
vt 0.562500 0.880952
vt 0.562500 0.904762
vt 0.562500 0.928571
vt 0.562500 0.952381
vt 0.593750 0.500000
vt 0.593750 0.523810
vt 0.593750 0.547619
vt 0.593750 0.571429
vt 0.593750 0.595238
vt 0.593750 0.619048
vt 0.593750 0.642857
vt 0.593750 0.666667
vt 0.593750 0.690476
vt 0.593750 0.714286
vt 0.593750 0.738095
vt 0.593750 0.761905
vt 0.593750 0.785714
vt 0.593750 0.809524
vt 0.593750 0.833333
vt 0.593750 0.857143
vt 0.593750 0.880952
vt 0.593750 0.904762
vt 0.593750 0.928572
vt 0.593750 0.952381
vt 0.625000 0.500000
vt 0.625000 0.523810
vt 0.625000 0.547619
vt 0.625000 0.571429
vt 0.625000 0.595238
vt 0.625000 0.619048
vt 0.625000 0.642857
vt 0.625000 0.666667
vt 0.625000 0.690476
vt 0.625000 0.714286
vt 0.625000 0.738095
vt 0.625000 0.761905
vt 0.625000 0.785714
vt 0.625000 0.809524
vt 0.625000 0.833333
vt 0.625000 0.857143
vt 0.625000 0.880952
vt 0.625000 0.904762
vt 0.625000 0.928571
vt 0.625000 0.952381
vt 0.656250 0.500000
vt 0.656250 0.523810
vt 0.656250 0.547619
vt 0.656250 0.571429
vt 0.656250 0.595238
vt 0.656250 0.619048
vt 0.656250 0.642857
vt 0.656250 0.666667
vt 0.656250 0.690476
vt 0.656250 0.714286
vt 0.656250 0.738095
vt 0.656250 0.761905
vt 0.656250 0.785714
vt 0.656250 0.809524
vt 0.656250 0.833333
vt 0.656250 0.857143
vt 0.656250 0.880952
vt 0.656250 0.904762
vt 0.656250 0.928571
vt 0.656250 0.952381
vt 0.687500 0.500000
vt 0.687500 0.523810
vt 0.687500 0.547619
vt 0.687500 0.571429
vt 0.687500 0.595238
vt 0.687500 0.619048
vt 0.687500 0.642857
vt 0.687500 0.666667
vt 0.687500 0.690476
vt 0.687500 0.714286
vt 0.687500 0.738095
vt 0.687500 0.761905
vt 0.687500 0.785714
vt 0.687500 0.809524
vt 0.687500 0.833333
vt 0.687500 0.857143
vt 0.687500 0.880952
vt 0.687500 0.904762
vt 0.687500 0.928571
vt 0.687500 0.952381
vt 0.718750 0.500000
vt 0.718750 0.523810
vt 0.718750 0.547619
vt 0.718750 0.571429
vt 0.718750 0.595238
vt 0.718750 0.619048
vt 0.718750 0.642857
vt 0.718750 0.666667
vt 0.718750 0.690476
vt 0.718750 0.714286
vt 0.718750 0.738095
vt 0.718750 0.761905
vt 0.718750 0.785714
vt 0.718750 0.809524
vt 0.718750 0.833333
vt 0.718750 0.857143
vt 0.718750 0.880952
vt 0.718750 0.904762
vt 0.718750 0.928571
vt 0.718750 0.952381
vt 0.750000 0.500000
vt 0.750000 0.523810
vt 0.750000 0.547619
vt 0.750000 0.571429
vt 0.750000 0.595238
vt 0.750000 0.619048
vt 0.750000 0.642857
vt 0.750000 0.666667
vt 0.750000 0.690476
vt 0.750000 0.714286
vt 0.750000 0.738095
vt 0.750000 0.761905
vt 0.750000 0.785714
vt 0.750000 0.809524
vt 0.750000 0.833333
vt 0.750000 0.857143
vt 0.750000 0.880952
vt 0.750000 0.904762
vt 0.750000 0.928571
vt 0.750000 0.952381
vt 0.781250 0.500000
vt 0.781250 0.523810
vt 0.781250 0.547619
vt 0.781250 0.571429
vt 0.781250 0.595238
vt 0.781250 0.619048
vt 0.781250 0.642857
vt 0.781250 0.666667
vt 0.781250 0.690476
vt 0.781250 0.714286
vt 0.781250 0.738095
vt 0.781250 0.761905
vt 0.781250 0.785714
vt 0.781250 0.809524
vt 0.781250 0.833333
vt 0.781250 0.857143
vt 0.781250 0.880952
vt 0.781250 0.904762
vt 0.781250 0.928571
vt 0.781250 0.952381
vt 0.812500 0.500000
vt 0.812500 0.523810
vt 0.812500 0.547619
vt 0.812500 0.571429
vt 0.812500 0.595238
vt 0.812500 0.619048
vt 0.812500 0.642857
vt 0.812500 0.666667
vt 0.812500 0.690476
vt 0.812500 0.714286
vt 0.812500 0.738095
vt 0.812500 0.761905
vt 0.812500 0.785714
vt 0.812500 0.809524
vt 0.812500 0.833333
vt 0.812500 0.857143
vt 0.812500 0.880952
vt 0.812500 0.904762
vt 0.812500 0.928571
vt 0.812500 0.952381
vt 0.843750 0.500000
vt 0.843750 0.523810
vt 0.843750 0.547619
vt 0.843750 0.571429
vt 0.843750 0.595238
vt 0.843750 0.619048
vt 0.843750 0.642857
vt 0.843750 0.666667
vt 0.843750 0.690476
vt 0.843750 0.714286
vt 0.843750 0.738095
vt 0.843750 0.761905
vt 0.843750 0.785714
vt 0.843750 0.809524
vt 0.843750 0.833333
vt 0.843750 0.857143
vt 0.843750 0.880952
vt 0.843750 0.904762
vt 0.843750 0.928571
vt 0.843750 0.952381
vt 0.875000 0.500000
vt 0.875000 0.523810
vt 0.875000 0.547619
vt 0.875000 0.571429
vt 0.875000 0.595238
vt 0.875000 0.619048
vt 0.875000 0.642857
vt 0.875000 0.666667
vt 0.875000 0.690476
vt 0.875000 0.714286
vt 0.875000 0.738095
vt 0.875000 0.761905
vt 0.875000 0.785714
vt 0.875000 0.809524
vt 0.875000 0.833333
vt 0.875000 0.857143
vt 0.875000 0.880952
vt 0.875000 0.904762
vt 0.875000 0.928571
vt 0.875000 0.952381
vt 0.906250 0.500000
vt 0.906250 0.523810
vt 0.906250 0.547619
vt 0.906250 0.571429
vt 0.906250 0.595238
vt 0.906250 0.619048
vt 0.906250 0.642857
vt 0.906250 0.666667
vt 0.906250 0.690476
vt 0.906250 0.714286
vt 0.906250 0.738095
vt 0.906250 0.761905
vt 0.906250 0.785714
vt 0.906250 0.809524
vt 0.906250 0.833333
vt 0.906250 0.857143
vt 0.906250 0.880952
vt 0.906250 0.904762
vt 0.906250 0.928571
vt 0.906250 0.952381
vt 0.937500 0.500000
vt 0.937500 0.523810
vt 0.937500 0.547619
vt 0.937500 0.571429
vt 0.937500 0.595238
vt 0.937500 0.619048
vt 0.937500 0.642857
vt 0.937500 0.666667
vt 0.937500 0.690476
vt 0.937500 0.714286
vt 0.937500 0.738095
vt 0.937500 0.761905
vt 0.937500 0.785714
vt 0.937500 0.809524
vt 0.937500 0.833333
vt 0.937500 0.857143
vt 0.937500 0.880952
vt 0.937500 0.904762
vt 0.937500 0.928571
vt 0.937500 0.952381
vt 0.968750 0.500000
vt 0.968750 0.523810
vt 0.968750 0.547619
vt 0.968750 0.571429
vt 0.968750 0.595238
vt 0.968750 0.619048
vt 0.968750 0.642857
vt 0.968750 0.666667
vt 0.968750 0.690476
vt 0.968750 0.714286
vt 0.968750 0.738095
vt 0.968750 0.761905
vt 0.968750 0.785714
vt 0.968750 0.809524
vt 0.968750 0.833333
vt 0.968750 0.857143
vt 0.968750 0.880952
vt 0.968750 0.904762
vt 0.968750 0.928572
vt 0.968750 0.952381
vt 1.000000 0.500000
vt 1.000000 0.523810
vt 1.000000 0.547619
vt 1.000000 0.571429
vt 1.000000 0.595238
vt 1.000000 0.619048
vt 1.000000 0.642857
vt 1.000000 0.666667
vt 1.000000 0.690476
vt 1.000000 0.714286
vt 1.000000 0.738095
vt 1.000000 0.761905
vt 1.000000 0.785714
vt 1.000000 0.809524
vt 1.000000 0.833333
vt 1.000000 0.857143
vt 1.000000 0.880952
vt 1.000000 0.904762
vt 1.000000 0.928571
vt 1.000000 0.952381
vt 0.031250 0.523809
vt 0.031250 0.547619
vt 0.031250 0.595238
vt 0.031250 0.619048
vt 0.031250 0.642857
vt 0.031250 0.666667
vt 0.000000 0.690476
vt 0.031250 0.690476
vt 0.000000 0.738095
vt 0.031250 0.738095
vt 0.031250 0.785714
vt 0.031250 0.833333
vt 0.031250 0.857143
vt 0.000000 0.904762
vt 0.031250 0.904762
vt 0.031250 0.928572
vt 0.062500 0.571429
vt 0.062500 0.595238
vt 0.062500 0.642857
vt 0.062500 0.666667
vt 0.062500 0.690476
vt 0.062500 0.714286
vt 0.062500 0.738095
vt 0.062500 0.785714
vt 0.062500 0.809524
vt 0.062500 0.857143
vt 0.062500 0.880952
vt 0.062500 0.928571
vt 0.062500 0.952381
vt 0.093750 0.523810
vt 0.093750 0.547619
vt 0.093750 0.595238
vt 0.093750 0.619048
vt 0.093750 0.642857
vt 0.093750 0.666667
vt 0.093750 0.690476
vt 0.093750 0.714286
vt 0.093750 0.738095
vt 0.093750 0.809524
vt 0.093750 0.833333
vt 0.093750 0.857143
vt 0.093750 0.880952
vt 0.093750 0.928571
vt 0.125000 0.523810
vt 0.125000 0.547619
vt 0.125000 0.595238
vt 0.125000 0.642857
vt 0.125000 0.666667
vt 0.125000 0.690476
vt 0.125000 0.714286
vt 0.125000 0.738095
vt 0.125000 0.761905
vt 0.125000 0.785714
vt 0.125000 0.809524
vt 0.125000 0.833333
vt 0.125000 0.904762
vt 0.125000 0.952381
vt 0.156250 0.523810
vt 0.156250 0.547619
vt 0.156250 0.571429
vt 0.156250 0.595238
vt 0.156250 0.666667
vt 0.156250 0.690476
vt 0.156250 0.714286
vt 0.156250 0.761905
vt 0.156250 0.785714
vt 0.156250 0.809524
vt 0.156250 0.833333
vt 0.187500 0.523810
vt 0.187500 0.547619
vt 0.187500 0.595238
vt 0.187500 0.619048
vt 0.187500 0.642857
vt 0.187500 0.690476
vt 0.187500 0.714286
vt 0.187500 0.738095
vt 0.187500 0.761905
vt 0.187500 0.785714
vt 0.187500 0.809524
vt 0.187500 0.833333
vt 0.218750 0.523810
vt 0.218750 0.547619
vt 0.218750 0.571429
vt 0.218750 0.595238
vt 0.218750 0.619048
vt 0.218750 0.642857
vt 0.218750 0.666667
vt 0.218750 0.690476
vt 0.218750 0.714286
vt 0.218750 0.738095
vt 0.218750 0.761905
vt 0.218750 0.809524
vt 0.250000 0.523810
vt 0.250000 0.547619
vt 0.250000 0.571429
vt 0.250000 0.595238
vt 0.250000 0.619048
vt 0.250000 0.642857
vt 0.250000 0.666667
vt 0.250000 0.690476
vt 0.250000 0.761905
vt 0.250000 0.785714
vt 0.250000 0.809524
vt 0.281250 0.547619
vt 0.281250 0.571429
vt 0.281250 0.642857
vt 0.281250 0.690476
vt 0.281250 0.714286
vt 0.281250 0.809524
vt 0.312500 0.547619
vt 0.312500 0.571429
vt 0.312500 0.595238
vt 0.312500 0.619048
vt 0.312500 0.642857
vt 0.312500 0.666667
vt 0.312500 0.690476
vt 0.312500 0.761905
vt 0.312500 0.785714
vt 0.312500 0.809524
vt 0.312500 0.857143
vt 0.312500 0.904762
vt 0.312500 0.952381
vt 0.343750 0.523810
vt 0.343750 0.547619
vt 0.343750 0.595238
vt 0.343750 0.619048
vt 0.343750 0.642857
vt 0.343750 0.666667
vt 0.343750 0.690476
vt 0.343750 0.714286
vt 0.343750 0.738095
vt 0.343750 0.761905
vt 0.343750 0.785714
vt 0.343750 0.809524
vt 0.343750 0.833333
vt 0.343750 0.857143
vt 0.343750 0.880952
vt 0.343750 0.904762
vt 0.343750 0.928571
vt 0.343750 0.952381
vt 0.375000 0.547619
vt 0.375000 0.571429
vt 0.375000 0.595238
vt 0.375000 0.619048
vt 0.375000 0.642857
vt 0.375000 0.666667
vt 0.375000 0.690476
vt 0.375000 0.714286
vt 0.375000 0.738095
vt 0.375000 0.761905
vt 0.375000 0.857143
vt 0.375000 0.904762
vt 0.375000 0.928571
vt 0.375000 0.952381
vt 0.406250 0.523809
vt 0.406250 0.571429
vt 0.406250 0.595238
vt 0.406250 0.642857
vt 0.406250 0.690476
vt 0.406250 0.714286
vt 0.406250 0.809524
vt 0.406250 0.857143
vt 0.406250 0.880952
vt 0.406250 0.904762
vt 0.406250 0.952381
vt 0.437500 0.523810
vt 0.437500 0.547619
vt 0.437500 0.571429
vt 0.437500 0.595238
vt 0.437500 0.619048
vt 0.437500 0.642857
vt 0.437500 0.666667
vt 0.437500 0.714286
vt 0.437500 0.738095
vt 0.437500 0.761905
vt 0.437500 0.785714
vt 0.437500 0.809524
vt 0.437500 0.833333
vt 0.437500 0.857143
vt 0.437500 0.880952
vt 0.437500 0.904762
vt 0.437500 0.928571
vt 0.437500 0.952381
vt 0.468750 0.523810
vt 0.468750 0.547619
vt 0.468750 0.571429
vt 0.468750 0.595238
vt 0.468750 0.619048
vt 0.468750 0.666667
vt 0.468750 0.690476
vt 0.468750 0.714286
vt 0.468750 0.738095
vt 0.468750 0.761905
vt 0.468750 0.785714
vt 0.468750 0.809524
vt 0.468750 0.833333
vt 0.468750 0.857143
vt 0.468750 0.880952
vt 0.468750 0.904762
vt 0.468750 0.928571
vt 0.468750 0.952381
vt 0.500000 0.547619
vt 0.500000 0.571429
vt 0.500000 0.595238
vt 0.500000 0.619048
vt 0.500000 0.666667
vt 0.500000 0.714286
vt 0.500000 0.738095
vt 0.500000 0.761905
vt 0.500000 0.785714
vt 0.500000 0.809524
vt 0.500000 0.857143
vt 0.500000 0.904762
vt 0.500000 0.928571
vt 0.500000 0.952381
vt 0.531250 0.523810
vt 0.531250 0.547619
vt 0.531250 0.571429
vt 0.531250 0.595238
vt 0.531250 0.619048
vt 0.531250 0.642857
vt 0.531250 0.666667
vt 0.531250 0.690476
vt 0.531250 0.714286
vt 0.531250 0.738095
vt 0.531250 0.785714
vt 0.531250 0.833333
vt 0.531250 0.857143
vt 0.531250 0.904762
vt 0.531250 0.928571
vt 0.531250 0.952381
vt 0.562500 0.547619
vt 0.562500 0.619048
vt 0.562500 0.642857
vt 0.562500 0.666667
vt 0.562500 0.690476
vt 0.562500 0.738095
vt 0.562500 0.761905
vt 0.562500 0.785714
vt 0.562500 0.833333
vt 0.562500 0.928571
vt 0.593750 0.547619
vt 0.593750 0.619048
vt 0.593750 0.642857
vt 0.593750 0.666667
vt 0.593750 0.690476
vt 0.593750 0.761905
vt 0.593750 0.785714
vt 0.593750 0.833333
vt 0.593750 0.904762
vt 0.593750 0.928571
vt 0.625000 0.547619
vt 0.625000 0.571429
vt 0.625000 0.595238
vt 0.625000 0.619048
vt 0.625000 0.642857
vt 0.625000 0.666667
vt 0.625000 0.690476
vt 0.625000 0.761905
vt 0.625000 0.785714
vt 0.625000 0.809524
vt 0.625000 0.904762
vt 0.625000 0.928572
vt 0.656250 0.523809
vt 0.656250 0.547619
vt 0.656250 0.595238
vt 0.656250 0.619048
vt 0.656250 0.642857
vt 0.656250 0.666667
vt 0.656250 0.690476
vt 0.656250 0.714286
vt 0.656250 0.738095
vt 0.656250 0.785714
vt 0.656250 0.809524
vt 0.687500 0.523810
vt 0.687500 0.571429
vt 0.687500 0.595238
vt 0.687500 0.642857
vt 0.687500 0.666667
vt 0.687500 0.738095
vt 0.687500 0.785714
vt 0.687500 0.809524
vt 0.687500 0.833333
vt 0.687500 0.857143
vt 0.687500 0.880952
vt 0.687500 0.904762
vt 0.718750 0.595238
vt 0.718750 0.619048
vt 0.718750 0.666667
vt 0.718750 0.690476
vt 0.718750 0.714286
vt 0.718750 0.738095
vt 0.718750 0.761905
vt 0.718750 0.785714
vt 0.718750 0.809524
vt 0.718750 0.833333
vt 0.718750 0.857143
vt 0.718750 0.880952
vt 0.718750 0.904762
vt 0.750000 0.523810
vt 0.750000 0.547619
vt 0.750000 0.571429
vt 0.750000 0.595238
vt 0.750000 0.619048
vt 0.750000 0.642857
vt 0.750000 0.666667
vt 0.750000 0.690476
vt 0.750000 0.714286
vt 0.750000 0.738095
vt 0.750000 0.761905
vt 0.750000 0.785714
vt 0.750000 0.833333
vt 0.750000 0.857143
vt 0.750000 0.880952
vt 0.781250 0.571429
vt 0.781250 0.595238
vt 0.781250 0.619048
vt 0.781250 0.642857
vt 0.781250 0.666667
vt 0.781250 0.690476
vt 0.781250 0.714286
vt 0.781250 0.738095
vt 0.781250 0.809524
vt 0.781250 0.833333
vt 0.812500 0.523810
vt 0.812500 0.547619
vt 0.812500 0.619048
vt 0.812500 0.666667
vt 0.812500 0.690476
vt 0.812500 0.738095
vt 0.812500 0.809524
vt 0.812500 0.833333
vt 0.843750 0.547619
vt 0.843750 0.571429
vt 0.843750 0.595238
vt 0.843750 0.619048
vt 0.843750 0.666667
vt 0.843750 0.690476
vt 0.843750 0.714286
vt 0.843750 0.738095
vt 0.843750 0.761905
vt 0.843750 0.785714
vt 0.843750 0.809524
vt 0.843750 0.833333
vt 0.875000 0.523810
vt 0.875000 0.547619
vt 0.875000 0.595238
vt 0.875000 0.642857
vt 0.875000 0.666667
vt 0.875000 0.690476
vt 0.875000 0.714286
vt 0.875000 0.761905
vt 0.875000 0.785714
vt 0.875000 0.809524
vt 0.906250 0.547619
vt 0.906250 0.571429
vt 0.906250 0.619048
vt 0.906250 0.714286
vt 0.906250 0.738095
vt 0.906250 0.761905
vt 0.906250 0.785714
vt 0.906250 0.809524
vt 0.906250 0.857143
vt 0.906250 0.928571
vt 0.937500 0.523810
vt 0.937500 0.547619
vt 0.937500 0.595238
vt 0.937500 0.619048
vt 0.937500 0.642857
vt 0.937500 0.666667
vt 0.937500 0.690476
vt 0.937500 0.714286
vt 0.937500 0.738095
vt 0.937500 0.785714
vt 0.937500 0.809524
vt 0.937500 0.833333
vt 0.937500 0.880952
vt 0.968750 0.523810
vt 0.968750 0.547619
vt 0.968750 0.595238
vt 0.968750 0.619048
vt 0.968750 0.714286
vt 0.968750 0.785714
vt 1.000000 0.714286
vt 0.031250 0.523810
vt 0.031250 0.571429
vt 0.031250 0.595238
vt 0.031250 0.619048
vt 0.031250 0.666667
vt 0.031250 0.690476
vt 0.000000 0.761905
vt 0.031250 0.785714
vt 0.031250 0.809524
vt 0.031250 0.857143
vt 0.031250 0.880952
vt 0.031250 0.904762
vt 0.000000 0.928571
vt 0.031250 0.928571
vt 0.062500 0.547619
vt 0.062500 0.666667
vt 0.062500 0.738095
vt 0.062500 0.761905
vt 0.062500 0.785714
vt 0.062500 0.809524
vt 0.062500 0.857143
vt 0.062500 0.880952
vt 0.062500 0.952381
vt 0.093750 0.523810
vt 0.093750 0.547619
vt 0.093750 0.642857
vt 0.093750 0.666667
vt 0.093750 0.690476
vt 0.093750 0.714286
vt 0.093750 0.738095
vt 0.093750 0.809524
vt 0.093750 0.833333
vt 0.093750 0.857143
vt 0.093750 0.952381
vt 0.125000 0.523810
vt 0.125000 0.547619
vt 0.125000 0.571429
vt 0.125000 0.595238
vt 0.125000 0.619048
vt 0.125000 0.738095
vt 0.125000 0.761905
vt 0.125000 0.809524
vt 0.125000 0.833333
vt 0.125000 0.857143
vt 0.125000 0.880952
vt 0.125000 0.904762
vt 0.125000 0.928571
vt 0.125000 0.952381
vt 0.156250 0.571429
vt 0.156250 0.690476
vt 0.156250 0.809524
vt 0.156250 0.833333
vt 0.156250 0.857143
vt 0.156250 0.928571
vt 0.187500 0.523810
vt 0.187500 0.547619
vt 0.187500 0.714286
vt 0.187500 0.738095
vt 0.187500 0.785714
vt 0.187500 0.809524
vt 0.187500 0.857143
vt 0.187500 0.880952
vt 0.187500 0.928571
vt 0.218750 0.523810
vt 0.218750 0.619048
vt 0.218750 0.666667
vt 0.218750 0.690476
vt 0.218750 0.738095
vt 0.218750 0.833333
vt 0.218750 0.857143
vt 0.218750 0.904762
vt 0.218750 0.928571
vt 0.250000 0.595238
vt 0.250000 0.642857
vt 0.250000 0.714286
vt 0.250000 0.738095
vt 0.250000 0.761905
vt 0.250000 0.785714
vt 0.250000 0.809524
vt 0.250000 0.833333
vt 0.250000 0.857143
vt 0.250000 0.880952
vt 0.250000 0.904762
vt 0.250000 0.928572
vt 0.250000 0.952381
vt 0.281250 0.547619
vt 0.281250 0.595238
vt 0.281250 0.619048
vt 0.281250 0.642857
vt 0.281250 0.690476
vt 0.281250 0.761905
vt 0.281250 0.785714
vt 0.281250 0.857143
vt 0.281250 0.880952
vt 0.281250 0.904762
vt 0.281250 0.928571
vt 0.281250 0.952381
vt 0.312500 0.666667
vt 0.312500 0.714286
vt 0.312500 0.738095
vt 0.312500 0.904762
vt 0.312500 0.952381
vt 0.343750 0.571429
vt 0.343750 0.619048
vt 0.343750 0.690476
vt 0.343750 0.738095
vt 0.343750 0.761905
vt 0.343750 0.785714
vt 0.343750 0.833333
vt 0.375000 0.571429
vt 0.375000 0.619048
vt 0.375000 0.642857
vt 0.375000 0.666667
vt 0.375000 0.714286
vt 0.375000 0.880952
vt 0.375000 0.928571
vt 0.406250 0.523810
vt 0.406250 0.547619
vt 0.406250 0.571429
vt 0.406250 0.595238
vt 0.406250 0.619048
vt 0.406250 0.642857
vt 0.406250 0.666667
vt 0.406250 0.714286
vt 0.406250 0.738095
vt 0.406250 0.785714
vt 0.406250 0.809524
vt 0.406250 0.857143
vt 0.406250 0.880952
vt 0.406250 0.952381
vt 0.437500 0.523810
vt 0.437500 0.547619
vt 0.437500 0.595238
vt 0.437500 0.619048
vt 0.437500 0.690476
vt 0.437500 0.714286
vt 0.437500 0.738095
vt 0.437500 0.785714
vt 0.437500 0.809524
vt 0.437500 0.833333
vt 0.437500 0.857143
vt 0.437500 0.880952
vt 0.437500 0.928571
vt 0.437500 0.952381
vt 0.468750 0.523810
vt 0.468750 0.547619
vt 0.468750 0.595238
vt 0.468750 0.619048
vt 0.468750 0.666667
vt 0.468750 0.690476
vt 0.468750 0.738095
vt 0.468750 0.809524
vt 0.468750 0.880952
vt 0.468750 0.952381
vt 0.500000 0.547619
vt 0.500000 0.571429
vt 0.500000 0.619048
vt 0.500000 0.690476
vt 0.500000 0.714286
vt 0.500000 0.738095
vt 0.500000 0.785714
vt 0.500000 0.809524
vt 0.500000 0.857143
vt 0.500000 0.904762
vt 0.500000 0.952381
vt 0.531250 0.809524
vt 0.531250 0.833333
vt 0.531250 0.857143
vt 0.531250 0.880952
vt 0.562500 0.785714
vt 0.593750 0.642857
vt 0.593750 0.690476
vt 0.593750 0.761905
vt 0.625000 0.714286
vt 0.656250 0.547619
vt 0.656250 0.595238
vt 0.656250 0.619048
vt 0.656250 0.642857
vt 0.656250 0.833333
vt 0.656250 0.857143
vt 0.656250 0.904762
vt 0.656250 0.928571
vt 0.687500 0.523809
vt 0.687500 0.571429
vt 0.687500 0.595238
vt 0.687500 0.666667
vt 0.687500 0.714286
vt 0.687500 0.761905
vt 0.687500 0.785714
vt 0.687500 0.809524
vt 0.687500 0.833333
vt 0.687500 0.857143
vt 0.687500 0.880952
vt 0.687500 0.904762
vt 0.687500 0.952381
vt 0.718750 0.523810
vt 0.718750 0.547619
vt 0.718750 0.619048
vt 0.718750 0.666667
vt 0.718750 0.690476
vt 0.718750 0.714286
vt 0.718750 0.785714
vt 0.718750 0.809524
vt 0.718750 0.833333
vt 0.718750 0.952381
vt 0.750000 0.595238
vt 0.750000 0.619048
vt 0.750000 0.642857
vt 0.750000 0.761905
vt 0.750000 0.785714
vt 0.750000 0.928571
vt 0.750000 0.952381
vt 0.781250 0.523810
vt 0.781250 0.571429
vt 0.781250 0.595238
vt 0.781250 0.690476
vt 0.781250 0.714286
vt 0.781250 0.738095
vt 0.781250 0.785714
vt 0.781250 0.809524
vt 0.781250 0.857143
vt 0.781250 0.880952
vt 0.781250 0.904762
vt 0.781250 0.928571
vt 0.781250 0.952381
vt 0.812500 0.547619
vt 0.812500 0.571429
vt 0.812500 0.595238
vt 0.812500 0.666667
vt 0.812500 0.690476
vt 0.812500 0.714286
vt 0.812500 0.761905
vt 0.812500 0.785714
vt 0.812500 0.857143
vt 0.812500 0.880952
vt 0.812500 0.904762
vt 0.812500 0.928571
vt 0.812500 0.952381
vt 0.843750 0.523810
vt 0.843750 0.571429
vt 0.843750 0.595238
vt 0.843750 0.619048
vt 0.843750 0.642857
vt 0.843750 0.666667
vt 0.843750 0.714286
vt 0.843750 0.857143
vt 0.843750 0.880952
vt 0.843750 0.904762
vt 0.843750 0.928571
vt 0.843750 0.952381
vt 0.875000 0.547619
vt 0.875000 0.571429
vt 0.875000 0.619048
vt 0.875000 0.738095
vt 0.875000 0.809524
vt 0.875000 0.833333
vt 0.875000 0.857143
vt 0.875000 0.904762
vt 0.875000 0.928571
vt 0.875000 0.952381
vt 0.906250 0.547619
vt 0.906250 0.571429
vt 0.906250 0.619048
vt 0.906250 0.642857
vt 0.906250 0.666667
vt 0.906250 0.690476
vt 0.906250 0.714286
vt 0.906250 0.761905
vt 0.906250 0.785714
vt 0.906250 0.809524
vt 0.906250 0.857143
vt 0.906250 0.880952
vt 0.906250 0.904762
vt 0.906250 0.952381
vt 0.937500 0.523810
vt 0.937500 0.547619
vt 0.937500 0.619048
vt 0.937500 0.642857
vt 0.937500 0.666667
vt 0.937500 0.690476
vt 0.937500 0.714286
vt 0.937500 0.738095
vt 0.937500 0.761905
vt 0.937500 0.833333
vt 0.937500 0.857143
vt 0.937500 0.880952
vt 0.937500 0.904762
vt 0.937500 0.928571
vt 0.937500 0.952381
vt 0.968750 0.547619
vt 0.968750 0.571429
vt 0.968750 0.666667
vt 0.968750 0.690476
vt 0.968750 0.714286
vt 0.968750 0.738095
vt 0.968750 0.761905
vt 0.968750 0.785714
vt 0.968750 0.809524
vt 0.968750 0.833333
vt 0.968750 0.857143
vt 0.968750 0.880952
vt 0.968750 0.928571
vt 0.968750 0.952381
vt 1.000000 0.642857
vt 1.000000 0.690476
vt 1.000000 0.785714
vt 1.000000 0.833333
vt 0.000000 0.547619
vt 0.031250 0.571429
vt 0.031250 0.595238
vt 0.031250 0.619048
vt 0.031250 0.642857
vt 0.000000 0.666667
vt 0.031250 0.690476
vt 0.000000 0.714286
vt 0.000000 0.738095
vt 0.031250 0.833333
vt 0.031250 0.880952
vt 0.000000 0.880952
vt 0.000000 0.928571
vt 0.031250 0.952381
vt 0.062500 0.547619
vt 0.062500 0.571429
vt 0.062500 0.666667
vt 0.062500 0.738095
vt 0.062500 0.785714
vt 0.062500 0.809524
vt 0.062500 0.857143
vt 0.062500 0.880952
vt 0.093750 0.571429
vt 0.093750 0.595238
vt 0.093750 0.619048
vt 0.093750 0.666667
vt 0.093750 0.738095
vt 0.093750 0.785714
vt 0.093750 0.809524
vt 0.093750 0.833333
vt 0.093750 0.857143
vt 0.093750 0.904762
vt 0.093750 0.928571
vt 0.093750 0.952381
vt 0.125000 0.547619
vt 0.125000 0.642857
vt 0.125000 0.666667
vt 0.125000 0.690476
vt 0.125000 0.761905
vt 0.125000 0.833333
vt 0.125000 0.857143
vt 0.125000 0.880952
vt 0.125000 0.952381
vt 0.156250 0.595238
vt 0.156250 0.714286
vt 0.156250 0.738095
vt 0.156250 0.785714
vt 0.156250 0.833333
vt 0.156250 0.880952
vt 0.156250 0.904762
vt 0.156250 0.952381
vt 0.187500 0.595238
vt 0.187500 0.714286
vt 0.187500 0.761905
vt 0.187500 0.785714
vt 0.187500 0.833333
vt 0.187500 0.857143
vt 0.187500 0.928571
vt 0.218750 0.523809
vt 0.218750 0.571429
vt 0.218750 0.642857
vt 0.218750 0.666667
vt 0.218750 0.738095
vt 0.218750 0.761905
vt 0.218750 0.809524
vt 0.218750 0.833333
vt 0.218750 0.857143
vt 0.218750 0.880952
vt 0.218750 0.904762
vt 0.218750 0.952381
vt 0.250000 0.738095
vt 0.250000 0.880952
vt 0.250000 0.928572
vt 0.281250 0.619048
vt 0.281250 0.666667
vt 0.281250 0.714286
vt 0.281250 0.857143
vt 0.281250 0.880952
vt 0.312500 0.571429
vt 0.312500 0.642857
vt 0.312500 0.666667
vt 0.312500 0.714286
vt 0.312500 0.857143
vt 0.312500 0.880952
vt 0.312500 0.904762
vt 0.343750 0.642857
vt 0.343750 0.666667
vt 0.343750 0.714286
vt 0.343750 0.738095
vt 0.343750 0.761905
vt 0.343750 0.809524
vt 0.343750 0.904762
vt 0.343750 0.928571
vt 0.375000 0.547619
vt 0.375000 0.666667
vt 0.375000 0.833333
vt 0.375000 0.857143
vt 0.375000 0.880952
vt 0.375000 0.952381
vt 0.406250 0.595238
vt 0.406250 0.690476
vt 0.406250 0.714286
vt 0.406250 0.761905
vt 0.406250 0.857143
vt 0.406250 0.928571
vt 0.437500 0.523810
vt 0.437500 0.666667
vt 0.437500 0.690476
vt 0.437500 0.785714
vt 0.437500 0.880952
vt 0.437500 0.904762
vt 0.437500 0.928571
vt 0.468750 0.571429
vt 0.468750 0.595238
vt 0.468750 0.666667
vt 0.468750 0.714286
vt 0.468750 0.761905
vt 0.468750 0.785714
vt 0.468750 0.904762
vt 0.468750 0.928572
vt 0.500000 0.595238
vt 0.500000 0.619048
vt 0.500000 0.690476
vt 0.500000 0.904762
vt 0.500000 0.928571
vt 0.500000 0.952381
vt 0.531250 0.523809
vt 0.531250 0.547619
vt 0.531250 0.666667
vt 0.531250 0.761905
vt 0.531250 0.785714
vt 0.531250 0.904762
vt 0.531250 0.928571
vt 0.531250 0.952381
vt 0.562500 0.571429
vt 0.562500 0.595238
vt 0.562500 0.619048
vt 0.562500 0.666667
vt 0.562500 0.690476
vt 0.562500 0.738095
vt 0.562500 0.761905
vt 0.562500 0.809524
vt 0.562500 0.857143
vt 0.593750 0.523810
vt 0.593750 0.547619
vt 0.593750 0.571429
vt 0.593750 0.595238
vt 0.593750 0.666667
vt 0.593750 0.714286
vt 0.593750 0.738095
vt 0.593750 0.833333
vt 0.593750 0.880952
vt 0.593750 0.904762
vt 0.593750 0.952381
vt 0.625000 0.523810
vt 0.625000 0.571429
vt 0.625000 0.595238
vt 0.625000 0.642857
vt 0.625000 0.690476
vt 0.625000 0.714286
vt 0.625000 0.738095
vt 0.625000 0.809524
vt 0.625000 0.880952
vt 0.625000 0.904762
vt 0.625000 0.928571
vt 0.625000 0.952381
vt 0.656250 0.523809
vt 0.656250 0.571429
vt 0.656250 0.595238
vt 0.656250 0.666667
vt 0.656250 0.690476
vt 0.687500 0.523810
vt 0.687500 0.571429
vt 0.687500 0.619048
vt 0.687500 0.666667
vt 0.687500 0.690476
vt 0.687500 0.714286
vt 0.687500 0.738095
vt 0.687500 0.761905
vt 0.687500 0.785714
vt 0.687500 0.809524
vt 0.687500 0.952381
vt 0.718750 0.547619
vt 0.718750 0.619048
vt 0.718750 0.642857
vt 0.718750 0.761905
vt 0.718750 0.833333
vt 0.718750 0.857143
vt 0.718750 0.880952
vt 0.718750 0.904762
vt 0.718750 0.928572
vt 0.718750 0.952381
vt 0.750000 0.595238
vt 0.750000 0.642857
vt 0.750000 0.666667
vt 0.750000 0.690476
vt 0.750000 0.714286
vt 0.750000 0.738095
vt 0.750000 0.761905
vt 0.750000 0.785714
vt 0.750000 0.809524
vt 0.750000 0.857143
vt 0.750000 0.880952
vt 0.750000 0.928571
vt 0.781250 0.523809
vt 0.781250 0.571429
vt 0.781250 0.619048
vt 0.781250 0.666667
vt 0.781250 0.690476
vt 0.781250 0.833333
vt 0.781250 0.857143
vt 0.781250 0.880952
vt 0.781250 0.904762
vt 0.781250 0.952381
vt 0.812500 0.666667
vt 0.812500 0.714286
vt 0.812500 0.738095
vt 0.812500 0.857143
vt 0.812500 0.904762
vt 0.812500 0.928572
vt 0.812500 0.952381
vt 0.843750 0.523810
vt 0.843750 0.547619
vt 0.843750 0.571429
vt 0.843750 0.595238
vt 0.843750 0.761905
vt 0.843750 0.785714
vt 0.843750 0.809524
vt 0.843750 0.880952
vt 0.843750 0.928571
vt 0.875000 0.523810
vt 0.875000 0.571429
vt 0.875000 0.595238
vt 0.875000 0.738095
vt 0.875000 0.785714
vt 0.875000 0.857143
vt 0.875000 0.880952
vt 0.875000 0.928571
vt 0.906250 0.523809
vt 0.906250 0.547619
vt 0.906250 0.642857
vt 0.906250 0.714286
vt 0.906250 0.738095
vt 0.906250 0.761905
vt 0.906250 0.809524
vt 0.906250 0.833333
vt 0.906250 0.880953
vt 0.906250 0.928572
vt 0.906250 0.952381
vt 0.937500 0.571429
vt 0.937500 0.595238
vt 0.937500 0.619048
vt 0.937500 0.642857
vt 0.937500 0.690476
vt 0.937500 0.714286
vt 0.937500 0.738095
vt 0.937500 0.761905
vt 0.937500 0.809524
vt 0.937500 0.880952
vt 0.937500 0.904762
vt 0.937500 0.928572
vt 0.937500 0.952381
vt 0.968750 0.547619
vt 0.968750 0.571429
vt 0.968750 0.857143
vt 0.968750 0.880952
vt 0.968750 0.928571
vt 1.000000 0.666667
vt 1.000000 0.690476
vt 1.000000 0.738095
vt 1.000000 0.857143
vt 1.000000 0.880952
vt 0.031250 0.571429
vt 0.031250 0.666667
vt 0.000000 0.690476
vt 0.031250 0.714286
vt 0.031250 0.761905
vt 0.031250 0.785714
vt 0.031250 0.809524
vt 0.000000 0.833333
vt 0.031250 0.857143
vt 0.000000 0.880952
vt 0.031250 0.904762
vt 0.031250 0.928571
vt 0.031250 0.952381
vt 0.062500 0.523809
vt 0.062500 0.571429
vt 0.062500 0.595238
vt 0.062500 0.666667
vt 0.062500 0.690476
vt 0.062500 0.714286
vt 0.062500 0.761905
vt 0.062500 0.857143
vt 0.093750 0.595238
vt 0.093750 0.619048
vt 0.093750 0.666667
vt 0.093750 0.690476
vt 0.093750 0.714286
vt 0.093750 0.761905
vt 0.093750 0.857143
vt 0.093750 0.880952
vt 0.093750 0.928571
vt 0.125000 0.547619
vt 0.125000 0.595238
vt 0.125000 0.785714
vt 0.125000 0.809524
vt 0.125000 0.833333
vt 0.125000 0.857143
vt 0.125000 0.880952
vt 0.125000 0.904762
vt 0.156250 0.523810
vt 0.156250 0.547619
vt 0.156250 0.595238
vt 0.156250 0.619048
vt 0.156250 0.880952
vt 0.156250 0.904762
vt 0.156250 0.928571
vt 0.156250 0.952381
vt 0.187500 0.547619
vt 0.187500 0.571429
vt 0.187500 0.595238
vt 0.187500 0.619048
vt 0.187500 0.666667
vt 0.187500 0.738095
vt 0.187500 0.761905
vt 0.187500 0.785714
vt 0.187500 0.833333
vt 0.187500 0.857143
vt 0.187500 0.880952
vt 0.187500 0.904762
vt 0.187500 0.928572
vt 0.187500 0.952381
vt 0.218750 0.547619
vt 0.218750 0.571429
vt 0.218750 0.714286
vt 0.218750 0.785714
vt 0.218750 0.857143
vt 0.218750 0.880952
vt 0.218750 0.904762
vt 0.218750 0.952381
vt 0.250000 0.523810
vt 0.250000 0.595238
vt 0.250000 0.666667
vt 0.250000 0.785714
vt 0.250000 0.809524
vt 0.250000 0.952381
vt 0.281250 0.547619
vt 0.281250 0.714286
vt 0.281250 0.761905
vt 0.281250 0.809524
vt 0.281250 0.904762
vt 0.281250 0.928571
vt 0.281250 0.952381
vt 0.312500 0.547619
vt 0.312500 0.642857
vt 0.312500 0.690476
vt 0.312500 0.714286
vt 0.312500 0.738095
vt 0.312500 0.761905
vt 0.312500 0.785714
vt 0.312500 0.833333
vt 0.312500 0.857143
vt 0.312500 0.880952
vt 0.312500 0.928571
vt 0.312500 0.952381
vt 0.343750 0.619048
vt 0.343750 0.666667
vt 0.343750 0.714286
vt 0.343750 0.761905
vt 0.343750 0.785714
vt 0.343750 0.809524
vt 0.343750 0.833333
vt 0.343750 0.857143
vt 0.375000 0.523809
vt 0.375000 0.571429
vt 0.375000 0.595238
vt 0.375000 0.738095
vt 0.375000 0.761905
vt 0.375000 0.785714
vt 0.375000 0.809524
vt 0.375000 0.833333
vt 0.375000 0.952381
vt 0.406250 0.523810
vt 0.406250 0.714286
vt 0.406250 0.738095
vt 0.406250 0.857143
vt 0.406250 0.880952
vt 0.406250 0.928572
vt 0.406250 0.952381
vt 0.437500 0.571429
vt 0.437500 0.595238
vt 0.437500 0.666667
vt 0.437500 0.690476
vt 0.437500 0.714286
vt 0.437500 0.785714
vt 0.437500 0.809524
vt 0.437500 0.880952
vt 0.437500 0.904762
vt 0.468750 0.571429
vt 0.468750 0.666667
vt 0.468750 0.761905
vt 0.500000 0.523810
vt 0.500000 0.642857
vt 0.500000 0.714286
vt 0.500000 0.809524
vt 0.500000 0.833333
vt 0.500000 0.857143
vt 0.500000 0.880952
vt 0.500000 0.904762
vt 0.500000 0.952381
vt 0.531250 0.523810
vt 0.531250 0.595238
vt 0.531250 0.619048
vt 0.531250 0.666667
vt 0.531250 0.904762
vt 0.531250 0.952381
vt 0.562500 0.523809
vt 0.562500 0.619048
vt 0.562500 0.690476
vt 0.562500 0.738095
vt 0.562500 0.833333
vt 0.562500 0.904762
vt 0.562500 0.952381
vt 0.593750 0.571429
vt 0.593750 0.619048
vt 0.593750 0.642857
vt 0.593750 0.714286
vt 0.593750 0.809524
vt 0.593750 0.857143
vt 0.593750 0.880952
vt 0.593750 0.904762
vt 0.593750 0.952381
vt 0.625000 0.595238
vt 0.625000 0.619048
vt 0.625000 0.666667
vt 0.625000 0.714286
vt 0.625000 0.761905
vt 0.625000 0.857143
vt 0.625000 0.880952
vt 0.625000 0.952381
vt 0.656250 0.642857
vt 0.656250 0.738095
vt 0.656250 0.761905
vt 0.656250 0.833333
vt 0.656250 0.880952
vt 0.656250 0.904762
vt 0.656250 0.928571
vt 0.656250 0.952381
vt 0.687500 0.571429
vt 0.687500 0.595238
vt 0.687500 0.642857
vt 0.687500 0.690476
vt 0.687500 0.714286
vt 0.687500 0.785714
vt 0.687500 0.833333
vt 0.687500 0.857143
vt 0.687500 0.952381
vt 0.718750 0.523810
vt 0.718750 0.571429
vt 0.718750 0.595238
vt 0.718750 0.642857
vt 0.718750 0.738095
vt 0.718750 0.761905
vt 0.718750 0.785714
vt 0.718750 0.857143
vt 0.718750 0.880952
vt 0.718750 0.928572
vt 0.718750 0.952381
vt 0.750000 0.547619
vt 0.750000 0.595238
vt 0.750000 0.619048
vt 0.750000 0.761905
vt 0.750000 0.809524
vt 0.750000 0.857143
vt 0.750000 0.880952
vt 0.781250 0.571429
vt 0.781250 0.619048
vt 0.781250 0.666667
vt 0.781250 0.690476
vt 0.781250 0.761905
vt 0.781250 0.785714
vt 0.781250 0.928571
vt 0.781250 0.952381
vt 0.812500 0.571429
vt 0.812500 0.666667
vt 0.812500 0.714286
vt 0.812500 0.738095
vt 0.812500 0.761905
vt 0.812500 0.785714
vt 0.812500 0.857143
vt 0.812500 0.880952
vt 0.812500 0.952381
vt 0.843750 0.571429
vt 0.843750 0.619048
vt 0.843750 0.642857
vt 0.843750 0.666667
vt 0.843750 0.761905
vt 0.843750 0.785714
vt 0.843750 0.809524
vt 0.843750 0.928571
vt 0.875000 0.547619
vt 0.875000 0.571429
vt 0.875000 0.619048
vt 0.875000 0.666667
vt 0.875000 0.690476
vt 0.875000 0.809524
vt 0.875000 0.857143
vt 0.875000 0.880952
vt 0.875000 0.928572
vt 0.875000 0.952381
vt 0.906250 0.523810
vt 0.906250 0.547619
vt 0.906250 0.571429
vt 0.906250 0.595238
vt 0.906250 0.666667
vt 0.906250 0.690476
vt 0.906250 0.714286
vt 0.906250 0.809524
vt 0.906250 0.833333
vt 0.906250 0.857143
vt 0.906250 0.904762
vt 0.906250 0.952381
vt 0.937500 0.523809
vt 0.937500 0.571429
vt 0.937500 0.595238
vt 0.937500 0.666667
vt 0.937500 0.714286
vt 0.937500 0.761905
vt 0.937500 0.809524
vt 0.937500 0.880952
vt 0.937500 0.928571
vt 0.937500 0.952381
vt 0.968750 0.595238
vt 0.968750 0.690476
vt 0.968750 0.761905
vt 0.968750 0.785714
vt 0.968750 0.809524
vt 0.968750 0.880952
vt 0.968750 0.928571
vt 1.000000 0.785714
vt 1.000000 0.880952
vt 1.000000 0.928572
s 1
usemtl Material.006
f 2900/1/68 2901/2/72 4/3/4 2/4/2
f 2901/2/72 2921/5/76 6/6/6 4/3/4
f 2921/5/76 2941/7/80 8/8/8 6/6/6
f 2941/7/80 2961/9/83 10/10/10 8/8/8
f 2961/9/83 2981/11/86 12/12/12 10/10/10
f 2981/11/86 3001/13/89 14/14/14 12/12/12
f 3001/13/89 3021/15/92 16/16/16 14/14/14
f 3021/15/92 3041/17/96 18/18/18 16/16/16
f 3041/17/96 3061/19/99 20/20/20 18/18/18
f 3061/19/99 3081/21/102 22/22/22 20/20/20
f 3081/21/102 3101/23/105 24/24/24 22/22/22
f 3101/23/105 3121/25/109 26/26/26 24/24/24
f 3121/25/109 3141/27/112 28/28/28 26/26/26
f 3141/27/112 3161/29/115 30/30/30 28/28/28
f 3161/29/115 3181/31/120 32/32/32 30/30/30
f 3181/31/120 3201/33/125 34/34/34 32/32/32
f 3201/33/125 3221/35/130 36/36/36 34/34/34
f 3221/35/130 3241/37/134 38/38/38 36/36/36
f 3241/37/134 3261/39/138 40/40/40 38/38/38
f 3261/39/138 3281/41/142 42/42/42 40/40/40
f 3281/41/142 3301/43/147 44/44/44 42/42/42
f 3301/43/147 3321/45/151 46/46/46 44/44/44
f 3321/45/151 3341/47/153 48/48/48 46/46/46
f 3341/47/153 3361/49/155 50/50/50 48/48/48
f 3361/49/155 3381/51/158 52/52/52 50/50/50
f 3381/51/158 3401/53/160 54/54/54 52/52/52
f 3401/53/160 3421/55/162 56/56/56 54/54/54
f 3421/55/162 3441/57/164 58/58/58 56/56/56
f 3441/57/164 3461/59/166 60/60/60 58/58/58
f 3461/59/166 3481/61/170 62/62/62 60/60/60
f 4/63/4 6/64/6 8/65/8 10/66/10 12/67/12 14/68/14 16/69/16 18/70/18 20/71/20 22/72/22 24/73/24 26/74/26 28/75/28 30/76/30 32/77/32 34/78/34 36/79/36 38/80/38 40/81/40 42/82/42 44/83/44 46/84/46 48/85/48 50/86/50 52/87/52 54/88/54 56/89/56 58/90/58 60/91/60 62/92/62 64/93/64 2/94/2
f 3481/61/170 3501/95/174 64/96/64 62/62/62
f 3501/95/174 2900/97/68 2/98/2 64/96/64
f 1/99/1 63/100/63 61/101/61 59/102/59 57/103/57 55/104/55 53/105/53 51/106/51 49/107/49 47/108/47 45/109/45 43/110/43 41/111/41 39/112/39 37/113/37 35/114/35 33/115/33 31/116/31 29/117/29 27/118/27 25/119/25 23/120/23 21/121/21 19/122/19 17/123/17 15/124/15 13/125/13 11/126/11 9/127/9 7/128/7 5/129/5 3/130/3
f 2260/1/68 2261/131/72 68/3/4 66/4/2
f 2261/131/72 2281/132/76 70/6/6 68/3/4
f 2281/132/76 2301/133/80 72/8/8 70/6/6
f 2301/133/80 2321/134/83 74/10/10 72/8/8
f 2321/134/83 2341/135/86 76/12/12 74/10/10
f 2341/135/86 2361/13/89 78/14/14 76/12/12
f 2361/13/89 2381/136/92 80/16/16 78/14/14
f 2381/136/92 2401/137/96 82/18/18 80/16/16
f 2401/137/96 2421/138/99 84/20/20 82/18/18
f 2421/138/99 2441/139/102 86/22/22 84/20/20
f 2441/139/102 2461/140/105 88/24/24 86/22/22
f 2461/140/105 2481/141/109 90/26/26 88/24/24
f 2481/141/109 2501/142/112 92/28/28 90/26/26
f 2501/142/112 2521/143/115 94/30/30 92/28/28
f 2521/143/115 2541/144/120 96/32/32 94/30/30
f 2541/144/120 2561/145/125 98/34/34 96/32/32
f 2561/145/125 2581/146/130 100/36/36 98/34/34
f 2581/146/130 2601/147/134 102/38/38 100/36/36
f 2601/147/134 2621/148/138 104/40/40 102/38/38
f 2621/148/138 2641/41/142 106/42/42 104/40/40
f 2641/41/142 2661/149/147 108/44/44 106/42/42
f 2661/149/147 2681/150/151 110/46/46 108/44/44
f 2681/150/151 2701/151/153 112/48/48 110/46/46
f 2701/151/153 2721/152/155 114/50/50 112/48/48
f 2721/152/155 2741/153/158 116/52/52 114/50/50
f 2741/153/158 2761/154/160 118/54/54 116/52/52
f 2761/154/160 2781/155/162 120/56/56 118/54/54
f 2781/155/162 2801/156/164 122/58/58 120/56/56
f 2801/156/164 2821/157/166 124/60/60 122/58/58
f 2821/157/166 2841/158/170 126/62/62 124/60/60
f 68/63/4 70/64/6 72/65/8 74/66/10 76/67/12 78/68/14 80/69/16 82/70/18 84/71/20 86/72/22 88/73/24 90/74/26 92/75/28 94/76/30 96/77/32 98/78/34 100/79/36 102/80/38 104/81/40 106/82/42 108/83/44 110/84/46 112/85/48 114/86/50 116/87/52 118/88/54 120/89/56 122/90/58 124/91/60 126/92/62 128/93/64 66/94/2
f 2841/158/170 2861/159/174 128/96/64 126/62/62
f 2861/159/174 2260/97/68 66/98/2 128/96/64
f 65/99/1 127/100/63 125/101/61 123/102/59 121/103/57 119/104/55 117/105/53 115/106/51 113/107/49 111/108/47 109/109/45 107/110/43 105/111/41 103/112/39 101/113/37 99/114/35 97/115/33 95/116/31 93/117/29 91/118/27 89/119/25 87/120/23 85/121/21 83/122/19 81/123/17 79/124/15 77/125/65 75/126/11 73/127/9 71/128/7 69/129/5 67/130/3
f 1620/1/68 1621/160/72 132/3/4 130/4/2
f 1621/160/72 1641/161/76 134/6/6 132/3/4
f 1641/161/76 1661/7/80 136/8/8 134/6/6
f 1661/7/80 1681/162/83 138/10/10 136/8/8
f 1681/162/83 1701/11/86 140/12/12 138/10/10
f 1701/11/86 1721/163/89 142/14/14 140/12/12
f 1721/163/89 1741/15/92 144/16/16 142/14/14
f 1741/15/92 1761/137/96 146/18/18 144/16/16
f 1761/137/96 1781/164/99 148/20/20 146/18/18
f 1781/164/99 1801/165/102 150/22/22 148/20/20
f 1801/165/102 1821/140/105 152/24/24 150/22/22
f 1821/140/105 1841/166/109 154/26/26 152/24/24
f 1841/166/109 1861/167/112 156/28/28 154/26/26
f 1861/167/112 1881/29/115 158/30/30 156/28/28
f 1881/29/115 1901/31/120 160/32/32 158/30/30
f 1901/31/120 1921/145/125 162/34/66 160/32/32
f 1921/145/125 1941/35/130 164/36/36 162/34/66
f 1941/35/130 1961/168/134 166/38/38 164/36/36
f 1961/168/134 1981/169/138 168/40/40 166/38/38
f 1981/169/138 2001/170/142 170/42/42 168/40/40
f 2001/170/142 2021/171/147 172/44/44 170/42/42
f 2021/171/147 2041/172/151 174/46/46 172/44/44
f 2041/172/151 2061/151/153 176/48/48 174/46/46
f 2061/151/153 2081/173/155 178/50/50 176/48/48
f 2081/173/155 2101/174/158 180/52/52 178/50/50
f 2101/174/158 2121/175/160 182/54/54 180/52/52
f 2121/175/160 2141/155/162 184/56/56 182/54/54
f 2141/155/162 2161/57/164 186/58/58 184/56/56
f 2161/57/164 2181/176/166 188/60/60 186/58/58
f 2181/176/166 2201/177/170 190/62/62 188/60/60
f 132/63/4 134/64/6 136/65/8 138/66/10 140/67/12 142/68/14 144/69/16 146/70/18 148/71/20 150/72/22 152/73/24 154/74/26 156/75/28 158/76/30 160/77/32 162/78/66 164/79/36 166/80/38 168/81/40 170/82/42 172/83/44 174/84/46 176/85/48 178/86/50 180/87/52 182/88/54 184/89/56 186/90/58 188/91/60 190/92/62 192/93/64 130/94/2
f 2201/177/170 2221/159/174 192/96/64 190/62/62
f 2221/159/174 1620/178/68 130/98/2 192/96/64
f 129/99/1 191/100/63 189/101/61 187/102/59 185/103/57 183/104/55 181/105/53 179/106/51 177/107/49 175/108/47 173/109/45 171/110/43 169/111/41 167/112/39 165/113/37 163/114/35 161/115/33 159/116/31 157/117/29 155/118/27 153/119/25 151/120/23 149/121/21 147/122/19 145/123/17 143/124/15 141/125/65 139/126/11 137/127/9 135/128/7 133/129/5 131/130/3
f 980/1/68 981/179/72 196/3/4 194/4/2
f 981/179/72 1001/5/76 198/6/6 196/3/4
f 1001/5/76 1021/180/80 200/8/8 198/6/6
f 1021/180/80 1041/181/83 202/10/10 200/8/8
f 1041/181/83 1061/182/86 204/12/12 202/10/10
f 1061/182/86 1081/183/89 206/14/14 204/12/12
f 1081/183/89 1101/15/92 208/16/16 206/14/14
f 1101/15/92 1121/184/96 210/18/18 208/16/16
f 1121/184/96 1141/164/99 212/20/20 210/18/18
f 1141/164/99 1161/139/102 214/22/22 212/20/20
f 1161/139/102 1181/140/105 216/24/24 214/22/22
f 1181/140/105 1201/166/109 218/26/26 216/24/24
f 1201/166/109 1221/167/112 220/28/28 218/26/26
f 1221/167/112 1241/29/115 222/30/30 220/28/28
f 1241/29/115 1261/185/120 224/32/32 222/30/30
f 1261/185/120 1281/145/125 226/34/34 224/32/32
f 1281/145/125 1301/35/130 228/36/36 226/34/34
f 1301/35/130 1321/186/134 230/38/38 228/36/36
f 1321/186/134 1341/148/138 232/40/40 230/38/38
f 1341/148/138 1361/187/142 234/42/42 232/40/40
f 1361/187/142 1381/171/147 236/44/44 234/42/42
f 1381/171/147 1401/172/151 238/46/46 236/44/44
f 1401/172/151 1421/188/153 240/48/48 238/46/46
f 1421/188/153 1441/189/155 242/50/50 240/48/48
f 1441/189/155 1461/174/158 244/52/52 242/50/50
f 1461/174/158 1481/190/160 246/54/54 244/52/52
f 1481/190/160 1501/191/162 248/56/56 246/54/54
f 1501/191/162 1521/57/164 250/58/58 248/56/56
f 1521/57/164 1541/157/166 252/60/60 250/58/58
f 1541/157/166 1561/158/170 254/62/62 252/60/60
f 196/63/4 198/64/6 200/65/8 202/66/10 204/67/12 206/68/14 208/69/16 210/70/18 212/71/20 214/72/22 216/73/24 218/74/26 220/75/28 222/76/30 224/77/32 226/78/34 228/79/36 230/80/38 232/81/40 234/82/42 236/83/44 238/84/46 240/85/48 242/86/50 244/87/52 246/88/54 248/89/56 250/90/58 252/91/60 254/92/62 256/93/64 194/94/2
f 1561/158/170 1581/159/174 256/96/64 254/62/62
f 1581/159/174 980/97/68 194/98/2 256/96/64
f 193/99/1 255/100/63 253/101/61 251/102/59 249/103/57 247/104/55 245/105/53 243/106/51 241/107/49 239/108/47 237/109/45 235/110/43 233/111/41 231/112/39 229/113/37 227/114/35 225/115/33 223/116/31 221/117/29 219/118/27 217/119/25 215/120/23 213/121/21 211/122/19 209/123/17 207/124/15 205/125/65 203/126/11 201/127/9 199/128/67 197/129/5 195/130/3
f 340/192/68 341/193/72 260/3/4 258/4/2
f 341/193/72 361/5/76 262/6/6 260/3/4
f 361/5/76 381/180/80 264/8/8 262/6/6
f 381/180/80 401/181/83 266/10/10 264/8/8
f 401/181/83 421/182/86 268/12/12 266/10/10
f 421/182/86 441/183/89 270/14/14 268/12/12
f 441/183/89 461/15/92 272/16/16 270/14/14
f 461/15/92 481/184/96 274/18/18 272/16/16
f 481/184/96 501/164/99 276/20/20 274/18/18
f 501/164/99 521/139/102 278/22/22 276/20/20
f 521/139/102 541/140/105 280/24/24 278/22/22
f 541/140/105 561/194/109 282/26/26 280/24/24
f 561/194/109 581/195/112 284/28/28 282/26/26
f 581/195/112 601/29/115 286/30/30 284/28/28
f 601/29/115 621/31/120 288/32/32 286/30/30
f 621/31/120 641/196/125 290/34/66 288/32/32
f 641/196/125 661/35/130 292/36/36 290/34/66
f 661/35/130 681/168/134 294/38/38 292/36/36
f 681/168/134 701/148/138 296/40/40 294/38/38
f 701/148/138 721/197/142 298/42/42 296/40/40
f 721/197/142 741/198/147 300/44/44 298/42/42
f 741/198/147 761/172/151 302/46/46 300/44/44
f 761/172/151 781/188/153 304/48/48 302/46/46
f 781/188/153 801/189/155 306/50/50 304/48/48
f 801/189/155 821/174/158 308/52/52 306/50/50
f 821/174/158 841/190/160 310/54/54 308/52/52
f 841/190/160 861/191/162 312/56/56 310/54/54
f 861/191/162 881/57/164 314/58/58 312/56/56
f 881/57/164 901/157/166 316/60/60 314/58/58
f 901/157/166 921/177/170 318/62/62 316/60/60
f 260/63/4 262/64/6 264/65/8 266/66/10 268/67/12 270/68/14 272/69/16 274/70/18 276/71/20 278/72/22 280/73/24 282/74/26 284/75/28 286/76/30 288/77/32 290/78/66 292/79/36 294/80/38 296/81/40 298/82/42 300/83/44 302/84/46 304/85/48 306/86/50 308/87/52 310/88/54 312/89/56 314/90/58 316/91/60 318/92/62 320/93/64 258/94/2
f 921/177/170 941/199/174 320/96/64 318/62/62
f 941/199/174 340/97/68 258/98/2 320/96/64
f 257/99/1 319/100/63 317/101/61 315/102/59 313/103/57 311/104/55 309/105/53 307/106/51 305/107/49 303/108/47 301/109/45 299/110/43 297/111/41 295/112/39 293/113/37 291/114/35 289/115/33 287/116/31 285/117/29 283/118/27 281/119/25 279/120/23 277/121/21 275/122/19 273/123/17 271/124/15 269/125/65 267/126/11 265/127/9 263/128/7 261/129/5 259/130/3
f 319/200/63 257/201/1 321/202/68 960/203/174
f 960/203/174 321/202/68 322/204/68 959/205/174
f 959/205/174 322/204/68 323/206/68 958/207/174
f 958/207/174 323/206/68 324/208/68 957/209/174
f 957/209/174 324/208/68 3522/210/198 956/211/176
f 3523/212/199 326/213/70 327/214/68 954/215/174
f 954/215/174 327/214/68 328/216/68 953/217/174
f 953/217/174 328/216/68 329/218/68 952/219/174
f 952/219/174 329/218/68 330/220/68 951/221/174
f 951/221/174 330/220/68 331/222/68 950/223/174
f 950/223/174 331/222/68 332/224/68 949/225/174
f 949/225/174 332/224/68 333/226/68 948/227/174
f 948/227/174 333/226/68 334/228/68 947/229/174
f 947/229/174 334/228/68 3526/230/201 946/231/176
f 3527/232/199 336/233/71 337/234/68 944/235/174
f 944/235/174 337/234/68 338/236/68 943/237/174
f 943/237/174 338/236/68 339/238/68 942/239/174
f 942/239/174 339/238/68 340/97/68 941/199/174
f 317/240/61 319/200/63 960/203/174 940/241/170
f 940/241/170 960/203/174 959/205/174 939/242/170
f 939/242/170 959/205/174 958/207/174 938/243/170
f 938/243/170 958/207/174 957/209/174 937/244/170
f 937/244/170 957/209/174 956/211/176 936/245/173
f 3530/246/203 3523/212/199 954/215/174 934/247/170
f 934/247/170 954/215/174 953/217/174 933/248/170
f 933/248/170 953/217/174 952/219/174 932/249/170
f 932/249/170 952/219/174 951/221/174 931/250/170
f 931/250/170 951/221/174 950/223/174 930/251/170
f 930/251/170 950/223/174 949/225/174 929/252/170
f 929/252/170 949/225/174 948/227/174 928/253/170
f 928/253/170 948/227/174 947/229/174 927/254/170
f 927/254/170 947/229/174 946/231/176 926/255/172
f 3532/256/203 3527/232/199 944/235/174 924/257/170
f 924/257/170 944/235/174 943/237/174 923/258/170
f 923/258/170 943/237/174 942/239/174 922/259/170
f 922/259/170 942/239/174 941/199/174 921/177/170
f 315/260/59 317/240/61 940/241/170 920/261/166
f 920/261/166 940/241/170 939/242/170 919/262/166
f 919/262/166 939/242/170 938/243/170 918/263/166
f 918/263/166 938/243/170 937/244/170 917/264/166
f 917/264/166 937/244/170 936/245/173 916/265/169
f 3534/266/206 3530/246/203 934/247/170 914/267/166
f 914/267/166 934/247/170 933/248/170 913/268/166
f 913/268/166 933/248/170 932/249/170 912/269/166
f 912/269/166 932/249/170 931/250/170 911/270/166
f 911/270/166 931/250/170 930/251/170 910/271/166
f 910/271/166 930/251/170 929/252/170 909/272/166
f 909/272/166 929/252/170 928/253/170 908/273/166
f 908/273/166 928/253/170 927/254/170 907/274/166
f 907/274/166 927/254/170 926/255/172 906/275/167
f 3536/276/208 3532/256/203 924/257/170 904/277/166
f 904/277/166 924/257/170 923/258/170 903/278/166
f 903/278/166 923/258/170 922/259/170 902/279/166
f 902/279/166 922/259/170 921/177/170 901/157/166
f 313/280/57 315/260/59 920/261/166 900/281/164
f 900/281/164 920/261/166 919/262/166 899/282/164
f 899/282/164 919/262/166 918/263/166 898/283/164
f 898/283/164 918/263/166 917/264/166 897/284/164
f 897/284/164 917/264/166 916/265/169 896/285/165
f 3538/286/210 3534/266/206 914/267/166 894/287/164
f 894/287/164 914/267/166 913/268/166 893/288/164
f 893/288/164 913/268/166 912/269/166 892/289/164
f 892/289/164 912/269/166 911/270/166 891/290/164
f 891/290/164 911/270/166 910/271/166 890/291/164
f 890/291/164 910/271/166 909/272/166 889/292/164
f 889/292/164 909/272/166 908/273/166 888/293/164
f 888/293/164 908/273/166 907/274/166 887/294/164
f 887/294/164 907/274/166 906/275/167 886/295/165
f 3540/296/210 3536/276/208 904/277/166 884/297/164
f 884/297/164 904/277/166 903/278/166 883/298/164
f 883/298/164 903/278/166 902/279/166 882/299/164
f 882/299/164 902/279/166 901/157/166 881/57/164
f 311/300/55 313/280/57 900/281/164 880/301/162
f 880/301/162 900/281/164 899/282/164 879/302/162
f 879/302/162 899/282/164 898/283/164 878/303/162
f 878/303/162 898/283/164 897/284/164 877/304/162
f 877/304/162 897/284/164 896/285/165 876/305/163
f 3542/306/212 3538/286/210 894/287/164 874/307/162
f 874/307/162 894/287/164 893/288/164 873/308/162
f 873/308/162 893/288/164 892/289/164 872/309/162
f 872/309/162 892/289/164 891/290/164 871/310/162
f 871/310/162 891/290/164 890/291/164 870/311/162
f 870/311/162 890/291/164 889/292/164 869/312/162
f 869/312/162 889/292/164 888/293/164 868/313/162
f 868/313/162 888/293/164 887/294/164 867/314/162
f 867/314/162 887/294/164 886/295/165 866/315/163
f 3544/316/212 3540/296/210 884/297/164 864/317/162
f 864/317/162 884/297/164 883/298/164 863/318/162
f 863/318/162 883/298/164 882/299/164 862/319/162
f 862/319/162 882/299/164 881/57/164 861/191/162
f 309/320/53 311/300/55 880/301/162 860/321/160
f 860/321/160 880/301/162 879/302/162 859/322/160
f 859/322/160 879/302/162 878/303/162 858/323/160
f 858/323/160 878/303/162 877/304/162 857/324/160
f 857/324/160 877/304/162 876/305/163 856/325/161
f 3546/326/215 3542/306/212 874/307/162 854/327/160
f 854/327/160 874/307/162 873/308/162 853/328/160
f 853/328/160 873/308/162 872/309/162 852/329/160
f 852/329/160 872/309/162 871/310/162 851/330/160
f 851/330/160 871/310/162 870/311/162 850/331/160
f 850/331/160 870/311/162 869/312/162 849/332/160
f 849/332/160 869/312/162 868/313/162 848/333/160
f 848/333/160 868/313/162 867/314/162 847/334/160
f 847/334/160 867/314/162 866/315/163 846/335/161
f 3548/336/215 3544/316/212 864/317/162 844/337/160
f 844/337/160 864/317/162 863/318/162 843/338/160
f 843/338/160 863/318/162 862/319/162 842/339/160
f 842/339/160 862/319/162 861/191/162 841/190/160
f 307/340/51 309/320/53 860/321/160 840/341/158
f 840/341/158 860/321/160 859/322/160 839/342/158
f 839/342/158 859/322/160 858/323/160 838/343/158
f 838/343/158 858/323/160 857/324/160 837/344/158
f 837/344/158 857/324/160 856/325/161 836/345/159
f 3550/346/217 3546/326/215 854/327/160 834/347/158
f 834/347/158 854/327/160 853/328/160 833/348/158
f 833/348/158 853/328/160 852/329/160 832/349/158
f 832/349/158 852/329/160 851/330/160 831/350/158
f 831/350/158 851/330/160 850/331/160 830/351/158
f 830/351/158 850/331/160 849/332/160 829/352/158
f 829/352/158 849/332/160 848/333/160 828/353/158
f 828/353/158 848/333/160 847/334/160 827/354/158
f 827/354/158 847/334/160 846/335/161 826/355/159
f 3552/356/217 3548/336/215 844/337/160 824/357/158
f 824/357/158 844/337/160 843/338/160 823/358/158
f 823/358/158 843/338/160 842/339/160 822/359/158
f 822/359/158 842/339/160 841/190/160 821/174/158
f 305/360/49 307/340/51 840/341/158 820/361/155
f 820/361/155 840/341/158 839/342/158 819/362/155
f 819/362/155 839/342/158 838/343/158 818/363/155
f 818/363/155 838/343/158 837/344/158 817/364/155
f 817/364/155 837/344/158 836/345/159 816/365/156
f 3554/366/219 3550/346/217 834/347/158 814/367/155
f 814/367/155 834/347/158 833/348/158 813/368/155
f 813/368/155 833/348/158 832/349/158 812/369/155
f 812/369/155 832/349/158 831/350/158 811/370/155
f 811/370/155 831/350/158 830/351/158 810/371/155
f 810/371/155 830/351/158 829/352/158 809/372/155
f 809/372/155 829/352/158 828/353/158 808/373/155
f 808/373/155 828/353/158 827/354/158 807/374/155
f 807/374/155 827/354/158 826/355/159 806/375/156
f 3556/376/219 3552/356/217 824/357/158 804/377/155
f 804/377/155 824/357/158 823/358/158 803/378/155
f 803/378/155 823/358/158 822/359/158 802/379/155
f 802/379/155 822/359/158 821/174/158 801/189/155
f 303/380/47 305/360/49 820/361/155 800/381/153
f 800/381/153 820/361/155 819/362/155 799/382/153
f 799/382/153 819/362/155 818/363/155 798/383/153
f 798/383/153 818/363/155 817/364/155 797/384/153
f 797/384/153 817/364/155 816/365/156 796/385/154
f 3558/386/222 3554/366/219 814/367/155 794/387/153
f 794/387/153 814/367/155 813/368/155 793/388/153
f 793/388/153 813/368/155 812/369/155 792/389/153
f 792/389/153 812/369/155 811/370/155 791/390/153
f 791/390/153 811/370/155 810/371/155 790/391/153
f 790/391/153 810/371/155 809/372/155 789/392/153
f 789/392/153 809/372/155 808/373/155 788/393/153
f 788/393/153 808/373/155 807/374/155 787/394/153
f 787/394/153 807/374/155 806/375/156 786/395/154
f 3560/396/222 3556/376/219 804/377/155 784/397/153
f 784/397/153 804/377/155 803/378/155 783/398/153
f 783/398/153 803/378/155 802/379/155 782/399/153
f 782/399/153 802/379/155 801/189/155 781/188/153
f 301/400/45 303/380/47 800/381/153 780/401/151
f 780/401/151 800/381/153 799/382/153 779/402/151
f 779/402/151 799/382/153 798/383/153 778/403/151
f 778/403/151 798/383/153 797/384/153 777/404/151
f 777/404/151 797/384/153 796/385/154 776/405/152
f 3562/406/225 3558/386/222 794/387/153 774/407/151
f 774/407/151 794/387/153 793/388/153 773/408/151
f 773/408/151 793/388/153 792/389/153 772/409/151
f 772/409/151 792/389/153 791/390/153 771/410/151
f 771/410/151 791/390/153 790/391/153 770/411/151
f 770/411/151 790/391/153 789/392/153 769/412/151
f 769/412/151 789/392/153 788/393/153 768/413/151
f 768/413/151 788/393/153 787/394/153 767/414/151
f 767/414/151 787/394/153 786/395/154 766/415/152
f 3564/416/225 3560/396/222 784/397/153 764/417/151
f 764/417/151 784/397/153 783/398/153 763/418/151
f 763/418/151 783/398/153 782/399/153 762/419/151
f 762/419/151 782/399/153 781/188/153 761/172/151
f 299/420/43 301/400/45 780/401/151 760/421/147
f 760/421/147 780/401/151 779/402/151 759/422/147
f 759/422/147 779/402/151 778/403/151 758/423/147
f 758/423/147 778/403/151 777/404/151 757/424/147
f 757/424/147 777/404/151 776/405/152 756/425/150
f 3566/426/227 3562/406/225 774/407/151 754/427/147
f 754/427/147 774/407/151 773/408/151 753/428/147
f 753/428/147 773/408/151 772/409/151 752/429/147
f 752/429/147 772/409/151 771/410/151 751/430/147
f 751/430/147 771/410/151 770/411/151 750/431/147
f 750/431/147 770/411/151 769/412/151 749/432/147
f 749/432/147 769/412/151 768/413/151 748/433/147
f 748/433/147 768/413/151 767/414/151 747/434/147
f 747/434/147 767/414/151 766/415/152 746/435/149
f 3568/436/227 3564/416/225 764/417/151 744/437/147
f 744/437/147 764/417/151 763/418/151 743/438/147
f 743/438/147 763/418/151 762/419/151 742/439/147
f 742/439/147 762/419/151 761/172/151 741/198/147
f 297/440/41 299/420/43 760/421/147 740/441/142
f 740/441/142 760/421/147 759/422/147 739/442/143
f 739/442/143 759/422/147 758/423/147 738/443/142
f 738/443/142 758/423/147 757/424/147 737/444/142
f 737/444/142 757/424/147 756/425/150 736/445/146
f 3570/446/230 3566/426/227 754/427/147 734/447/143
f 734/447/143 754/427/147 753/428/147 733/448/143
f 733/448/143 753/428/147 752/429/147 732/449/143
f 732/449/143 752/429/147 751/430/147 731/450/143
f 731/450/143 751/430/147 750/431/147 730/451/143
f 730/451/143 750/431/147 749/432/147 729/452/143
f 729/452/143 749/432/147 748/433/147 728/453/143
f 728/453/143 748/433/147 747/434/147 727/454/143
f 727/454/143 747/434/147 746/435/149 726/455/145
f 3572/456/232 3568/436/227 744/437/147 724/457/143
f 724/457/143 744/437/147 743/438/147 723/458/142
f 723/458/142 743/438/147 742/439/147 722/459/142
f 722/459/142 742/439/147 741/198/147 721/197/142
f 295/460/39 297/440/41 740/441/142 720/461/138
f 720/461/138 740/441/142 739/442/143 719/462/138
f 719/462/138 739/442/143 738/443/142 718/463/138
f 718/463/138 738/443/142 737/444/142 717/464/138
f 717/464/138 737/444/142 736/445/146 716/465/141
f 3574/466/234 3570/446/230 734/447/143 714/467/138
f 714/467/138 734/447/143 733/448/143 713/468/138
f 713/468/138 733/448/143 732/449/143 712/469/138
f 712/469/138 732/449/143 731/450/143 711/470/138
f 711/470/138 731/450/143 730/451/143 710/471/138
f 710/471/138 730/451/143 729/452/143 709/472/138
f 709/472/138 729/452/143 728/453/143 708/473/138
f 708/473/138 728/453/143 727/454/143 707/474/138
f 707/474/138 727/454/143 726/455/145 706/475/140
f 3576/476/234 3572/456/232 724/457/143 704/477/138
f 704/477/138 724/457/143 723/458/142 703/478/138
f 703/478/138 723/458/142 722/459/142 702/479/138
f 702/479/138 722/459/142 721/197/142 701/148/138
f 293/480/37 295/460/39 720/461/138 700/481/134
f 700/481/134 720/461/138 719/462/138 699/482/134
f 699/482/134 719/462/138 718/463/138 698/483/134
f 698/483/134 718/463/138 717/464/138 697/484/134
f 697/484/134 717/464/138 716/465/141 696/485/136
f 3578/486/237 3574/466/234 714/467/138 694/487/134
f 694/487/134 714/467/138 713/468/138 693/488/134
f 693/488/134 713/468/138 712/469/138 692/489/134
f 692/489/134 712/469/138 711/470/138 691/490/134
f 691/490/134 711/470/138 710/471/138 690/491/134
f 690/491/134 710/471/138 709/472/138 689/492/134
f 689/492/134 709/472/138 708/473/138 688/493/134
f 688/493/134 708/473/138 707/474/138 687/494/134
f 687/494/134 707/474/138 706/475/140 686/495/136
f 3580/496/237 3576/476/234 704/477/138 684/497/134
f 684/497/134 704/477/138 703/478/138 683/498/134
f 683/498/134 703/478/138 702/479/138 682/499/134
f 682/499/134 702/479/138 701/148/138 681/168/134
f 291/500/35 293/480/37 700/481/134 680/501/130
f 680/501/130 700/481/134 699/482/134 679/502/130
f 679/502/130 699/482/134 698/483/134 678/503/130
f 678/503/130 698/483/134 697/484/134 677/504/130
f 677/504/130 697/484/134 696/485/136 676/505/133
f 3582/506/240 3578/486/237 694/487/134 674/507/130
f 674/507/130 694/487/134 693/488/134 673/508/130
f 673/508/130 693/488/134 692/489/134 672/509/130
f 672/509/130 692/489/134 691/490/134 671/510/130
f 671/510/130 691/490/134 690/491/134 670/511/130
f 670/511/130 690/491/134 689/492/134 669/512/130
f 669/512/130 689/492/134 688/493/134 668/513/130
f 668/513/130 688/493/134 687/494/134 667/514/130
f 667/514/130 687/494/134 686/495/136 666/515/131
f 3584/516/242 3580/496/237 684/497/134 664/517/130
f 664/517/130 684/497/134 683/498/134 663/518/130
f 663/518/130 683/498/134 682/499/134 662/519/130
f 662/519/130 682/499/134 681/168/134 661/35/130
f 289/520/33 291/500/35 680/501/130 660/521/125
f 660/521/125 680/501/130 679/502/130 659/522/125
f 659/522/125 679/502/130 678/503/130 658/523/125
f 658/523/125 678/503/130 677/504/130 657/524/125
f 657/524/125 677/504/130 676/505/133 656/525/129
f 3586/526/244 3582/506/240 674/507/130 654/527/125
f 654/527/125 674/507/130 673/508/130 653/528/125
f 653/528/125 673/508/130 672/509/130 652/529/125
f 652/529/125 672/509/130 671/510/130 651/530/125
f 651/530/125 671/510/130 670/511/130 650/531/125
f 650/531/125 670/511/130 669/512/130 649/532/125
f 649/532/125 669/512/130 668/513/130 648/533/125
f 648/533/125 668/513/130 667/514/130 647/534/125
f 647/534/125 667/514/130 666/515/131 646/535/127
f 3588/536/246 3584/516/242 664/517/130 644/537/125
f 644/537/125 664/517/130 663/518/130 643/538/125
f 643/538/125 663/518/130 662/519/130 642/539/125
f 642/539/125 662/519/130 661/35/130 641/196/125
f 287/540/31 289/520/33 660/521/125 640/541/120
f 640/541/120 660/521/125 659/522/125 639/542/120
f 639/542/120 659/522/125 658/523/125 638/543/120
f 638/543/120 658/523/125 657/524/125 637/544/120
f 637/544/120 657/524/125 656/525/129 636/545/124
f 3590/546/248 3586/526/244 654/527/125 634/547/120
f 634/547/120 654/527/125 653/528/125 633/548/120
f 633/548/120 653/528/125 652/529/125 632/549/120
f 632/549/120 652/529/125 651/530/125 631/550/120
f 631/550/120 651/530/125 650/531/125 630/551/120
f 630/551/120 650/531/125 649/532/125 629/552/120
f 629/552/120 649/532/125 648/533/125 628/553/120
f 628/553/120 648/533/125 647/534/125 627/554/120
f 627/554/120 647/534/125 646/535/127 626/555/122
f 3592/556/249 3588/536/246 644/537/125 624/557/120
f 624/557/120 644/537/125 643/538/125 623/558/120
f 623/558/120 643/538/125 642/539/125 622/559/120
f 622/559/120 642/539/125 641/196/125 621/31/120
f 285/560/29 287/540/31 640/541/120 620/561/115
f 620/561/115 640/541/120 639/542/120 619/562/115
f 619/562/115 639/542/120 638/543/120 618/563/115
f 618/563/115 638/543/120 637/544/120 617/564/115
f 617/564/115 637/544/120 636/545/124 616/565/118
f 3594/566/251 3590/546/248 634/547/120 614/567/116
f 614/567/116 634/547/120 633/548/120 613/568/116
f 613/568/116 633/548/120 632/549/120 612/569/116
f 612/569/116 632/549/120 631/550/120 611/570/116
f 611/570/116 631/550/120 630/551/120 610/571/116
f 610/571/116 630/551/120 629/552/120 609/572/116
f 609/572/116 629/552/120 628/553/120 608/573/116
f 608/573/116 628/553/120 627/554/120 607/574/116
f 607/574/116 627/554/120 626/555/122 606/575/118
f 3596/576/252 3592/556/249 624/557/120 604/577/116
f 604/577/116 624/557/120 623/558/120 603/578/115
f 603/578/115 623/558/120 622/559/120 602/579/115
f 602/579/115 622/559/120 621/31/120 601/29/115
f 283/580/27 285/560/29 620/561/115 600/581/112
f 600/581/112 620/561/115 619/562/115 599/582/112
f 599/582/112 619/562/115 618/563/115 598/583/112
f 598/583/112 618/563/115 617/564/115 597/584/112
f 597/584/112 617/564/115 616/565/118 596/585/114
f 3598/586/253 3594/566/251 614/567/116 594/587/112
f 594/587/112 614/567/116 613/568/116 593/588/112
f 593/588/112 613/568/116 612/569/116 592/589/112
f 592/589/112 612/569/116 611/570/116 591/590/112
f 591/590/112 611/570/116 610/571/116 590/591/112
f 590/591/112 610/571/116 609/572/116 589/592/112
f 589/592/112 609/572/116 608/573/116 588/593/112
f 588/593/112 608/573/116 607/574/116 587/594/112
f 587/594/112 607/574/116 606/575/118 586/595/114
f 3600/596/253 3596/576/252 604/577/116 584/597/112
f 584/597/112 604/577/116 603/578/115 583/598/112
f 583/598/112 603/578/115 602/579/115 582/599/112
f 582/599/112 602/579/115 601/29/115 581/195/112
f 281/600/25 283/580/27 600/581/112 580/601/109
f 580/601/109 600/581/112 599/582/112 579/602/109
f 579/602/109 599/582/112 598/583/112 578/603/109
f 578/603/109 598/583/112 597/584/112 577/604/109
f 577/604/109 597/584/112 596/585/114 576/605/111
f 3602/606/254 3598/586/253 594/587/112 574/607/109
f 574/607/109 594/587/112 593/588/112 573/608/109
f 573/608/109 593/588/112 592/589/112 572/609/109
f 572/609/109 592/589/112 591/590/112 571/610/109
f 571/610/109 591/590/112 590/591/112 570/611/109
f 570/611/109 590/591/112 589/592/112 569/612/109
f 569/612/109 589/592/112 588/593/112 568/613/109
f 568/613/109 588/593/112 587/594/112 567/614/109
f 567/614/109 587/594/112 586/595/114 566/615/111
f 3604/616/255 3600/596/253 584/597/112 564/617/109
f 564/617/109 584/597/112 583/598/112 563/618/109
f 563/618/109 583/598/112 582/599/112 562/619/109
f 562/619/109 582/599/112 581/195/112 561/194/109
f 279/620/23 281/600/25 580/601/109 560/621/105
f 560/621/105 580/601/109 579/602/109 559/622/105
f 559/622/105 579/602/109 578/603/109 558/623/105
f 558/623/105 578/603/109 577/604/109 557/624/105
f 557/624/105 577/604/109 576/605/111 556/625/107
f 3606/626/256 3602/606/254 574/607/109 554/627/105
f 554/627/105 574/607/109 573/608/109 553/628/105
f 553/628/105 573/608/109 572/609/109 552/629/105
f 552/629/105 572/609/109 571/610/109 551/630/105
f 551/630/105 571/610/109 570/611/109 550/631/105
f 550/631/105 570/611/109 569/612/109 549/632/105
f 549/632/105 569/612/109 568/613/109 548/633/105
f 548/633/105 568/613/109 567/614/109 547/634/105
f 547/634/105 567/614/109 566/615/111 546/635/107
f 3608/636/256 3604/616/255 564/617/109 544/637/105
f 544/637/105 564/617/109 563/618/109 543/638/105
f 543/638/105 563/618/109 562/619/109 542/639/105
f 542/639/105 562/619/109 561/194/109 541/140/105
f 277/640/21 279/620/23 560/621/105 540/641/102
f 540/641/102 560/621/105 559/622/105 539/642/102
f 539/642/102 559/622/105 558/623/105 538/643/102
f 538/643/102 558/623/105 557/624/105 537/644/102
f 537/644/102 557/624/105 556/625/107 536/645/104
f 3610/646/257 3606/626/256 554/627/105 534/647/102
f 534/647/102 554/627/105 553/628/105 533/648/102
f 533/648/102 553/628/105 552/629/105 532/649/102
f 532/649/102 552/629/105 551/630/105 531/650/102
f 531/650/102 551/630/105 550/631/105 530/651/102
f 530/651/102 550/631/105 549/632/105 529/652/102
f 529/652/102 549/632/105 548/633/105 528/653/102
f 528/653/102 548/633/105 547/634/105 527/654/102
f 527/654/102 547/634/105 546/635/107 526/655/104
f 3612/656/257 3608/636/256 544/637/105 524/657/102
f 524/657/102 544/637/105 543/638/105 523/658/102
f 523/658/102 543/638/105 542/639/105 522/659/102
f 522/659/102 542/639/105 541/140/105 521/139/102
f 275/660/19 277/640/21 540/641/102 520/661/99
f 520/661/99 540/641/102 539/642/102 519/662/99
f 519/662/99 539/642/102 538/643/102 518/663/99
f 518/663/99 538/643/102 537/644/102 517/664/99
f 517/664/99 537/644/102 536/645/104 516/665/101
f 3614/666/258 3610/646/257 534/647/102 514/667/99
f 514/667/99 534/647/102 533/648/102 513/668/99
f 513/668/99 533/648/102 532/649/102 512/669/99
f 512/669/99 532/649/102 531/650/102 511/670/99
f 511/670/99 531/650/102 530/651/102 510/671/99
f 510/671/99 530/651/102 529/652/102 509/672/99
f 509/672/99 529/652/102 528/653/102 508/673/99
f 508/673/99 528/653/102 527/654/102 507/674/99
f 507/674/99 527/654/102 526/655/104 506/675/101
f 3616/676/258 3612/656/257 524/657/102 504/677/99
f 504/677/99 524/657/102 523/658/102 503/678/99
f 503/678/99 523/658/102 522/659/102 502/679/99
f 502/679/99 522/659/102 521/139/102 501/164/99
f 273/680/17 275/660/19 520/661/99 500/681/96
f 500/681/96 520/661/99 519/662/99 499/682/96
f 499/682/96 519/662/99 518/663/99 498/683/96
f 498/683/96 518/663/99 517/664/99 497/684/96
f 497/684/96 517/664/99 516/665/101 496/685/98
f 3618/686/259 3614/666/258 514/667/99 494/687/96
f 494/687/96 514/667/99 513/668/99 493/688/96
f 493/688/96 513/668/99 512/669/99 492/689/96
f 492/689/96 512/669/99 511/670/99 491/690/96
f 491/690/96 511/670/99 510/671/99 490/691/96
f 490/691/96 510/671/99 509/672/99 489/692/96
f 489/692/96 509/672/99 508/673/99 488/693/96
f 488/693/96 508/673/99 507/674/99 487/694/96
f 487/694/96 507/674/99 506/675/101 486/695/98
f 3620/696/259 3616/676/258 504/677/99 484/697/96
f 484/697/96 504/677/99 503/678/99 483/698/96
f 483/698/96 503/678/99 502/679/99 482/699/96
f 482/699/96 502/679/99 501/164/99 481/184/96
f 271/700/15 273/680/17 500/681/96 480/701/92
f 480/701/92 500/681/96 499/682/96 479/702/92
f 479/702/92 499/682/96 498/683/96 478/703/92
f 478/703/92 498/683/96 497/684/96 477/704/92
f 477/704/92 497/684/96 496/685/98 476/705/94
f 3622/706/260 3618/686/259 494/687/96 474/707/92
f 474/707/92 494/687/96 493/688/96 473/708/92
f 473/708/92 493/688/96 492/689/96 472/709/92
f 472/709/92 492/689/96 491/690/96 471/710/92
f 471/710/92 491/690/96 490/691/96 470/711/92
f 470/711/92 490/691/96 489/692/96 469/712/92
f 469/712/92 489/692/96 488/693/96 468/713/92
f 468/713/92 488/693/96 487/694/96 467/714/92
f 467/714/92 487/694/96 486/695/98 466/715/94
f 3624/716/260 3620/696/259 484/697/96 464/717/92
f 464/717/92 484/697/96 483/698/96 463/718/92
f 463/718/92 483/698/96 482/699/96 462/719/92
f 462/719/92 482/699/96 481/184/96 461/15/92
f 269/720/65 271/700/15 480/701/92 460/721/89
f 460/721/89 480/701/92 479/702/92 459/722/89
f 459/722/89 479/702/92 478/703/92 458/723/89
f 458/723/89 478/703/92 477/704/92 457/724/89
f 457/724/89 477/704/92 476/705/94 456/725/91
f 3626/726/261 3622/706/260 474/707/92 454/727/89
f 454/727/89 474/707/92 473/708/92 453/728/89
f 453/728/89 473/708/92 472/709/92 452/729/89
f 452/729/89 472/709/92 471/710/92 451/730/89
f 451/730/89 471/710/92 470/711/92 450/731/89
f 450/731/89 470/711/92 469/712/92 449/732/89
f 449/732/89 469/712/92 468/713/92 448/733/89
f 448/733/89 468/713/92 467/714/92 447/734/89
f 447/734/89 467/714/92 466/715/94 446/735/91
f 3628/736/261 3624/716/260 464/717/92 444/737/89
f 444/737/89 464/717/92 463/718/92 443/738/89
f 443/738/89 463/718/92 462/719/92 442/739/89
f 442/739/89 462/719/92 461/15/92 441/183/89
f 267/740/11 269/720/65 460/721/89 440/741/86
f 440/741/86 460/721/89 459/722/89 439/742/86
f 439/742/86 459/722/89 458/723/89 438/743/86
f 438/743/86 458/723/89 457/724/89 437/744/86
f 437/744/86 457/724/89 456/725/91 436/745/88
f 3630/746/262 3626/726/261 454/727/89 434/747/86
f 434/747/86 454/727/89 453/728/89 433/748/86
f 433/748/86 453/728/89 452/729/89 432/749/86
f 432/749/86 452/729/89 451/730/89 431/750/86
f 431/750/86 451/730/89 450/731/89 430/751/86
f 430/751/86 450/731/89 449/732/89 429/752/86
f 429/752/86 449/732/89 448/733/89 428/753/86
f 428/753/86 448/733/89 447/734/89 427/754/86
f 427/754/86 447/734/89 446/735/91 426/755/88
f 3632/756/263 3628/736/261 444/737/89 424/757/86
f 424/757/86 444/737/89 443/738/89 423/758/86
f 423/758/86 443/738/89 442/739/89 422/759/86
f 422/759/86 442/739/89 441/183/89 421/182/86
f 265/760/9 267/740/11 440/741/86 420/761/83
f 420/761/83 440/741/86 439/742/86 419/762/83
f 419/762/83 439/742/86 438/743/86 418/763/83
f 418/763/83 438/743/86 437/744/86 417/764/83
f 417/764/83 437/744/86 436/745/88 416/765/85
f 3634/766/264 3630/746/262 434/747/86 414/767/83
f 414/767/83 434/747/86 433/748/86 413/768/83
f 413/768/83 433/748/86 432/749/86 412/769/83
f 412/769/83 432/749/86 431/750/86 411/770/83
f 411/770/83 431/750/86 430/751/86 410/771/83
f 410/771/83 430/751/86 429/752/86 409/772/83
f 409/772/83 429/752/86 428/753/86 408/773/83
f 408/773/83 428/753/86 427/754/86 407/774/83
f 407/774/83 427/754/86 426/755/88 406/775/85
f 3636/776/264 3632/756/263 424/757/86 404/777/83
f 404/777/83 424/757/86 423/758/86 403/778/83
f 403/778/83 423/758/86 422/759/86 402/779/83
f 402/779/83 422/759/86 421/182/86 401/181/83
f 263/780/7 265/760/9 420/761/83 400/781/80
f 400/781/80 420/761/83 419/762/83 399/782/80
f 399/782/80 419/762/83 418/763/83 398/783/80
f 398/783/80 418/763/83 417/764/83 397/784/80
f 397/784/80 417/764/83 416/765/85 396/785/82
f 3638/786/265 3634/766/264 414/767/83 394/787/80
f 394/787/80 414/767/83 413/768/83 393/788/80
f 393/788/80 413/768/83 412/769/83 392/789/80
f 392/789/80 412/769/83 411/770/83 391/790/80
f 391/790/80 411/770/83 410/771/83 390/791/80
f 390/791/80 410/771/83 409/772/83 389/792/80
f 389/792/80 409/772/83 408/773/83 388/793/80
f 388/793/80 408/773/83 407/774/83 387/794/80
f 387/794/80 407/774/83 406/775/85 386/795/82
f 3640/796/265 3636/776/264 404/777/83 384/797/80
f 384/797/80 404/777/83 403/778/83 383/798/80
f 383/798/80 403/778/83 402/779/83 382/799/80
f 382/799/80 402/779/83 401/181/83 381/180/80
f 261/800/5 263/780/7 400/781/80 380/801/76
f 380/801/76 400/781/80 399/782/80 379/802/76
f 379/802/76 399/782/80 398/783/80 378/803/76
f 378/803/76 398/783/80 397/784/80 377/804/76
f 377/804/76 397/784/80 396/785/82 376/805/78
f 3642/806/267 3638/786/265 394/787/80 374/807/76
f 374/807/76 394/787/80 393/788/80 373/808/76
f 373/808/76 393/788/80 392/789/80 372/809/76
f 372/809/76 392/789/80 391/790/80 371/810/76
f 371/810/76 391/790/80 390/791/80 370/811/76
f 370/811/76 390/791/80 389/792/80 369/812/76
f 369/812/76 389/792/80 388/793/80 368/813/76
f 368/813/76 388/793/80 387/794/80 367/814/76
f 367/814/76 387/794/80 386/795/82 366/815/78
f 3644/816/269 3640/796/265 384/797/80 364/817/76
f 364/817/76 384/797/80 383/798/80 363/818/76
f 363/818/76 383/798/80 382/799/80 362/819/76
f 362/819/76 382/799/80 381/180/80 361/5/76
f 259/820/3 261/800/5 380/801/76 360/821/72
f 360/821/72 380/801/76 379/802/76 359/822/72
f 359/822/72 379/802/76 378/803/76 358/823/72
f 358/823/72 378/803/76 377/804/76 357/824/72
f 357/824/72 377/804/76 376/805/78 356/825/74
f 3646/826/270 3642/806/267 374/807/76 354/827/72
f 354/827/72 374/807/76 373/808/76 353/828/72
f 353/828/72 373/808/76 372/809/76 352/829/72
f 352/829/72 372/809/76 371/810/76 351/830/72
f 351/830/72 371/810/76 370/811/76 350/831/72
f 350/831/72 370/811/76 369/812/76 349/832/72
f 349/832/72 369/812/76 368/813/76 348/833/72
f 348/833/72 368/813/76 367/814/76 347/834/72
f 347/834/72 367/814/76 366/815/78 346/835/74
f 3648/836/270 3644/816/269 364/817/76 344/837/72
f 344/837/72 364/817/76 363/818/76 343/838/72
f 343/838/72 363/818/76 362/819/76 342/839/72
f 342/839/72 362/819/76 361/5/76 341/193/72
f 257/840/1 259/820/3 360/821/72 321/841/68
f 321/841/68 360/821/72 359/822/72 322/842/68
f 322/842/68 359/822/72 358/823/72 323/843/68
f 323/843/68 358/823/72 357/824/72 324/844/68
f 324/844/68 357/824/72 356/825/74 3522/845/198
f 326/846/70 3646/826/270 354/827/72 327/847/68
f 327/847/68 354/827/72 353/828/72 328/848/68
f 328/848/68 353/828/72 352/829/72 329/849/68
f 329/849/68 352/829/72 351/830/72 330/850/68
f 330/850/68 351/830/72 350/831/72 331/851/68
f 331/851/68 350/831/72 349/832/72 332/852/68
f 332/852/68 349/832/72 348/833/72 333/853/68
f 333/853/68 348/833/72 347/834/72 334/854/68
f 334/854/68 347/834/72 346/835/74 3526/855/201
f 336/856/71 3648/836/270 344/837/72 337/857/68
f 337/857/68 344/837/72 343/838/72 338/858/68
f 338/858/68 343/838/72 342/839/72 339/859/68
f 339/859/68 342/839/72 341/193/72 340/192/68
f 255/200/63 193/201/1 961/202/68 1600/860/174
f 1600/860/174 961/202/68 962/204/68 1599/861/174
f 1599/861/174 962/204/68 963/206/68 1598/207/174
f 1598/207/174 963/206/68 964/208/68 1597/862/174
f 1597/862/174 964/208/68 3650/210/201 1596/863/176
f 3651/864/199 966/213/71 967/214/68 1594/865/174
f 1594/865/174 967/214/68 968/866/68 1593/867/174
f 1593/867/174 968/866/68 969/218/68 1592/219/174
f 1592/219/174 969/218/68 970/868/68 1591/869/174
f 1591/869/174 970/868/68 971/222/68 1590/223/174
f 1590/223/174 971/222/68 972/224/68 1589/870/174
f 1589/870/174 972/224/68 973/226/68 1588/227/174
f 1588/227/174 973/226/68 974/228/68 1587/871/174
f 1587/871/174 974/228/68 3654/230/201 1586/872/176
f 3655/232/199 976/233/71 977/873/68 1584/874/174
f 1584/874/174 977/873/68 978/236/68 1583/875/174
f 1583/875/174 978/236/68 979/238/68 1582/239/174
f 1582/239/174 979/238/68 980/97/68 1581/159/174
f 253/240/61 255/200/63 1600/860/174 1580/241/170
f 1580/241/170 1600/860/174 1599/861/174 1579/242/170
f 1579/242/170 1599/861/174 1598/207/174 1578/876/170
f 1578/876/170 1598/207/174 1597/862/174 1577/877/170
f 1577/877/170 1597/862/174 1596/863/176 1576/245/173
f 3658/878/203 3651/864/199 1594/865/174 1574/879/170
f 1574/879/170 1594/865/174 1593/867/174 1573/880/170
f 1573/880/170 1593/867/174 1592/219/174 1572/881/170
f 1572/881/170 1592/219/174 1591/869/174 1571/882/170
f 1571/882/170 1591/869/174 1590/223/174 1570/251/170
f 1570/251/170 1590/223/174 1589/870/174 1569/883/170
f 1569/883/170 1589/870/174 1588/227/174 1568/884/170
f 1568/884/170 1588/227/174 1587/871/174 1567/254/170
f 1567/254/170 1587/871/174 1586/872/176 1566/885/172
f 3660/886/203 3655/232/199 1584/874/174 1564/257/170
f 1564/257/170 1584/874/174 1583/875/174 1563/887/170
f 1563/887/170 1583/875/174 1582/239/174 1562/888/170
f 1562/888/170 1582/239/174 1581/159/174 1561/158/170
f 251/260/59 253/240/61 1580/241/170 1560/889/166
f 1560/889/166 1580/241/170 1579/242/170 1559/890/166
f 1559/890/166 1579/242/170 1578/876/170 1558/263/166
f 1558/263/166 1578/876/170 1577/877/170 1557/891/166
f 1557/891/166 1577/877/170 1576/245/173 1556/892/169
f 3662/893/206 3658/878/203 1574/879/170 1554/894/166
f 1554/894/166 1574/879/170 1573/880/170 1553/895/166
f 1553/895/166 1573/880/170 1572/881/170 1552/896/166
f 1552/896/166 1572/881/170 1571/882/170 1551/897/166
f 1551/897/166 1571/882/170 1570/251/170 1550/271/166
f 1550/271/166 1570/251/170 1569/883/170 1549/272/166
f 1549/272/166 1569/883/170 1568/884/170 1548/898/166
f 1548/898/166 1568/884/170 1567/254/170 1547/899/166
f 1547/899/166 1567/254/170 1566/885/172 1546/900/167
f 3664/901/208 3660/886/203 1564/257/170 1544/277/166
f 1544/277/166 1564/257/170 1563/887/170 1543/902/166
f 1543/902/166 1563/887/170 1562/888/170 1542/279/166
f 1542/279/166 1562/888/170 1561/158/170 1541/157/166
f 249/280/57 251/260/59 1560/889/166 1540/903/164
f 1540/903/164 1560/889/166 1559/890/166 1539/904/164
f 1539/904/164 1559/890/166 1558/263/166 1538/283/164
f 1538/283/164 1558/263/166 1557/891/166 1537/905/164
f 1537/905/164 1557/891/166 1556/892/169 1536/285/190
f 3666/906/210 3662/893/206 1554/894/166 1534/907/164
f 1534/907/164 1554/894/166 1553/895/166 1533/908/164
f 1533/908/164 1553/895/166 1552/896/166 1532/909/164
f 1532/909/164 1552/896/166 1551/897/166 1531/910/164
f 1531/910/164 1551/897/166 1550/271/166 1530/911/164
f 1530/911/164 1550/271/166 1549/272/166 1529/912/164
f 1529/912/164 1549/272/166 1548/898/166 1528/913/164
f 1528/913/164 1548/898/166 1547/899/166 1527/914/164
f 1527/914/164 1547/899/166 1546/900/167 1526/295/165
f 3668/296/210 3664/901/208 1544/277/166 1524/915/164
f 1524/915/164 1544/277/166 1543/902/166 1523/298/164
f 1523/298/164 1543/902/166 1542/279/166 1522/916/164
f 1522/916/164 1542/279/166 1541/157/166 1521/57/164
f 247/300/55 249/280/57 1540/903/164 1520/917/162
f 1520/917/162 1540/903/164 1539/904/164 1519/918/162
f 1519/918/162 1539/904/164 1538/283/164 1518/919/162
f 1518/919/162 1538/283/164 1537/905/164 1517/920/162
f 1517/920/162 1537/905/164 1536/285/190 1516/305/163
f 3670/306/212 3666/906/210 1534/907/164 1514/921/162
f 1514/921/162 1534/907/164 1533/908/164 1513/922/162
f 1513/922/162 1533/908/164 1532/909/164 1512/923/162
f 1512/923/162 1532/909/164 1531/910/164 1511/310/162
f 1511/310/162 1531/910/164 1530/911/164 1510/924/162
f 1510/924/162 1530/911/164 1529/912/164 1509/925/162
f 1509/925/162 1529/912/164 1528/913/164 1508/926/162
f 1508/926/162 1528/913/164 1527/914/164 1507/927/162
f 1507/927/162 1527/914/164 1526/295/165 1506/315/163
f 3672/316/212 3668/296/210 1524/915/164 1504/317/162
f 1504/317/162 1524/915/164 1523/298/164 1503/318/162
f 1503/318/162 1523/298/164 1522/916/164 1502/319/162
f 1502/319/162 1522/916/164 1521/57/164 1501/191/162
f 245/320/53 247/300/55 1520/917/162 1500/928/160
f 1500/928/160 1520/917/162 1519/918/162 1499/929/160
f 1499/929/160 1519/918/162 1518/919/162 1498/323/160
f 1498/323/160 1518/919/162 1517/920/162 1497/930/160
f 1497/930/160 1517/920/162 1516/305/163 1496/931/161
f 3674/932/215 3670/306/212 1514/921/162 1494/327/160
f 1494/327/160 1514/921/162 1513/922/162 1493/933/160
f 1493/933/160 1513/922/162 1512/923/162 1492/934/160
f 1492/934/160 1512/923/162 1511/310/162 1491/935/160
f 1491/935/160 1511/310/162 1510/924/162 1490/936/160
f 1490/936/160 1510/924/162 1509/925/162 1489/937/160
f 1489/937/160 1509/925/162 1508/926/162 1488/938/160
f 1488/938/160 1508/926/162 1507/927/162 1487/939/160
f 1487/939/160 1507/927/162 1506/315/163 1486/335/161
f 3676/336/215 3672/316/212 1504/317/162 1484/337/160
f 1484/337/160 1504/317/162 1503/318/162 1483/338/160
f 1483/338/160 1503/318/162 1502/319/162 1482/339/160
f 1482/339/160 1502/319/162 1501/191/162 1481/190/160
f 243/340/51 245/320/53 1500/928/160 1480/940/158
f 1480/940/158 1500/928/160 1499/929/160 1479/941/158
f 1479/941/158 1499/929/160 1498/323/160 1478/942/158
f 1478/942/158 1498/323/160 1497/930/160 1477/943/158
f 1477/943/158 1497/930/160 1496/931/161 1476/944/159
f 3678/945/217 3674/932/215 1494/327/160 1474/946/158
f 1474/946/158 1494/327/160 1493/933/160 1473/947/158
f 1473/947/158 1493/933/160 1492/934/160 1472/948/158
f 1472/948/158 1492/934/160 1491/935/160 1471/949/158
f 1471/949/158 1491/935/160 1490/936/160 1470/950/158
f 1470/950/158 1490/936/160 1489/937/160 1469/352/158
f 1469/352/158 1489/937/160 1488/938/160 1468/951/158
f 1468/951/158 1488/938/160 1487/939/160 1467/354/158
f 1467/354/158 1487/939/160 1486/335/161 1466/355/159
f 3680/356/217 3676/336/215 1484/337/160 1464/357/158
f 1464/357/158 1484/337/160 1483/338/160 1463/358/158
f 1463/358/158 1483/338/160 1482/339/160 1462/359/158
f 1462/359/158 1482/339/160 1481/190/160 1461/174/158
f 241/360/49 243/340/51 1480/940/158 1460/952/155
f 1460/952/155 1480/940/158 1479/941/158 1459/953/155
f 1459/953/155 1479/941/158 1478/942/158 1458/954/155
f 1458/954/155 1478/942/158 1477/943/158 1457/955/155
f 1457/955/155 1477/943/158 1476/944/159 1456/956/156
f 3682/957/219 3678/945/217 1474/946/158 1454/958/155
f 1454/958/155 1474/946/158 1473/947/158 1453/959/155
f 1453/959/155 1473/947/158 1472/948/158 1452/369/155
f 1452/369/155 1472/948/158 1471/949/158 1451/370/155
f 1451/370/155 1471/949/158 1470/950/158 1450/960/155
f 1450/960/155 1470/950/158 1469/352/158 1449/961/155
f 1449/961/155 1469/352/158 1468/951/158 1448/962/155
f 1448/962/155 1468/951/158 1467/354/158 1447/374/155
f 1447/374/155 1467/354/158 1466/355/159 1446/375/156
f 3684/376/219 3680/356/217 1464/357/158 1444/377/155
f 1444/377/155 1464/357/158 1463/358/158 1443/378/155
f 1443/378/155 1463/358/158 1462/359/158 1442/379/155
f 1442/379/155 1462/359/158 1461/174/158 1441/189/155
f 239/380/47 241/360/49 1460/952/155 1440/381/153
f 1440/381/153 1460/952/155 1459/953/155 1439/963/153
f 1439/963/153 1459/953/155 1458/954/155 1438/964/153
f 1438/964/153 1458/954/155 1457/955/155 1437/384/153
f 1437/384/153 1457/955/155 1456/956/156 1436/385/189
f 3686/965/222 3682/957/219 1454/958/155 1434/387/153
f 1434/387/153 1454/958/155 1453/959/155 1433/966/153
f 1433/966/153 1453/959/155 1452/369/155 1432/967/153
f 1432/967/153 1452/369/155 1451/370/155 1431/390/153
f 1431/390/153 1451/370/155 1450/960/155 1430/391/153
f 1430/391/153 1450/960/155 1449/961/155 1429/392/153
f 1429/392/153 1449/961/155 1448/962/155 1428/968/153
f 1428/968/153 1448/962/155 1447/374/155 1427/394/153
f 1427/394/153 1447/374/155 1446/375/156 1426/395/154
f 3688/396/222 3684/376/219 1444/377/155 1424/397/153
f 1424/397/153 1444/377/155 1443/378/155 1423/398/153
f 1423/398/153 1443/378/155 1442/379/155 1422/399/153
f 1422/399/153 1442/379/155 1441/189/155 1421/188/153
f 237/400/45 239/380/47 1440/381/153 1420/401/151
f 1420/401/151 1440/381/153 1439/963/153 1419/969/151
f 1419/969/151 1439/963/153 1438/964/153 1418/970/151
f 1418/970/151 1438/964/153 1437/384/153 1417/971/151
f 1417/971/151 1437/384/153 1436/385/189 1416/972/188
f 3690/973/225 3686/965/222 1434/387/153 1414/974/151
f 1414/974/151 1434/387/153 1433/966/153 1413/975/151
f 1413/975/151 1433/966/153 1432/967/153 1412/409/151
f 1412/409/151 1432/967/153 1431/390/153 1411/410/151
f 1411/410/151 1431/390/153 1430/391/153 1410/976/151
f 1410/976/151 1430/391/153 1429/392/153 1409/977/151
f 1409/977/151 1429/392/153 1428/968/153 1408/978/151
f 1408/978/151 1428/968/153 1427/394/153 1407/414/151
f 1407/414/151 1427/394/153 1426/395/154 1406/979/152
f 3692/416/225 3688/396/222 1424/397/153 1404/980/151
f 1404/980/151 1424/397/153 1423/398/153 1403/418/151
f 1403/418/151 1423/398/153 1422/399/153 1402/981/151
f 1402/981/151 1422/399/153 1421/188/153 1401/172/151
f 235/420/43 237/400/45 1420/401/151 1400/982/147
f 1400/982/147 1420/401/151 1419/969/151 1399/983/147
f 1399/983/147 1419/969/151 1418/970/151 1398/423/147
f 1398/423/147 1418/970/151 1417/971/151 1397/984/147
f 1397/984/147 1417/971/151 1416/972/188 1396/985/149
f 3694/986/274 3690/973/225 1414/974/151 1394/987/147
f 1394/987/147 1414/974/151 1413/975/151 1393/988/147
f 1393/988/147 1413/975/151 1412/409/151 1392/989/147
f 1392/989/147 1412/409/151 1411/410/151 1391/990/147
f 1391/990/147 1411/410/151 1410/976/151 1390/991/147
f 1390/991/147 1410/976/151 1409/977/151 1389/992/147
f 1389/992/147 1409/977/151 1408/978/151 1388/993/147
f 1388/993/147 1408/978/151 1407/414/151 1387/994/147
f 1387/994/147 1407/414/151 1406/979/152 1386/995/150
f 3696/996/227 3692/416/225 1404/980/151 1384/997/147
f 1384/997/147 1404/980/151 1403/418/151 1383/998/147
f 1383/998/147 1403/418/151 1402/981/151 1382/999/147
f 1382/999/147 1402/981/151 1401/172/151 1381/171/147
f 233/440/41 235/420/43 1400/982/147 1380/441/142
f 1380/441/142 1400/982/147 1399/983/147 1379/1000/142
f 1379/1000/142 1399/983/147 1398/423/147 1378/1001/142
f 1378/1001/142 1398/423/147 1397/984/147 1377/1002/142
f 1377/1002/142 1397/984/147 1396/985/149 1376/1003/145
f 3698/1004/275 3694/986/274 1394/987/147 1374/1005/142
f 1374/1005/142 1394/987/147 1393/988/147 1373/1006/142
f 1373/1006/142 1393/988/147 1392/989/147 1372/1007/142
f 1372/1007/142 1392/989/147 1391/990/147 1371/1008/142
f 1371/1008/142 1391/990/147 1390/991/147 1370/1009/142
f 1370/1009/142 1390/991/147 1389/992/147 1369/452/142
f 1369/452/142 1389/992/147 1388/993/147 1368/453/142
f 1368/453/142 1388/993/147 1387/994/147 1367/454/142
f 1367/454/142 1387/994/147 1386/995/150 1366/1010/146
f 3700/456/230 3696/996/227 1384/997/147 1364/1011/142
f 1364/1011/142 1384/997/147 1383/998/147 1363/1012/142
f 1363/1012/142 1383/998/147 1382/999/147 1362/1013/142
f 1362/1013/142 1382/999/147 1381/171/147 1361/187/142
f 231/460/39 233/440/41 1380/441/142 1360/1014/138
f 1360/1014/138 1380/441/142 1379/1000/142 1359/462/138
f 1359/462/138 1379/1000/142 1378/1001/142 1358/1015/138
f 1358/1015/138 1378/1001/142 1377/1002/142 1357/1016/138
f 1357/1016/138 1377/1002/142 1376/1003/145 1356/465/140
f 3702/1017/234 3698/1004/275 1374/1005/142 1354/467/138
f 1354/467/138 1374/1005/142 1373/1006/142 1353/1018/138
f 1353/1018/138 1373/1006/142 1372/1007/142 1352/1019/138
f 1352/1019/138 1372/1007/142 1371/1008/142 1351/470/138
f 1351/470/138 1371/1008/142 1370/1009/142 1350/471/138
f 1350/471/138 1370/1009/142 1369/452/142 1349/472/138
f 1349/472/138 1369/452/142 1368/453/142 1348/1020/138
f 1348/1020/138 1368/453/142 1367/454/142 1347/474/138
f 1347/474/138 1367/454/142 1366/1010/146 1346/1021/141
f 3704/1022/234 3700/456/230 1364/1011/142 1344/1023/138
f 1344/1023/138 1364/1011/142 1363/1012/142 1343/478/138
f 1343/478/138 1363/1012/142 1362/1013/142 1342/1024/138
f 1342/1024/138 1362/1013/142 1361/187/142 1341/148/138
f 229/480/37 231/460/39 1360/1014/138 1340/1025/134
f 1340/1025/134 1360/1014/138 1359/462/138 1339/1026/134
f 1339/1026/134 1359/462/138 1358/1015/138 1338/1027/134
f 1338/1027/134 1358/1015/138 1357/1016/138 1337/1028/134
f 1337/1028/134 1357/1016/138 1356/465/140 1336/1029/136
f 3706/1030/237 3702/1017/234 1354/467/138 1334/1031/134
f 1334/1031/134 1354/467/138 1353/1018/138 1333/488/134
f 1333/488/134 1353/1018/138 1352/1019/138 1332/1032/134
f 1332/1032/134 1352/1019/138 1351/470/138 1331/1033/134
f 1331/1033/134 1351/470/138 1350/471/138 1330/1034/134
f 1330/1034/134 1350/471/138 1349/472/138 1329/1035/134
f 1329/1035/134 1349/472/138 1348/1020/138 1328/1036/134
f 1328/1036/134 1348/1020/138 1347/474/138 1327/1037/134
f 1327/1037/134 1347/474/138 1346/1021/141 1326/1038/186
f 3708/1039/276 3704/1022/234 1344/1023/138 1324/1040/134
f 1324/1040/134 1344/1023/138 1343/478/138 1323/1041/134
f 1323/1041/134 1343/478/138 1342/1024/138 1322/1042/134
f 1322/1042/134 1342/1024/138 1341/148/138 1321/186/134
f 227/500/35 229/480/37 1340/1025/134 1320/1043/130
f 1320/1043/130 1340/1025/134 1339/1026/134 1319/1044/130
f 1319/1044/130 1339/1026/134 1338/1027/134 1318/1045/130
f 1318/1045/130 1338/1027/134 1337/1028/134 1317/1046/130
f 1317/1046/130 1337/1028/134 1336/1029/136 1316/1047/185
f 3710/506/242 3706/1030/237 1334/1031/134 1314/1048/130
f 1314/1048/130 1334/1031/134 1333/488/134 1313/1049/130
f 1313/1049/130 1333/488/134 1332/1032/134 1312/1050/130
f 1312/1050/130 1332/1032/134 1331/1033/134 1311/1051/130
f 1311/1051/130 1331/1033/134 1330/1034/134 1310/1052/130
f 1310/1052/130 1330/1034/134 1329/1035/134 1309/1053/130
f 1309/1053/130 1329/1035/134 1328/1036/134 1308/1054/130
f 1308/1054/130 1328/1036/134 1327/1037/134 1307/1055/130
f 1307/1055/130 1327/1037/134 1326/1038/186 1306/1056/185
f 3712/1057/242 3708/1039/276 1324/1040/134 1304/1058/130
f 1304/1058/130 1324/1040/134 1323/1041/134 1303/1059/130
f 1303/1059/130 1323/1041/134 1322/1042/134 1302/1060/130
f 1302/1060/130 1322/1042/134 1321/186/134 1301/35/130
f 225/520/33 227/500/35 1320/1043/130 1300/521/125
f 1300/521/125 1320/1043/130 1319/1044/130 1299/1061/125
f 1299/1061/125 1319/1044/130 1318/1045/130 1298/1062/125
f 1298/1062/125 1318/1045/130 1317/1046/130 1297/1063/125
f 1297/1063/125 1317/1046/130 1316/1047/185 1296/1064/129
f 3714/526/244 3710/506/242 1314/1048/130 1294/1065/125
f 1294/1065/125 1314/1048/130 1313/1049/130 1293/528/125
f 1293/528/125 1313/1049/130 1312/1050/130 1292/1066/125
f 1292/1066/125 1312/1050/130 1311/1051/130 1291/1067/125
f 1291/1067/125 1311/1051/130 1310/1052/130 1290/1068/125
f 1290/1068/125 1310/1052/130 1309/1053/130 1289/1069/125
f 1289/1069/125 1309/1053/130 1308/1054/130 1288/1070/125
f 1288/1070/125 1308/1054/130 1307/1055/130 1287/534/125
f 1287/534/125 1307/1055/130 1306/1056/185 1286/1071/129
f 3716/536/244 3712/1057/242 1304/1058/130 1284/1072/125
f 1284/1072/125 1304/1058/130 1303/1059/130 1283/1073/125
f 1283/1073/125 1303/1059/130 1302/1060/130 1282/1074/125
f 1282/1074/125 1302/1060/130 1301/35/130 1281/145/125
f 223/540/31 225/520/33 1300/521/125 1280/1075/120
f 1280/1075/120 1300/521/125 1299/1061/125 1279/1076/120
f 1279/1076/120 1299/1061/125 1298/1062/125 1278/1077/120
f 1278/1077/120 1298/1062/125 1297/1063/125 1277/1078/120
f 1277/1078/120 1297/1063/125 1296/1064/129 1276/1079/124
f 3718/1080/249 3714/526/244 1294/1065/125 1274/1081/120
f 1274/1081/120 1294/1065/125 1293/528/125 1273/1082/120
f 1273/1082/120 1293/528/125 1292/1066/125 1272/1083/120
f 1272/1083/120 1292/1066/125 1291/1067/125 1271/1084/120
f 1271/1084/120 1291/1067/125 1290/1068/125 1270/551/120
f 1270/551/120 1290/1068/125 1289/1069/125 1269/1085/120
f 1269/1085/120 1289/1069/125 1288/1070/125 1268/553/120
f 1268/553/120 1288/1070/125 1287/534/125 1267/1086/120
f 1267/1086/120 1287/534/125 1286/1071/129 1266/1087/124
f 3720/556/249 3716/536/244 1284/1072/125 1264/1088/120
f 1264/1088/120 1284/1072/125 1283/1073/125 1263/1089/120
f 1263/1089/120 1283/1073/125 1282/1074/125 1262/1090/120
f 1262/1090/120 1282/1074/125 1281/145/125 1261/185/120
f 221/560/29 223/540/31 1280/1075/120 1260/561/115
f 1260/561/115 1280/1075/120 1279/1076/120 1259/1091/115
f 1259/1091/115 1279/1076/120 1278/1077/120 1258/563/115
f 1258/563/115 1278/1077/120 1277/1078/120 1257/564/115
f 1257/564/115 1277/1078/120 1276/1079/124 1256/1092/118
f 3722/1093/252 3718/1080/249 1274/1081/120 1254/1094/115
f 1254/1094/115 1274/1081/120 1273/1082/120 1253/1095/115
f 1253/1095/115 1273/1082/120 1272/1083/120 1252/569/115
f 1252/569/115 1272/1083/120 1271/1084/120 1251/1096/115
f 1251/1096/115 1271/1084/120 1270/551/120 1250/1097/115
f 1250/1097/115 1270/551/120 1269/1085/120 1249/1098/115
f 1249/1098/115 1269/1085/120 1268/553/120 1248/573/115
f 1248/573/115 1268/553/120 1267/1086/120 1247/1099/115
f 1247/1099/115 1267/1086/120 1266/1087/124 1246/575/118
f 3724/576/277 3720/556/249 1264/1088/120 1244/577/115
f 1244/577/115 1264/1088/120 1263/1089/120 1243/1100/115
f 1243/1100/115 1263/1089/120 1262/1090/120 1242/579/115
f 1242/579/115 1262/1090/120 1261/185/120 1241/29/115
f 219/580/27 221/560/29 1260/561/115 1240/581/112
f 1240/581/112 1260/561/115 1259/1091/115 1239/1101/112
f 1239/1101/112 1259/1091/115 1258/563/115 1238/583/112
f 1238/583/112 1258/563/115 1257/564/115 1237/584/112
f 1237/584/112 1257/564/115 1256/1092/118 1236/1102/114
f 3726/1103/278 3722/1093/252 1254/1094/115 1234/1104/112
f 1234/1104/112 1254/1094/115 1253/1095/115 1233/1105/112
f 1233/1105/112 1253/1095/115 1252/569/115 1232/589/112
f 1232/589/112 1252/569/115 1251/1096/115 1231/590/112
f 1231/590/112 1251/1096/115 1250/1097/115 1230/1106/112
f 1230/1106/112 1250/1097/115 1249/1098/115 1229/1107/112
f 1229/1107/112 1249/1098/115 1248/573/115 1228/593/112
f 1228/593/112 1248/573/115 1247/1099/115 1227/1108/112
f 1227/1108/112 1247/1099/115 1246/575/118 1226/595/183
f 3728/596/253 3724/576/277 1244/577/115 1224/1109/112
f 1224/1109/112 1244/577/115 1243/1100/115 1223/1110/112
f 1223/1110/112 1243/1100/115 1242/579/115 1222/599/112
f 1222/599/112 1242/579/115 1241/29/115 1221/167/112
f 217/600/25 219/580/27 1240/581/112 1220/601/109
f 1220/601/109 1240/581/112 1239/1101/112 1219/1111/109
f 1219/1111/109 1239/1101/112 1238/583/112 1218/1112/109
f 1218/1112/109 1238/583/112 1237/584/112 1217/1113/109
f 1217/1113/109 1237/584/112 1236/1102/114 1216/1114/111
f 3730/1115/254 3726/1103/278 1234/1104/112 1214/1116/109
f 1214/1116/109 1234/1104/112 1233/1105/112 1213/1117/109
f 1213/1117/109 1233/1105/112 1232/589/112 1212/609/109
f 1212/609/109 1232/589/112 1231/590/112 1211/610/109
f 1211/610/109 1231/590/112 1230/1106/112 1210/1118/109
f 1210/1118/109 1230/1106/112 1229/1107/112 1209/1119/109
f 1209/1119/109 1229/1107/112 1228/593/112 1208/1120/109
f 1208/1120/109 1228/593/112 1227/1108/112 1207/614/109
f 1207/614/109 1227/1108/112 1226/595/183 1206/615/111
f 3732/616/255 3728/596/253 1224/1109/112 1204/1121/109
f 1204/1121/109 1224/1109/112 1223/1110/112 1203/1122/109
f 1203/1122/109 1223/1110/112 1222/599/112 1202/619/109
f 1202/619/109 1222/599/112 1221/167/112 1201/166/109
f 215/620/23 217/600/25 1220/601/109 1200/1123/105
f 1200/1123/105 1220/601/109 1219/1111/109 1199/1124/105
f 1199/1124/105 1219/1111/109 1218/1112/109 1198/623/105
f 1198/623/105 1218/1112/109 1217/1113/109 1197/1125/105
f 1197/1125/105 1217/1113/109 1216/1114/111 1196/1126/107
f 3734/1127/256 3730/1115/254 1214/1116/109 1194/1128/105
f 1194/1128/105 1214/1116/109 1213/1117/109 1193/1129/105
f 1193/1129/105 1213/1117/109 1212/609/109 1192/1130/105
f 1192/1130/105 1212/609/109 1211/610/109 1191/1131/105
f 1191/1131/105 1211/610/109 1210/1118/109 1190/631/105
f 1190/631/105 1210/1118/109 1209/1119/109 1189/1132/105
f 1189/1132/105 1209/1119/109 1208/1120/109 1188/1133/105
f 1188/1133/105 1208/1120/109 1207/614/109 1187/634/105
f 1187/634/105 1207/614/109 1206/615/111 1186/635/107
f 3736/636/256 3732/616/255 1204/1121/109 1184/637/105
f 1184/637/105 1204/1121/109 1203/1122/109 1183/638/105
f 1183/638/105 1203/1122/109 1202/619/109 1182/639/105
f 1182/639/105 1202/619/109 1201/166/109 1181/140/105
f 213/640/21 215/620/23 1200/1123/105 1180/1134/102
f 1180/1134/102 1200/1123/105 1199/1124/105 1179/642/102
f 1179/642/102 1199/1124/105 1198/623/105 1178/1135/102
f 1178/1135/102 1198/623/105 1197/1125/105 1177/1136/102
f 1177/1136/102 1197/1125/105 1196/1126/107 1176/645/104
f 3738/1137/257 3734/1127/256 1194/1128/105 1174/1138/102
f 1174/1138/102 1194/1128/105 1193/1129/105 1173/648/102
f 1173/648/102 1193/1129/105 1192/1130/105 1172/649/102
f 1172/649/102 1192/1130/105 1191/1131/105 1171/1139/102
f 1171/1139/102 1191/1131/105 1190/631/105 1170/651/102
f 1170/651/102 1190/631/105 1189/1132/105 1169/1140/102
f 1169/1140/102 1189/1132/105 1188/1133/105 1168/1141/102
f 1168/1141/102 1188/1133/105 1187/634/105 1167/1142/102
f 1167/1142/102 1187/634/105 1186/635/107 1166/1143/104
f 3740/1144/257 3736/636/256 1184/637/105 1164/1145/102
f 1164/1145/102 1184/637/105 1183/638/105 1163/658/102
f 1163/658/102 1183/638/105 1182/639/105 1162/659/102
f 1162/659/102 1182/639/105 1181/140/105 1161/139/102
f 211/660/19 213/640/21 1180/1134/102 1160/661/99
f 1160/661/99 1180/1134/102 1179/642/102 1159/662/99
f 1159/662/99 1179/642/102 1178/1135/102 1158/663/99
f 1158/663/99 1178/1135/102 1177/1136/102 1157/1146/99
f 1157/1146/99 1177/1136/102 1176/645/104 1156/1147/101
f 3742/666/258 3738/1137/257 1174/1138/102 1154/1148/99
f 1154/1148/99 1174/1138/102 1173/648/102 1153/1149/99
f 1153/1149/99 1173/648/102 1172/649/102 1152/1150/99
f 1152/1150/99 1172/649/102 1171/1139/102 1151/1151/99
f 1151/1151/99 1171/1139/102 1170/651/102 1150/1152/99
f 1150/1152/99 1170/651/102 1169/1140/102 1149/1153/99
f 1149/1153/99 1169/1140/102 1168/1141/102 1148/1154/99
f 1148/1154/99 1168/1141/102 1167/1142/102 1147/1155/99
f 1147/1155/99 1167/1142/102 1166/1143/104 1146/1156/101
f 3744/1157/258 3740/1144/257 1164/1145/102 1144/1158/99
f 1144/1158/99 1164/1145/102 1163/658/102 1143/678/99
f 1143/678/99 1163/658/102 1162/659/102 1142/679/99
f 1142/679/99 1162/659/102 1161/139/102 1141/164/99
f 209/680/17 211/660/19 1160/661/99 1140/1159/96
f 1140/1159/96 1160/661/99 1159/662/99 1139/1160/96
f 1139/1160/96 1159/662/99 1158/663/99 1138/1161/96
f 1138/1161/96 1158/663/99 1157/1146/99 1137/1162/96
f 1137/1162/96 1157/1146/99 1156/1147/101 1136/1163/98
f 3746/1164/259 3742/666/258 1154/1148/99 1134/1165/96
f 1134/1165/96 1154/1148/99 1153/1149/99 1133/1166/96
f 1133/1166/96 1153/1149/99 1152/1150/99 1132/1167/96
f 1132/1167/96 1152/1150/99 1151/1151/99 1131/1168/96
f 1131/1168/96 1151/1151/99 1150/1152/99 1130/1169/96
f 1130/1169/96 1150/1152/99 1149/1153/99 1129/1170/96
f 1129/1170/96 1149/1153/99 1148/1154/99 1128/693/96
f 1128/693/96 1148/1154/99 1147/1155/99 1127/1171/96
f 1127/1171/96 1147/1155/99 1146/1156/101 1126/1172/181
f 3748/1173/259 3744/1157/258 1144/1158/99 1124/697/96
f 1124/697/96 1144/1158/99 1143/678/99 1123/698/96
f 1123/698/96 1143/678/99 1142/679/99 1122/699/96
f 1122/699/96 1142/679/99 1141/164/99 1121/184/96
f 207/700/15 209/680/17 1140/1159/96 1120/701/92
f 1120/701/92 1140/1159/96 1139/1160/96 1119/702/92
f 1119/702/92 1139/1160/96 1138/1161/96 1118/1174/92
f 1118/1174/92 1138/1161/96 1137/1162/96 1117/1175/92
f 1117/1175/92 1137/1162/96 1136/1163/98 1116/1176/94
f 3750/1177/260 3746/1164/259 1134/1165/96 1114/1178/92
f 1114/1178/92 1134/1165/96 1133/1166/96 1113/1179/92
f 1113/1179/92 1133/1166/96 1132/1167/96 1112/1180/92
f 1112/1180/92 1132/1167/96 1131/1168/96 1111/1181/92
f 1111/1181/92 1131/1168/96 1130/1169/96 1110/711/92
f 1110/711/92 1130/1169/96 1129/1170/96 1109/712/92
f 1109/712/92 1129/1170/96 1128/693/96 1108/1182/92
f 1108/1182/92 1128/693/96 1127/1171/96 1107/1183/92
f 1107/1183/92 1127/1171/96 1126/1172/181 1106/715/94
f 3752/716/260 3748/1173/259 1124/697/96 1104/717/92
f 1104/717/92 1124/697/96 1123/698/96 1103/718/92
f 1103/718/92 1123/698/96 1122/699/96 1102/719/92
f 1102/719/92 1122/699/96 1121/184/96 1101/15/92
f 205/720/65 207/700/15 1120/701/92 1100/1184/89
f 1100/1184/89 1120/701/92 1119/702/92 1099/1185/89
f 1099/1185/89 1119/702/92 1118/1174/92 1098/723/89
f 1098/723/89 1118/1174/92 1117/1175/92 1097/724/89
f 1097/724/89 1117/1175/92 1116/1176/94 1096/1186/91
f 3754/726/279 3750/1177/260 1114/1178/92 1094/1187/89
f 1094/1187/89 1114/1178/92 1113/1179/92 1093/1188/89
f 1093/1188/89 1113/1179/92 1112/1180/92 1092/729/89
f 1092/729/89 1112/1180/92 1111/1181/92 1091/1189/89
f 1091/1189/89 1111/1181/92 1110/711/92 1090/731/89
f 1090/731/89 1110/711/92 1109/712/92 1089/732/89
f 1089/732/89 1109/712/92 1108/1182/92 1088/1190/89
f 1088/1190/89 1108/1182/92 1107/1183/92 1087/1191/89
f 1087/1191/89 1107/1183/92 1106/715/94 1086/735/91
f 3756/736/261 3752/716/260 1104/717/92 1084/737/89
f 1084/737/89 1104/717/92 1103/718/92 1083/738/89
f 1083/738/89 1103/718/92 1102/719/92 1082/739/89
f 1082/739/89 1102/719/92 1101/15/92 1081/183/89
f 203/740/11 205/720/65 1100/1184/89 1080/741/86
f 1080/741/86 1100/1184/89 1099/1185/89 1079/1192/86
f 1079/1192/86 1099/1185/89 1098/723/89 1078/1193/86
f 1078/1193/86 1098/723/89 1097/724/89 1077/1194/86
f 1077/1194/86 1097/724/89 1096/1186/91 1076/1195/179
f 3758/746/262 3754/726/279 1094/1187/89 1074/1196/86
f 1074/1196/86 1094/1187/89 1093/1188/89 1073/1197/86
f 1073/1197/86 1093/1188/89 1092/729/89 1072/1198/86
f 1072/1198/86 1092/729/89 1091/1189/89 1071/1199/86
f 1071/1199/86 1091/1189/89 1090/731/89 1070/1200/86
f 1070/1200/86 1090/731/89 1089/732/89 1069/1201/86
f 1069/1201/86 1089/732/89 1088/1190/89 1068/1202/86
f 1068/1202/86 1088/1190/89 1087/1191/89 1067/1203/86
f 1067/1203/86 1087/1191/89 1086/735/91 1066/755/88
f 3760/756/262 3756/736/261 1084/737/89 1064/757/86
f 1064/757/86 1084/737/89 1083/738/89 1063/758/86
f 1063/758/86 1083/738/89 1082/739/89 1062/759/86
f 1062/759/86 1082/739/89 1081/183/89 1061/182/86
f 201/760/9 203/740/11 1080/741/86 1060/1204/83
f 1060/1204/83 1080/741/86 1079/1192/86 1059/1205/83
f 1059/1205/83 1079/1192/86 1078/1193/86 1058/763/83
f 1058/763/83 1078/1193/86 1077/1194/86 1057/1206/83
f 1057/1206/83 1077/1194/86 1076/1195/179 1056/765/178
f 3762/1207/280 3758/746/262 1074/1196/86 1054/1208/83
f 1054/1208/83 1074/1196/86 1073/1197/86 1053/1209/83
f 1053/1209/83 1073/1197/86 1072/1198/86 1052/1210/83
f 1052/1210/83 1072/1198/86 1071/1199/86 1051/770/83
f 1051/770/83 1071/1199/86 1070/1200/86 1050/1211/83
f 1050/1211/83 1070/1200/86 1069/1201/86 1049/1212/83
f 1049/1212/83 1069/1201/86 1068/1202/86 1048/1213/83
f 1048/1213/83 1068/1202/86 1067/1203/86 1047/774/83
f 1047/774/83 1067/1203/86 1066/755/88 1046/775/85
f 3764/776/264 3760/756/262 1064/757/86 1044/777/83
f 1044/777/83 1064/757/86 1063/758/86 1043/778/83
f 1043/778/83 1063/758/86 1062/759/86 1042/779/83
f 1042/779/83 1062/759/86 1061/182/86 1041/181/83
f 199/780/67 201/760/9 1060/1204/83 1040/781/80
f 1040/781/80 1060/1204/83 1059/1205/83 1039/1214/80
f 1039/1214/80 1059/1205/83 1058/763/83 1038/1215/80
f 1038/1215/80 1058/763/83 1057/1206/83 1037/784/80
f 1037/784/80 1057/1206/83 1056/765/178 1036/1216/82
f 3766/786/281 3762/1207/280 1054/1208/83 1034/787/80
f 1034/787/80 1054/1208/83 1053/1209/83 1033/788/80
f 1033/788/80 1053/1209/83 1052/1210/83 1032/1217/80
f 1032/1217/80 1052/1210/83 1051/770/83 1031/1218/80
f 1031/1218/80 1051/770/83 1050/1211/83 1030/1219/80
f 1030/1219/80 1050/1211/83 1049/1212/83 1029/1220/80
f 1029/1220/80 1049/1212/83 1048/1213/83 1028/1221/80
f 1028/1221/80 1048/1213/83 1047/774/83 1027/794/80
f 1027/794/80 1047/774/83 1046/775/85 1026/1222/82
f 3768/796/265 3764/776/264 1044/777/83 1024/797/80
f 1024/797/80 1044/777/83 1043/778/83 1023/1223/80
f 1023/1223/80 1043/778/83 1042/779/83 1022/799/80
f 1022/799/80 1042/779/83 1041/181/83 1021/180/80
f 197/800/5 199/780/67 1040/781/80 1020/1224/76
f 1020/1224/76 1040/781/80 1039/1214/80 1019/1225/76
f 1019/1225/76 1039/1214/80 1038/1215/80 1018/803/76
f 1018/803/76 1038/1215/80 1037/784/80 1017/1226/76
f 1017/1226/76 1037/784/80 1036/1216/82 1016/1227/177
f 3770/1228/269 3766/786/281 1034/787/80 1014/1229/76
f 1014/1229/76 1034/787/80 1033/788/80 1013/1230/76
f 1013/1230/76 1033/788/80 1032/1217/80 1012/1231/76
f 1012/1231/76 1032/1217/80 1031/1218/80 1011/1232/76
f 1011/1232/76 1031/1218/80 1030/1219/80 1010/811/76
f 1010/811/76 1030/1219/80 1029/1220/80 1009/1233/76
f 1009/1233/76 1029/1220/80 1028/1221/80 1008/1234/76
f 1008/1234/76 1028/1221/80 1027/794/80 1007/1235/76
f 1007/1235/76 1027/794/80 1026/1222/82 1006/815/78
f 3772/1236/269 3768/796/265 1024/797/80 1004/817/76
f 1004/817/76 1024/797/80 1023/1223/80 1003/818/76
f 1003/818/76 1023/1223/80 1022/799/80 1002/819/76
f 1002/819/76 1022/799/80 1021/180/80 1001/5/76
f 195/820/3 197/800/5 1020/1224/76 1000/1237/72
f 1000/1237/72 1020/1224/76 1019/1225/76 999/1238/72
f 999/1238/72 1019/1225/76 1018/803/76 998/823/72
f 998/823/72 1018/803/76 1017/1226/76 997/1239/72
f 997/1239/72 1017/1226/76 1016/1227/177 996/1240/74
f 3774/826/282 3770/1228/269 1014/1229/76 994/827/72
f 994/827/72 1014/1229/76 1013/1230/76 993/828/72
f 993/828/72 1013/1230/76 1012/1231/76 992/1241/72
f 992/1241/72 1012/1231/76 1011/1232/76 991/830/72
f 991/830/72 1011/1232/76 1010/811/76 990/831/72
f 990/831/72 1010/811/76 1009/1233/76 989/1242/72
f 989/1242/72 1009/1233/76 1008/1234/76 988/833/72
f 988/833/72 1008/1234/76 1007/1235/76 987/834/72
f 987/834/72 1007/1235/76 1006/815/78 986/835/74
f 3776/836/282 3772/1236/269 1004/817/76 984/837/72
f 984/837/72 1004/817/76 1003/818/76 983/838/72
f 983/838/72 1003/818/76 1002/819/76 982/839/72
f 982/839/72 1002/819/76 1001/5/76 981/179/72
f 193/840/1 195/820/3 1000/1237/72 961/841/68
f 961/841/68 1000/1237/72 999/1238/72 962/842/68
f 962/842/68 999/1238/72 998/823/72 963/843/68
f 963/843/68 998/823/72 997/1239/72 964/844/68
f 964/844/68 997/1239/72 996/1240/74 3650/845/201
f 966/846/71 3774/826/282 994/827/72 967/847/68
f 967/847/68 994/827/72 993/828/72 968/848/68
f 968/848/68 993/828/72 992/1241/72 969/1243/68
f 969/1243/68 992/1241/72 991/830/72 970/850/68
f 970/850/68 991/830/72 990/831/72 971/851/68
f 971/851/68 990/831/72 989/1242/72 972/852/68
f 972/852/68 989/1242/72 988/833/72 973/853/68
f 973/853/68 988/833/72 987/834/72 974/854/68
f 974/854/68 987/834/72 986/835/74 3654/855/201
f 976/856/71 3776/836/282 984/837/72 977/857/68
f 977/857/68 984/837/72 983/838/72 978/858/68
f 978/858/68 983/838/72 982/839/72 979/859/68
f 979/859/68 982/839/72 981/179/72 980/1/68
f 191/200/63 129/201/1 1601/202/68 2240/1244/174
f 2240/1244/174 1601/202/68 1602/204/68 2239/861/174
f 2239/861/174 1602/204/68 1603/206/68 2238/1245/174
f 2238/1245/174 1603/206/68 1604/208/68 2237/1246/174
f 2237/1246/174 1604/208/68 3778/210/198 2236/1247/176
f 3779/864/199 1606/213/191 1607/214/68 2234/1248/174
f 2234/1248/174 1607/214/68 1608/866/68 2233/1249/174
f 2233/1249/174 1608/866/68 1609/218/68 2232/219/174
f 2232/219/174 1609/218/68 1610/868/68 2231/221/174
f 2231/221/174 1610/868/68 1611/1250/68 2230/223/174
f 2230/223/174 1611/1250/68 1612/224/68 2229/1251/174
f 2229/1251/174 1612/224/68 1613/226/68 2228/1252/174
f 2228/1252/174 1613/226/68 1614/228/68 2227/229/174
f 2227/229/174 1614/228/68 3782/230/201 2226/1253/176
f 3783/1254/199 1616/233/71 1617/234/68 2224/1255/174
f 2224/1255/174 1617/234/68 1618/1256/68 2223/1257/174
f 2223/1257/174 1618/1256/68 1619/238/68 2222/239/174
f 2222/239/174 1619/238/68 1620/178/68 2221/159/174
f 189/240/61 191/200/63 2240/1244/174 2220/241/170
f 2220/241/170 2240/1244/174 2239/861/174 2219/1258/170
f 2219/1258/170 2239/861/174 2238/1245/174 2218/876/170
f 2218/876/170 2238/1245/174 2237/1246/174 2217/244/170
f 2217/244/170 2237/1246/174 2236/1247/176 2216/245/173
f 3786/246/203 3779/864/199 2234/1248/174 2214/1259/170
f 2214/1259/170 2234/1248/174 2233/1249/174 2213/248/170
f 2213/248/170 2233/1249/174 2232/219/174 2212/249/170
f 2212/249/170 2232/219/174 2231/221/174 2211/1260/170
f 2211/1260/170 2231/221/174 2230/223/174 2210/1261/170
f 2210/1261/170 2230/223/174 2229/1251/174 2209/1262/170
f 2209/1262/170 2229/1251/174 2228/1252/174 2208/1263/170
f 2208/1263/170 2228/1252/174 2227/229/174 2207/254/170
f 2207/254/170 2227/229/174 2226/1253/176 2206/1264/172
f 3788/1265/203 3783/1254/199 2224/1255/174 2204/257/170
f 2204/257/170 2224/1255/174 2223/1257/174 2203/887/170
f 2203/887/170 2223/1257/174 2222/239/174 2202/1266/170
f 2202/1266/170 2222/239/174 2221/159/174 2201/177/170
f 187/260/59 189/240/61 2220/241/170 2200/1267/166
f 2200/1267/166 2220/241/170 2219/1258/170 2199/1268/166
f 2199/1268/166 2219/1258/170 2218/876/170 2198/263/166
f 2198/263/166 2218/876/170 2217/244/170 2197/891/166
f 2197/891/166 2217/244/170 2216/245/173 2196/265/169
f 3790/1269/206 3786/246/203 2214/1259/170 2194/1270/166
f 2194/1270/166 2214/1259/170 2213/248/170 2193/1271/166
f 2193/1271/166 2213/248/170 2212/249/170 2192/1272/166
f 2192/1272/166 2212/249/170 2211/1260/170 2191/1273/166
f 2191/1273/166 2211/1260/170 2210/1261/170 2190/271/166
f 2190/271/166 2210/1261/170 2209/1262/170 2189/272/166
f 2189/272/166 2209/1262/170 2208/1263/170 2188/1274/166
f 2188/1274/166 2208/1263/170 2207/254/170 2187/1275/166
f 2187/1275/166 2207/254/170 2206/1264/172 2186/1276/167
f 3792/276/206 3788/1265/203 2204/257/170 2184/277/166
f 2184/277/166 2204/257/170 2203/887/170 2183/278/166
f 2183/278/166 2203/887/170 2202/1266/170 2182/1277/166
f 2182/1277/166 2202/1266/170 2201/177/170 2181/176/166
f 185/280/57 187/260/59 2200/1267/166 2180/1278/164
f 2180/1278/164 2200/1267/166 2199/1268/166 2179/1279/164
f 2179/1279/164 2199/1268/166 2198/263/166 2178/1280/164
f 2178/1280/164 2198/263/166 2197/891/166 2177/1281/164
f 2177/1281/164 2197/891/166 2196/265/169 2176/1282/190
f 3794/286/210 3790/1269/206 2194/1270/166 2174/907/164
f 2174/907/164 2194/1270/166 2193/1271/166 2173/908/164
f 2173/908/164 2193/1271/166 2192/1272/166 2172/289/164
f 2172/289/164 2192/1272/166 2191/1273/166 2171/1283/164
f 2171/1283/164 2191/1273/166 2190/271/166 2170/1284/164
f 2170/1284/164 2190/271/166 2189/272/166 2169/912/164
f 2169/912/164 2189/272/166 2188/1274/166 2168/1285/164
f 2168/1285/164 2188/1274/166 2187/1275/166 2167/1286/164
f 2167/1286/164 2187/1275/166 2186/1276/167 2166/1287/165
f 3796/1288/210 3792/276/206 2184/277/166 2164/1289/164
f 2164/1289/164 2184/277/166 2183/278/166 2163/1290/164
f 2163/1290/164 2183/278/166 2182/1277/166 2162/1291/164
f 2162/1291/164 2182/1277/166 2181/176/166 2161/57/164
f 183/300/55 185/280/57 2180/1278/164 2160/301/162
f 2160/301/162 2180/1278/164 2179/1279/164 2159/918/162
f 2159/918/162 2179/1279/164 2178/1280/164 2158/1292/162
f 2158/1292/162 2178/1280/164 2177/1281/164 2157/920/162
f 2157/920/162 2177/1281/164 2176/1282/190 2156/305/163
f 3798/306/212 3794/286/210 2174/907/164 2154/307/162
f 2154/307/162 2174/907/164 2173/908/164 2153/1293/162
f 2153/1293/162 2173/908/164 2172/289/164 2152/923/162
f 2152/923/162 2172/289/164 2171/1283/164 2151/310/162
f 2151/310/162 2171/1283/164 2170/1284/164 2150/311/162
f 2150/311/162 2170/1284/164 2169/912/164 2149/312/162
f 2149/312/162 2169/912/164 2168/1285/164 2148/1294/162
f 2148/1294/162 2168/1285/164 2167/1286/164 2147/1295/162
f 2147/1295/162 2167/1286/164 2166/1287/165 2146/1296/163
f 3800/316/212 3796/1288/210 2164/1289/164 2144/317/162
f 2144/317/162 2164/1289/164 2163/1290/164 2143/1297/162
f 2143/1297/162 2163/1290/164 2162/1291/164 2142/319/162
f 2142/319/162 2162/1291/164 2161/57/164 2141/155/162
f 181/320/53 183/300/55 2160/301/162 2140/1298/160
f 2140/1298/160 2160/301/162 2159/918/162 2139/1299/160
f 2139/1299/160 2159/918/162 2158/1292/162 2138/323/160
f 2138/323/160 2158/1292/162 2157/920/162 2137/930/160
f 2137/930/160 2157/920/162 2156/305/163 2136/931/161
f 3802/326/215 3798/306/212 2154/307/162 2134/327/160
f 2134/327/160 2154/307/162 2153/1293/162 2133/933/160
f 2133/933/160 2153/1293/162 2152/923/162 2132/1300/160
f 2132/1300/160 2152/923/162 2151/310/162 2131/1301/160
f 2131/1301/160 2151/310/162 2150/311/162 2130/331/160
f 2130/331/160 2150/311/162 2149/312/162 2129/1302/160
f 2129/1302/160 2149/312/162 2148/1294/162 2128/1303/160
f 2128/1303/160 2148/1294/162 2147/1295/162 2127/334/160
f 2127/334/160 2147/1295/162 2146/1296/163 2126/1304/161
f 3804/1305/215 3800/316/212 2144/317/162 2124/337/160
f 2124/337/160 2144/317/162 2143/1297/162 2123/1306/160
f 2123/1306/160 2143/1297/162 2142/319/162 2122/339/160
f 2122/339/160 2142/319/162 2141/155/162 2121/175/160
f 179/340/51 181/320/53 2140/1298/160 2120/1307/158
f 2120/1307/158 2140/1298/160 2139/1299/160 2119/941/158
f 2119/941/158 2139/1299/160 2138/323/160 2118/343/158
f 2118/343/158 2138/323/160 2137/930/160 2117/943/158
f 2117/943/158 2137/930/160 2136/931/161 2116/1308/159
f 3806/346/217 3802/326/215 2134/327/160 2114/1309/158
f 2114/1309/158 2134/327/160 2133/933/160 2113/1310/158
f 2113/1310/158 2133/933/160 2132/1300/160 2112/349/158
f 2112/349/158 2132/1300/160 2131/1301/160 2111/1311/158
f 2111/1311/158 2131/1301/160 2130/331/160 2110/351/158
f 2110/351/158 2130/331/160 2129/1302/160 2109/352/158
f 2109/352/158 2129/1302/160 2128/1303/160 2108/951/158
f 2108/951/158 2128/1303/160 2127/334/160 2107/1312/158
f 2107/1312/158 2127/334/160 2126/1304/161 2106/1313/159
f 3808/356/217 3804/1305/215 2124/337/160 2104/1314/158
f 2104/1314/158 2124/337/160 2123/1306/160 2103/1315/158
f 2103/1315/158 2123/1306/160 2122/339/160 2102/359/158
f 2102/359/158 2122/339/160 2121/175/160 2101/174/158
f 177/360/49 179/340/51 2120/1307/158 2100/361/155
f 2100/361/155 2120/1307/158 2119/941/158 2099/362/155
f 2099/362/155 2119/941/158 2118/343/158 2098/363/155
f 2098/363/155 2118/343/158 2117/943/158 2097/1316/155
f 2097/1316/155 2117/943/158 2116/1308/159 2096/956/156
f 3810/1317/219 3806/346/217 2114/1309/158 2094/958/155
f 2094/958/155 2114/1309/158 2113/1310/158 2093/368/155
f 2093/368/155 2113/1310/158 2112/349/158 2092/1318/155
f 2092/1318/155 2112/349/158 2111/1311/158 2091/1319/155
f 2091/1319/155 2111/1311/158 2110/351/158 2090/1320/155
f 2090/1320/155 2110/351/158 2109/352/158 2089/1321/155
f 2089/1321/155 2109/352/158 2108/951/158 2088/1322/155
f 2088/1322/155 2108/951/158 2107/1312/158 2087/1323/155
f 2087/1323/155 2107/1312/158 2106/1313/159 2086/1324/156
f 3812/1325/219 3808/356/217 2104/1314/158 2084/1326/155
f 2084/1326/155 2104/1314/158 2103/1315/158 2083/1327/155
f 2083/1327/155 2103/1315/158 2102/359/158 2082/1328/155
f 2082/1328/155 2102/359/158 2101/174/158 2081/173/155
f 175/380/47 177/360/49 2100/361/155 2080/381/153
f 2080/381/153 2100/361/155 2099/362/155 2079/1329/153
f 2079/1329/153 2099/362/155 2098/363/155 2078/383/153
f 2078/383/153 2098/363/155 2097/1316/155 2077/1330/153
f 2077/1330/153 2097/1316/155 2096/956/156 2076/1331/154
f 3814/1332/222 3810/1317/219 2094/958/155 2074/387/153
f 2074/387/153 2094/958/155 2093/368/155 2073/1333/153
f 2073/1333/153 2093/368/155 2092/1318/155 2072/389/153
f 2072/389/153 2092/1318/155 2091/1319/155 2071/390/153
f 2071/390/153 2091/1319/155 2090/1320/155 2070/1334/153
f 2070/1334/153 2090/1320/155 2089/1321/155 2069/1335/153
f 2069/1335/153 2089/1321/155 2088/1322/155 2068/393/153
f 2068/393/153 2088/1322/155 2087/1323/155 2067/394/153
f 2067/394/153 2087/1323/155 2086/1324/156 2066/1336/154
f 3816/1337/222 3812/1325/219 2084/1326/155 2064/1338/153
f 2064/1338/153 2084/1326/155 2083/1327/155 2063/1339/153
f 2063/1339/153 2083/1327/155 2082/1328/155 2062/1340/153
f 2062/1340/153 2082/1328/155 2081/173/155 2061/151/153
f 173/400/45 175/380/47 2080/381/153 2060/401/151
f 2060/401/151 2080/381/153 2079/1329/153 2059/402/151
f 2059/402/151 2079/1329/153 2078/383/153 2058/403/151
f 2058/403/151 2078/383/153 2077/1330/153 2057/404/151
f 2057/404/151 2077/1330/153 2076/1331/154 2056/405/152
f 3818/406/225 3814/1332/222 2074/387/153 2054/1341/151
f 2054/1341/151 2074/387/153 2073/1333/153 2053/408/151
f 2053/408/151 2073/1333/153 2072/389/153 2052/1342/151
f 2052/1342/151 2072/389/153 2071/390/153 2051/1343/151
f 2051/1343/151 2071/390/153 2070/1334/153 2050/976/151
f 2050/976/151 2070/1334/153 2069/1335/153 2049/412/151
f 2049/412/151 2069/1335/153 2068/393/153 2048/978/151
f 2048/978/151 2068/393/153 2067/394/153 2047/414/151
f 2047/414/151 2067/394/153 2066/1336/154 2046/979/152
f 3820/416/225 3816/1337/222 2064/1338/153 2044/1344/151
f 2044/1344/151 2064/1338/153 2063/1339/153 2043/418/151
f 2043/418/151 2063/1339/153 2062/1340/153 2042/1345/151
f 2042/1345/151 2062/1340/153 2061/151/153 2041/172/151
f 171/420/43 173/400/45 2060/401/151 2040/421/147
f 2040/421/147 2060/401/151 2059/402/151 2039/422/147
f 2039/422/147 2059/402/151 2058/403/151 2038/1346/147
f 2038/1346/147 2058/403/151 2057/404/151 2037/424/147
f 2037/424/147 2057/404/151 2056/405/152 2036/1347/149
f 3822/426/227 3818/406/225 2054/1341/151 2034/427/147
f 2034/427/147 2054/1341/151 2053/408/151 2033/1348/147
f 2033/1348/147 2053/408/151 2052/1342/151 2032/989/147
f 2032/989/147 2052/1342/151 2051/1343/151 2031/1349/147
f 2031/1349/147 2051/1343/151 2050/976/151 2030/1350/147
f 2030/1350/147 2050/976/151 2049/412/151 2029/1351/147
f 2029/1351/147 2049/412/151 2048/978/151 2028/433/147
f 2028/433/147 2048/978/151 2047/414/151 2027/1352/147
f 2027/1352/147 2047/414/151 2046/979/152 2026/995/149
f 3824/996/227 3820/416/225 2044/1344/151 2024/997/147
f 2024/997/147 2044/1344/151 2043/418/151 2023/998/147
f 2023/998/147 2043/418/151 2042/1345/151 2022/999/147
f 2022/999/147 2042/1345/151 2041/172/151 2021/171/147
f 169/440/41 171/420/43 2040/421/147 2020/441/142
f 2020/441/142 2040/421/147 2039/422/147 2019/442/142
f 2019/442/142 2039/422/147 2038/1346/147 2018/1353/142
f 2018/1353/142 2038/1346/147 2037/424/147 2017/1002/142
f 2017/1002/142 2037/424/147 2036/1347/149 2016/1354/146
f 3826/1355/230 3822/426/227 2034/427/147 2014/1356/142
f 2014/1356/142 2034/427/147 2033/1348/147 2013/448/142
f 2013/448/142 2033/1348/147 2032/989/147 2012/1357/142
f 2012/1357/142 2032/989/147 2031/1349/147 2011/1008/142
f 2011/1008/142 2031/1349/147 2030/1350/147 2010/1009/142
f 2010/1009/142 2030/1350/147 2029/1351/147 2009/452/142
f 2009/452/142 2029/1351/147 2028/433/147 2008/453/142
f 2008/453/142 2028/433/147 2027/1352/147 2007/454/142
f 2007/454/142 2027/1352/147 2026/995/149 2006/1010/146
f 3828/1358/230 3824/996/227 2024/997/147 2004/1011/142
f 2004/1011/142 2024/997/147 2023/998/147 2003/1359/142
f 2003/1359/142 2023/998/147 2022/999/147 2002/1013/142
f 2002/1013/142 2022/999/147 2021/171/147 2001/170/142
f 167/460/39 169/440/41 2020/441/142 2000/1360/138
f 2000/1360/138 2020/441/142 2019/442/142 1999/1361/138
f 1999/1361/138 2019/442/142 2018/1353/142 1998/1362/138
f 1998/1362/138 2018/1353/142 2017/1002/142 1997/1363/138
f 1997/1363/138 2017/1002/142 2016/1354/146 1996/1364/141
f 3830/1365/234 3826/1355/230 2014/1356/142 1994/1366/138
f 1994/1366/138 2014/1356/142 2013/448/142 1993/468/138
f 1993/468/138 2013/448/142 2012/1357/142 1992/1367/138
f 1992/1367/138 2012/1357/142 2011/1008/142 1991/1368/138
f 1991/1368/138 2011/1008/142 2010/1009/142 1990/471/138
f 1990/471/138 2010/1009/142 2009/452/142 1989/1369/138
f 1989/1369/138 2009/452/142 2008/453/142 1988/1370/138
f 1988/1370/138 2008/453/142 2007/454/142 1987/474/138
f 1987/474/138 2007/454/142 2006/1010/146 1986/1371/141
f 3832/1372/234 3828/1358/230 2004/1011/142 1984/1023/138
f 1984/1023/138 2004/1011/142 2003/1359/142 1983/478/138
f 1983/478/138 2003/1359/142 2002/1013/142 1982/1373/138
f 1982/1373/138 2002/1013/142 2001/170/142 1981/169/138
f 165/480/37 167/460/39 2000/1360/138 1980/1374/134
f 1980/1374/134 2000/1360/138 1999/1361/138 1979/1375/134
f 1979/1375/134 1999/1361/138 1998/1362/138 1978/1027/134
f 1978/1027/134 1998/1362/138 1997/1363/138 1977/1376/134
f 1977/1376/134 1997/1363/138 1996/1364/141 1976/1377/136
f 3834/1030/237 3830/1365/234 1994/1366/138 1974/1031/134
f 1974/1031/134 1994/1366/138 1993/468/138 1973/1378/134
f 1973/1378/134 1993/468/138 1992/1367/138 1972/1379/134
f 1972/1379/134 1992/1367/138 1991/1368/138 1971/1380/134
f 1971/1380/134 1991/1368/138 1990/471/138 1970/1034/134
f 1970/1034/134 1990/471/138 1989/1369/138 1969/1381/134
f 1969/1381/134 1989/1369/138 1988/1370/138 1968/1382/134
f 1968/1382/134 1988/1370/138 1987/474/138 1967/1383/134
f 1967/1383/134 1987/474/138 1986/1371/141 1966/1384/186
f 3836/1385/276 3832/1372/234 1984/1023/138 1964/1040/134
f 1964/1040/134 1984/1023/138 1983/478/138 1963/1386/134
f 1963/1386/134 1983/478/138 1982/1373/138 1962/1387/134
f 1962/1387/134 1982/1373/138 1981/169/138 1961/168/134
f 163/500/35 165/480/37 1980/1374/134 1960/1388/130
f 1960/1388/130 1980/1374/134 1979/1375/134 1959/1389/130
f 1959/1389/130 1979/1375/134 1978/1027/134 1958/1045/130
f 1958/1045/130 1978/1027/134 1977/1376/134 1957/1390/130
f 1957/1390/130 1977/1376/134 1976/1377/136 1956/1391/133
f 3838/506/242 3834/1030/237 1974/1031/134 1954/1392/130
f 1954/1392/130 1974/1031/134 1973/1378/134 1953/1393/130
f 1953/1393/130 1973/1378/134 1972/1379/134 1952/1050/130
f 1952/1050/130 1972/1379/134 1971/1380/134 1951/1394/130
f 1951/1394/130 1971/1380/134 1970/1034/134 1950/1052/130
f 1950/1052/130 1970/1034/134 1969/1381/134 1949/512/130
f 1949/512/130 1969/1381/134 1968/1382/134 1948/1395/130
f 1948/1395/130 1968/1382/134 1967/1383/134 1947/1055/130
f 1947/1055/130 1967/1383/134 1966/1384/186 1946/1056/133
f 3840/1396/242 3836/1385/276 1964/1040/134 1944/1058/130
f 1944/1058/130 1964/1040/134 1963/1386/134 1943/518/130
f 1943/518/130 1963/1386/134 1962/1387/134 1942/1397/130
f 1942/1397/130 1962/1387/134 1961/168/134 1941/35/130
f 161/520/33 163/500/35 1960/1388/130 1940/521/125
f 1940/521/125 1960/1388/130 1959/1389/130 1939/1398/125
f 1939/1398/125 1959/1389/130 1958/1045/130 1938/1399/125
f 1938/1399/125 1958/1045/130 1957/1390/130 1937/1063/125
f 1937/1063/125 1957/1390/130 1956/1391/133 1936/1400/193
f 3842/526/244 3838/506/242 1954/1392/130 1934/1065/125
f 1934/1065/125 1954/1392/130 1953/1393/130 1933/1401/125
f 1933/1401/125 1953/1393/130 1952/1050/130 1932/1402/125
f 1932/1402/125 1952/1050/130 1951/1394/130 1931/1403/125
f 1931/1403/125 1951/1394/130 1950/1052/130 1930/531/125
f 1930/531/125 1950/1052/130 1949/512/130 1929/1404/125
f 1929/1404/125 1949/512/130 1948/1395/130 1928/1405/125
f 1928/1405/125 1948/1395/130 1947/1055/130 1927/534/125
f 1927/534/125 1947/1055/130 1946/1056/133 1926/1406/129
f 3844/536/244 3840/1396/242 1944/1058/130 1924/1407/125
f 1924/1407/125 1944/1058/130 1943/518/130 1923/1073/125
f 1923/1073/125 1943/518/130 1942/1397/130 1922/1408/125
f 1922/1408/125 1942/1397/130 1941/35/130 1921/145/125
f 159/540/31 161/520/33 1940/521/125 1920/1075/120
f 1920/1075/120 1940/521/125 1939/1398/125 1919/542/120
f 1919/542/120 1939/1398/125 1938/1399/125 1918/543/120
f 1918/543/120 1938/1399/125 1937/1063/125 1917/544/120
f 1917/544/120 1937/1063/125 1936/1400/193 1916/1079/124
f 3846/546/249 3842/526/244 1934/1065/125 1914/547/120
f 1914/547/120 1934/1065/125 1933/1401/125 1913/548/120
f 1913/548/120 1933/1401/125 1932/1402/125 1912/549/120
f 1912/549/120 1932/1402/125 1931/1403/125 1911/550/120
f 1911/550/120 1931/1403/125 1930/531/125 1910/551/120
f 1910/551/120 1930/531/125 1929/1404/125 1909/552/120
f 1909/552/120 1929/1404/125 1928/1405/125 1908/1409/120
f 1908/1409/120 1928/1405/125 1927/534/125 1907/1410/120
f 1907/1410/120 1927/534/125 1926/1406/129 1906/1411/124
f 3848/1412/249 3844/536/244 1924/1407/125 1904/1088/120
f 1904/1088/120 1924/1407/125 1923/1073/125 1903/1089/120
f 1903/1089/120 1923/1073/125 1922/1408/125 1902/1090/120
f 1902/1090/120 1922/1408/125 1921/145/125 1901/31/120
f 157/560/29 159/540/31 1920/1075/120 1900/561/115
f 1900/561/115 1920/1075/120 1919/542/120 1899/1091/115
f 1899/1091/115 1919/542/120 1918/543/120 1898/563/115
f 1898/563/115 1918/543/120 1917/544/120 1897/564/115
f 1897/564/115 1917/544/120 1916/1079/124 1896/1092/118
f 3850/1093/277 3846/546/249 1914/547/120 1894/567/115
f 1894/567/115 1914/547/120 1913/548/120 1893/1095/115
f 1893/1095/115 1913/548/120 1912/549/120 1892/569/115
f 1892/569/115 1912/549/120 1911/550/120 1891/1096/115
f 1891/1096/115 1911/550/120 1910/551/120 1890/1097/115
f 1890/1097/115 1910/551/120 1909/552/120 1889/1413/115
f 1889/1413/115 1909/552/120 1908/1409/120 1888/573/115
f 1888/573/115 1908/1409/120 1907/1410/120 1887/1099/115
f 1887/1099/115 1907/1410/120 1906/1411/124 1886/575/118
f 3852/576/277 3848/1412/249 1904/1088/120 1884/577/115
f 1884/577/115 1904/1088/120 1903/1089/120 1883/1100/115
f 1883/1100/115 1903/1089/120 1902/1090/120 1882/579/115
f 1882/579/115 1902/1090/120 1901/31/120 1881/29/115
f 155/580/27 157/560/29 1900/561/115 1880/581/112
f 1880/581/112 1900/561/115 1899/1091/115 1879/582/112
f 1879/582/112 1899/1091/115 1898/563/115 1878/583/112
f 1878/583/112 1898/563/115 1897/564/115 1877/584/112
f 1877/584/112 1897/564/115 1896/1092/118 1876/585/114
f 3854/1414/278 3850/1093/277 1894/567/115 1874/587/112
f 1874/587/112 1894/567/115 1893/1095/115 1873/1415/112
f 1873/1415/112 1893/1095/115 1892/569/115 1872/589/112
f 1872/589/112 1892/569/115 1891/1096/115 1871/590/112
f 1871/590/112 1891/1096/115 1890/1097/115 1870/1416/112
f 1870/1416/112 1890/1097/115 1889/1413/115 1869/1107/112
f 1869/1107/112 1889/1413/115 1888/573/115 1868/593/112
f 1868/593/112 1888/573/115 1887/1099/115 1867/594/112
f 1867/594/112 1887/1099/115 1886/575/118 1866/595/183
f 3856/596/253 3852/576/277 1884/577/115 1864/1109/112
f 1864/1109/112 1884/577/115 1883/1100/115 1863/1110/112
f 1863/1110/112 1883/1100/115 1882/579/115 1862/599/112
f 1862/599/112 1882/579/115 1881/29/115 1861/167/112
f 153/600/25 155/580/27 1880/581/112 1860/601/109
f 1860/601/109 1880/581/112 1879/582/112 1859/602/109
f 1859/602/109 1879/582/112 1878/583/112 1858/603/109
f 1858/603/109 1878/583/112 1877/584/112 1857/604/109
f 1857/604/109 1877/584/112 1876/585/114 1856/605/111
f 3858/606/254 3854/1414/278 1874/587/112 1854/607/109
f 1854/607/109 1874/587/112 1873/1415/112 1853/608/109
f 1853/608/109 1873/1415/112 1872/589/112 1852/1417/109
f 1852/1417/109 1872/589/112 1871/590/112 1851/610/109
f 1851/610/109 1871/590/112 1870/1416/112 1850/611/109
f 1850/611/109 1870/1416/112 1869/1107/112 1849/612/109
f 1849/612/109 1869/1107/112 1868/593/112 1848/613/109
f 1848/613/109 1868/593/112 1867/594/112 1847/614/109
f 1847/614/109 1867/594/112 1866/595/183 1846/615/111
f 3860/616/255 3856/596/253 1864/1109/112 1844/1121/109
f 1844/1121/109 1864/1109/112 1863/1110/112 1843/1122/109
f 1843/1122/109 1863/1110/112 1862/599/112 1842/619/109
f 1842/619/109 1862/599/112 1861/167/112 1841/166/109
f 151/620/23 153/600/25 1860/601/109 1840/621/105
f 1840/621/105 1860/601/109 1859/602/109 1839/1418/105
f 1839/1418/105 1859/602/109 1858/603/109 1838/623/105
f 1838/623/105 1858/603/109 1857/604/109 1837/1419/105
f 1837/1419/105 1857/604/109 1856/605/111 1836/1420/107
f 3862/1421/256 3858/606/254 1854/607/109 1834/627/105
f 1834/627/105 1854/607/109 1853/608/109 1833/1129/105
f 1833/1129/105 1853/608/109 1852/1417/109 1832/629/105
f 1832/629/105 1852/1417/109 1851/610/109 1831/630/105
f 1831/630/105 1851/610/109 1850/611/109 1830/631/105
f 1830/631/105 1850/611/109 1849/612/109 1829/1132/105
f 1829/1132/105 1849/612/109 1848/613/109 1828/1133/105
f 1828/1133/105 1848/613/109 1847/614/109 1827/1422/105
f 1827/1422/105 1847/614/109 1846/615/111 1826/1423/107
f 3864/636/256 3860/616/255 1844/1121/109 1824/1424/105
f 1824/1424/105 1844/1121/109 1843/1122/109 1823/1425/105
f 1823/1425/105 1843/1122/109 1842/619/109 1822/639/105
f 1822/639/105 1842/619/109 1841/166/109 1821/140/105
f 149/640/21 151/620/23 1840/621/105 1820/1426/102
f 1820/1426/102 1840/621/105 1839/1418/105 1819/642/102
f 1819/642/102 1839/1418/105 1838/623/105 1818/1427/102
f 1818/1427/102 1838/623/105 1837/1419/105 1817/1428/102
f 1817/1428/102 1837/1419/105 1836/1420/107 1816/645/104
f 3866/1137/257 3862/1421/256 1834/627/105 1814/1429/102
f 1814/1429/102 1834/627/105 1833/1129/105 1813/648/102
f 1813/648/102 1833/1129/105 1832/629/105 1812/1430/102
f 1812/1430/102 1832/629/105 1831/630/105 1811/1139/102
f 1811/1139/102 1831/630/105 1830/631/105 1810/1431/102
f 1810/1431/102 1830/631/105 1829/1132/105 1809/1432/102
f 1809/1432/102 1829/1132/105 1828/1133/105 1808/1433/102
f 1808/1433/102 1828/1133/105 1827/1422/105 1807/1434/102
f 1807/1434/102 1827/1422/105 1826/1423/107 1806/1435/104
f 3868/1436/257 3864/636/256 1824/1424/105 1804/1437/102
f 1804/1437/102 1824/1424/105 1823/1425/105 1803/658/102
f 1803/658/102 1823/1425/105 1822/639/105 1802/1438/102
f 1802/1438/102 1822/639/105 1821/140/105 1801/165/102
f 147/660/19 149/640/21 1820/1426/102 1800/1439/99
f 1800/1439/99 1820/1426/102 1819/642/102 1799/1440/99
f 1799/1440/99 1819/642/102 1818/1427/102 1798/663/99
f 1798/663/99 1818/1427/102 1817/1428/102 1797/1146/99
f 1797/1146/99 1817/1428/102 1816/645/104 1796/1441/101
f 3870/666/258 3866/1137/257 1814/1429/102 1794/1442/99
f 1794/1442/99 1814/1429/102 1813/648/102 1793/1443/99
f 1793/1443/99 1813/648/102 1812/1430/102 1792/1444/99
f 1792/1444/99 1812/1430/102 1811/1139/102 1791/1151/99
f 1791/1151/99 1811/1139/102 1810/1431/102 1790/671/99
f 1790/671/99 1810/1431/102 1809/1432/102 1789/1445/99
f 1789/1445/99 1809/1432/102 1808/1433/102 1788/1446/99
f 1788/1446/99 1808/1433/102 1807/1434/102 1787/1447/99
f 1787/1447/99 1807/1434/102 1806/1435/104 1786/1156/101
f 3872/1157/258 3868/1436/257 1804/1437/102 1784/1158/99
f 1784/1158/99 1804/1437/102 1803/658/102 1783/678/99
f 1783/678/99 1803/658/102 1802/1438/102 1782/1448/99
f 1782/1448/99 1802/1438/102 1801/165/102 1781/164/99
f 145/680/17 147/660/19 1800/1439/99 1780/1159/96
f 1780/1159/96 1800/1439/99 1799/1440/99 1779/1160/96
f 1779/1160/96 1799/1440/99 1798/663/99 1778/1161/96
f 1778/1161/96 1798/663/99 1797/1146/99 1777/1449/96
f 1777/1449/96 1797/1146/99 1796/1441/101 1776/1450/98
f 3874/1451/259 3870/666/258 1794/1442/99 1774/1165/96
f 1774/1165/96 1794/1442/99 1793/1443/99 1773/1166/96
f 1773/1166/96 1793/1443/99 1792/1444/99 1772/689/96
f 1772/689/96 1792/1444/99 1791/1151/99 1771/690/96
f 1771/690/96 1791/1151/99 1790/671/99 1770/1452/96
f 1770/1452/96 1790/671/99 1789/1445/99 1769/1453/96
f 1769/1453/96 1789/1445/99 1788/1446/99 1768/693/96
f 1768/693/96 1788/1446/99 1787/1447/99 1767/694/96
f 1767/694/96 1787/1447/99 1786/1156/101 1766/695/98
f 3876/696/259 3872/1157/258 1784/1158/99 1764/697/96
f 1764/697/96 1784/1158/99 1783/678/99 1763/1454/96
f 1763/1454/96 1783/678/99 1782/1448/99 1762/1455/96
f 1762/1455/96 1782/1448/99 1781/164/99 1761/137/96
f 143/700/15 145/680/17 1780/1159/96 1760/1456/92
f 1760/1456/92 1780/1159/96 1779/1160/96 1759/702/92
f 1759/702/92 1779/1160/96 1778/1161/96 1758/1457/92
f 1758/1457/92 1778/1161/96 1777/1449/96 1757/1458/92
f 1757/1458/92 1777/1449/96 1776/1450/98 1756/705/94
f 3878/706/260 3874/1451/259 1774/1165/96 1754/707/92
f 1754/707/92 1774/1165/96 1773/1166/96 1753/1459/92
f 1753/1459/92 1773/1166/96 1772/689/96 1752/1460/92
f 1752/1460/92 1772/689/96 1771/690/96 1751/1461/92
f 1751/1461/92 1771/690/96 1770/1452/96 1750/711/92
f 1750/711/92 1770/1452/96 1769/1453/96 1749/1462/92
f 1749/1462/92 1769/1453/96 1768/693/96 1748/1463/92
f 1748/1463/92 1768/693/96 1767/694/96 1747/1183/92
f 1747/1183/92 1767/694/96 1766/695/98 1746/1464/94
f 3880/1465/260 3876/696/259 1764/697/96 1744/1466/92
f 1744/1466/92 1764/697/96 1763/1454/96 1743/1467/92
f 1743/1467/92 1763/1454/96 1762/1455/96 1742/1468/92
f 1742/1468/92 1762/1455/96 1761/137/96 1741/15/92
f 141/720/65 143/700/15 1760/1456/92 1740/721/89
f 1740/721/89 1760/1456/92 1759/702/92 1739/1469/89
f 1739/1469/89 1759/702/92 1758/1457/92 1738/1470/89
f 1738/1470/89 1758/1457/92 1757/1458/92 1737/1471/89
f 1737/1471/89 1757/1458/92 1756/705/94 1736/1186/91
f 3882/726/279 3878/706/260 1754/707/92 1734/1472/89
f 1734/1472/89 1754/707/92 1753/1459/92 1733/1473/89
f 1733/1473/89 1753/1459/92 1752/1460/92 1732/1474/89
f 1732/1474/89 1752/1460/92 1751/1461/92 1731/730/89
f 1731/730/89 1751/1461/92 1750/711/92 1730/1475/89
f 1730/1475/89 1750/711/92 1749/1462/92 1729/1476/89
f 1729/1476/89 1749/1462/92 1748/1463/92 1728/1190/89
f 1728/1190/89 1748/1463/92 1747/1183/92 1727/734/89
f 1727/734/89 1747/1183/92 1746/1464/94 1726/1477/91
f 3884/1478/279 3880/1465/260 1744/1466/92 1724/1479/89
f 1724/1479/89 1744/1466/92 1743/1467/92 1723/1480/89
f 1723/1480/89 1743/1467/92 1742/1468/92 1722/1481/89
f 1722/1481/89 1742/1468/92 1741/15/92 1721/163/89
f 139/740/11 141/720/65 1740/721/89 1720/1482/86
f 1720/1482/86 1740/721/89 1739/1469/89 1719/1192/86
f 1719/1192/86 1739/1469/89 1738/1470/89 1718/1483/86
f 1718/1483/86 1738/1470/89 1737/1471/89 1717/1484/86
f 1717/1484/86 1737/1471/89 1736/1186/91 1716/1485/88
f 3886/1486/262 3882/726/279 1734/1472/89 1714/1487/86
f 1714/1487/86 1734/1472/89 1733/1473/89 1713/748/86
f 1713/748/86 1733/1473/89 1732/1474/89 1712/1488/86
f 1712/1488/86 1732/1474/89 1731/730/89 1711/1199/86
f 1711/1199/86 1731/730/89 1730/1475/89 1710/751/86
f 1710/751/86 1730/1475/89 1729/1476/89 1709/752/86
f 1709/752/86 1729/1476/89 1728/1190/89 1708/1202/86
f 1708/1202/86 1728/1190/89 1727/734/89 1707/754/86
f 1707/754/86 1727/734/89 1726/1477/91 1706/1489/88
f 3888/1490/262 3884/1478/279 1724/1479/89 1704/1491/86
f 1704/1491/86 1724/1479/89 1723/1480/89 1703/1492/86
f 1703/1492/86 1723/1480/89 1722/1481/89 1702/1493/86
f 1702/1493/86 1722/1481/89 1721/163/89 1701/11/86
f 137/760/9 139/740/11 1720/1482/86 1700/1204/83
f 1700/1204/83 1720/1482/86 1719/1192/86 1699/1494/83
f 1699/1494/83 1719/1192/86 1718/1483/86 1698/1495/83
f 1698/1495/83 1718/1483/86 1717/1484/86 1697/1206/83
f 1697/1206/83 1717/1484/86 1716/1485/88 1696/1496/192
f 3890/1207/264 3886/1486/262 1714/1487/86 1694/767/83
f 1694/767/83 1714/1487/86 1713/748/86 1693/1209/83
f 1693/1209/83 1713/748/86 1712/1488/86 1692/1210/83
f 1692/1210/83 1712/1488/86 1711/1199/86 1691/1497/83
f 1691/1497/83 1711/1199/86 1710/751/86 1690/771/83
f 1690/771/83 1710/751/86 1709/752/86 1689/772/83
f 1689/772/83 1709/752/86 1708/1202/86 1688/1498/83
f 1688/1498/83 1708/1202/86 1707/754/86 1687/1499/83
f 1687/1499/83 1707/754/86 1706/1489/88 1686/1500/192
f 3892/776/264 3888/1490/262 1704/1491/86 1684/1501/83
f 1684/1501/83 1704/1491/86 1703/1492/86 1683/1502/83
f 1683/1502/83 1703/1492/86 1702/1493/86 1682/1503/83
f 1682/1503/83 1702/1493/86 1701/11/86 1681/162/83
f 135/780/7 137/760/9 1700/1204/83 1680/781/80
f 1680/781/80 1700/1204/83 1699/1494/83 1679/1504/80
f 1679/1504/80 1699/1494/83 1698/1495/83 1678/1505/80
f 1678/1505/80 1698/1495/83 1697/1206/83 1677/784/80
f 1677/784/80 1697/1206/83 1696/1496/192 1676/1506/82
f 3894/1507/265 3890/1207/264 1694/767/83 1674/1508/80
f 1674/1508/80 1694/767/83 1693/1209/83 1673/1509/80
f 1673/1509/80 1693/1209/83 1692/1210/83 1672/1510/80
f 1672/1510/80 1692/1210/83 1691/1497/83 1671/1218/80
f 1671/1218/80 1691/1497/83 1690/771/83 1670/1511/80
f 1670/1511/80 1690/771/83 1689/772/83 1669/1512/80
f 1669/1512/80 1689/772/83 1688/1498/83 1668/1513/80
f 1668/1513/80 1688/1498/83 1687/1499/83 1667/794/80
f 1667/794/80 1687/1499/83 1686/1500/192 1666/1514/82
f 3896/1515/265 3892/776/264 1684/1501/83 1664/1516/80
f 1664/1516/80 1684/1501/83 1683/1502/83 1663/798/80
f 1663/798/80 1683/1502/83 1682/1503/83 1662/1517/80
f 1662/1517/80 1682/1503/83 1681/162/83 1661/7/80
f 133/800/5 135/780/7 1680/781/80 1660/1518/76
f 1660/1518/76 1680/781/80 1679/1504/80 1659/1519/76
f 1659/1519/76 1679/1504/80 1678/1505/80 1658/803/76
f 1658/803/76 1678/1505/80 1677/784/80 1657/804/76
f 1657/804/76 1677/784/80 1676/1506/82 1656/1520/177
f 3898/1521/267 3894/1507/265 1674/1508/80 1654/1522/76
f 1654/1522/76 1674/1508/80 1673/1509/80 1653/1523/76
f 1653/1523/76 1673/1509/80 1672/1510/80 1652/1524/76
f 1652/1524/76 1672/1510/80 1671/1218/80 1651/1525/76
f 1651/1525/76 1671/1218/80 1670/1511/80 1650/1526/76
f 1650/1526/76 1670/1511/80 1669/1512/80 1649/1233/76
f 1649/1233/76 1669/1512/80 1668/1513/80 1648/813/76
f 1648/813/76 1668/1513/80 1667/794/80 1647/1527/76
f 1647/1527/76 1667/794/80 1666/1514/82 1646/1528/177
f 3900/1529/267 3896/1515/265 1664/1516/80 1644/1530/76
f 1644/1530/76 1664/1516/80 1663/798/80 1643/1531/76
f 1643/1531/76 1663/798/80 1662/1517/80 1642/1532/76
f 1642/1532/76 1662/1517/80 1661/7/80 1641/161/76
f 131/820/3 133/800/5 1660/1518/76 1640/1237/72
f 1640/1237/72 1660/1518/76 1659/1519/76 1639/1533/72
f 1639/1533/72 1659/1519/76 1658/803/76 1638/1534/72
f 1638/1534/72 1658/803/76 1657/804/76 1637/824/72
f 1637/824/72 1657/804/76 1656/1520/177 1636/1240/74
f 3902/826/270 3898/1521/267 1654/1522/76 1634/1535/72
f 1634/1535/72 1654/1522/76 1653/1523/76 1633/1536/72
f 1633/1536/72 1653/1523/76 1652/1524/76 1632/1537/72
f 1632/1537/72 1652/1524/76 1651/1525/76 1631/1538/72
f 1631/1538/72 1651/1525/76 1650/1526/76 1630/1539/72
f 1630/1539/72 1650/1526/76 1649/1233/76 1629/1540/72
f 1629/1540/72 1649/1233/76 1648/813/76 1628/1541/72
f 1628/1541/72 1648/813/76 1647/1527/76 1627/1542/72
f 1627/1542/72 1647/1527/76 1646/1528/177 1626/1543/74
f 3904/1544/270 3900/1529/267 1644/1530/76 1624/837/72
f 1624/837/72 1644/1530/76 1643/1531/76 1623/1545/72
f 1623/1545/72 1643/1531/76 1642/1532/76 1622/1546/72
f 1622/1546/72 1642/1532/76 1641/161/76 1621/160/72
f 129/840/1 131/820/3 1640/1237/72 1601/841/68
f 1601/841/68 1640/1237/72 1639/1533/72 1602/842/68
f 1602/842/68 1639/1533/72 1638/1534/72 1603/843/68
f 1603/843/68 1638/1534/72 1637/824/72 1604/844/68
f 1604/844/68 1637/824/72 1636/1240/74 3778/845/198
f 1606/1547/191 3902/826/270 1634/1535/72 1607/847/68
f 1607/847/68 1634/1535/72 1633/1536/72 1608/1548/68
f 1608/1548/68 1633/1536/72 1632/1537/72 1609/1243/68
f 1609/1243/68 1632/1537/72 1631/1538/72 1610/850/68
f 1610/850/68 1631/1538/72 1630/1539/72 1611/851/68
f 1611/851/68 1630/1539/72 1629/1540/72 1612/1549/68
f 1612/1549/68 1629/1540/72 1628/1541/72 1613/853/68
f 1613/853/68 1628/1541/72 1627/1542/72 1614/1550/68
f 1614/1550/68 1627/1542/72 1626/1543/74 3782/855/201
f 1616/856/71 3904/1544/270 1624/837/72 1617/857/68
f 1617/857/68 1624/837/72 1623/1545/72 1618/858/68
f 1618/858/68 1623/1545/72 1622/1546/72 1619/859/68
f 1619/859/68 1622/1546/72 1621/160/72 1620/1/68
f 127/200/63 65/201/1 2241/202/68 2880/203/174
f 2880/203/174 2241/202/68 2242/1551/68 2879/205/174
f 2879/205/174 2242/1551/68 2243/206/68 2878/1552/174
f 2878/1552/174 2243/206/68 2244/208/68 2877/1553/174
f 2877/1553/174 2244/208/68 3906/210/285 2876/1554/176
f 3907/1555/199 2246/213/191 2247/1556/68 2874/215/174
f 2874/215/174 2247/1556/68 2248/216/68 2873/1557/174
f 2873/1557/174 2248/216/68 2249/1558/68 2872/219/174
f 2872/219/174 2249/1558/68 2250/1559/68 2871/221/174
f 2871/221/174 2250/1559/68 2251/1250/68 2870/223/174
f 2870/223/174 2251/1250/68 2252/224/68 2869/1251/174
f 2869/1251/174 2252/224/68 2253/226/68 2868/1252/174
f 2868/1252/174 2253/226/68 2254/228/68 2867/1560/174
f 2867/1560/174 2254/228/68 3910/230/201 2866/872/176
f 3911/1561/199 2256/1562/70 2257/234/68 2864/874/174
f 2864/874/174 2257/234/68 2258/1563/68 2863/875/174
f 2863/875/174 2258/1563/68 2259/238/68 2862/1564/174
f 2862/1564/174 2259/238/68 2260/97/68 2861/159/174
f 125/240/61 127/200/63 2880/203/174 2860/241/170
f 2860/241/170 2880/203/174 2879/205/174 2859/1565/170
f 2859/1565/170 2879/205/174 2878/1552/174 2858/1566/170
f 2858/1566/170 2878/1552/174 2877/1553/174 2857/244/170
f 2857/244/170 2877/1553/174 2876/1554/176 2856/245/172
f 3914/878/203 3907/1555/199 2874/215/174 2854/1567/170
f 2854/1567/170 2874/215/174 2873/1557/174 2853/248/170
f 2853/248/170 2873/1557/174 2872/219/174 2852/881/170
f 2852/881/170 2872/219/174 2871/221/174 2851/1568/170
f 2851/1568/170 2871/221/174 2870/223/174 2850/251/170
f 2850/251/170 2870/223/174 2869/1251/174 2849/1569/170
f 2849/1569/170 2869/1251/174 2868/1252/174 2848/1570/170
f 2848/1570/170 2868/1252/174 2867/1560/174 2847/254/170
f 2847/254/170 2867/1560/174 2866/872/176 2846/1571/172
f 3916/1572/203 3911/1561/199 2864/874/174 2844/257/170
f 2844/257/170 2864/874/174 2863/875/174 2843/887/170
f 2843/887/170 2863/875/174 2862/1564/174 2842/1266/170
f 2842/1266/170 2862/1564/174 2861/159/174 2841/158/170
f 123/260/59 125/240/61 2860/241/170 2840/1267/166
f 2840/1267/166 2860/241/170 2859/1565/170 2839/262/166
f 2839/262/166 2859/1565/170 2858/1566/170 2838/1573/166
f 2838/1573/166 2858/1566/170 2857/244/170 2837/1574/166
f 2837/1574/166 2857/244/170 2856/245/172 2836/1575/167
f 3918/266/206 3914/878/203 2854/1567/170 2834/1576/166
f 2834/1576/166 2854/1567/170 2853/248/170 2833/895/166
f 2833/895/166 2853/248/170 2852/881/170 2832/896/166
f 2832/896/166 2852/881/170 2851/1568/170 2831/1577/166
f 2831/1577/166 2851/1568/170 2850/251/170 2830/271/166
f 2830/271/166 2850/251/170 2849/1569/170 2829/1578/166
f 2829/1578/166 2849/1569/170 2848/1570/170 2828/1579/166
f 2828/1579/166 2848/1570/170 2847/254/170 2827/1580/166
f 2827/1580/166 2847/254/170 2846/1571/172 2826/1581/167
f 3920/901/206 3916/1572/203 2844/257/170 2824/1582/166
f 2824/1582/166 2844/257/170 2843/887/170 2823/1583/166
f 2823/1583/166 2843/887/170 2842/1266/170 2822/1584/166
f 2822/1584/166 2842/1266/170 2841/158/170 2821/157/166
f 121/280/57 123/260/59 2840/1267/166 2820/1278/164
f 2820/1278/164 2840/1267/166 2839/262/166 2819/1585/164
f 2819/1585/164 2839/262/166 2838/1573/166 2818/283/164
f 2818/283/164 2838/1573/166 2837/1574/166 2817/905/164
f 2817/905/164 2837/1574/166 2836/1575/167 2816/1282/165
f 3922/1586/210 3918/266/206 2834/1576/166 2814/1587/164
f 2814/1587/164 2834/1576/166 2833/895/166 2813/1588/164
f 2813/1588/164 2833/895/166 2832/896/166 2812/289/164
f 2812/289/164 2832/896/166 2831/1577/166 2811/290/164
f 2811/290/164 2831/1577/166 2830/271/166 2810/1589/164
f 2810/1589/164 2830/271/166 2829/1578/166 2809/912/164
f 2809/912/164 2829/1578/166 2828/1579/166 2808/293/164
f 2808/293/164 2828/1579/166 2827/1580/166 2807/1590/164
f 2807/1590/164 2827/1580/166 2826/1581/167 2806/1591/165
f 3924/1592/210 3920/901/206 2824/1582/166 2804/297/164
f 2804/297/164 2824/1582/166 2823/1583/166 2803/298/164
f 2803/298/164 2823/1583/166 2822/1584/166 2802/1593/164
f 2802/1593/164 2822/1584/166 2821/157/166 2801/156/164
f 119/300/55 121/280/57 2820/1278/164 2800/917/162
f 2800/917/162 2820/1278/164 2819/1585/164 2799/918/162
f 2799/918/162 2819/1585/164 2818/283/164 2798/1292/162
f 2798/1292/162 2818/283/164 2817/905/164 2797/1594/162
f 2797/1594/162 2817/905/164 2816/1282/165 2796/305/163
f 3926/306/212 3922/1586/210 2814/1587/164 2794/307/162
f 2794/307/162 2814/1587/164 2813/1588/164 2793/308/162
f 2793/308/162 2813/1588/164 2812/289/164 2792/1595/162
f 2792/1595/162 2812/289/164 2811/290/164 2791/1596/162
f 2791/1596/162 2811/290/164 2810/1589/164 2790/311/162
f 2790/311/162 2810/1589/164 2809/912/164 2789/1597/162
f 2789/1597/162 2809/912/164 2808/293/164 2788/926/162
f 2788/926/162 2808/293/164 2807/1590/164 2787/1598/162
f 2787/1598/162 2807/1590/164 2806/1591/165 2786/1296/163
f 3928/1599/212 3924/1592/210 2804/297/164 2784/1600/162
f 2784/1600/162 2804/297/164 2803/298/164 2783/1297/162
f 2783/1297/162 2803/298/164 2802/1593/164 2782/1601/162
f 2782/1601/162 2802/1593/164 2801/156/164 2781/155/162
f 117/320/53 119/300/55 2800/917/162 2780/928/160
f 2780/928/160 2800/917/162 2799/918/162 2779/1299/160
f 2779/1299/160 2799/918/162 2798/1292/162 2778/323/160
f 2778/323/160 2798/1292/162 2797/1594/162 2777/1602/160
f 2777/1602/160 2797/1594/162 2796/305/163 2776/931/161
f 3930/326/215 3926/306/212 2794/307/162 2774/327/160
f 2774/327/160 2794/307/162 2793/308/162 2773/328/160
f 2773/328/160 2793/308/162 2792/1595/162 2772/1603/160
f 2772/1603/160 2792/1595/162 2791/1596/162 2771/1301/160
f 2771/1301/160 2791/1596/162 2790/311/162 2770/1604/160
f 2770/1604/160 2790/311/162 2789/1597/162 2769/1605/160
f 2769/1605/160 2789/1597/162 2788/926/162 2768/938/160
f 2768/938/160 2788/926/162 2787/1598/162 2767/1606/160
f 2767/1606/160 2787/1598/162 2786/1296/163 2766/1607/161
f 3932/336/215 3928/1599/212 2784/1600/162 2764/337/160
f 2764/337/160 2784/1600/162 2783/1297/162 2763/1608/160
f 2763/1608/160 2783/1297/162 2782/1601/162 2762/339/160
f 2762/339/160 2782/1601/162 2781/155/162 2761/154/160
f 115/340/51 117/320/53 2780/928/160 2760/1609/158
f 2760/1609/158 2780/928/160 2779/1299/160 2759/941/158
f 2759/941/158 2779/1299/160 2778/323/160 2758/1610/158
f 2758/1610/158 2778/323/160 2777/1602/160 2757/943/158
f 2757/943/158 2777/1602/160 2776/931/161 2756/1308/159
f 3934/1611/217 3930/326/215 2774/327/160 2754/1612/158
f 2754/1612/158 2774/327/160 2773/328/160 2753/1310/158
f 2753/1310/158 2773/328/160 2772/1603/160 2752/948/158
f 2752/948/158 2772/1603/160 2771/1301/160 2751/1613/158
f 2751/1613/158 2771/1301/160 2770/1604/160 2750/1614/158
f 2750/1614/158 2770/1604/160 2769/1605/160 2749/352/158
f 2749/352/158 2769/1605/160 2768/938/160 2748/1615/158
f 2748/1615/158 2768/938/160 2767/1606/160 2747/1616/158
f 2747/1616/158 2767/1606/160 2766/1607/161 2746/1617/159
f 3936/1618/217 3932/336/215 2764/337/160 2744/1619/158
f 2744/1619/158 2764/337/160 2763/1608/160 2743/1315/158
f 2743/1315/158 2763/1608/160 2762/339/160 2742/1620/158
f 2742/1620/158 2762/339/160 2761/154/160 2741/153/158
f 113/360/49 115/340/51 2760/1609/158 2740/361/155
f 2740/361/155 2760/1609/158 2759/941/158 2739/362/155
f 2739/362/155 2759/941/158 2758/1610/158 2738/363/155
f 2738/363/155 2758/1610/158 2757/943/158 2737/1316/155
f 2737/1316/155 2757/943/158 2756/1308/159 2736/956/156
f 3938/1317/219 3934/1611/217 2754/1612/158 2734/958/155
f 2734/958/155 2754/1612/158 2753/1310/158 2733/959/155
f 2733/959/155 2753/1310/158 2752/948/158 2732/1318/155
f 2732/1318/155 2752/948/158 2751/1613/158 2731/1621/155
f 2731/1621/155 2751/1613/158 2750/1614/158 2730/960/155
f 2730/960/155 2750/1614/158 2749/352/158 2729/1321/155
f 2729/1321/155 2749/352/158 2748/1615/158 2728/1322/155
f 2728/1322/155 2748/1615/158 2747/1616/158 2727/374/155
f 2727/374/155 2747/1616/158 2746/1617/159 2726/375/156
f 3940/1622/219 3936/1618/217 2744/1619/158 2724/377/155
f 2724/377/155 2744/1619/158 2743/1315/158 2723/1623/155
f 2723/1623/155 2743/1315/158 2742/1620/158 2722/1328/155
f 2722/1328/155 2742/1620/158 2741/153/158 2721/152/155
f 111/380/47 113/360/49 2740/361/155 2720/381/153
f 2720/381/153 2740/361/155 2739/362/155 2719/963/153
f 2719/963/153 2739/362/155 2738/363/155 2718/964/153
f 2718/964/153 2738/363/155 2737/1316/155 2717/1330/153
f 2717/1330/153 2737/1316/155 2736/956/156 2716/1624/154
f 3942/965/222 3938/1317/219 2734/958/155 2714/1625/153
f 2714/1625/153 2734/958/155 2733/959/155 2713/1333/153
f 2713/1333/153 2733/959/155 2732/1318/155 2712/1626/153
f 2712/1626/153 2732/1318/155 2731/1621/155 2711/390/153
f 2711/390/153 2731/1621/155 2730/960/155 2710/1334/153
f 2710/1334/153 2730/960/155 2729/1321/155 2709/392/153
f 2709/392/153 2729/1321/155 2728/1322/155 2708/393/153
f 2708/393/153 2728/1322/155 2727/374/155 2707/394/153
f 2707/394/153 2727/374/155 2726/375/156 2706/1627/154
f 3944/1628/222 3940/1622/219 2724/377/155 2704/1338/153
f 2704/1338/153 2724/377/155 2723/1623/155 2703/1339/153
f 2703/1339/153 2723/1623/155 2722/1328/155 2702/1340/153
f 2702/1340/153 2722/1328/155 2721/152/155 2701/151/153
f 109/400/45 111/380/47 2720/381/153 2700/401/151
f 2700/401/151 2720/381/153 2719/963/153 2699/969/151
f 2699/969/151 2719/963/153 2718/964/153 2698/1629/151
f 2698/1629/151 2718/964/153 2717/1330/153 2697/971/151
f 2697/971/151 2717/1330/153 2716/1624/154 2696/405/188
f 3946/1630/225 3942/965/222 2714/1625/153 2694/1631/151
f 2694/1631/151 2714/1625/153 2713/1333/153 2693/975/151
f 2693/975/151 2713/1333/153 2712/1626/153 2692/1632/151
f 2692/1632/151 2712/1626/153 2711/390/153 2691/410/151
f 2691/410/151 2711/390/153 2710/1334/153 2690/976/151
f 2690/976/151 2710/1334/153 2709/392/153 2689/977/151
f 2689/977/151 2709/392/153 2708/393/153 2688/978/151
f 2688/978/151 2708/393/153 2707/394/153 2687/414/151
f 2687/414/151 2707/394/153 2706/1627/154 2686/1633/152
f 3948/1634/225 3944/1628/222 2704/1338/153 2684/1635/151
f 2684/1635/151 2704/1338/153 2703/1339/153 2683/418/151
f 2683/418/151 2703/1339/153 2702/1340/153 2682/1345/151
f 2682/1345/151 2702/1340/153 2701/151/153 2681/150/151
f 107/420/43 109/400/45 2700/401/151 2680/982/147
f 2680/982/147 2700/401/151 2699/969/151 2679/983/147
f 2679/983/147 2699/969/151 2698/1629/151 2678/423/147
f 2678/423/147 2698/1629/151 2697/971/151 2677/984/147
f 2677/984/147 2697/971/151 2696/405/188 2676/985/149
f 3950/1636/227 3946/1630/225 2694/1631/151 2674/1637/147
f 2674/1637/147 2694/1631/151 2693/975/151 2673/988/147
f 2673/988/147 2693/975/151 2692/1632/151 2672/1638/147
f 2672/1638/147 2692/1632/151 2691/410/151 2671/1639/147
f 2671/1639/147 2691/410/151 2690/976/151 2670/1640/147
f 2670/1640/147 2690/976/151 2689/977/151 2669/992/147
f 2669/992/147 2689/977/151 2688/978/151 2668/1641/147
f 2668/1641/147 2688/978/151 2687/414/151 2667/434/147
f 2667/434/147 2687/414/151 2686/1633/152 2666/995/149
f 3952/996/227 3948/1634/225 2684/1635/151 2664/1642/147
f 2664/1642/147 2684/1635/151 2683/418/151 2663/1643/147
f 2663/1643/147 2683/418/151 2682/1345/151 2662/439/147
f 2662/439/147 2682/1345/151 2681/150/151 2661/149/147
f 105/440/41 107/420/43 2680/982/147 2660/441/142
f 2660/441/142 2680/982/147 2679/983/147 2659/1644/142
f 2659/1644/142 2679/983/147 2678/423/147 2658/1001/142
f 2658/1001/142 2678/423/147 2677/984/147 2657/1002/142
f 2657/1002/142 2677/984/147 2676/985/149 2656/1354/146
f 3954/446/286 3950/1636/227 2674/1637/147 2654/1645/142
f 2654/1645/142 2674/1637/147 2673/988/147 2653/1006/142
f 2653/1006/142 2673/988/147 2672/1638/147 2652/1007/142
f 2652/1007/142 2672/1638/147 2671/1639/147 2651/1008/142
f 2651/1008/142 2671/1639/147 2670/1640/147 2650/1009/142
f 2650/1009/142 2670/1640/147 2669/992/147 2649/452/142
f 2649/452/142 2669/992/147 2668/1641/147 2648/453/142
f 2648/453/142 2668/1641/147 2667/434/147 2647/1646/142
f 2647/1646/142 2667/434/147 2666/995/149 2646/1647/146
f 3956/1648/286 3952/996/227 2664/1642/147 2644/1011/142
f 2644/1011/142 2664/1642/147 2663/1643/147 2643/1359/142
f 2643/1359/142 2663/1643/147 2662/439/147 2642/1649/142
f 2642/1649/142 2662/439/147 2661/149/147 2641/41/142
f 103/460/39 105/440/41 2660/441/142 2640/1360/138
f 2640/1360/138 2660/441/142 2659/1644/142 2639/462/138
f 2639/462/138 2659/1644/142 2658/1001/142 2638/463/138
f 2638/463/138 2658/1001/142 2657/1002/142 2637/1650/138
f 2637/1650/138 2657/1002/142 2656/1354/146 2636/465/141
f 3958/1017/234 3954/446/286 2654/1645/142 2634/467/138
f 2634/467/138 2654/1645/142 2653/1006/142 2633/1651/138
f 2633/1651/138 2653/1006/142 2652/1007/142 2632/1652/138
f 2632/1652/138 2652/1007/142 2651/1008/142 2631/1368/138
f 2631/1368/138 2651/1008/142 2650/1009/142 2630/1653/138
f 2630/1653/138 2650/1009/142 2649/452/142 2629/1369/138
f 2629/1369/138 2649/452/142 2648/453/142 2628/473/138
f 2628/473/138 2648/453/142 2647/1646/142 2627/474/138
f 2627/474/138 2647/1646/142 2646/1647/146 2626/1654/140
f 3960/476/234 3956/1648/286 2644/1011/142 2624/1023/138
f 2624/1023/138 2644/1011/142 2643/1359/142 2623/1655/138
f 2623/1655/138 2643/1359/142 2642/1649/142 2622/1024/138
f 2622/1024/138 2642/1649/142 2641/41/142 2621/148/138
f 101/480/37 103/460/39 2640/1360/138 2620/1656/134
f 2620/1656/134 2640/1360/138 2639/462/138 2619/1375/134
f 2619/1375/134 2639/462/138 2638/463/138 2618/483/134
f 2618/483/134 2638/463/138 2637/1650/138 2617/1028/134
f 2617/1028/134 2637/1650/138 2636/465/141 2616/1377/136
f 3962/1030/276 3958/1017/234 2634/467/138 2614/1657/134
f 2614/1657/134 2634/467/138 2633/1651/138 2613/1658/134
f 2613/1658/134 2633/1651/138 2632/1652/138 2612/1379/134
f 2612/1379/134 2632/1652/138 2631/1368/138 2611/1380/134
f 2611/1380/134 2631/1368/138 2630/1653/138 2610/491/134
f 2610/491/134 2630/1653/138 2629/1369/138 2609/1659/134
f 2609/1659/134 2629/1369/138 2628/473/138 2608/1036/134
f 2608/1036/134 2628/473/138 2627/474/138 2607/1383/134
f 2607/1383/134 2627/474/138 2626/1654/140 2606/1038/136
f 3964/1660/237 3960/476/234 2624/1023/138 2604/1661/134
f 2604/1661/134 2624/1023/138 2623/1655/138 2603/1662/134
f 2603/1662/134 2623/1655/138 2622/1024/138 2602/1042/134
f 2602/1042/134 2622/1024/138 2621/148/138 2601/147/134
f 99/500/35 101/480/37 2620/1656/134 2600/1043/130
f 2600/1043/130 2620/1656/134 2619/1375/134 2599/1044/130
f 2599/1044/130 2619/1375/134 2618/483/134 2598/1663/130
f 2598/1663/130 2618/483/134 2617/1028/134 2597/1664/130
f 2597/1664/130 2617/1028/134 2616/1377/136 2596/505/133
f 3966/506/242 3962/1030/276 2614/1657/134 2594/1665/130
f 2594/1665/130 2614/1657/134 2613/1658/134 2593/508/130
f 2593/508/130 2613/1658/134 2612/1379/134 2592/1666/130
f 2592/1666/130 2612/1379/134 2611/1380/134 2591/1051/130
f 2591/1051/130 2611/1380/134 2610/491/134 2590/1667/130
f 2590/1667/130 2610/491/134 2609/1659/134 2589/1668/130
f 2589/1668/130 2609/1659/134 2608/1036/134 2588/1395/130
f 2588/1395/130 2608/1036/134 2607/1383/134 2587/514/130
f 2587/514/130 2607/1383/134 2606/1038/136 2586/515/133
f 3968/1057/242 3964/1660/237 2604/1661/134 2584/1669/130
f 2584/1669/130 2604/1661/134 2603/1662/134 2583/1670/130
f 2583/1670/130 2603/1662/134 2602/1042/134 2582/1060/130
f 2582/1060/130 2602/1042/134 2601/147/134 2581/146/130
f 97/520/33 99/500/35 2600/1043/130 2580/521/125
f 2580/521/125 2600/1043/130 2599/1044/130 2579/1061/125
f 2579/1061/125 2599/1044/130 2598/1663/130 2578/523/125
f 2578/523/125 2598/1663/130 2597/1664/130 2577/1671/125
f 2577/1671/125 2597/1664/130 2596/505/133 2576/1672/129
f 3970/526/244 3966/506/242 2594/1665/130 2574/527/125
f 2574/527/125 2594/1665/130 2593/508/130 2573/1673/125
f 2573/1673/125 2593/508/130 2592/1666/130 2572/1066/125
f 2572/1066/125 2592/1666/130 2591/1051/130 2571/1403/125
f 2571/1403/125 2591/1051/130 2590/1667/130 2570/531/125
f 2570/531/125 2590/1667/130 2589/1668/130 2569/1069/125
f 2569/1069/125 2589/1668/130 2588/1395/130 2568/1405/125
f 2568/1405/125 2588/1395/130 2587/514/130 2567/534/125
f 2567/534/125 2587/514/130 2586/515/133 2566/535/127
f 3972/536/287 3968/1057/242 2584/1669/130 2564/1674/125
f 2564/1674/125 2584/1669/130 2583/1670/130 2563/1675/125
f 2563/1675/125 2583/1670/130 2582/1060/130 2562/1676/125
f 2562/1676/125 2582/1060/130 2581/146/130 2561/145/125
f 95/540/31 97/520/33 2580/521/125 2560/1677/120
f 2560/1677/120 2580/521/125 2579/1061/125 2559/1678/120
f 2559/1678/120 2579/1061/125 2578/523/125 2558/543/120
f 2558/543/120 2578/523/125 2577/1671/125 2557/544/120
f 2557/544/120 2577/1671/125 2576/1672/129 2556/1079/124
f 3974/546/249 3970/526/244 2574/527/125 2554/1679/120
f 2554/1679/120 2574/527/125 2573/1673/125 2553/1082/120
f 2553/1082/120 2573/1673/125 2572/1066/125 2552/1083/120
f 2552/1083/120 2572/1066/125 2571/1403/125 2551/550/120
f 2551/550/120 2571/1403/125 2570/531/125 2550/1680/120
f 2550/1680/120 2570/531/125 2569/1069/125 2549/1681/120
f 2549/1681/120 2569/1069/125 2568/1405/125 2548/553/120
f 2548/553/120 2568/1405/125 2567/534/125 2547/1410/120
f 2547/1410/120 2567/534/125 2566/535/127 2546/555/124
f 3976/1412/249 3972/536/287 2564/1674/125 2544/1682/120
f 2544/1682/120 2564/1674/125 2563/1675/125 2543/1683/120
f 2543/1683/120 2563/1675/125 2562/1676/125 2542/1684/120
f 2542/1684/120 2562/1676/125 2561/145/125 2541/144/120
f 93/560/29 95/540/31 2560/1677/120 2540/561/115
f 2540/561/115 2560/1677/120 2559/1678/120 2539/1091/115
f 2539/1091/115 2559/1678/120 2558/543/120 2538/1685/115
f 2538/1685/115 2558/543/120 2557/544/120 2537/1686/115
f 2537/1686/115 2557/544/120 2556/1079/124 2536/1687/118
f 3978/1093/277 3974/546/249 2554/1679/120 2534/1688/115
f 2534/1688/115 2554/1679/120 2553/1082/120 2533/1689/115
f 2533/1689/115 2553/1082/120 2552/1083/120 2532/569/115
f 2532/569/115 2552/1083/120 2551/550/120 2531/1690/115
f 2531/1690/115 2551/550/120 2550/1680/120 2530/1691/115
f 2530/1691/115 2550/1680/120 2549/1681/120 2529/572/115
f 2529/572/115 2549/1681/120 2548/553/120 2528/1692/115
f 2528/1692/115 2548/553/120 2547/1410/120 2527/1099/115
f 2527/1099/115 2547/1410/120 2546/555/124 2526/1693/118
f 3980/576/252 3976/1412/249 2544/1682/120 2524/577/115
f 2524/577/115 2544/1682/120 2543/1683/120 2523/578/115
f 2523/578/115 2543/1683/120 2542/1684/120 2522/579/115
f 2522/579/115 2542/1684/120 2541/144/120 2521/143/115
f 91/580/27 93/560/29 2540/561/115 2520/1694/112
f 2520/1694/112 2540/561/115 2539/1091/115 2519/1695/112
f 2519/1695/112 2539/1091/115 2538/1685/115 2518/1696/112
f 2518/1696/112 2538/1685/115 2537/1686/115 2517/1697/112
f 2517/1697/112 2537/1686/115 2536/1687/118 2516/585/114
f 3982/586/253 3978/1093/277 2534/1688/115 2514/1698/112
f 2514/1698/112 2534/1688/115 2533/1689/115 2513/1415/112
f 2513/1415/112 2533/1689/115 2532/569/115 2512/1699/112
f 2512/1699/112 2532/569/115 2531/1690/115 2511/1700/112
f 2511/1700/112 2531/1690/115 2530/1691/115 2510/1106/112
f 2510/1106/112 2530/1691/115 2529/572/115 2509/1107/112
f 2509/1107/112 2529/572/115 2528/1692/115 2508/593/112
f 2508/593/112 2528/1692/115 2527/1099/115 2507/1701/112
f 2507/1701/112 2527/1099/115 2526/1693/118 2506/595/114
f 3984/1702/278 3980/576/252 2524/577/115 2504/1703/112
f 2504/1703/112 2524/577/115 2523/578/115 2503/1110/112
f 2503/1110/112 2523/578/115 2522/579/115 2502/1704/112
f 2502/1704/112 2522/579/115 2521/143/115 2501/142/112
f 89/600/25 91/580/27 2520/1694/112 2500/1705/109
f 2500/1705/109 2520/1694/112 2519/1695/112 2499/602/109
f 2499/602/109 2519/1695/112 2518/1696/112 2498/1706/109
f 2498/1706/109 2518/1696/112 2517/1697/112 2497/1707/109
f 2497/1707/109 2517/1697/112 2516/585/114 2496/605/111
f 3986/1708/255 3982/586/253 2514/1698/112 2494/1116/109
f 2494/1116/109 2514/1698/112 2513/1415/112 2493/1709/109
f 2493/1709/109 2513/1415/112 2512/1699/112 2492/1710/109
f 2492/1710/109 2512/1699/112 2511/1700/112 2491/1711/109
f 2491/1711/109 2511/1700/112 2510/1106/112 2490/1118/109
f 2490/1118/109 2510/1106/112 2509/1107/112 2489/1119/109
f 2489/1119/109 2509/1107/112 2508/593/112 2488/1712/109
f 2488/1712/109 2508/593/112 2507/1701/112 2487/614/109
f 2487/614/109 2507/1701/112 2506/595/114 2486/615/111
f 3988/1713/254 3984/1702/278 2504/1703/112 2484/1714/109
f 2484/1714/109 2504/1703/112 2503/1110/112 2483/1715/109
f 2483/1715/109 2503/1110/112 2502/1704/112 2482/1716/109
f 2482/1716/109 2502/1704/112 2501/142/112 2481/141/109
f 87/620/23 89/600/25 2500/1705/109 2480/1717/105
f 2480/1717/105 2500/1705/109 2499/602/109 2479/622/105
f 2479/622/105 2499/602/109 2498/1706/109 2478/1718/105
f 2478/1718/105 2498/1706/109 2497/1707/109 2477/1719/105
f 2477/1719/105 2497/1707/109 2496/605/111 2476/1126/107
f 3990/626/256 3986/1708/255 2494/1116/109 2474/1720/105
f 2474/1720/105 2494/1116/109 2493/1709/109 2473/1721/105
f 2473/1721/105 2493/1709/109 2492/1710/109 2472/1130/105
f 2472/1130/105 2492/1710/109 2491/1711/109 2471/630/105
f 2471/630/105 2491/1711/109 2490/1118/109 2470/631/105
f 2470/631/105 2490/1118/109 2489/1119/109 2469/1132/105
f 2469/1132/105 2489/1119/109 2488/1712/109 2468/1133/105
f 2468/1133/105 2488/1712/109 2487/614/109 2467/634/105
f 2467/634/105 2487/614/109 2486/615/111 2466/635/107
f 3992/636/256 3988/1713/254 2484/1714/109 2464/1424/105
f 2464/1424/105 2484/1714/109 2483/1715/109 2463/1425/105
f 2463/1425/105 2483/1715/109 2482/1716/109 2462/639/105
f 2462/639/105 2482/1716/109 2481/141/109 2461/140/105
f 85/640/21 87/620/23 2480/1717/105 2460/1722/102
f 2460/1722/102 2480/1717/105 2479/622/105 2459/642/102
f 2459/642/102 2479/622/105 2478/1718/105 2458/1723/102
f 2458/1723/102 2478/1718/105 2477/1719/105 2457/1136/102
f 2457/1136/102 2477/1719/105 2476/1126/107 2456/1724/104
f 3994/1137/257 3990/626/256 2474/1720/105 2454/1725/102
f 2454/1725/102 2474/1720/105 2473/1721/105 2453/1726/102
f 2453/1726/102 2473/1721/105 2472/1130/105 2452/1727/102
f 2452/1727/102 2472/1130/105 2471/630/105 2451/1728/102
f 2451/1728/102 2471/630/105 2470/631/105 2450/1729/102
f 2450/1729/102 2470/631/105 2469/1132/105 2449/1730/102
f 2449/1730/102 2469/1132/105 2468/1133/105 2448/1731/102
f 2448/1731/102 2468/1133/105 2467/634/105 2447/654/102
f 2447/654/102 2467/634/105 2466/635/107 2446/655/104
f 3996/656/257 3992/636/256 2464/1424/105 2444/1145/102
f 2444/1145/102 2464/1424/105 2463/1425/105 2443/658/102
f 2443/658/102 2463/1425/105 2462/639/105 2442/1732/102
f 2442/1732/102 2462/639/105 2461/140/105 2441/139/102
f 83/660/19 85/640/21 2460/1722/102 2440/661/99
f 2440/661/99 2460/1722/102 2459/642/102 2439/1733/99
f 2439/1733/99 2459/642/102 2458/1723/102 2438/663/99
f 2438/663/99 2458/1723/102 2457/1136/102 2437/1146/99
f 2437/1146/99 2457/1136/102 2456/1724/104 2436/1734/101
f 3998/1735/258 3994/1137/257 2454/1725/102 2434/667/99
f 2434/667/99 2454/1725/102 2453/1726/102 2433/1149/99
f 2433/1149/99 2453/1726/102 2452/1727/102 2432/1444/99
f 2432/1444/99 2452/1727/102 2451/1728/102 2431/1151/99
f 2431/1151/99 2451/1728/102 2450/1729/102 2430/1736/99
f 2430/1736/99 2450/1729/102 2449/1730/102 2429/1445/99
f 2429/1445/99 2449/1730/102 2448/1731/102 2428/1154/99
f 2428/1154/99 2448/1731/102 2447/654/102 2427/1737/99
f 2427/1737/99 2447/654/102 2446/655/104 2426/1738/101
f 4000/1739/258 3996/656/257 2444/1145/102 2424/1740/99
f 2424/1740/99 2444/1145/102 2443/658/102 2423/1741/99
f 2423/1741/99 2443/658/102 2442/1732/102 2422/1742/99
f 2422/1742/99 2442/1732/102 2441/139/102 2421/138/99
f 81/680/17 83/660/19 2440/661/99 2420/1159/96
f 2420/1159/96 2440/661/99 2439/1733/99 2419/1160/96
f 2419/1160/96 2439/1733/99 2438/663/99 2418/683/96
f 2418/683/96 2438/663/99 2437/1146/99 2417/1743/96
f 2417/1743/96 2437/1146/99 2436/1734/101 2416/1163/98
f 4002/1744/259 3998/1735/258 2434/667/99 2414/1745/96
f 2414/1745/96 2434/667/99 2433/1149/99 2413/1746/96
f 2413/1746/96 2433/1149/99 2432/1444/99 2412/1747/96
f 2412/1747/96 2432/1444/99 2431/1151/99 2411/1748/96
f 2411/1748/96 2431/1151/99 2430/1736/99 2410/1749/96
f 2410/1749/96 2430/1736/99 2429/1445/99 2409/1750/96
f 2409/1750/96 2429/1445/99 2428/1154/99 2408/1751/96
f 2408/1751/96 2428/1154/99 2427/1737/99 2407/694/96
f 2407/694/96 2427/1737/99 2426/1738/101 2406/1752/98
f 4004/1753/259 4000/1739/258 2424/1740/99 2404/697/96
f 2404/697/96 2424/1740/99 2423/1741/99 2403/1754/96
f 2403/1754/96 2423/1741/99 2422/1742/99 2402/699/96
f 2402/699/96 2422/1742/99 2421/138/99 2401/137/96
f 79/700/15 81/680/17 2420/1159/96 2400/1755/92
f 2400/1755/92 2420/1159/96 2419/1160/96 2399/702/92
f 2399/702/92 2419/1160/96 2418/683/96 2398/1756/92
f 2398/1756/92 2418/683/96 2417/1743/96 2397/1175/92
f 2397/1175/92 2417/1743/96 2416/1163/98 2396/1757/94
f 4006/1177/260 4002/1744/259 2414/1745/96 2394/1758/92
f 2394/1758/92 2414/1745/96 2413/1746/96 2393/1759/92
f 2393/1759/92 2413/1746/96 2412/1747/96 2392/709/92
f 2392/709/92 2412/1747/96 2411/1748/96 2391/710/92
f 2391/710/92 2411/1748/96 2410/1749/96 2390/711/92
f 2390/711/92 2410/1749/96 2409/1750/96 2389/712/92
f 2389/712/92 2409/1750/96 2408/1751/96 2388/713/92
f 2388/713/92 2408/1751/96 2407/694/96 2387/1760/92
f 2387/1760/92 2407/694/96 2406/1752/98 2386/1761/94
f 4008/1762/260 4004/1753/259 2404/697/96 2384/1763/92
f 2384/1763/92 2404/697/96 2403/1754/96 2383/718/92
f 2383/718/92 2403/1754/96 2402/699/96 2382/1764/92
f 2382/1764/92 2402/699/96 2401/137/96 2381/136/92
f 77/720/65 79/700/15 2400/1755/92 2380/721/89
f 2380/721/89 2400/1755/92 2399/702/92 2379/1469/89
f 2379/1469/89 2399/702/92 2398/1756/92 2378/1470/89
f 2378/1470/89 2398/1756/92 2397/1175/92 2377/1471/89
f 2377/1471/89 2397/1175/92 2396/1757/94 2376/725/91
f 4010/726/261 4006/1177/260 2394/1758/92 2374/1765/89
f 2374/1765/89 2394/1758/92 2393/1759/92 2373/1473/89
f 2373/1473/89 2393/1759/92 2392/709/92 2372/1766/89
f 2372/1766/89 2392/709/92 2391/710/92 2371/1767/89
f 2371/1767/89 2391/710/92 2390/711/92 2370/731/89
f 2370/731/89 2390/711/92 2389/712/92 2369/1476/89
f 2369/1476/89 2389/712/92 2388/713/92 2368/1190/89
f 2368/1190/89 2388/713/92 2387/1760/92 2367/734/89
f 2367/734/89 2387/1760/92 2386/1761/94 2366/1768/91
f 4012/1478/261 4008/1762/260 2384/1763/92 2364/1769/89
f 2364/1769/89 2384/1763/92 2383/718/92 2363/1770/89
f 2363/1770/89 2383/718/92 2382/1764/92 2362/1771/89
f 2362/1771/89 2382/1764/92 2381/136/92 2361/13/89
f 75/740/11 77/720/65 2380/721/89 2360/1772/86
f 2360/1772/86 2380/721/89 2379/1469/89 2359/1773/86
f 2359/1773/86 2379/1469/89 2378/1470/89 2358/1774/86
f 2358/1774/86 2378/1470/89 2377/1471/89 2357/1775/86
f 2357/1775/86 2377/1471/89 2376/725/91 2356/1485/88
f 4014/746/262 4010/726/261 2374/1765/89 2354/747/86
f 2354/747/86 2374/1765/89 2373/1473/89 2353/1197/86
f 2353/1197/86 2373/1473/89 2372/1766/89 2352/1198/86
f 2352/1198/86 2372/1766/89 2371/1767/89 2351/1199/86
f 2351/1199/86 2371/1767/89 2370/731/89 2350/1776/86
f 2350/1776/86 2370/731/89 2369/1476/89 2349/1777/86
f 2349/1777/86 2369/1476/89 2368/1190/89 2348/1778/86
f 2348/1778/86 2368/1190/89 2367/734/89 2347/754/86
f 2347/754/86 2367/734/89 2366/1768/91 2346/1489/88
f 4016/1779/262 4012/1478/261 2364/1769/89 2344/1491/86
f 2344/1491/86 2364/1769/89 2363/1770/89 2343/1780/86
f 2343/1780/86 2363/1770/89 2362/1771/89 2342/1493/86
f 2342/1493/86 2362/1771/89 2361/13/89 2341/135/86
f 73/760/9 75/740/11 2360/1772/86 2340/1781/83
f 2340/1781/83 2360/1772/86 2359/1773/86 2339/1494/83
f 2339/1494/83 2359/1773/86 2358/1774/86 2338/1782/83
f 2338/1782/83 2358/1774/86 2357/1775/86 2337/1783/83
f 2337/1783/83 2357/1775/86 2356/1485/88 2336/1496/192
f 4018/1207/264 4014/746/262 2354/747/86 2334/767/83
f 2334/767/83 2354/747/86 2353/1197/86 2333/768/83
f 2333/768/83 2353/1197/86 2352/1198/86 2332/769/83
f 2332/769/83 2352/1198/86 2351/1199/86 2331/1784/83
f 2331/1784/83 2351/1199/86 2350/1776/86 2330/1211/83
f 2330/1211/83 2350/1776/86 2349/1777/86 2329/1785/83
f 2329/1785/83 2349/1777/86 2348/1778/86 2328/1498/83
f 2328/1498/83 2348/1778/86 2347/754/86 2327/774/83
f 2327/774/83 2347/754/86 2346/1489/88 2326/1786/192
f 4020/1787/264 4016/1779/262 2344/1491/86 2324/1501/83
f 2324/1501/83 2344/1491/86 2343/1780/86 2323/1788/83
f 2323/1788/83 2343/1780/86 2342/1493/86 2322/1503/83
f 2322/1503/83 2342/1493/86 2341/135/86 2321/134/83
f 71/780/7 73/760/9 2340/1781/83 2320/1789/80
f 2320/1789/80 2340/1781/83 2339/1494/83 2319/1790/80
f 2319/1790/80 2339/1494/83 2338/1782/83 2318/783/80
f 2318/783/80 2338/1782/83 2337/1783/83 2317/784/80
f 2317/784/80 2337/1783/83 2336/1496/192 2316/1216/82
f 4022/1791/265 4018/1207/264 2334/767/83 2314/787/80
f 2314/787/80 2334/767/83 2333/768/83 2313/1509/80
f 2313/1509/80 2333/768/83 2332/769/83 2312/1792/80
f 2312/1792/80 2332/769/83 2331/1784/83 2311/1793/80
f 2311/1793/80 2331/1784/83 2330/1211/83 2310/1794/80
f 2310/1794/80 2330/1211/83 2329/1785/83 2309/1512/80
f 2309/1512/80 2329/1785/83 2328/1498/83 2308/1795/80
f 2308/1795/80 2328/1498/83 2327/774/83 2307/1796/80
f 2307/1796/80 2327/774/83 2326/1786/192 2306/1222/82
f 4024/1797/265 4020/1787/264 2324/1501/83 2304/797/80
f 2304/797/80 2324/1501/83 2323/1788/83 2303/1798/80
f 2303/1798/80 2323/1788/83 2322/1503/83 2302/1799/80
f 2302/1799/80 2322/1503/83 2321/134/83 2301/133/80
f 69/800/5 71/780/7 2320/1789/80 2300/1518/76
f 2300/1518/76 2320/1789/80 2319/1790/80 2299/1225/76
f 2299/1225/76 2319/1790/80 2318/783/80 2298/1800/76
f 2298/1800/76 2318/783/80 2317/784/80 2297/1801/76
f 2297/1801/76 2317/784/80 2316/1216/82 2296/1802/177
f 4026/1803/267 4022/1791/265 2314/787/80 2294/1522/76
f 2294/1522/76 2314/787/80 2313/1509/80 2293/1804/76
f 2293/1804/76 2313/1509/80 2312/1792/80 2292/1805/76
f 2292/1805/76 2312/1792/80 2311/1793/80 2291/1806/76
f 2291/1806/76 2311/1793/80 2310/1794/80 2290/1807/76
f 2290/1807/76 2310/1794/80 2309/1512/80 2289/812/76
f 2289/812/76 2309/1512/80 2308/1795/80 2288/1808/76
f 2288/1808/76 2308/1795/80 2307/1796/80 2287/1235/76
f 2287/1235/76 2307/1796/80 2306/1222/82 2286/1528/177
f 4028/1809/269 4024/1797/265 2304/797/80 2284/1810/76
f 2284/1810/76 2304/797/80 2303/1798/80 2283/1811/76
f 2283/1811/76 2303/1798/80 2302/1799/80 2282/1812/76
f 2282/1812/76 2302/1799/80 2301/133/80 2281/132/76
f 67/820/3 69/800/5 2300/1518/76 2280/1237/72
f 2280/1237/72 2300/1518/76 2299/1225/76 2279/1813/72
f 2279/1813/72 2299/1225/76 2298/1800/76 2278/1814/72
f 2278/1814/72 2298/1800/76 2297/1801/76 2277/824/72
f 2277/824/72 2297/1801/76 2296/1802/177 2276/1240/74
f 4030/826/270 4026/1803/267 2294/1522/76 2274/827/72
f 2274/827/72 2294/1522/76 2293/1804/76 2273/1536/72
f 2273/1536/72 2293/1804/76 2292/1805/76 2272/1241/72
f 2272/1241/72 2292/1805/76 2291/1806/76 2271/830/72
f 2271/830/72 2291/1806/76 2290/1807/76 2270/1539/72
f 2270/1539/72 2290/1807/76 2289/812/76 2269/832/72
f 2269/832/72 2289/812/76 2288/1808/76 2268/833/72
f 2268/833/72 2288/1808/76 2287/1235/76 2267/834/72
f 2267/834/72 2287/1235/76 2286/1528/177 2266/1815/74
f 4032/1816/270 4028/1809/269 2284/1810/76 2264/837/72
f 2264/837/72 2284/1810/76 2283/1811/76 2263/1817/72
f 2263/1817/72 2283/1811/76 2282/1812/76 2262/839/72
f 2262/839/72 2282/1812/76 2281/132/76 2261/131/72
f 65/840/1 67/820/3 2280/1237/72 2241/841/68
f 2241/841/68 2280/1237/72 2279/1813/72 2242/842/68
f 2242/842/68 2279/1813/72 2278/1814/72 2243/843/68
f 2243/843/68 2278/1814/72 2277/824/72 2244/844/68
f 2244/844/68 2277/824/72 2276/1240/74 3906/845/285
f 2246/846/191 4030/826/270 2274/827/72 2247/1818/68
f 2247/1818/68 2274/827/72 2273/1536/72 2248/1819/68
f 2248/1819/68 2273/1536/72 2272/1241/72 2249/1243/68
f 2249/1243/68 2272/1241/72 2271/830/72 2250/1820/68
f 2250/1820/68 2271/830/72 2270/1539/72 2251/851/68
f 2251/851/68 2270/1539/72 2269/832/72 2252/852/68
f 2252/852/68 2269/832/72 2268/833/72 2253/853/68
f 2253/853/68 2268/833/72 2267/834/72 2254/1550/68
f 2254/1550/68 2267/834/72 2266/1815/74 3910/1821/201
f 2256/1822/70 4032/1816/270 2264/837/72 2257/857/68
f 2257/857/68 2264/837/72 2263/1817/72 2258/858/68
f 2258/858/68 2263/1817/72 2262/839/72 2259/859/68
f 2259/859/68 2262/839/72 2261/131/72 2260/1/68
f 63/200/63 1/201/1 2881/202/68 3520/860/174
f 3520/860/174 2881/202/68 2882/204/68 3519/205/174
f 3519/205/174 2882/204/68 2883/206/68 3518/1823/174
f 3518/1823/174 2883/206/68 2884/208/68 3517/1553/174
f 3517/1553/174 2884/208/68 4034/210/285 3516/211/176
f 4035/864/199 2886/213/191 2887/214/68 3514/1824/174
f 3514/1824/174 2887/214/68 2888/1825/68 3513/1557/174
f 3513/1557/174 2888/1825/68 2889/218/68 3512/1826/174
f 3512/1826/174 2889/218/68 2890/868/68 3511/221/174
f 3511/221/174 2890/868/68 2891/1250/68 3510/1827/174
f 3510/1827/174 2891/1250/68 2892/224/68 3509/1828/174
f 3509/1828/174 2892/224/68 2893/226/68 3508/1829/174
f 3508/1829/174 2893/226/68 2894/1830/68 3507/229/174
f 3507/229/174 2894/1830/68 4038/230/285 3506/1831/176
f 4039/1254/199 2896/1832/191 2897/234/68 3504/1833/174
f 3504/1833/174 2897/234/68 2898/1563/68 3503/1834/174
f 3503/1834/174 2898/1563/68 2899/238/68 3502/1835/174
f 3502/1835/174 2899/238/68 2900/97/68 3501/95/174
f 61/240/61 63/200/63 3520/860/174 3500/1836/170
f 3500/1836/170 3520/860/174 3519/205/174 3499/1565/170
f 3499/1565/170 3519/205/174 3518/1823/174 3498/1837/170
f 3498/1837/170 3518/1823/174 3517/1553/174 3497/1838/170
f 3497/1838/170 3517/1553/174 3516/211/176 3496/245/173
f 4042/878/203 4035/864/199 3514/1824/174 3494/1839/170
f 3494/1839/170 3514/1824/174 3513/1557/174 3493/1840/170
f 3493/1840/170 3513/1557/174 3512/1826/174 3492/1841/170
f 3492/1841/170 3512/1826/174 3511/221/174 3491/1568/170
f 3491/1568/170 3511/221/174 3510/1827/174 3490/1842/170
f 3490/1842/170 3510/1827/174 3509/1828/174 3489/1569/170
f 3489/1569/170 3509/1828/174 3508/1829/174 3488/1263/170
f 3488/1263/170 3508/1829/174 3507/229/174 3487/254/170
f 3487/254/170 3507/229/174 3506/1831/176 3486/1843/172
f 4044/256/203 4039/1254/199 3504/1833/174 3484/257/170
f 3484/257/170 3504/1833/174 3503/1834/174 3483/258/170
f 3483/258/170 3503/1834/174 3502/1835/174 3482/1266/170
f 3482/1266/170 3502/1835/174 3501/95/174 3481/61/170
f 59/260/59 61/240/61 3500/1836/170 3480/1267/166
f 3480/1267/166 3500/1836/170 3499/1565/170 3479/1268/166
f 3479/1268/166 3499/1565/170 3498/1837/170 3478/263/166
f 3478/263/166 3498/1837/170 3497/1838/170 3477/1844/166
f 3477/1844/166 3497/1838/170 3496/245/173 3476/1845/169
f 4046/266/206 4042/878/203 3494/1839/170 3474/1846/166
f 3474/1846/166 3494/1839/170 3493/1840/170 3473/1847/166
f 3473/1847/166 3493/1840/170 3492/1841/170 3472/1848/166
f 3472/1848/166 3492/1841/170 3491/1568/170 3471/270/166
f 3471/270/166 3491/1568/170 3490/1842/170 3470/1849/166
f 3470/1849/166 3490/1842/170 3489/1569/170 3469/1578/166
f 3469/1578/166 3489/1569/170 3488/1263/170 3468/1579/166
f 3468/1579/166 3488/1263/170 3487/254/170 3467/274/166
f 3467/274/166 3487/254/170 3486/1843/172 3466/1850/169
f 4048/1851/206 4044/256/203 3484/257/170 3464/277/166
f 3464/277/166 3484/257/170 3483/258/170 3463/1852/166
f 3463/1852/166 3483/258/170 3482/1266/170 3462/1584/166
f 3462/1584/166 3482/1266/170 3481/61/170 3461/59/166
f 57/280/57 59/260/59 3480/1267/166 3460/1278/164
f 3460/1278/164 3480/1267/166 3479/1268/166 3459/1853/164
f 3459/1853/164 3479/1268/166 3478/263/166 3458/283/164
f 3458/283/164 3478/263/166 3477/1844/166 3457/1854/164
f 3457/1854/164 3477/1844/166 3476/1845/169 3456/1282/165
f 4050/906/210 4046/266/206 3474/1846/166 3454/907/164
f 3454/907/164 3474/1846/166 3473/1847/166 3453/1588/164
f 3453/1588/164 3473/1847/166 3472/1848/166 3452/289/164
f 3452/289/164 3472/1848/166 3471/270/166 3451/290/164
f 3451/290/164 3471/270/166 3470/1849/166 3450/1284/164
f 3450/1284/164 3470/1849/166 3469/1578/166 3449/1855/164
f 3449/1855/164 3469/1578/166 3468/1579/166 3448/1856/164
f 3448/1856/164 3468/1579/166 3467/274/166 3447/1857/164
f 3447/1857/164 3467/274/166 3466/1850/169 3446/1858/165
f 4052/1859/210 4048/1851/206 3464/277/166 3444/1860/164
f 3444/1860/164 3464/277/166 3463/1852/166 3443/298/164
f 3443/298/164 3463/1852/166 3462/1584/166 3442/916/164
f 3442/916/164 3462/1584/166 3461/59/166 3441/57/164
f 55/300/55 57/280/57 3460/1278/164 3440/1861/162
f 3440/1861/162 3460/1278/164 3459/1853/164 3439/1862/162
f 3439/1862/162 3459/1853/164 3458/283/164 3438/303/162
f 3438/303/162 3458/283/164 3457/1854/164 3437/1863/162
f 3437/1863/162 3457/1854/164 3456/1282/165 3436/1864/163
f 4054/306/212 4050/906/210 3454/907/164 3434/307/162
f 3434/307/162 3454/907/164 3453/1588/164 3433/1293/162
f 3433/1293/162 3453/1588/164 3452/289/164 3432/923/162
f 3432/923/162 3452/289/164 3451/290/164 3431/310/162
f 3431/310/162 3451/290/164 3450/1284/164 3430/311/162
f 3430/311/162 3450/1284/164 3449/1855/164 3429/925/162
f 3429/925/162 3449/1855/164 3448/1856/164 3428/926/162
f 3428/926/162 3448/1856/164 3447/1857/164 3427/1295/162
f 3427/1295/162 3447/1857/164 3446/1858/165 3426/1296/163
f 4056/1865/212 4052/1859/210 3444/1860/164 3424/1866/162
f 3424/1866/162 3444/1860/164 3443/298/164 3423/1867/162
f 3423/1867/162 3443/298/164 3442/916/164 3422/1868/162
f 3422/1868/162 3442/916/164 3441/57/164 3421/55/162
f 53/320/53 55/300/55 3440/1861/162 3420/928/160
f 3420/928/160 3440/1861/162 3439/1862/162 3419/1869/160
f 3419/1869/160 3439/1862/162 3438/303/162 3418/1870/160
f 3418/1870/160 3438/303/162 3437/1863/162 3417/1871/160
f 3417/1871/160 3437/1863/162 3436/1864/163 3416/1872/161
f 4058/326/215 4054/306/212 3434/307/162 3414/1873/160
f 3414/1873/160 3434/307/162 3433/1293/162 3413/933/160
f 3413/933/160 3433/1293/162 3432/923/162 3412/934/160
f 3412/934/160 3432/923/162 3431/310/162 3411/1874/160
f 3411/1874/160 3431/310/162 3430/311/162 3410/1875/160
f 3410/1875/160 3430/311/162 3429/925/162 3409/1876/160
f 3409/1876/160 3429/925/162 3428/926/162 3408/938/160
f 3408/938/160 3428/926/162 3427/1295/162 3407/1877/160
f 3407/1877/160 3427/1295/162 3426/1296/163 3406/1878/161
f 4060/1879/215 4056/1865/212 3424/1866/162 3404/1880/160
f 3404/1880/160 3424/1866/162 3423/1867/162 3403/1881/160
f 3403/1881/160 3423/1867/162 3422/1868/162 3402/1882/160
f 3402/1882/160 3422/1868/162 3421/55/162 3401/53/160
f 51/340/51 53/320/53 3420/928/160 3400/1307/158
f 3400/1307/158 3420/928/160 3419/1869/160 3399/1883/158
f 3399/1883/158 3419/1869/160 3418/1870/160 3398/1884/158
f 3398/1884/158 3418/1870/160 3417/1871/160 3397/943/158
f 3397/943/158 3417/1871/160 3416/1872/161 3396/944/159
f 4062/346/217 4058/326/215 3414/1873/160 3394/347/158
f 3394/347/158 3414/1873/160 3413/933/160 3393/348/158
f 3393/348/158 3413/933/160 3412/934/160 3392/1885/158
f 3392/1885/158 3412/934/160 3411/1874/160 3391/1613/158
f 3391/1613/158 3411/1874/160 3410/1875/160 3390/1614/158
f 3390/1614/158 3410/1875/160 3409/1876/160 3389/1886/158
f 3389/1886/158 3409/1876/160 3408/938/160 3388/1615/158
f 3388/1615/158 3408/938/160 3407/1877/160 3387/1616/158
f 3387/1616/158 3407/1877/160 3406/1878/161 3386/1887/159
f 4064/1888/217 4060/1879/215 3404/1880/160 3384/1889/158
f 3384/1889/158 3404/1880/160 3403/1881/160 3383/1315/158
f 3383/1315/158 3403/1881/160 3402/1882/160 3382/1890/158
f 3382/1890/158 3402/1882/160 3401/53/160 3381/51/158
f 49/360/49 51/340/51 3400/1307/158 3380/1891/155
f 3380/1891/155 3400/1307/158 3399/1883/158 3379/362/155
f 3379/362/155 3399/1883/158 3398/1884/158 3378/363/155
f 3378/363/155 3398/1884/158 3397/943/158 3377/1892/155
f 3377/1892/155 3397/943/158 3396/944/159 3376/956/156
f 4066/366/219 4062/346/217 3394/347/158 3374/1893/155
f 3374/1893/155 3394/347/158 3393/348/158 3373/368/155
f 3373/368/155 3393/348/158 3392/1885/158 3372/369/155
f 3372/369/155 3392/1885/158 3391/1613/158 3371/370/155
f 3371/370/155 3391/1613/158 3390/1614/158 3370/1320/155
f 3370/1320/155 3390/1614/158 3389/1886/158 3369/1894/155
f 3369/1894/155 3389/1886/158 3388/1615/158 3368/1895/155
f 3368/1895/155 3388/1615/158 3387/1616/158 3367/374/155
f 3367/374/155 3387/1616/158 3386/1887/159 3366/375/156
f 4068/376/219 4064/1888/217 3384/1889/158 3364/377/155
f 3364/377/155 3384/1889/158 3383/1315/158 3363/1623/155
f 3363/1623/155 3383/1315/158 3382/1890/158 3362/1896/155
f 3362/1896/155 3382/1890/158 3381/51/158 3361/49/155
f 47/380/47 49/360/49 3380/1891/155 3360/381/153
f 3360/381/153 3380/1891/155 3379/362/155 3359/1897/153
f 3359/1897/153 3379/362/155 3378/363/155 3358/383/153
f 3358/383/153 3378/363/155 3377/1892/155 3357/1330/153
f 3357/1330/153 3377/1892/155 3376/956/156 3356/385/154
f 4070/965/222 4066/366/219 3374/1893/155 3354/387/153
f 3354/387/153 3374/1893/155 3373/368/155 3353/966/153
f 3353/966/153 3373/368/155 3372/369/155 3352/1898/153
f 3352/1898/153 3372/369/155 3371/370/155 3351/390/153
f 3351/390/153 3371/370/155 3370/1320/155 3350/1899/153
f 3350/1899/153 3370/1320/155 3369/1894/155 3349/392/153
f 3349/392/153 3369/1894/155 3368/1895/155 3348/1900/153
f 3348/1900/153 3368/1895/155 3367/374/155 3347/394/153
f 3347/394/153 3367/374/155 3366/375/156 3346/1627/154
f 4072/396/222 4068/376/219 3364/377/155 3344/1901/153
f 3344/1901/153 3364/377/155 3363/1623/155 3343/1902/153
f 3343/1902/153 3363/1623/155 3362/1896/155 3342/1903/153
f 3342/1903/153 3362/1896/155 3361/49/155 3341/47/153
f 45/400/45 47/380/47 3360/381/153 3340/401/151
f 3340/401/151 3360/381/153 3359/1897/153 3339/1904/151
f 3339/1904/151 3359/1897/153 3358/383/153 3338/1629/151
f 3338/1629/151 3358/383/153 3357/1330/153 3337/404/151
f 3337/404/151 3357/1330/153 3356/385/154 3336/405/188
f 4074/1905/225 4070/965/222 3354/387/153 3334/974/151
f 3334/974/151 3354/387/153 3353/966/153 3333/1906/151
f 3333/1906/151 3353/966/153 3352/1898/153 3332/1907/151
f 3332/1907/151 3352/1898/153 3351/390/153 3331/1908/151
f 3331/1908/151 3351/390/153 3350/1899/153 3330/1909/151
f 3330/1909/151 3350/1899/153 3349/392/153 3329/1910/151
f 3329/1910/151 3349/392/153 3348/1900/153 3328/978/151
f 3328/978/151 3348/1900/153 3347/394/153 3327/1911/151
f 3327/1911/151 3347/394/153 3346/1627/154 3326/1912/152
f 4076/1913/225 4072/396/222 3344/1901/153 3324/980/151
f 3324/980/151 3344/1901/153 3343/1902/153 3323/1914/151
f 3323/1914/151 3343/1902/153 3342/1903/153 3322/1915/151
f 3322/1915/151 3342/1903/153 3341/47/153 3321/45/151
f 43/420/43 45/400/45 3340/401/151 3320/982/147
f 3320/982/147 3340/401/151 3339/1904/151 3319/983/147
f 3319/983/147 3339/1904/151 3338/1629/151 3318/1346/147
f 3318/1346/147 3338/1629/151 3337/404/151 3317/424/147
f 3317/424/147 3337/404/151 3336/405/188 3316/1916/149
f 4078/986/227 4074/1905/225 3334/974/151 3314/1917/147
f 3314/1917/147 3334/974/151 3333/1906/151 3313/1348/147
f 3313/1348/147 3333/1906/151 3332/1907/151 3312/1918/147
f 3312/1918/147 3332/1907/151 3331/1908/151 3311/1349/147
f 3311/1349/147 3331/1908/151 3330/1909/151 3310/1919/147
f 3310/1919/147 3330/1909/151 3329/1910/151 3309/1920/147
f 3309/1920/147 3329/1910/151 3328/978/151 3308/1921/147
f 3308/1921/147 3328/978/151 3327/1911/151 3307/1922/147
f 3307/1922/147 3327/1911/151 3326/1912/152 3306/1923/149
f 4080/436/227 4076/1913/225 3324/980/151 3304/997/147
f 3304/997/147 3324/980/151 3323/1914/151 3303/1643/147
f 3303/1643/147 3323/1914/151 3322/1915/151 3302/999/147
f 3302/999/147 3322/1915/151 3321/45/151 3301/43/147
f 41/440/41 43/420/43 3320/982/147 3300/1924/142
f 3300/1924/142 3320/982/147 3319/983/147 3299/442/142
f 3299/442/142 3319/983/147 3318/1346/147 3298/1925/142
f 3298/1925/142 3318/1346/147 3317/424/147 3297/1926/142
f 3297/1926/142 3317/424/147 3316/1916/149 3296/445/146
f 4082/446/286 4078/986/227 3314/1917/147 3294/447/142
f 3294/447/142 3314/1917/147 3313/1348/147 3293/448/142
f 3293/448/142 3313/1348/147 3312/1918/147 3292/1357/142
f 3292/1357/142 3312/1918/147 3311/1349/147 3291/1927/142
f 3291/1927/142 3311/1349/147 3310/1919/147 3290/1928/142
f 3290/1928/142 3310/1919/147 3309/1920/147 3289/1929/142
f 3289/1929/142 3309/1920/147 3308/1921/147 3288/1930/142
f 3288/1930/142 3308/1921/147 3307/1922/147 3287/1931/142
f 3287/1931/142 3307/1922/147 3306/1923/149 3286/1647/146
f 4084/1648/286 4080/436/227 3304/997/147 3284/1011/142
f 3284/1011/142 3304/997/147 3303/1643/147 3283/1359/142
f 3283/1359/142 3303/1643/147 3302/999/147 3282/1932/142
f 3282/1932/142 3302/999/147 3301/43/147 3281/41/142
f 39/460/39 41/440/41 3300/1924/142 3280/1933/138
f 3280/1933/138 3300/1924/142 3299/442/142 3279/1361/138
f 3279/1361/138 3299/442/142 3298/1925/142 3278/1362/138
f 3278/1362/138 3298/1925/142 3297/1926/142 3277/464/138
f 3277/464/138 3297/1926/142 3296/445/146 3276/465/141
f 4086/1017/234 4082/446/286 3294/447/142 3274/467/138
f 3274/467/138 3294/447/142 3293/448/142 3273/1651/138
f 3273/1651/138 3293/448/142 3292/1357/142 3272/1934/138
f 3272/1934/138 3292/1357/142 3291/1927/142 3271/1935/138
f 3271/1935/138 3291/1927/142 3290/1928/142 3270/471/138
f 3270/471/138 3290/1928/142 3289/1929/142 3269/1369/138
f 3269/1369/138 3289/1929/142 3288/1930/142 3268/1020/138
f 3268/1020/138 3288/1930/142 3287/1931/142 3267/474/138
f 3267/474/138 3287/1931/142 3286/1647/146 3266/1936/141
f 4088/1937/234 4084/1648/286 3284/1011/142 3264/1023/138
f 3264/1023/138 3284/1011/142 3283/1359/142 3263/1938/138
f 3263/1938/138 3283/1359/142 3282/1932/142 3262/1939/138
f 3262/1939/138 3282/1932/142 3281/41/142 3261/39/138
f 37/480/37 39/460/39 3280/1933/138 3260/1656/134
f 3260/1656/134 3280/1933/138 3279/1361/138 3259/1375/134
f 3259/1375/134 3279/1361/138 3278/1362/138 3258/1940/134
f 3258/1940/134 3278/1362/138 3277/464/138 3257/1941/134
f 3257/1941/134 3277/464/138 3276/465/141 3256/1377/136
f 4090/1030/237 4086/1017/234 3274/467/138 3254/1942/134
f 3254/1942/134 3274/467/138 3273/1651/138 3253/1943/134
f 3253/1943/134 3273/1651/138 3272/1934/138 3252/1944/134
f 3252/1944/134 3272/1934/138 3271/1935/138 3251/1033/134
f 3251/1033/134 3271/1935/138 3270/471/138 3250/491/134
f 3250/491/134 3270/471/138 3269/1369/138 3249/1945/134
f 3249/1945/134 3269/1369/138 3268/1020/138 3248/1946/134
f 3248/1946/134 3268/1020/138 3267/474/138 3247/1037/134
f 3247/1037/134 3267/474/138 3266/1936/141 3246/495/136
f 4092/1947/237 4088/1937/234 3264/1023/138 3244/1948/134
f 3244/1948/134 3264/1023/138 3263/1938/138 3243/1662/134
f 3243/1662/134 3263/1938/138 3262/1939/138 3242/1387/134
f 3242/1387/134 3262/1939/138 3261/39/138 3241/37/134
f 35/500/35 37/480/37 3260/1656/134 3240/1388/130
f 3240/1388/130 3260/1656/134 3259/1375/134 3239/1389/130
f 3239/1389/130 3259/1375/134 3258/1940/134 3238/1949/130
f 3238/1949/130 3258/1940/134 3257/1941/134 3237/1390/130
f 3237/1390/130 3257/1941/134 3256/1377/136 3236/1047/133
f 4094/506/242 4090/1030/237 3254/1942/134 3234/1950/130
f 3234/1950/130 3254/1942/134 3253/1943/134 3233/1393/130
f 3233/1393/130 3253/1943/134 3252/1944/134 3232/1050/130
f 3232/1050/130 3252/1944/134 3251/1033/134 3231/1394/130
f 3231/1394/130 3251/1033/134 3250/491/134 3230/1951/130
f 3230/1951/130 3250/491/134 3249/1945/134 3229/1668/130
f 3229/1668/130 3249/1945/134 3248/1946/134 3228/1395/130
f 3228/1395/130 3248/1946/134 3247/1037/134 3227/514/130
f 3227/514/130 3247/1037/134 3246/495/136 3226/515/133
f 4096/1057/242 4092/1947/237 3244/1948/134 3224/1669/130
f 3224/1669/130 3244/1948/134 3243/1662/134 3223/518/130
f 3223/518/130 3243/1662/134 3242/1387/134 3222/519/130
f 3222/519/130 3242/1387/134 3241/37/134 3221/35/130
f 33/520/33 35/500/35 3240/1388/130 3220/1952/125
f 3220/1952/125 3240/1388/130 3239/1389/130 3219/522/125
f 3219/522/125 3239/1389/130 3238/1949/130 3218/523/125
f 3218/523/125 3238/1949/130 3237/1390/130 3217/524/125
f 3217/524/125 3237/1390/130 3236/1047/133 3216/1672/127
f 4098/1953/287 4094/506/242 3234/1950/130 3214/527/125
f 3214/527/125 3234/1950/130 3233/1393/130 3213/1401/125
f 3213/1401/125 3233/1393/130 3232/1050/130 3212/1954/125
f 3212/1954/125 3232/1050/130 3231/1394/130 3211/1067/125
f 3211/1067/125 3231/1394/130 3230/1951/130 3210/531/125
f 3210/531/125 3230/1951/130 3229/1668/130 3209/532/125
f 3209/532/125 3229/1668/130 3228/1395/130 3208/1955/125
f 3208/1955/125 3228/1395/130 3227/514/130 3207/1956/125
f 3207/1956/125 3227/514/130 3226/515/133 3206/1957/196
f 4100/1958/287 4096/1057/242 3224/1669/130 3204/1959/125
f 3204/1959/125 3224/1669/130 3223/518/130 3203/1073/125
f 3203/1073/125 3223/518/130 3222/519/130 3202/1960/125
f 3202/1960/125 3222/519/130 3221/35/130 3201/33/125
f 31/540/31 33/520/33 3220/1952/125 3200/1961/120
f 3200/1961/120 3220/1952/125 3219/522/125 3199/542/120
f 3199/542/120 3219/522/125 3218/523/125 3198/543/120
f 3198/543/120 3218/523/125 3217/524/125 3197/1962/120
f 3197/1962/120 3217/524/125 3216/1672/127 3196/1963/124
f 4102/546/249 4098/1953/287 3214/527/125 3194/1964/120
f 3194/1964/120 3214/527/125 3213/1401/125 3193/548/120
f 3193/548/120 3213/1401/125 3212/1954/125 3192/549/120
f 3192/549/120 3212/1954/125 3211/1067/125 3191/550/120
f 3191/550/120 3211/1067/125 3210/531/125 3190/551/120
f 3190/551/120 3210/531/125 3209/532/125 3189/1681/120
f 3189/1681/120 3209/532/125 3208/1955/125 3188/553/120
f 3188/553/120 3208/1955/125 3207/1956/125 3187/1410/120
f 3187/1410/120 3207/1956/125 3206/1957/196 3186/1087/124
f 4104/1412/249 4100/1958/287 3204/1959/125 3184/1965/120
f 3184/1965/120 3204/1959/125 3203/1073/125 3183/1089/120
f 3183/1089/120 3203/1073/125 3202/1960/125 3182/1966/120
f 3182/1966/120 3202/1960/125 3201/33/125 3181/31/120
f 29/560/29 31/540/31 3200/1961/120 3180/1967/115
f 3180/1967/115 3200/1961/120 3199/542/120 3179/562/115
f 3179/562/115 3199/542/120 3198/543/120 3178/1685/115
f 3178/1685/115 3198/543/120 3197/1962/120 3177/1686/115
f 3177/1686/115 3197/1962/120 3196/1963/124 3176/1968/118
f 4106/1093/252 4102/546/249 3194/1964/120 3174/1688/115
f 3174/1688/115 3194/1964/120 3193/548/120 3173/1969/115
f 3173/1969/115 3193/548/120 3192/549/120 3172/569/115
f 3172/569/115 3192/549/120 3191/550/120 3171/1970/115
f 3171/1970/115 3191/550/120 3190/551/120 3170/1691/115
f 3170/1691/115 3190/551/120 3189/1681/120 3169/1413/115
f 3169/1413/115 3189/1681/120 3188/553/120 3168/573/115
f 3168/573/115 3188/553/120 3187/1410/120 3167/1971/115
f 3167/1971/115 3187/1410/120 3186/1087/124 3166/1693/118
f 4108/576/252 4104/1412/249 3184/1965/120 3164/1972/115
f 3164/1972/115 3184/1965/120 3183/1089/120 3163/578/115
f 3163/578/115 3183/1089/120 3182/1966/120 3162/1973/115
f 3162/1973/115 3182/1966/120 3181/31/120 3161/29/115
f 27/580/27 29/560/29 3180/1967/115 3160/581/112
f 3160/581/112 3180/1967/115 3179/562/115 3159/1695/112
f 3159/1695/112 3179/562/115 3178/1685/115 3158/1974/112
f 3158/1974/112 3178/1685/115 3177/1686/115 3157/584/112
f 3157/584/112 3177/1686/115 3176/1968/118 3156/1975/114
f 4110/1976/278 4106/1093/252 3174/1688/115 3154/1104/112
f 3154/1104/112 3174/1688/115 3173/1969/115 3153/1415/112
f 3153/1415/112 3173/1969/115 3172/569/115 3152/1977/112
f 3152/1977/112 3172/569/115 3171/1970/115 3151/590/112
f 3151/590/112 3171/1970/115 3170/1691/115 3150/1106/112
f 3150/1106/112 3170/1691/115 3169/1413/115 3149/1107/112
f 3149/1107/112 3169/1413/115 3168/573/115 3148/1978/112
f 3148/1978/112 3168/573/115 3167/1971/115 3147/594/112
f 3147/594/112 3167/1971/115 3166/1693/118 3146/1979/114
f 4112/1980/278 4108/576/252 3164/1972/115 3144/1981/112
f 3144/1981/112 3164/1972/115 3163/578/115 3143/1110/112
f 3143/1110/112 3163/578/115 3162/1973/115 3142/1982/112
f 3142/1982/112 3162/1973/115 3161/29/115 3141/27/112
f 25/600/25 27/580/27 3160/581/112 3140/601/109
f 3140/601/109 3160/581/112 3159/1695/112 3139/602/109
f 3139/602/109 3159/1695/112 3158/1974/112 3138/1706/109
f 3138/1706/109 3158/1974/112 3157/584/112 3137/1983/109
f 3137/1983/109 3157/584/112 3156/1975/114 3136/1984/111
f 4114/1708/255 4110/1976/278 3154/1104/112 3134/1985/109
f 3134/1985/109 3154/1104/112 3153/1415/112 3133/608/109
f 3133/608/109 3153/1415/112 3152/1977/112 3132/1986/109
f 3132/1986/109 3152/1977/112 3151/590/112 3131/610/109
f 3131/610/109 3151/590/112 3150/1106/112 3130/1987/109
f 3130/1987/109 3150/1106/112 3149/1107/112 3129/612/109
f 3129/612/109 3149/1107/112 3148/1978/112 3128/1712/109
f 3128/1712/109 3148/1978/112 3147/594/112 3127/614/109
f 3127/614/109 3147/594/112 3146/1979/114 3126/1988/111
f 4116/1989/255 4112/1980/278 3144/1981/112 3124/1121/109
f 3124/1121/109 3144/1981/112 3143/1110/112 3123/618/109
f 3123/618/109 3143/1110/112 3142/1982/112 3122/1990/109
f 3122/1990/109 3142/1982/112 3141/27/112 3121/25/109
f 23/620/23 25/600/25 3140/601/109 3120/621/105
f 3120/621/105 3140/601/109 3139/602/109 3119/1124/105
f 3119/1124/105 3139/602/109 3138/1706/109 3118/623/105
f 3118/623/105 3138/1706/109 3137/1983/109 3117/624/105
f 3117/624/105 3137/1983/109 3136/1984/111 3116/625/107
f 4118/1991/256 4114/1708/255 3134/1985/109 3114/1720/105
f 3114/1720/105 3134/1985/109 3133/608/109 3113/628/105
f 3113/628/105 3133/608/109 3132/1986/109 3112/1130/105
f 3112/1130/105 3132/1986/109 3131/610/109 3111/1992/105
f 3111/1992/105 3131/610/109 3130/1987/109 3110/1993/105
f 3110/1993/105 3130/1987/109 3129/612/109 3109/1132/105
f 3109/1132/105 3129/612/109 3128/1712/109 3108/1133/105
f 3108/1133/105 3128/1712/109 3127/614/109 3107/1994/105
f 3107/1994/105 3127/614/109 3126/1988/111 3106/1423/107
f 4120/1995/256 4116/1989/255 3124/1121/109 3104/1996/105
f 3104/1996/105 3124/1121/109 3123/618/109 3103/1997/105
f 3103/1997/105 3123/618/109 3122/1990/109 3102/1998/105
f 3102/1998/105 3122/1990/109 3121/25/109 3101/23/105
f 21/640/21 23/620/23 3120/621/105 3100/1426/102
f 3100/1426/102 3120/621/105 3119/1124/105 3099/642/102
f 3099/642/102 3119/1124/105 3118/623/105 3098/1999/102
f 3098/1999/102 3118/623/105 3117/624/105 3097/2000/102
f 3097/2000/102 3117/624/105 3116/625/107 3096/645/104
f 4122/2001/257 4118/1991/256 3114/1720/105 3094/647/102
f 3094/647/102 3114/1720/105 3113/628/105 3093/2002/102
f 3093/2002/102 3113/628/105 3112/1130/105 3092/2003/102
f 3092/2003/102 3112/1130/105 3111/1992/105 3091/650/102
f 3091/650/102 3111/1992/105 3110/1993/105 3090/651/102
f 3090/651/102 3110/1993/105 3109/1132/105 3089/2004/102
f 3089/2004/102 3109/1132/105 3108/1133/105 3088/1141/102
f 3088/1141/102 3108/1133/105 3107/1994/105 3087/2005/102
f 3087/2005/102 3107/1994/105 3106/1423/107 3086/2006/104
f 4124/656/257 4120/1995/256 3104/1996/105 3084/1437/102
f 3084/1437/102 3104/1996/105 3103/1997/105 3083/658/102
f 3083/658/102 3103/1997/105 3102/1998/105 3082/2007/102
f 3082/2007/102 3102/1998/105 3101/23/105 3081/21/102
f 19/660/19 21/640/21 3100/1426/102 3080/2008/99
f 3080/2008/99 3100/1426/102 3099/642/102 3079/662/99
f 3079/662/99 3099/642/102 3098/1999/102 3078/2009/99
f 3078/2009/99 3098/1999/102 3097/2000/102 3077/2010/99
f 3077/2010/99 3097/2000/102 3096/645/104 3076/1147/101
f 4126/2011/258 4122/2001/257 3094/647/102 3074/667/99
f 3074/667/99 3094/647/102 3093/2002/102 3073/1149/99
f 3073/1149/99 3093/2002/102 3092/2003/102 3072/1444/99
f 3072/1444/99 3092/2003/102 3091/650/102 3071/2012/99
f 3071/2012/99 3091/650/102 3090/651/102 3070/2013/99
f 3070/2013/99 3090/651/102 3089/2004/102 3069/2014/99
f 3069/2014/99 3089/2004/102 3088/1141/102 3068/1446/99
f 3068/1446/99 3088/1141/102 3087/2005/102 3067/1447/99
f 3067/1447/99 3087/2005/102 3086/2006/104 3066/2015/101
f 4128/2016/258 4124/656/257 3084/1437/102 3064/1158/99
f 3064/1158/99 3084/1437/102 3083/658/102 3063/2017/99
f 3063/2017/99 3083/658/102 3082/2007/102 3062/2018/99
f 3062/2018/99 3082/2007/102 3081/21/102 3061/19/99
f 17/680/17 19/660/19 3080/2008/99 3060/681/96
f 3060/681/96 3080/2008/99 3079/662/99 3059/2019/96
f 3059/2019/96 3079/662/99 3078/2009/99 3058/683/96
f 3058/683/96 3078/2009/99 3077/2010/99 3057/2020/96
f 3057/2020/96 3077/2010/99 3076/1147/101 3056/2021/98
f 4130/1164/259 4126/2011/258 3074/667/99 3054/1745/96
f 3054/1745/96 3074/667/99 3073/1149/99 3053/1166/96
f 3053/1166/96 3073/1149/99 3072/1444/99 3052/1747/96
f 3052/1747/96 3072/1444/99 3071/2012/99 3051/690/96
f 3051/690/96 3071/2012/99 3070/2013/99 3050/2022/96
f 3050/2022/96 3070/2013/99 3069/2014/99 3049/1453/96
f 3049/1453/96 3069/2014/99 3068/1446/99 3048/2023/96
f 3048/2023/96 3068/1446/99 3067/1447/99 3047/694/96
f 3047/694/96 3067/1447/99 3066/2015/101 3046/2024/98
f 4132/2025/259 4128/2016/258 3064/1158/99 3044/697/96
f 3044/697/96 3064/1158/99 3063/2017/99 3043/1754/96
f 3043/1754/96 3063/2017/99 3062/2018/99 3042/699/96
f 3042/699/96 3062/2018/99 3061/19/99 3041/17/96
f 15/700/15 17/680/17 3060/681/96 3040/701/92
f 3040/701/92 3060/681/96 3059/2019/96 3039/702/92
f 3039/702/92 3059/2019/96 3058/683/96 3038/2026/92
f 3038/2026/92 3058/683/96 3057/2020/96 3037/1175/92
f 3037/1175/92 3057/2020/96 3056/2021/98 3036/2027/94
f 4134/1177/260 4130/1164/259 3054/1745/96 3034/2028/92
f 3034/2028/92 3054/1745/96 3053/1166/96 3033/2029/92
f 3033/2029/92 3053/1166/96 3052/1747/96 3032/1460/92
f 3032/1460/92 3052/1747/96 3051/690/96 3031/710/92
f 3031/710/92 3051/690/96 3050/2022/96 3030/2030/92
f 3030/2030/92 3050/2022/96 3049/1453/96 3029/2031/92
f 3029/2031/92 3049/1453/96 3048/2023/96 3028/713/92
f 3028/713/92 3048/2023/96 3047/694/96 3027/714/92
f 3027/714/92 3047/694/96 3046/2024/98 3026/1761/94
f 4136/1465/260 4132/2025/259 3044/697/96 3024/1763/92
f 3024/1763/92 3044/697/96 3043/1754/96 3023/2032/92
f 3023/2032/92 3043/1754/96 3042/699/96 3022/2033/92
f 3022/2033/92 3042/699/96 3041/17/96 3021/15/92
f 13/720/13 15/700/15 3040/701/92 3020/721/89
f 3020/721/89 3040/701/92 3039/702/92 3019/1469/89
f 3019/1469/89 3039/702/92 3038/2026/92 3018/2034/89
f 3018/2034/89 3038/2026/92 3037/1175/92 3017/1471/89
f 3017/1471/89 3037/1175/92 3036/2027/94 3016/1186/91
f 4138/726/279 4134/1177/260 3034/2028/92 3014/2035/89
f 3014/2035/89 3034/2028/92 3033/2029/92 3013/1473/89
f 3013/1473/89 3033/2029/92 3032/1460/92 3012/2036/89
f 3012/2036/89 3032/1460/92 3031/710/92 3011/2037/89
f 3011/2037/89 3031/710/92 3030/2030/92 3010/2038/89
f 3010/2038/89 3030/2030/92 3029/2031/92 3009/2039/89
f 3009/2039/89 3029/2031/92 3028/713/92 3008/1190/89
f 3008/1190/89 3028/713/92 3027/714/92 3007/1191/89
f 3007/1191/89 3027/714/92 3026/1761/94 3006/2040/91
f 4140/2041/279 4136/1465/260 3024/1763/92 3004/1479/89
f 3004/1479/89 3024/1763/92 3023/2032/92 3003/1480/89
f 3003/1480/89 3023/2032/92 3022/2033/92 3002/2042/89
f 3002/2042/89 3022/2033/92 3021/15/92 3001/13/89
f 11/740/11 13/720/13 3020/721/89 3000/1772/86
f 3000/1772/86 3020/721/89 3019/1469/89 2999/1773/86
f 2999/1773/86 3019/1469/89 3018/2034/89 2998/2043/86
f 2998/2043/86 3018/2034/89 3017/1471/89 2997/744/86
f 2997/744/86 3017/1471/89 3016/1186/91 2996/2044/88
f 4142/2045/262 4138/726/279 3014/2035/89 2994/2046/86
f 2994/2046/86 3014/2035/89 3013/1473/89 2993/1197/86
f 2993/1197/86 3013/1473/89 3012/2036/89 2992/1198/86
f 2992/1198/86 3012/2036/89 3011/2037/89 2991/1199/86
f 2991/1199/86 3011/2037/89 3010/2038/89 2990/2047/86
f 2990/2047/86 3010/2038/89 3009/2039/89 2989/2048/86
f 2989/2048/86 3009/2039/89 3008/1190/89 2988/2049/86
f 2988/2049/86 3008/1190/89 3007/1191/89 2987/754/86
f 2987/754/86 3007/1191/89 3006/2040/91 2986/755/88
f 4144/1779/262 4140/2041/279 3004/1479/89 2984/1491/86
f 2984/1491/86 3004/1479/89 3003/1480/89 2983/2050/86
f 2983/2050/86 3003/1480/89 3002/2042/89 2982/1493/86
f 2982/1493/86 3002/2042/89 3001/13/89 2981/11/86
f 9/760/9 11/740/11 3000/1772/86 2980/1781/83
f 2980/1781/83 3000/1772/86 2999/1773/86 2979/2051/83
f 2979/2051/83 2999/1773/86 2998/2043/86 2978/2052/83
f 2978/2052/83 2998/2043/86 2997/744/86 2977/1206/83
f 2977/1206/83 2997/744/86 2996/2044/88 2976/2053/192
f 4146/766/264 4142/2045/262 2994/2046/86 2974/2054/83
f 2974/2054/83 2994/2046/86 2993/1197/86 2973/2055/83
f 2973/2055/83 2993/1197/86 2992/1198/86 2972/769/83
f 2972/769/83 2992/1198/86 2991/1199/86 2971/1784/83
f 2971/1784/83 2991/1199/86 2990/2047/86 2970/771/83
f 2970/771/83 2990/2047/86 2989/2048/86 2969/1212/83
f 2969/1212/83 2989/2048/86 2988/2049/86 2968/2056/83
f 2968/2056/83 2988/2049/86 2987/754/86 2967/774/83
f 2967/774/83 2987/754/86 2986/755/88 2966/2057/192
f 4148/2058/264 4144/1779/262 2984/1491/86 2964/1501/83
f 2964/1501/83 2984/1491/86 2983/2050/86 2963/2059/83
f 2963/2059/83 2983/2050/86 2982/1493/86 2962/2060/83
f 2962/2060/83 2982/1493/86 2981/11/86 2961/9/83
f 7/780/7 9/760/9 2980/1781/83 2960/2061/80
f 2960/2061/80 2980/1781/83 2979/2051/83 2959/2062/80
f 2959/2062/80 2979/2051/83 2978/2052/83 2958/2063/80
f 2958/2063/80 2978/2052/83 2977/1206/83 2957/2064/80
f 2957/2064/80 2977/1206/83 2976/2053/192 2956/785/82
f 4150/786/265 4146/766/264 2974/2054/83 2954/2065/80
f 2954/2065/80 2974/2054/83 2973/2055/83 2953/2066/80
f 2953/2066/80 2973/2055/83 2972/769/83 2952/2067/80
f 2952/2067/80 2972/769/83 2971/1784/83 2951/1218/80
f 2951/1218/80 2971/1784/83 2970/771/83 2950/1794/80
f 2950/1794/80 2970/771/83 2969/1212/83 2949/792/80
f 2949/792/80 2969/1212/83 2968/2056/83 2948/2068/80
f 2948/2068/80 2968/2056/83 2967/774/83 2947/2069/80
f 2947/2069/80 2967/774/83 2966/2057/192 2946/2070/82
f 4152/1515/265 4148/2058/264 2964/1501/83 2944/2071/80
f 2944/2071/80 2964/1501/83 2963/2059/83 2943/798/80
f 2943/798/80 2963/2059/83 2962/2060/83 2942/2072/80
f 2942/2072/80 2962/2060/83 2961/9/83 2941/7/80
f 5/800/5 7/780/7 2960/2061/80 2940/2073/76
f 2940/2073/76 2960/2061/80 2959/2062/80 2939/802/76
f 2939/802/76 2959/2062/80 2958/2063/80 2938/2074/76
f 2938/2074/76 2958/2063/80 2957/2064/80 2937/2075/76
f 2937/2075/76 2957/2064/80 2956/785/82 2936/1520/177
f 4154/1521/267 4150/786/265 2954/2065/80 2934/2076/76
f 2934/2076/76 2954/2065/80 2953/2066/80 2933/808/76
f 2933/808/76 2953/2066/80 2952/2067/80 2932/2077/76
f 2932/2077/76 2952/2067/80 2951/1218/80 2931/1806/76
f 2931/1806/76 2951/1218/80 2950/1794/80 2930/2078/76
f 2930/2078/76 2950/1794/80 2949/792/80 2929/812/76
f 2929/812/76 2949/792/80 2948/2068/80 2928/2079/76
f 2928/2079/76 2948/2068/80 2947/2069/80 2927/814/76
f 2927/814/76 2947/2069/80 2946/2070/82 2926/815/177
f 4156/2080/267 4152/1515/265 2944/2071/80 2924/817/76
f 2924/817/76 2944/2071/80 2943/798/80 2923/2081/76
f 2923/2081/76 2943/798/80 2942/2072/80 2922/2082/76
f 2922/2082/76 2942/2072/80 2941/7/80 2921/5/76
f 3/820/3 5/800/5 2940/2073/76 2920/1237/72
f 2920/1237/72 2940/2073/76 2939/802/76 2919/1813/72
f 2919/1813/72 2939/802/76 2938/2074/76 2918/1814/72
f 2918/1814/72 2938/2074/76 2937/2075/76 2917/2083/72
f 2917/2083/72 2937/2075/76 2936/1520/177 2916/1240/74
f 4158/826/270 4154/1521/267 2934/2076/76 2914/1535/72
f 2914/1535/72 2934/2076/76 2933/808/76 2913/2084/72
f 2913/2084/72 2933/808/76 2932/2077/76 2912/1241/72
f 2912/1241/72 2932/2077/76 2931/1806/76 2911/830/72
f 2911/830/72 2931/1806/76 2930/2078/76 2910/2085/72
f 2910/2085/72 2930/2078/76 2929/812/76 2909/2086/72
f 2909/2086/72 2929/812/76 2928/2079/76 2908/2087/72
f 2908/2087/72 2928/2079/76 2927/814/76 2907/834/72
f 2907/834/72 2927/814/76 2926/815/177 2906/1815/74
f 4160/2088/270 4156/2080/267 2924/817/76 2904/837/72
f 2904/837/72 2924/817/76 2923/2081/76 2903/2089/72
f 2903/2089/72 2923/2081/76 2922/2082/76 2902/839/72
f 2902/839/72 2922/2082/76 2921/5/76 2901/2/72
f 1/840/1 3/820/3 2920/1237/72 2881/841/68
f 2881/841/68 2920/1237/72 2919/1813/72 2882/842/68
f 2882/842/68 2919/1813/72 2918/1814/72 2883/843/68
f 2883/843/68 2918/1814/72 2917/2083/72 2884/844/68
f 2884/844/68 2917/2083/72 2916/1240/74 4034/845/285
f 2886/846/191 4158/826/270 2914/1535/72 2887/1818/68
f 2887/1818/68 2914/1535/72 2913/2084/72 2888/1819/68
f 2888/1819/68 2913/2084/72 2912/1241/72 2889/1243/68
f 2889/1243/68 2912/1241/72 2911/830/72 2890/850/68
f 2890/850/68 2911/830/72 2910/2085/72 2891/851/68
f 2891/851/68 2910/2085/72 2909/2086/72 2892/2090/68
f 2892/2090/68 2909/2086/72 2908/2087/72 2893/853/68
f 2893/853/68 2908/2087/72 2907/834/72 2894/1550/68
f 2894/1550/68 2907/834/72 2906/1815/74 4038/1821/285
f 2896/2091/191 4160/2088/270 2904/837/72 2897/857/68
f 2897/857/68 2904/837/72 2903/2089/72 2898/2092/68
f 2898/2092/68 2903/2089/72 2902/839/72 2899/859/68
f 2899/859/68 2902/839/72 2901/2/72 2900/1/68
f 3521/211/197 956/211/176 3522/210/198 325/210/69
f 3524/213/184 326/213/70 3523/212/199 955/212/121
f 3525/231/200 946/231/176 3526/230/201 335/230/69
f 3528/233/184 336/233/71 3527/232/199 945/232/175
f 3529/245/202 936/245/173 956/211/176 3521/211/197
f 955/212/121 3523/212/199 3530/246/203 935/246/117
f 3531/255/204 926/255/172 946/231/176 3525/231/200
f 945/232/175 3527/232/199 3532/256/203 925/256/171
f 3533/265/205 916/265/169 936/245/173 3529/245/202
f 935/246/117 3530/246/203 3534/266/206 915/266/168
f 3535/275/207 906/275/167 926/255/172 3531/255/204
f 925/256/171 3532/256/203 3536/276/208 905/276/113
f 3537/285/209 896/285/165 916/265/169 3533/265/205
f 915/266/168 3534/266/206 3538/286/210 895/286/110
f 3539/295/209 886/295/165 906/275/167 3535/275/207
f 905/276/113 3536/276/208 3540/296/210 885/296/110
f 3541/305/211 876/305/163 896/285/165 3537/285/209
f 895/286/110 3538/286/210 3542/306/212 875/306/108
f 3543/315/213 866/315/163 886/295/165 3539/295/209
f 885/296/110 3540/296/210 3544/316/212 865/316/106
f 3545/325/214 856/325/161 876/305/163 3541/305/211
f 875/306/108 3542/306/212 3546/326/215 855/326/103
f 3547/335/214 846/335/161 866/315/163 3543/315/213
f 865/316/106 3544/316/212 3548/336/215 845/336/103
f 3549/345/216 836/345/159 856/325/161 3545/325/214
f 855/326/103 3546/326/215 3550/346/217 835/346/100
f 3551/355/216 826/355/159 846/335/161 3547/335/214
f 845/336/103 3548/336/215 3552/356/217 825/356/100
f 3553/365/218 816/365/156 836/345/159 3549/345/216
f 835/346/100 3550/346/217 3554/366/219 815/366/157
f 3555/375/220 806/375/156 826/355/159 3551/355/216
f 825/356/100 3552/356/217 3556/376/219 805/376/97
f 3557/385/221 796/385/154 816/365/156 3553/365/218
f 815/366/157 3554/366/219 3558/386/222 795/386/95
f 3559/395/223 786/395/154 806/375/156 3555/375/220
f 805/376/97 3556/376/219 3560/396/222 785/396/93
f 3561/405/224 776/405/152 796/385/154 3557/385/221
f 795/386/95 3558/386/222 3562/406/225 775/406/90
f 3563/415/224 766/415/152 786/395/154 3559/395/223
f 785/396/93 3560/396/222 3564/416/225 765/416/90
f 3565/425/226 756/425/150 776/405/152 3561/405/224
f 775/406/90 3562/406/225 3566/426/227 755/426/87
f 3567/435/228 746/435/149 766/415/152 3563/415/224
f 765/416/90 3564/416/225 3568/436/227 745/436/148
f 3569/445/229 736/445/146 756/425/150 3565/425/226
f 755/426/87 3566/426/227 3570/446/230 735/446/84
f 3571/455/231 726/455/145 746/435/149 3567/435/228
f 745/436/148 3568/436/227 3572/456/232 725/456/144
f 3573/465/233 716/465/141 736/445/146 3569/445/229
f 735/446/84 3570/446/230 3574/466/234 715/466/81
f 3575/475/235 706/475/140 726/455/145 3571/455/231
f 725/456/144 3572/456/232 3576/476/234 705/476/139
f 3577/485/236 696/485/136 716/465/141 3573/465/233
f 715/466/81 3574/466/234 3578/486/237 695/486/137
f 3579/495/238 686/495/136 706/475/140 3575/475/235
f 705/476/139 3576/476/234 3580/496/237 685/496/135
f 3581/505/239 676/505/133 696/485/136 3577/485/236
f 695/486/137 3578/486/237 3582/506/240 675/506/132
f 3583/515/241 666/515/131 686/495/136 3579/495/238
f 685/496/135 3580/496/237 3584/516/242 665/516/75
f 3585/525/243 656/525/129 676/505/133 3581/505/239
f 675/506/132 3582/506/240 3586/526/244 655/526/128
f 3587/535/245 646/535/127 666/515/131 3583/515/241
f 665/516/75 3584/516/242 3588/536/246 645/536/126
f 3589/545/247 636/545/124 656/525/129 3585/525/243
f 655/526/128 3586/526/244 3590/546/248 635/546/123
f 3591/555/197 626/555/122 646/535/127 3587/535/245
f 645/536/126 3588/536/246 3592/556/249 625/556/121
f 3593/565/250 616/565/118 636/545/124 3589/545/247
f 635/546/123 3590/546/248 3594/566/251 615/566/119
f 3595/575/202 606/575/118 626/555/122 3591/555/197
f 625/556/121 3592/556/249 3596/576/252 605/576/117
f 3597/585/207 596/585/114 616/565/118 3593/565/250
f 615/566/119 3594/566/251 3598/586/253 595/586/113
f 3599/595/205 586/595/114 606/575/118 3595/575/202
f 605/576/117 3596/576/252 3600/596/253 585/596/113
f 3601/605/209 576/605/111 596/585/114 3597/585/207
f 595/586/113 3598/586/253 3602/606/254 575/606/110
f 3603/615/209 566/615/111 586/595/114 3599/595/205
f 585/596/113 3600/596/253 3604/616/255 565/616/110
f 3605/625/211 556/625/107 576/605/111 3601/605/209
f 575/606/110 3602/606/254 3606/626/256 555/626/108
f 3607/635/213 546/635/107 566/615/111 3603/615/209
f 565/616/110 3604/616/255 3608/636/256 545/636/106
f 3609/645/214 536/645/104 556/625/107 3605/625/211
f 555/626/108 3606/626/256 3610/646/257 535/646/103
f 3611/655/214 526/655/104 546/635/107 3607/635/213
f 545/636/106 3608/636/256 3612/656/257 525/656/103
f 3613/665/216 516/665/101 536/645/104 3609/645/214
f 535/646/103 3610/646/257 3614/666/258 515/666/100
f 3615/675/216 506/675/101 526/655/104 3611/655/214
f 525/656/103 3612/656/257 3616/676/258 505/676/100
f 3617/685/220 496/685/98 516/665/101 3613/665/216
f 515/666/100 3614/666/258 3618/686/259 495/686/97
f 3619/695/220 486/695/98 506/675/101 3615/675/216
f 505/676/100 3616/676/258 3620/696/259 485/696/97
f 3621/705/221 476/705/94 496/685/98 3617/685/220
f 495/686/97 3618/686/259 3622/706/260 475/706/95
f 3623/715/223 466/715/94 486/695/98 3619/695/220
f 485/696/97 3620/696/259 3624/716/260 465/716/93
f 3625/725/224 456/725/91 476/705/94 3621/705/221
f 475/706/95 3622/706/260 3626/726/261 455/726/90
f 3627/735/224 446/735/91 466/715/94 3623/715/223
f 465/716/93 3624/716/260 3628/736/261 445/736/90
f 3629/745/226 436/745/88 456/725/91 3625/725/224
f 455/726/90 3626/726/261 3630/746/262 435/746/87
f 3631/755/226 426/755/88 446/735/91 3627/735/224
f 445/736/90 3628/736/261 3632/756/263 425/756/87
f 3633/765/229 416/765/85 436/745/88 3629/745/226
f 435/746/87 3630/746/262 3634/766/264 415/766/84
f 3635/775/229 406/775/85 426/755/88 3631/755/226
f 425/756/87 3632/756/263 3636/776/264 405/776/84
f 3637/785/233 396/785/82 416/765/85 3633/765/229
f 415/766/84 3634/766/264 3638/786/265 395/786/81
f 3639/795/233 386/795/82 406/775/85 3635/775/229
f 405/776/84 3636/776/264 3640/796/265 385/796/81
f 3641/805/266 376/805/78 396/785/82 3637/785/233
f 395/786/81 3638/786/265 3642/806/267 375/806/79
f 3643/815/268 366/815/78 386/795/82 3639/795/233
f 385/796/81 3640/796/265 3644/816/269 365/816/77
f 3645/825/241 356/825/74 376/805/78 3641/805/266
f 375/806/79 3642/806/267 3646/826/270 355/826/75
f 3647/835/271 346/835/74 366/815/78 3643/815/268
f 365/816/77 3644/816/269 3648/836/270 345/836/73
f 325/845/69 3522/845/198 356/825/74 3645/825/241
f 355/826/75 3646/826/270 326/846/70 3524/846/184
f 335/855/69 3526/855/201 346/835/74 3647/835/271
f 345/836/73 3648/836/270 336/856/71 3528/856/184
f 3649/863/200 1596/863/176 3650/210/201 965/210/69
f 3652/213/184 966/213/71 3651/864/199 1595/864/175
f 3653/872/200 1586/872/176 3654/230/201 975/230/69
f 3656/233/184 976/233/71 3655/232/199 1585/232/175
f 3657/245/204 1576/245/173 1596/863/176 3649/863/200
f 1595/864/175 3651/864/199 3658/878/203 1575/878/171
f 3659/885/204 1566/885/172 1586/872/176 3653/872/200
f 1585/232/175 3655/232/199 3660/886/203 1565/886/171
f 3661/892/205 1556/892/169 1576/245/173 3657/245/204
f 1575/878/171 3658/878/203 3662/893/206 1555/893/168
f 3663/900/207 1546/900/167 1566/885/172 3659/885/204
f 1565/886/171 3660/886/203 3664/901/208 1545/901/113
f 3665/285/209 1536/285/190 1556/892/169 3661/892/205
f 1555/893/168 3662/893/206 3666/906/210 1535/906/110
f 3667/295/209 1526/295/165 1546/900/167 3663/900/207
f 1545/901/113 3664/901/208 3668/296/210 1525/296/110
f 3669/305/211 1516/305/163 1536/285/190 3665/285/209
f 1535/906/110 3666/906/210 3670/306/212 1515/306/108
f 3671/315/213 1506/315/163 1526/295/165 3667/295/209
f 1525/296/110 3668/296/210 3672/316/212 1505/316/106
f 3673/931/272 1496/931/161 1516/305/163 3669/305/211
f 1515/306/108 3670/306/212 3674/932/215 1495/932/103
f 3675/335/214 1486/335/161 1506/315/163 3671/315/213
f 1505/316/106 3672/316/212 3676/336/215 1485/336/103
f 3677/944/216 1476/944/159 1496/931/161 3673/931/272
f 1495/932/103 3674/932/215 3678/945/217 1475/945/100
f 3679/355/216 1466/355/159 1486/335/161 3675/335/214
f 1485/336/103 3676/336/215 3680/356/217 1465/356/100
f 3681/956/218 1456/956/156 1476/944/159 3677/944/216
f 1475/945/100 3678/945/217 3682/957/219 1455/957/157
f 3683/375/220 1446/375/156 1466/355/159 3679/355/216
f 1465/356/100 3680/356/217 3684/376/219 1445/376/97
f 3685/385/221 1436/385/189 1456/956/156 3681/956/218
f 1455/957/157 3682/957/219 3686/965/222 1435/965/95
f 3687/395/223 1426/395/154 1446/375/156 3683/375/220
f 1445/376/97 3684/376/219 3688/396/222 1425/396/93
f 3689/972/273 1416/972/188 1436/385/189 3685/385/221
f 1435/965/95 3686/965/222 3690/973/225 1415/973/180
f 3691/979/224 1406/979/152 1426/395/154 3687/395/223
f 1425/396/93 3688/396/222 3692/416/225 1405/416/90
f 3693/985/228 1396/985/149 1416/972/188 3689/972/273
f 1415/973/180 3690/973/225 3694/986/274 1395/986/148
f 3695/995/226 1386/995/150 1406/979/152 3691/979/224
f 1405/416/90 3692/416/225 3696/996/227 1385/996/87
f 3697/1003/231 1376/1003/145 1396/985/149 3693/985/228
f 1395/986/148 3694/986/274 3698/1004/275 1375/1004/144
f 3699/1010/229 1366/1010/146 1386/995/150 3695/995/226
f 1385/996/87 3696/996/227 3700/456/230 1365/456/84
f 3701/465/235 1356/465/140 1376/1003/145 3697/1003/231
f 1375/1004/144 3698/1004/275 3702/1017/234 1355/1017/187
f 3703/1021/233 1346/1021/141 1366/1010/146 3699/1010/229
f 1365/456/84 3700/456/230 3704/1022/234 1345/1022/81
f 3705/1029/268 1336/1029/136 1356/465/140 3701/465/235
f 1355/1017/187 3702/1017/234 3706/1030/237 1335/1030/77
f 3707/1038/268 1326/1038/186 1346/1021/141 3703/1021/233
f 1345/1022/81 3704/1022/234 3708/1039/276 1325/1039/77
f 3709/1047/271 1316/1047/185 1336/1029/136 3705/1029/268
f 1335/1030/77 3706/1030/237 3710/506/242 1315/506/73
f 3711/1056/271 1306/1056/185 1326/1038/186 3707/1038/268
f 1325/1039/77 3708/1039/276 3712/1057/242 1305/1057/73
f 3713/1064/69 1296/1064/129 1316/1047/185 3709/1047/271
f 1315/506/73 3710/506/242 3714/526/244 1295/526/184
f 3715/1071/69 1286/1071/129 1306/1056/185 3711/1056/271
f 1305/1057/73 3712/1057/242 3716/536/244 1285/536/184
f 3717/1079/200 1276/1079/124 1296/1064/129 3713/1064/69
f 1295/526/184 3714/526/244 3718/1080/249 1275/1080/175
f 3719/1087/200 1266/1087/124 1286/1071/129 3715/1071/69
f 1285/536/184 3716/536/244 3720/556/249 1265/556/175
f 3721/1092/204 1256/1092/118 1276/1079/124 3717/1079/200
f 1275/1080/175 3718/1080/249 3722/1093/252 1255/1093/171
f 3723/575/204 1246/575/118 1266/1087/124 3719/1087/200
f 1265/556/175 3720/556/249 3724/576/277 1245/576/171
f 3725/1102/205 1236/1102/114 1256/1092/118 3721/1092/204
f 1255/1093/171 3722/1093/252 3726/1103/278 1235/1103/168
f 3727/595/207 1226/595/183 1246/575/118 3723/575/204
f 1245/576/171 3724/576/277 3728/596/253 1225/596/113
f 3729/1114/209 1216/1114/111 1236/1102/114 3725/1102/205
f 1235/1103/168 3726/1103/278 3730/1115/254 1215/1115/110
f 3731/615/209 1206/615/111 1226/595/183 3727/595/207
f 1225/596/113 3728/596/253 3732/616/255 1205/616/110
f 3733/1126/211 1196/1126/107 1216/1114/111 3729/1114/209
f 1215/1115/110 3730/1115/254 3734/1127/256 1195/1127/108
f 3735/635/213 1186/635/107 1206/615/111 3731/615/209
f 1205/616/110 3732/616/255 3736/636/256 1185/636/106
f 3737/645/214 1176/645/104 1196/1126/107 3733/1126/211
f 1195/1127/108 3734/1127/256 3738/1137/257 1175/1137/182
f 3739/1143/214 1166/1143/104 1186/635/107 3735/635/213
f 1185/636/106 3736/636/256 3740/1144/257 1165/1144/103
f 3741/1147/216 1156/1147/101 1176/645/104 3737/645/214
f 1175/1137/182 3738/1137/257 3742/666/258 1155/666/100
f 3743/1156/216 1146/1156/101 1166/1143/104 3739/1143/214
f 1165/1144/103 3740/1144/257 3744/1157/258 1145/1157/100
f 3745/1163/218 1136/1163/98 1156/1147/101 3741/1147/216
f 1155/666/100 3742/666/258 3746/1164/259 1135/1164/157
f 3747/1172/220 1126/1172/181 1146/1156/101 3743/1156/216
f 1145/1157/100 3744/1157/258 3748/1173/259 1125/1173/97
f 3749/1176/221 1116/1176/94 1136/1163/98 3745/1163/218
f 1135/1164/157 3746/1164/259 3750/1177/260 1115/1177/95
f 3751/715/223 1106/715/94 1126/1172/181 3747/1172/220
f 1125/1173/97 3748/1173/259 3752/716/260 1105/716/93
f 3753/1186/273 1096/1186/91 1116/1176/94 3749/1176/221
f 1115/1177/95 3750/1177/260 3754/726/279 1095/726/180
f 3755/735/224 1086/735/91 1106/715/94 3751/715/223
f 1105/716/93 3752/716/260 3756/736/261 1085/736/90
f 3757/1195/228 1076/1195/179 1096/1186/91 3753/1186/273
f 1095/726/180 3754/726/279 3758/746/262 1075/746/148
f 3759/755/226 1066/755/88 1086/735/91 3755/735/224
f 1085/736/90 3756/736/261 3760/756/262 1065/756/87
f 3761/765/231 1056/765/178 1076/1195/179 3757/1195/228
f 1075/746/148 3758/746/262 3762/1207/280 1055/1207/144
f 3763/775/229 1046/775/85 1066/755/88 3759/755/226
f 1065/756/87 3760/756/262 3764/776/264 1045/776/84
f 3765/1216/233 1036/1216/82 1056/765/178 3761/765/231
f 1055/1207/144 3762/1207/280 3766/786/281 1035/786/81
f 3767/1222/233 1026/1222/82 1046/775/85 3763/775/229
f 1045/776/84 3764/776/264 3768/796/265 1025/796/81
f 3769/1227/268 1016/1227/177 1036/1216/82 3765/1216/233
f 1035/786/81 3766/786/281 3770/1228/269 1015/1228/77
f 3771/815/268 1006/815/78 1026/1222/82 3767/1222/233
f 1025/796/81 3768/796/265 3772/1236/269 1005/1236/77
f 3773/1240/271 996/1240/74 1016/1227/177 3769/1227/268
f 1015/1228/77 3770/1228/269 3774/826/282 995/826/73
f 3775/835/271 986/835/74 1006/815/78 3771/815/268
f 1005/1236/77 3772/1236/269 3776/836/282 985/836/73
f 965/845/69 3650/845/201 996/1240/74 3773/1240/271
f 995/826/73 3774/826/282 966/846/71 3652/846/184
f 975/855/69 3654/855/201 986/835/74 3775/835/271
f 985/836/73 3776/836/282 976/856/71 3656/856/184
f 3777/1247/283 2236/1247/176 3778/210/198 1605/210/69
f 3780/213/184 1606/213/191 3779/864/199 2235/864/195
f 3781/1253/200 2226/1253/176 3782/230/201 1615/230/69
f 3784/233/184 1616/233/71 3783/1254/199 2225/1254/175
f 3785/245/284 2216/245/173 2236/1247/176 3777/1247/283
f 2235/864/195 3779/864/199 3786/246/203 2215/246/194
f 3787/1264/204 2206/1264/172 2226/1253/176 3781/1253/200
f 2225/1254/175 3783/1254/199 3788/1265/203 2205/1265/171
f 3789/265/205 2196/265/169 2216/245/173 3785/245/284
f 2215/246/194 3786/246/203 3790/1269/206 2195/1269/168
f 3791/1276/207 2186/1276/167 2206/1264/172 3787/1264/204
f 2205/1265/171 3788/1265/203 3792/276/206 2185/276/113
f 3793/1282/209 2176/1282/190 2196/265/169 3789/265/205
f 2195/1269/168 3790/1269/206 3794/286/210 2175/286/110
f 3795/1287/209 2166/1287/165 2186/1276/167 3791/1276/207
f 2185/276/113 3792/276/206 3796/1288/210 2165/1288/110
f 3797/305/211 2156/305/163 2176/1282/190 3793/1282/209
f 2175/286/110 3794/286/210 3798/306/212 2155/306/108
f 3799/1296/213 2146/1296/163 2166/1287/165 3795/1287/209
f 2165/1288/110 3796/1288/210 3800/316/212 2145/316/106
f 3801/931/214 2136/931/161 2156/305/163 3797/305/211
f 2155/306/108 3798/306/212 3802/326/215 2135/326/103
f 3803/1304/214 2126/1304/161 2146/1296/163 3799/1296/213
f 2145/316/106 3800/316/212 3804/1305/215 2125/1305/103
f 3805/1308/216 2116/1308/159 2136/931/161 3801/931/214
f 2135/326/103 3802/326/215 3806/346/217 2115/346/100
f 3807/1313/216 2106/1313/159 2126/1304/161 3803/1304/214
f 2125/1305/103 3804/1305/215 3808/356/217 2105/356/100
f 3809/956/220 2096/956/156 2116/1308/159 3805/1308/216
f 2115/346/100 3806/346/217 3810/1317/219 2095/1317/97
f 3811/1324/218 2086/1324/156 2106/1313/159 3807/1313/216
f 2105/356/100 3808/356/217 3812/1325/219 2085/1325/157
f 3813/1331/223 2076/1331/154 2096/956/156 3809/956/220
f 2095/1317/97 3810/1317/219 3814/1332/222 2075/1332/93
f 3815/1336/223 2066/1336/154 2086/1324/156 3811/1324/218
f 2085/1325/157 3812/1325/219 3816/1337/222 2065/1337/93
f 3817/405/224 2056/405/152 2076/1331/154 3813/1331/223
f 2075/1332/93 3814/1332/222 3818/406/225 2055/406/90
f 3819/979/224 2046/979/152 2066/1336/154 3815/1336/223
f 2065/1337/93 3816/1337/222 3820/416/225 2045/416/90
f 3821/1347/226 2036/1347/149 2056/405/152 3817/405/224
f 2055/406/90 3818/406/225 3822/426/227 2035/426/87
f 3823/995/226 2026/995/149 2046/979/152 3819/979/224
f 2045/416/90 3820/416/225 3824/996/227 2025/996/87
f 3825/1354/229 2016/1354/146 2036/1347/149 3821/1347/226
f 2035/426/87 3822/426/227 3826/1355/230 2015/1355/84
f 3827/1010/229 2006/1010/146 2026/995/149 3823/995/226
f 2025/996/87 3824/996/227 3828/1358/230 2005/1358/84
f 3829/1364/235 1996/1364/141 2016/1354/146 3825/1354/229
f 2015/1355/84 3826/1355/230 3830/1365/234 1995/1365/187
f 3831/1371/233 1986/1371/141 2006/1010/146 3827/1010/229
f 2005/1358/84 3828/1358/230 3832/1372/234 1985/1372/81
f 3833/1377/266 1976/1377/136 1996/1364/141 3829/1364/235
f 1995/1365/187 3830/1365/234 3834/1030/237 1975/1030/135
f 3835/1384/268 1966/1384/186 1986/1371/141 3831/1371/233
f 1985/1372/81 3832/1372/234 3836/1385/276 1965/1385/77
f 3837/1391/241 1956/1391/133 1976/1377/136 3833/1377/266
f 1975/1030/135 3834/1030/237 3838/506/242 1955/506/75
f 3839/1056/271 1946/1056/133 1966/1384/186 3835/1384/268
f 1965/1385/77 3836/1385/276 3840/1396/242 1945/1396/73
f 3841/1400/69 1936/1400/193 1956/1391/133 3837/1391/241
f 1955/506/75 3838/506/242 3842/526/244 1935/526/184
f 3843/1406/69 1926/1406/129 1946/1056/133 3839/1056/271
f 1945/1396/73 3840/1396/242 3844/536/244 1925/536/184
f 3845/1079/200 1916/1079/124 1936/1400/193 3841/1400/69
f 1935/526/184 3842/526/244 3846/546/249 1915/546/175
f 3847/1411/200 1906/1411/124 1926/1406/129 3843/1406/69
f 1925/536/184 3844/536/244 3848/1412/249 1905/1412/175
f 3849/1092/204 1896/1092/118 1916/1079/124 3845/1079/200
f 1915/546/175 3846/546/249 3850/1093/277 1895/1093/171
f 3851/575/204 1886/575/118 1906/1411/124 3847/1411/200
f 1905/1412/175 3848/1412/249 3852/576/277 1885/576/171
f 3853/585/207 1876/585/114 1896/1092/118 3849/1092/204
f 1895/1093/171 3850/1093/277 3854/1414/278 1875/1414/113
f 3855/595/207 1866/595/183 1886/575/118 3851/575/204
f 1885/576/171 3852/576/277 3856/596/253 1865/596/113
f 3857/605/209 1856/605/111 1876/585/114 3853/585/207
f 1875/1414/113 3854/1414/278 3858/606/254 1855/606/110
f 3859/615/209 1846/615/111 1866/595/183 3855/595/207
f 1865/596/113 3856/596/253 3860/616/255 1845/616/110
f 3861/1420/211 1836/1420/107 1856/605/111 3857/605/209
f 1855/606/110 3858/606/254 3862/1421/256 1835/1421/108
f 3863/1423/211 1826/1423/107 1846/615/111 3859/615/209
f 1845/616/110 3860/616/255 3864/636/256 1825/636/108
f 3865/645/214 1816/645/104 1836/1420/107 3861/1420/211
f 1835/1421/108 3862/1421/256 3866/1137/257 1815/1137/103
f 3867/1435/214 1806/1435/104 1826/1423/107 3863/1423/211
f 1825/636/108 3864/636/256 3868/1436/257 1805/1436/103
f 3869/1441/216 1796/1441/101 1816/645/104 3865/645/214
f 1815/1137/103 3866/1137/257 3870/666/258 1795/666/100
f 3871/1156/216 1786/1156/101 1806/1435/104 3867/1435/214
f 1805/1436/103 3868/1436/257 3872/1157/258 1785/1157/100
f 3873/1450/220 1776/1450/98 1796/1441/101 3869/1441/216
f 1795/666/100 3870/666/258 3874/1451/259 1775/1451/97
f 3875/695/220 1766/695/98 1786/1156/101 3871/1156/216
f 1785/1157/100 3872/1157/258 3876/696/259 1765/696/97
f 3877/705/223 1756/705/94 1776/1450/98 3873/1450/220
f 1775/1451/97 3874/1451/259 3878/706/260 1755/706/95
f 3879/1464/221 1746/1464/94 1766/695/98 3875/695/220
f 1765/696/97 3876/696/259 3880/1465/260 1745/1465/95
f 3881/1186/273 1736/1186/91 1756/705/94 3877/705/223
f 1755/706/95 3878/706/260 3882/726/279 1735/726/180
f 3883/1477/273 1726/1477/91 1746/1464/94 3879/1464/221
f 1745/1465/95 3880/1465/260 3884/1478/279 1725/1478/180
f 3885/1485/228 1716/1485/88 1736/1186/91 3881/1186/273
f 1735/726/180 3882/726/279 3886/1486/262 1715/1486/148
f 3887/1489/228 1706/1489/88 1726/1477/91 3883/1477/273
f 1725/1478/180 3884/1478/279 3888/1490/262 1705/1490/148
f 3889/1496/229 1696/1496/192 1716/1485/88 3885/1485/228
f 1715/1486/148 3886/1486/262 3890/1207/264 1695/1207/84
f 3891/1500/231 1686/1500/192 1706/1489/88 3887/1489/228
f 1705/1490/148 3888/1490/262 3892/776/264 1685/776/144
f 3893/1506/233 1676/1506/82 1696/1496/192 3889/1496/229
f 1695/1207/84 3890/1207/264 3894/1507/265 1675/1507/81
f 3895/1514/233 1666/1514/82 1686/1500/192 3891/1500/231
f 1685/776/144 3892/776/264 3896/1515/265 1665/1515/81
f 3897/1520/266 1656/1520/177 1676/1506/82 3893/1506/233
f 1675/1507/81 3894/1507/265 3898/1521/267 1655/1521/79
f 3899/1528/266 1646/1528/177 1666/1514/82 3895/1514/233
f 1665/1515/81 3896/1515/265 3900/1529/267 1645/1529/79
f 3901/1240/241 1636/1240/74 1656/1520/177 3897/1520/266
f 1655/1521/79 3898/1521/267 3902/826/270 1635/826/75
f 3903/1543/241 1626/1543/74 1646/1528/177 3899/1528/266
f 1645/1529/79 3900/1529/267 3904/1544/270 1625/1544/75
f 1605/845/69 3778/845/198 1636/1240/74 3901/1240/241
f 1635/826/75 3902/826/270 1606/1547/191 3780/1547/184
f 1615/855/69 3782/855/201 1626/1543/74 3903/1543/241
f 1625/1544/75 3904/1544/270 1616/856/71 3784/856/184
f 3905/1554/200 2876/1554/176 3906/210/285 2245/210/69
f 3908/213/184 2246/213/191 3907/1555/199 2875/1555/175
f 3909/872/200 2866/872/176 3910/230/201 2255/230/69
f 3912/1562/184 2256/1562/70 3911/1561/199 2865/1561/175
f 3913/245/204 2856/245/172 2876/1554/176 3905/1554/200
f 2875/1555/175 3907/1555/199 3914/878/203 2855/878/194
f 3915/1571/284 2846/1571/172 2866/872/176 3909/872/200
f 2865/1561/175 3911/1561/199 3916/1572/203 2845/1572/194
f 3917/1575/207 2836/1575/167 2856/245/172 3913/245/204
f 2855/878/194 3914/878/203 3918/266/206 2835/266/113
f 3919/1581/207 2826/1581/167 2846/1571/172 3915/1571/284
f 2845/1572/194 3916/1572/203 3920/901/206 2825/901/113
f 3921/1282/209 2816/1282/165 2836/1575/167 3917/1575/207
f 2835/266/113 3918/266/206 3922/1586/210 2815/1586/110
f 3923/1591/209 2806/1591/165 2826/1581/167 3919/1581/207
f 2825/901/113 3920/901/206 3924/1592/210 2805/1592/110
f 3925/305/213 2796/305/163 2816/1282/165 3921/1282/209
f 2815/1586/110 3922/1586/210 3926/306/212 2795/306/106
f 3927/1296/213 2786/1296/163 2806/1591/165 3923/1591/209
f 2805/1592/110 3924/1592/210 3928/1599/212 2785/1599/106
f 3929/931/214 2776/931/161 2796/305/163 3925/305/213
f 2795/306/106 3926/306/212 3930/326/215 2775/326/103
f 3931/1607/214 2766/1607/161 2786/1296/163 3927/1296/213
f 2785/1599/106 3928/1599/212 3932/336/215 2765/336/103
f 3933/1308/216 2756/1308/159 2776/931/161 3929/931/214
f 2775/326/103 3930/326/215 3934/1611/217 2755/1611/100
f 3935/1617/216 2746/1617/159 2766/1607/161 3931/1607/214
f 2765/336/103 3932/336/215 3936/1618/217 2745/1618/100
f 3937/956/220 2736/956/156 2756/1308/159 3933/1308/216
f 2755/1611/100 3934/1611/217 3938/1317/219 2735/1317/97
f 3939/375/220 2726/375/156 2746/1617/159 3935/1617/216
f 2745/1618/100 3936/1618/217 3940/1622/219 2725/1622/97
f 3941/1624/221 2716/1624/154 2736/956/156 3937/956/220
f 2735/1317/97 3938/1317/219 3942/965/222 2715/965/95
f 3943/1627/223 2706/1627/154 2726/375/156 3939/375/220
f 2725/1622/97 3940/1622/219 3944/1628/222 2705/1628/95
f 3945/405/273 2696/405/188 2716/1624/154 3941/1624/221
f 2715/965/95 3942/965/222 3946/1630/225 2695/1630/180
f 3947/1633/273 2686/1633/152 2706/1627/154 3943/1627/223
f 2705/1628/95 3944/1628/222 3948/1634/225 2685/1634/180
f 3949/985/228 2676/985/149 2696/405/188 3945/405/273
f 2695/1630/180 3946/1630/225 3950/1636/227 2675/1636/148
f 3951/995/228 2666/995/149 2686/1633/152 3947/1633/273
f 2685/1634/180 3948/1634/225 3952/996/227 2665/996/148
f 3953/1354/229 2656/1354/146 2676/985/149 3949/985/228
f 2675/1636/148 3950/1636/227 3954/446/286 2655/446/84
f 3955/1647/231 2646/1647/146 2666/995/149 3951/995/228
f 2665/996/148 3952/996/227 3956/1648/286 2645/1648/144
f 3957/465/233 2636/465/141 2656/1354/146 3953/1354/229
f 2655/446/84 3954/446/286 3958/1017/234 2635/1017/81
f 3959/1654/235 2626/1654/140 2646/1647/146 3955/1647/231
f 2645/1648/144 3956/1648/286 3960/476/234 2625/476/187
f 3961/1377/268 2616/1377/136 2636/465/141 3957/465/233
f 2635/1017/81 3958/1017/234 3962/1030/276 2615/1030/77
f 3963/1038/266 2606/1038/136 2626/1654/140 3959/1654/235
f 2625/476/187 3960/476/234 3964/1660/237 2605/1660/79
f 3965/505/271 2596/505/133 2616/1377/136 3961/1377/268
f 2615/1030/77 3962/1030/276 3966/506/242 2595/506/73
f 3967/515/241 2586/515/133 2606/1038/136 3963/1038/266
f 2605/1660/79 3964/1660/237 3968/1057/242 2585/1057/75
f 3969/1672/69 2576/1672/129 2596/505/133 3965/505/271
f 2595/506/73 3966/506/242 3970/526/244 2575/526/184
f 3971/535/245 2566/535/127 2586/515/133 3967/515/241
f 2585/1057/75 3968/1057/242 3972/536/287 2565/536/126
f 3973/1079/200 2556/1079/124 2576/1672/129 3969/1672/69
f 2575/526/184 3970/526/244 3974/546/249 2555/546/175
f 3975/555/197 2546/555/124 2566/535/127 3971/535/245
f 2565/536/126 3972/536/287 3976/1412/249 2545/1412/121
f 3977/1687/204 2536/1687/118 2556/1079/124 3973/1079/200
f 2555/546/175 3974/546/249 3978/1093/277 2535/1093/171
f 3979/1693/284 2526/1693/118 2546/555/124 3975/555/197
f 2545/1412/121 3976/1412/249 3980/576/252 2525/576/194
f 3981/585/207 2516/585/114 2536/1687/118 3977/1687/204
f 2535/1093/171 3978/1093/277 3982/586/253 2515/586/113
f 3983/595/205 2506/595/114 2526/1693/118 3979/1693/284
f 2525/576/194 3980/576/252 3984/1702/278 2505/1702/168
f 3985/605/209 2496/605/111 2516/585/114 3981/585/207
f 2515/586/113 3982/586/253 3986/1708/255 2495/1708/110
f 3987/615/209 2486/615/111 2506/595/114 3983/595/205
f 2505/1702/168 3984/1702/278 3988/1713/254 2485/1713/110
f 3989/1126/213 2476/1126/107 2496/605/111 3985/605/209
f 2495/1708/110 3986/1708/255 3990/626/256 2475/626/106
f 3991/635/211 2466/635/107 2486/615/111 3987/615/209
f 2485/1713/110 3988/1713/254 3992/636/256 2465/636/108
f 3993/1724/214 2456/1724/104 2476/1126/107 3989/1126/213
f 2475/626/106 3990/626/256 3994/1137/257 2455/1137/103
f 3995/655/214 2446/655/104 2466/635/107 3991/635/211
f 2465/636/108 3992/636/256 3996/656/257 2445/656/182
f 3997/1734/216 2436/1734/101 2456/1724/104 3993/1724/214
f 2455/1137/103 3994/1137/257 3998/1735/258 2435/1735/100
f 3999/1738/216 2426/1738/101 2446/655/104 3995/655/214
f 2445/656/182 3996/656/257 4000/1739/258 2425/1739/100
f 4001/1163/220 2416/1163/98 2436/1734/101 3997/1734/216
f 2435/1735/100 3998/1735/258 4002/1744/259 2415/1744/97
f 4003/1752/220 2406/1752/98 2426/1738/101 3999/1738/216
f 2425/1739/100 4000/1739/258 4004/1753/259 2405/1753/97
f 4005/1757/223 2396/1757/94 2416/1163/98 4001/1163/220
f 2415/1744/97 4002/1744/259 4006/1177/260 2395/1177/93
f 4007/1761/223 2386/1761/94 2406/1752/98 4003/1752/220
f 2405/1753/97 4004/1753/259 4008/1762/260 2385/1762/93
f 4009/725/224 2376/725/91 2396/1757/94 4005/1757/223
f 2395/1177/93 4006/1177/260 4010/726/261 2375/726/90
f 4011/1768/224 2366/1768/91 2386/1761/94 4007/1761/223
f 2385/1762/93 4008/1762/260 4012/1478/261 2365/1478/90
f 4013/1485/228 2356/1485/88 2376/725/91 4009/725/224
f 2375/726/90 4010/726/261 4014/746/262 2355/746/148
f 4015/1489/228 2346/1489/88 2366/1768/91 4011/1768/224
f 2365/1478/90 4012/1478/261 4016/1779/262 2345/1779/148
f 4017/1496/229 2336/1496/192 2356/1485/88 4013/1485/228
f 2355/746/148 4014/746/262 4018/1207/264 2335/1207/84
f 4019/1786/229 2326/1786/192 2346/1489/88 4015/1489/228
f 2345/1779/148 4016/1779/262 4020/1787/264 2325/1787/84
f 4021/1216/233 2316/1216/82 2336/1496/192 4017/1496/229
f 2335/1207/84 4018/1207/264 4022/1791/265 2315/1791/81
f 4023/1222/233 2306/1222/82 2326/1786/192 4019/1786/229
f 2325/1787/84 4020/1787/264 4024/1797/265 2305/1797/81
f 4025/1802/266 2296/1802/177 2316/1216/82 4021/1216/233
f 2315/1791/81 4022/1791/265 4026/1803/267 2295/1803/79
f 4027/1528/266 2286/1528/177 2306/1222/82 4023/1222/233
f 2305/1797/81 4024/1797/265 4028/1809/269 2285/1809/79
f 4029/1240/241 2276/1240/74 2296/1802/177 4025/1802/266
f 2295/1803/79 4026/1803/267 4030/826/270 2275/826/75
f 4031/1815/241 2266/1815/74 2286/1528/177 4027/1528/266
f 2285/1809/79 4028/1809/269 4032/1816/270 2265/1816/75
f 2245/845/69 3906/845/285 2276/1240/74 4029/1240/241
f 2275/826/75 4030/826/270 2246/846/191 3908/846/184
f 2255/1821/69 3910/1821/201 2266/1815/74 4031/1815/241
f 2265/1816/75 4032/1816/270 2256/1822/70 3912/1822/184
f 4033/211/283 3516/211/176 4034/210/285 2885/210/69
f 4036/213/184 2886/213/191 4035/864/199 3515/864/195
f 4037/1831/283 3506/1831/176 4038/230/285 2895/230/69
f 4040/1832/184 2896/1832/191 4039/1254/199 3505/1254/195
f 4041/245/284 3496/245/173 3516/211/176 4033/211/283
f 3515/864/195 4035/864/199 4042/878/203 3495/878/194
f 4043/1843/284 3486/1843/172 3506/1831/176 4037/1831/283
f 3505/1254/195 4039/1254/199 4044/256/203 3485/256/194
f 4045/1845/205 3476/1845/169 3496/245/173 4041/245/284
f 3495/878/194 4042/878/203 4046/266/206 3475/266/168
f 4047/1850/205 3466/1850/169 3486/1843/172 4043/1843/284
f 3485/256/194 4044/256/203 4048/1851/206 3465/1851/113
f 4049/1282/209 3456/1282/165 3476/1845/169 4045/1845/205
f 3475/266/168 4046/266/206 4050/906/210 3455/906/110
f 4051/1858/209 3446/1858/165 3466/1850/169 4047/1850/205
f 3465/1851/113 4048/1851/206 4052/1859/210 3445/1859/110
f 4053/1864/213 3436/1864/163 3456/1282/165 4049/1282/209
f 3455/906/110 4050/906/210 4054/306/212 3435/306/106
f 4055/1296/213 3426/1296/163 3446/1858/165 4051/1858/209
f 3445/1859/110 4052/1859/210 4056/1865/212 3425/1865/106
f 4057/1872/214 3416/1872/161 3436/1864/163 4053/1864/213
f 3435/306/106 4054/306/212 4058/326/215 3415/326/103
f 4059/1878/214 3406/1878/161 3426/1296/163 4055/1296/213
f 3425/1865/106 4056/1865/212 4060/1879/215 3405/1879/103
f 4061/944/216 3396/944/159 3416/1872/161 4057/1872/214
f 3415/326/103 4058/326/215 4062/346/217 3395/346/100
f 4063/1887/216 3386/1887/159 3406/1878/161 4059/1878/214
f 3405/1879/103 4060/1879/215 4064/1888/217 3385/1888/100
f 4065/956/220 3376/956/156 3396/944/159 4061/944/216
f 3395/346/100 4062/346/217 4066/366/219 3375/366/97
f 4067/375/220 3366/375/156 3386/1887/159 4063/1887/216
f 3385/1888/100 4064/1888/217 4068/376/219 3365/376/97
f 4069/385/221 3356/385/154 3376/956/156 4065/956/220
f 3375/366/97 4066/366/219 4070/965/222 3355/965/95
f 4071/1627/221 3346/1627/154 3366/375/156 4067/375/220
f 3365/376/97 4068/376/219 4072/396/222 3345/396/95
f 4073/405/273 3336/405/188 3356/385/154 4069/385/221
f 3355/965/95 4070/965/222 4074/1905/225 3335/1905/180
f 4075/1912/273 3326/1912/152 3346/1627/154 4071/1627/221
f 3345/396/95 4072/396/222 4076/1913/225 3325/1913/180
f 4077/1916/228 3316/1916/149 3336/405/188 4073/405/273
f 3335/1905/180 4074/1905/225 4078/986/227 3315/986/148
f 4079/1923/228 3306/1923/149 3326/1912/152 4075/1912/273
f 3325/1913/180 4076/1913/225 4080/436/227 3305/436/148
f 4081/445/229 3296/445/146 3316/1916/149 4077/1916/228
f 3315/986/148 4078/986/227 4082/446/286 3295/446/84
f 4083/1647/229 3286/1647/146 3306/1923/149 4079/1923/228
f 3305/436/148 4080/436/227 4084/1648/286 3285/1648/144
f 4085/465/233 3276/465/141 3296/445/146 4081/445/229
f 3295/446/84 4082/446/286 4086/1017/234 3275/1017/81
f 4087/1936/235 3266/1936/141 3286/1647/146 4083/1647/229
f 3285/1648/144 4084/1648/286 4088/1937/234 3265/1937/187
f 4089/1377/266 3256/1377/136 3276/465/141 4085/465/233
f 3275/1017/81 4086/1017/234 4090/1030/237 3255/1030/79
f 4091/495/266 3246/495/136 3266/1936/141 4087/1936/235
f 3265/1937/187 4088/1937/234 4092/1947/237 3245/1947/79
f 4093/1047/241 3236/1047/133 3256/1377/136 4089/1377/266
f 3255/1030/79 4090/1030/237 4094/506/242 3235/506/75
f 4095/515/241 3226/515/133 3246/495/136 4091/495/266
f 3245/1947/79 4092/1947/237 4096/1057/242 3225/1057/75
f 4097/1672/69 3216/1672/127 3236/1047/133 4093/1047/241
f 3235/506/75 4094/506/242 4098/1953/287 3215/1953/184
f 4099/1957/69 3206/1957/196 3226/515/133 4095/515/241
f 3225/1057/75 4096/1057/242 4100/1958/287 3205/1958/184
f 4101/1963/283 3196/1963/124 3216/1672/127 4097/1672/69
f 3215/1953/184 4098/1953/287 4102/546/249 3195/546/195
f 4103/1087/200 3186/1087/124 3206/1957/196 4099/1957/69
f 3205/1958/184 4100/1958/287 4104/1412/249 3185/1412/195
f 4105/1968/284 3176/1968/118 3196/1963/124 4101/1963/283
f 3195/546/195 4102/546/249 4106/1093/252 3175/1093/194
f 4107/1693/284 3166/1693/118 3186/1087/124 4103/1087/200
f 3185/1412/195 4104/1412/249 4108/576/252 3165/576/194
f 4109/1975/205 3156/1975/114 3176/1968/118 4105/1968/284
f 3175/1093/194 4106/1093/252 4110/1976/278 3155/1976/168
f 4111/1979/205 3146/1979/114 3166/1693/118 4107/1693/284
f 3165/576/194 4108/576/252 4112/1980/278 3145/1980/168
f 4113/1984/209 3136/1984/111 3156/1975/114 4109/1975/205
f 3155/1976/168 4110/1976/278 4114/1708/255 3135/1708/110
f 4115/1988/209 3126/1988/111 3146/1979/114 4111/1979/205
f 3145/1980/168 4112/1980/278 4116/1989/255 3125/1989/110
f 4117/625/211 3116/625/107 3136/1984/111 4113/1984/209
f 3135/1708/110 4114/1708/255 4118/1991/256 3115/1991/108
f 4119/1423/211 3106/1423/107 3126/1988/111 4115/1988/209
f 3125/1989/110 4116/1989/255 4120/1995/256 3105/1995/108
f 4121/645/214 3096/645/104 3116/625/107 4117/625/211
f 3115/1991/108 4118/1991/256 4122/2001/257 3095/2001/103
f 4123/2006/214 3086/2006/104 3106/1423/107 4119/1423/211
f 3105/1995/108 4120/1995/256 4124/656/257 3085/656/103
f 4125/1147/216 3076/1147/101 3096/645/104 4121/645/214
f 3095/2001/103 4122/2001/257 4126/2011/258 3075/2011/100
f 4127/2015/216 3066/2015/101 3086/2006/104 4123/2006/214
f 3085/656/103 4124/656/257 4128/2016/258 3065/2016/100
f 4129/2021/220 3056/2021/98 3076/1147/101 4125/1147/216
f 3075/2011/100 4126/2011/258 4130/1164/259 3055/1164/97
f 4131/2024/220 3046/2024/98 3066/2015/101 4127/2015/216
f 3065/2016/100 4128/2016/258 4132/2025/259 3045/2025/97
f 4133/2027/223 3036/2027/94 3056/2021/98 4129/2021/220
f 3055/1164/97 4130/1164/259 4134/1177/260 3035/1177/95
f 4135/1761/223 3026/1761/94 3046/2024/98 4131/2024/220
f 3045/2025/97 4132/2025/259 4136/1465/260 3025/1465/93
f 4137/1186/273 3016/1186/91 3036/2027/94 4133/2027/223
f 3035/1177/95 4134/1177/260 4138/726/279 3015/726/180
f 4139/2040/273 3006/2040/91 3026/1761/94 4135/1761/223
f 3025/1465/93 4136/1465/260 4140/2041/279 3005/2041/180
f 4141/2044/228 2996/2044/88 3016/1186/91 4137/1186/273
f 3015/726/180 4138/726/279 4142/2045/262 2995/2045/148
f 4143/755/228 2986/755/88 3006/2040/91 4139/2040/273
f 3005/2041/180 4140/2041/279 4144/1779/262 2985/1779/148
f 4145/2053/229 2976/2053/192 2996/2044/88 4141/2044/228
f 2995/2045/148 4142/2045/262 4146/766/264 2975/766/84
f 4147/2057/229 2966/2057/192 2986/755/88 4143/755/228
f 2985/1779/148 4144/1779/262 4148/2058/264 2965/2058/84
f 4149/785/235 2956/785/82 2976/2053/192 4145/2053/229
f 2975/766/84 4146/766/264 4150/786/265 2955/786/81
f 4151/2070/233 2946/2070/82 2966/2057/192 4147/2057/229
f 2965/2058/84 4148/2058/264 4152/1515/265 2945/1515/81
f 4153/1520/266 2936/1520/177 2956/785/82 4149/785/235
f 2955/786/81 4150/786/265 4154/1521/267 2935/1521/79
f 4155/815/266 2926/815/177 2946/2070/82 4151/2070/233
f 2945/1515/81 4152/1515/265 4156/2080/267 2925/2080/79
f 4157/1240/241 2916/1240/74 2936/1520/177 4153/1520/266
f 2935/1521/79 4154/1521/267 4158/826/270 2915/826/75
f 4159/1815/241 2906/1815/74 2926/815/177 4155/815/266
f 2925/2080/79 4156/2080/267 4160/2088/270 2905/2088/75
f 2885/845/69 4034/845/285 2916/1240/74 4157/1240/241
f 2915/826/75 4158/826/270 2886/846/191 4036/846/184
f 2895/1821/69 4038/1821/285 2906/1815/74 4159/1815/241
f 2905/2088/75 4160/2088/270 2896/2091/191 4040/2091/184
